series_id,series_name,all_names,trust,cik,ticker,all_tickers,first_year,last_year,leverage_parsed,leverage_note,reset,underlying,underlying_note,category,active_2026,has_ticker
S000094276,Direxion Daily ABNB Bear 1X ETF,Direxion Daily ABNB Bear 1X ETF,Direxion Shares ETF Trust,0001424958,,,2025,2026,-1.0,number,daily,ABNB,ticker token,index_other,True,False
S000093815,Leverage Shares 2X Long ABNB Daily ETF,Leverage Shares 2X Long ABNB Daily ETF,Themes ETF Trust,0001976322,,,2025,2026,2.0,number,daily,ABNB,ticker token,index_other,True,False
S000094277,Direxion Daily ABNB Bull 2X ETF,Direxion Daily ABNB Bull 2X ETF,Direxion Shares ETF Trust,0001424958,,,2025,2026,2.0,number,daily,ABNB,ticker token,index_other,True,False
S000094365,GraniteShares 2x Long ABNB Daily ETF,GraniteShares 2x Long ABNB Daily ETF,GraniteShares ETF Trust,0001689873,,,2025,2026,2.0,number,daily,ABNB,ticker token,index_other,True,False
S000080771,TUTTLE CAPITAL 2X INVERSE ALL INNOVATION ETF,TUTTLE CAPITAL 2X INVERSE ALL INNOVATION ETF,ETF Opportunities Trust,0001771146,,,2023,2024,-2.0,number,daily,ALL,ticker token,index_other,False,False
S000080770,TUTTLE CAPITAL 2X ALL INNOVATION ETF,TUTTLE CAPITAL 2X ALL INNOVATION ETF,ETF Opportunities Trust,0001771146,,,2023,2024,2.0,number,daily,ALL,ticker token,index_other,False,False
S000077591,Kurv Bank of America (BAC) 1.5x Short Daily ETF,Kurv Bank of America (BAC) 1.5x Short Daily ETF,NEOS ETF Trust,0001848758,DBAC,DBAC,2023,2024,-1.5,number,daily,BAC,ticker token,index_other,False,True
S000077590,Kurv Bank of America (BAC) 1.5x Long Daily ETF,Kurv Bank of America (BAC) 1.5x Long Daily ETF,NEOS ETF Trust,0001848758,UBAC,UBAC,2023,2024,1.5,number,daily,BAC,ticker token,index_other,False,True
S000107510,Leverage Shares 2X Long BE Semiconductor Daily ETF,Leverage Shares 2X Long BE Semiconductor Daily ETF,Themes ETF Trust,0001976322,,,2026,2026,2.0,number,daily,BE,ticker token,index_other,True,False
S000079917,Direxion Daily NYSE FANG+ Bear 2X Shares,Direxion Daily NYSE FANG+ Bear 2X Shares,Direxion Shares ETF Trust,0001424958,,,2023,2026,-2.0,number,daily,FANG,ticker token,index_other,True,False
S000079916,Direxion Daily NYSE FANG+ Bear 1X Shares,Direxion Daily NYSE FANG+ Bear 1X Shares,Direxion Shares ETF Trust,0001424958,,,2023,2024,-1.0,number,daily,FANG,ticker token,index_other,False,False
S000071020,Direxion Daily NYSE FANG+ Bull 2X ETF,Direxion Daily Select Large Caps & FANGs Bull 2X Shares | Direxion Daily NYSE FANG+ Bull 2X Shares | Direxion Daily NYSE FANG+ Bull 2X ETF,Direxion Shares ETF Trust,0001424958,FNGG,FNGG,2022,2026,2.0,number,daily,FANG,ticker token,index_other,True,True
S000105760,Tradr 2X Long FANG Daily ETF,Tradr 2X Long FANG Daily ETF,Investment Managers Series Trust II,0001587982,,,2026,2026,2.0,number,daily,FANG,ticker token,index_other,True,False
S000099904,ProShares Daily Target 3x NYSE FANG+,ProShares Daily Target 3x NYSE FANG+,PROSHARES TRUST,0001174610,,,2026,2026,3.0,number,daily,FANG,ticker token,index_other,True,False
S000003278,ACCESS FLEX BEAR HIGH YIELD FUND,ACCESS FLEX BEAR HIGH YIELD FUND,Access One Trust,0001301123,AFBSX,AFBIX | AFBSX,2022,2022,-1.0,inverse no number,daily,FLEX,ticker token,index_other,False,True
S000093826,Leverage Shares 2X Long GOLD Daily ETF,Leverage Shares 2X Long GOLD Daily ETF,Themes ETF Trust,0001976322,,,2025,2026,2.0,number,daily,GOLD,ticker token,index_other,True,False
S000077580,Kurv Goldman Sachs (GS) 1.5x Short Daily ETF,Kurv Goldman Sachs (GS) 1.5x Short Daily ETF,NEOS ETF Trust,0001848758,SGS,SGS,2023,2024,-1.5,number,daily,GS,ticker token,index_other,False,True
S000077579,Kurv Goldman Sachs (GS) 1.5x Long Daily ETF,Kurv Goldman Sachs (GS) 1.5x Long Daily ETF,NEOS ETF Trust,0001848758,LGS,LGS,2023,2024,1.5,number,daily,GS,ticker token,index_other,False,True
S000003706,Inverse Dow 2x Strategy Fund,Inverse Dow 2x Strategy Fund,RYDEX DYNAMIC FUNDS,0001092720,RYCWX,RYIDX | RYCZX | RYCWX,2022,2026,-2.0,number,daily,MSTR,company name,index_other,True,True
S000003755,Inverse Dow 2x Strategy Fund,Inverse Dow 2x Strategy Fund,RYDEX VARIABLE TRUST,0001064046,,,2022,2026,-2.0,number,daily,MSTR,company name,index_other,True,False
S000012143,Inverse Russell 2000 2x Strategy Fund,Inverse Russell 2000 2x Strategy Fund,RYDEX DYNAMIC FUNDS,0001092720,RYIRX,RYIRX | RYIUX | RYIZX,2022,2026,-2.0,number,daily,MSTR,company name,index_other,True,True
S000018292,Inverse Emerging Markets 2x Strategy Fund,Inverse Emerging Markets 2x Strategy Fund,RYDEX SERIES FUNDS,0000899148,RYWYX,RYWWX | RYWZX | RYWYX,2022,2026,-2.0,number,daily,MSTR,company name,index_other,True,True
S000003694,Inverse NASDAQ-100 Strategy Fund,Inverse NASDAQ-100 Strategy Fund,RYDEX SERIES FUNDS,0000899148,RYALX,RYAIX | RYAPX | RYACX | RYALX,2022,2026,-1.0,inverse no number,daily,MSTR,company name,index_other,True,True
S000003745,Inverse Mid-Cap Strategy Fund,Inverse Mid-Cap Strategy Fund,RYDEX VARIABLE TRUST,0001064046,,,2022,2026,-1.0,inverse no number,daily,MSTR,company name,index_other,True,False
S000003771,Inverse Mid-Cap Strategy Fund,Inverse Mid-Cap Strategy Fund,RYDEX SERIES FUNDS,0000899148,RYCLX,RYMHX | RYAGX | RYCLX,2022,2026,-1.0,inverse no number,daily,MSTR,company name,index_other,True,True
S000003772,Inverse Russell 2000 Strategy Fund,Inverse Russell 2000 Strategy Fund,RYDEX SERIES FUNDS,0000899148,RYCQX,RYSHX | RYAFX | RYCQX,2022,2026,-1.0,inverse no number,daily,MSTR,company name,index_other,True,True
S000015882,Inverse High Yield Strategy Fund,Inverse High Yield Strategy Fund,RYDEX SERIES FUNDS,0000899148,RYIHX,RYILX | RYIYX | RYIHX,2022,2026,-1.0,inverse no number,daily,MSTR,company name,index_other,True,True
S000016689,Inverse High Yield Strategy Fund,Inverse High Yield Strategy Fund,RYDEX VARIABLE TRUST,0001064046,,,2022,2024,-1.0,inverse no number,daily,MSTR,company name,index_other,False,False
S000071021,Direxion Bitcoin Strategy Bear ETF,Direxion Bitcoin Strategy Bear ETF,Direxion Shares ETF Trust,0001424958,REKT,REKT,2022,2026,-1.0,inverse no number,daily,MSTR,company name,index_other,True,True
S000074987,AXS SHORT BITCOIN STRATEGY ETF,AXS SHORT BITCOIN STRATEGY ETF,Investment Managers Series Trust II,0001587982,,,2022,2023,-1.0,inverse no number,daily,MSTR,company name,index_other,False,False
S000003695,Europe 1.25x Strategy Fund,Europe 1.25x Strategy Fund,RYDEX SERIES FUNDS,0000899148,RYCEX,RYCEX | RYEUX | RYAEX,2022,2026,1.25,number,daily,MSTR,company name,index_other,True,True
S000003749,Europe 1.25x Strategy Fund,Europe 1.25x Strategy Fund,RYDEX VARIABLE TRUST,0001064046,,,2022,2026,1.25,number,daily,MSTR,company name,index_other,True,False
S000003685,Mid-Cap 1.5x Strategy Fund,Mid-Cap 1.5x Strategy Fund,RYDEX SERIES FUNDS,0000899148,RYDCX,RYMDX | RYAHX | RYDCX,2022,2026,1.5,number,daily,MSTR,company name,index_other,True,True
S000003697,Russell 2000 1.5x Strategy Fund,Russell 2000 1.5x Strategy Fund,RYDEX SERIES FUNDS,0000899148,RYCMX,RYMKX | RYAKX | RYCMX,2022,2026,1.5,number,daily,MSTR,company name,index_other,True,True
S000003727,Mid-Cap 1.5x Strategy Fund,Mid-Cap 1.5x Strategy Fund,RYDEX VARIABLE TRUST,0001064046,,,2022,2026,1.5,number,daily,MSTR,company name,index_other,True,False
S000003705,Dow 2x Strategy Fund,Dow 2x Strategy Fund,RYDEX DYNAMIC FUNDS,0001092720,RYCVX,RYLDX | RYCYX | RYCVX,2022,2026,2.0,number,daily,MSTR,company name,index_other,True,True
S000003731,Weakening Dollar 2x Strategy Fund,Weakening Dollar 2x Strategy Fund,RYDEX VARIABLE TRUST,0001064046,,,2022,2026,2.0,number,daily,MSTR,company name,index_other,True,False
S000003733,Strengthening Dollar 2x Strategy Fund,Strengthening Dollar 2x Strategy Fund,RYDEX VARIABLE TRUST,0001064046,,,2022,2026,2.0,number,daily,MSTR,company name,index_other,True,False
S000003750,Japan 2x Strategy Fund,Japan 2x Strategy Fund,RYDEX VARIABLE TRUST,0001064046,,,2022,2026,2.0,number,daily,MSTR,company name,index_other,True,False
S000003753,Dow 2x Strategy Fund,Dow 2x Strategy Fund,RYDEX VARIABLE TRUST,0001064046,,,2022,2026,2.0,number,daily,MSTR,company name,index_other,True,False
S000003761,Weakening Dollar 2x Strategy Fund,Weakening Dollar 2x Strategy Fund,RYDEX SERIES FUNDS,0000899148,RYWJX,RYWBX | RYWDX | RYWJX,2022,2026,2.0,number,daily,MSTR,company name,index_other,True,True
S000003775,Strengthening Dollar 2x Strategy Fund,Strengthening Dollar 2x Strategy Fund,RYDEX SERIES FUNDS,0000899148,RYSJX,RYSBX | RYSDX | RYSJX,2022,2026,2.0,number,daily,MSTR,company name,index_other,True,True
S000012142,Russell 2000 2x Strategy Fund,Russell 2000 2x Strategy Fund,RYDEX DYNAMIC FUNDS,0001092720,RYRSX,RYRUX | RYRLX | RYRSX,2022,2026,2.0,number,daily,MSTR,company name,index_other,True,True
S000018291,Emerging Markets 2x Strategy Fund,Emerging Markets 2x Strategy Fund,RYDEX SERIES FUNDS,0000899148,RYWVX,RYWTX | RYWUX | RYWVX,2022,2026,2.0,number,daily,MSTR,company name,index_other,True,True
S000018293,Japan 2x Strategy Fund,Japan 2x Strategy Fund,RYDEX SERIES FUNDS,0000899148,RYJHX,RYJSX | RYJTX | RYJHX,2022,2026,2.0,number,daily,MSTR,company name,index_other,True,True
S000047391,Monthly Rebalance NASDAQ-100 2x Strategy Fund,Monthly Rebalance NASDAQ-100 2x Strategy Fund,RYDEX SERIES FUNDS,0000899148,RMQCX,RMQHX | RMQAX | RMQCX,2022,2026,2.0,number,monthly,MSTR,company name,index_other,True,True
S000080610,2x Bitcoin Strategy ETF,2x Bitcoin Strategy ETF,Volatility Shares Trust,0001884021,BITX,BITX,2023,2026,2.0,number,daily,MSTR,company name,index_other,True,True
S000080698,ProShares Ultra Bitcoin Strategy ETF,ProShares Ultra Bitcoin Strategy ETF,PROSHARES TRUST,0001174610,,,2023,2023,2.0,proshares ultra,daily,MSTR,company name,index_other,False,False
S000080726,Direxion Daily Bitcoin Strategy Bull 2X Shares,Direxion Daily Bitcoin Strategy Bull 2X Shares,Direxion Shares ETF Trust,0001424958,,,2023,2023,2.0,number,daily,MSTR,company name,index_other,False,False
S000085556,Defiance 2X Ether Strategy ETF,Defiance 2X Ether Strategy ETF,Tidal Trust II,0001924868,,,2024,2025,2.0,number,daily,MSTR,company name,index_other,False,False
S000102403,Defiance Pure Space Daily 2X Strategy ETF,Defiance Pure Space Daily 2X Strategy ETF,Tidal Trust II,0001924868,SPCL,SPCL,2026,2026,2.0,number,daily,MSTR,company name,index_other,True,True
S000003704,Inverse NASDAQ-100(R) 2x Strategy Fund,Inverse NASDAQ-100(R) 2x Strategy Fund,RYDEX DYNAMIC FUNDS,0001092720,RYVNX,RYVTX | RYCDX | RYVNX,2022,2026,-2.0,number,daily,R,ticker token,index_other,True,True
S000011814,Inverse Russell 2000(R) 2x Strategy Fund,Inverse Russell 2000(R) 2x Strategy Fund,RYDEX VARIABLE TRUST,0001064046,,,2022,2024,-2.0,number,daily,R,ticker token,index_other,False,False
S000012817,Inverse NASDAQ-100(R) 2x Strategy Fund,Inverse NASDAQ-100(R) 2x Strategy Fund,RYDEX VARIABLE TRUST,0001064046,,,2022,2024,-2.0,number,daily,R,ticker token,index_other,False,False
S000003746,Inverse Russell 2000(R) Strategy Fund,Inverse Russell 2000(R) Strategy Fund,RYDEX VARIABLE TRUST,0001064046,,,2022,2026,-1.0,inverse no number,daily,R,ticker token,index_other,True,False
S000003757,Inverse NASDAQ-100(R) Strategy Fund,Inverse NASDAQ-100(R) Strategy Fund,RYDEX VARIABLE TRUST,0001064046,,,2022,2026,-1.0,inverse no number,daily,R,ticker token,index_other,True,False
S000053315,Direxion Monthly NASDAQ-100(R) Bull 1.25X Fund,Direxion Monthly NASDAQ-100(R) Bull 1.25X Fund,DIREXION FUNDS,0001040587,DXNLX,DXNLX,2022,2026,1.25,number,monthly,R,ticker token,index_other,True,True
S000003728,Russell 2000(R) 1.5x Strategy Fund,Russell 2000(R) 1.5x Strategy Fund,RYDEX VARIABLE TRUST,0001064046,,,2022,2026,1.5,number,daily,R,ticker token,index_other,True,False
S000011960,Direxion Monthly NASDAQ-100(R) Bull 1.75X Fund,Direxion Monthly NASDAQ-100(R) Bull 2X Fund | Direxion Monthly NASDAQ-100(R) Bull 1.75X Fund,DIREXION FUNDS,0001040587,DXQLX,DXQLX,2022,2026,1.75,number,monthly,R,ticker token,index_other,True,True
S000003703,NASDAQ-100(R) 2x Strategy Fund,NASDAQ-100(R) 2x Strategy Fund,RYDEX DYNAMIC FUNDS,0001092720,RYVYX,RYVLX | RYCCX | RYVYX,2022,2026,2.0,number,daily,R,ticker token,index_other,True,True
S000003752,NASDAQ-100(R) 2x Strategy Fund,NASDAQ-100(R) 2x Strategy Fund,RYDEX VARIABLE TRUST,0001064046,,,2022,2026,2.0,number,daily,R,ticker token,index_other,True,False
S000011813,Russell 2000(R) 2x Strategy Fund,Russell 2000(R) 2x Strategy Fund,RYDEX VARIABLE TRUST,0001064046,,,2022,2026,2.0,number,daily,R,ticker token,index_other,True,False
S000003077,SHORT REAL ESTATE PROFUND,SHORT REAL ESTATE PROFUND,ProFunds,0001039803,SRPSX,SRPIX | SRPSX,2022,2026,-1.0,inverse no number,daily,REAL,ticker token,index_other,True,True
S000022765,Direxion Daily S&P 500(R) Bear 3X ETF,Direxion Daily S&P 500(R) Bear 3X Shares | Direxion Daily S&P 500(R) Bear 3X ETF,Direxion Shares ETF Trust,0001424958,SPXS,SPXS,2022,2026,-3.0,number,daily,S,"ambiguous:S,P,R",index_other,True,True
S000024911,ProShares UltraPro Short S&P500,ProShares UltraPro Short S&P500,PROSHARES TRUST,0001174610,SPXU,SPXU,2022,2026,-3.0,proshares ultrapro,daily,S,ticker token,index_other,True,True
S000049374,Direxion Daily S&P Biotech Bear 3X ETF,Direxion Daily S&P Biotech Bear 3X Shares | Direxion Daily S&P Biotech Bear 3X ETF,Direxion Shares ETF Trust,0001424958,LABD,LABD,2022,2026,-3.0,number,daily,S,"ambiguous:S,P",index_other,True,True
S000066280,Direxion Daily S&P 500(R) High Beta Bear 3X ETF,Direxion Daily S&P 500(R) High Beta Bear 3X Shares | Direxion Daily S&P 500(R) High Beta Bear 3X ETF,Direxion Shares ETF Trust,0001424958,HIBS,HIBS,2022,2026,-3.0,number,daily,S,"ambiguous:S,P,R",index_other,True,True
S000003702,Inverse S&P 500 2x Strategy Fund,Inverse S&P 500 2x Strategy Fund,RYDEX DYNAMIC FUNDS,0001092720,RYTPX,RYTMX | RYCBX | RYTPX,2022,2026,-2.0,number,daily,S,"ambiguous:S,P",index_other,True,True
S000006832,ProShares UltraShort S&P500,ProShares UltraShort S&P500,PROSHARES TRUST,0001174610,SDS,SDS,2022,2026,-2.0,proshares ultra,daily,S,ticker token,index_other,True,True
S000012816,Inverse S&P 500 2x Strategy Fund,Inverse S&P 500 2x Strategy Fund,RYDEX VARIABLE TRUST,0001064046,,,2022,2024,-2.0,number,daily,S,"ambiguous:S,P",index_other,False,False
S000049376,Direxion Daily S&P Oil & Gas Exp. & Prod. Bear 2X ETF,Direxion Daily S&P Oil & Gas Exp. & Prod. Bear 2X Shares | Direxion Daily S&P Oil & Gas Exp. & Prod. Bear 2X ETF,Direxion Shares ETF Trust,0001424958,DRIP,DRIP,2022,2026,-2.0,number,daily,S,"ambiguous:S,P",index_other,True,True
S000075016,Direxion Daily S&P 500 Equal Weight Bear 2X Shares,Direxion Daily S&P 500 Equal Weight Bear 2X Shares,Direxion Shares ETF Trust,0001424958,,,2022,2024,-2.0,number,daily,S,"ambiguous:S,P",index_other,False,False
S000075018,Direxion Daily S&P 500 Pure Growth Bear 2X Shares,Direxion Daily S&P 500 Pure Growth Bear 2X Shares,Direxion Shares ETF Trust,0001424958,,,2022,2024,-2.0,number,daily,S,"ambiguous:S,P",index_other,False,False
S000075020,Direxion Daily S&P 500 Pure Value Bear 2X Shares,Direxion Daily S&P 500 Pure Value Bear 2X Shares,Direxion Shares ETF Trust,0001424958,,,2022,2024,-2.0,number,daily,S,"ambiguous:S,P",index_other,False,False
S000011964,Direxion Monthly S&P 500(R) Bear 1.75X Fund,Direxion Monthly S&P 500(R) Bear 2X Fund | Direxion Monthly S&P 500(R) Bear 1.75X Fund,DIREXION FUNDS,0001040587,DXSSX,DXSSX,2022,2024,-1.75,number,monthly,S,"ambiguous:S,P,R",index_other,False,True
S000003692,Inverse S&P 500 Strategy Fund,Inverse S&P 500 Strategy Fund,RYDEX SERIES FUNDS,0000899148,RYUHX,RYURX | RYARX | RYUCX | RYUHX,2022,2026,-1.0,inverse no number,daily,S,"ambiguous:S,P",index_other,True,True
S000003754,Inverse S&P 500 Strategy Fund,Inverse S&P 500 Strategy Fund,RYDEX VARIABLE TRUST,0001064046,,,2022,2026,-1.0,inverse no number,daily,S,"ambiguous:S,P",index_other,True,False
S000006828,ProShares Short S&P500,ProShares Short S&P500,PROSHARES TRUST,0001174610,SH,SH,2022,2026,-1.0,inverse no number,daily,S,ticker token,index_other,True,True
S000028924,ProShares Short S&amp;P Regional Banking,ProShares Short S&amp;P Regional Banking,PROSHARES TRUST,0001174610,KRS,KRS,2022,2022,-1.0,inverse no number,daily,S,"ambiguous:S,P",index_other,False,True
S000031292,Direxion Daily S&P 500 (R) Bear 1X ETF,Direxion Daily S&P 500 (R) Bear 1X Shares | Direxion Daily S&P 500 (R) Bear 1X ETF,Direxion Shares ETF Trust,0001424958,SPDN,SPDN,2022,2026,-1.0,number,daily,S,"ambiguous:S,P,R",index_other,True,True
S000094246,Direxion Daily S&P Top 20 US Stocks Bear 1X ETF,Direxion Daily S&P Top 20 US Stocks Bear 1X ETF,Direxion Shares ETF Trust,0001424958,,,2025,2026,-1.0,number,daily,S,"ambiguous:S,P",index_other,True,False
S000011950,Direxion Monthly S&P 500(R) Bull 1.75X Fund,Direxion Monthly S&P 500(R) Bull 2X Fund | Direxion Monthly S&P 500(R) Bull 1.75X Fund,DIREXION FUNDS,0001040587,DXSLX,DXSLX,2022,2026,1.75,number,monthly,S,"ambiguous:S,P,R",index_other,True,True
S000003698,S&P 500 2x Strategy Fund,S&P 500 2x Strategy Fund,RYDEX DYNAMIC FUNDS,0001092720,RYTNX,RYTTX | RYTNX | RYCTX,2022,2026,2.0,number,daily,S,"ambiguous:S,P",index_other,True,True
S000003751,S&P 500 2x Strategy Fund,S&P 500 2x Strategy Fund,RYDEX VARIABLE TRUST,0001064046,,,2022,2026,2.0,number,daily,S,"ambiguous:S,P",index_other,True,False
S000006821,ProShares Ultra S&P500,ProShares Ultra S&P500,PROSHARES TRUST,0001174610,SSO,SSO,2022,2026,2.0,proshares ultra,daily,S,ticker token,index_other,True,True
S000027922,Direxion Daily S&P 500(R) Bull 2X ETF,Direxion Daily S&P 500(R) Bull 2X Shares | Direxion Daily S&P 500(R) Bull 2X ETF,Direxion Shares ETF Trust,0001424958,SPUU,SPUU,2022,2026,2.0,number,daily,S,"ambiguous:S,P,R",index_other,True,True
S000028923,ProShares Ultra S&amp;P Regional Banking,ProShares Ultra S&amp;P Regional Banking,PROSHARES TRUST,0001174610,KRU,KRU,2022,2022,2.0,proshares ultra,daily,S,"ambiguous:S,P",index_other,False,True
S000049375,Direxion Daily S&P Oil & Gas Exp. & Prod. Bull 2X ETF,Direxion Daily S&P Oil & Gas Exp. & Prod. Bull 2X Shares | Direxion Daily S&P Oil & Gas Exp. & Prod. Bull 2X ETF,Direxion Shares ETF Trust,0001424958,GUSH,GUSH,2022,2026,2.0,number,daily,S,"ambiguous:S,P",index_other,True,True
S000075015,Direxion Daily S&P 500 Equal Weight Bull 2X Shares,Direxion Daily S&P 500 Equal Weight Bull 2X Shares,Direxion Shares ETF Trust,0001424958,EVEN,EVEN,2022,2026,2.0,number,daily,S,"ambiguous:S,P",index_other,True,True
S000075017,Direxion Daily S&P 500 Pure Growth Bull 2X Shares,Direxion Daily S&P 500 Pure Growth Bull 2X Shares,Direxion Shares ETF Trust,0001424958,,,2022,2024,2.0,number,daily,S,"ambiguous:S,P",index_other,False,False
S000075019,Direxion Daily S&P 500 Pure Value Bull 2X Shares,Direxion Daily S&P 500 Pure Value Bull 2X Shares,Direxion Shares ETF Trust,0001424958,,,2022,2024,2.0,number,daily,S,"ambiguous:S,P",index_other,False,False
S000084599,Themes S&P 500 Ultra Enhanced Iron Condor Income ETF,Themes S&P 500 Ultra Enhanced Iron Condor Income ETF,Themes ETF Trust,0001976322,,,2024,2026,2.0,proshares ultra,daily,S,"ambiguous:S,P",index_other,True,False
S000094235,Direxion Daily S&P Top 20 US Stocks Bull 2X ETF,Direxion Daily S&P Top 20 US Stocks Bull 2X ETF,Direxion Shares ETF Trust,0001424958,,,2025,2026,2.0,number,daily,S,"ambiguous:S,P",index_other,True,False
S000094769,ProShares Ultra S&P 500 Equal Weight,ProShares Ultra S&P 500 Equal Weight,PROSHARES TRUST,0001174610,URSP,URSP,2026,2026,2.0,proshares ultra,daily,S,"ambiguous:S,P",index_other,True,True
S000022767,Direxion Daily S&P 500(R) Bull 3X ETF,Direxion Daily S&P 500(R) Bull 3X Shares | Direxion Daily S&P 500(R) Bull 3X ETF,Direxion Shares ETF Trust,0001424958,SPXL,SPXL,2022,2026,3.0,number,daily,S,"ambiguous:S,P,R",index_other,True,True
S000024919,ProShares UltraPro S&P500,ProShares UltraPro S&P500,PROSHARES TRUST,0001174610,UPRO,UPRO,2022,2026,3.0,proshares ultrapro,daily,S,ticker token,index_other,True,True
S000049373,Direxion Daily S&P Biotech Bull 3X ETF,Direxion Daily S&P Biotech Bull 3X Shares | Direxion Daily S&P Biotech Bull 3X ETF,Direxion Shares ETF Trust,0001424958,LABU,LABU,2022,2026,3.0,number,daily,S,"ambiguous:S,P",index_other,True,True
S000066279,Direxion Daily S&P 500(R) High Beta Bull 3X ETF,Direxion Daily S&P 500(R) High Beta Bull 3X Shares | Direxion Daily S&P 500(R) High Beta Bull 3X ETF,Direxion Shares ETF Trust,0001424958,HIBL,HIBL,2022,2026,3.0,number,daily,S,"ambiguous:S,P,R",index_other,True,True
S000104186,Direxion Daily S&P 500 Bull 4X ETF,Direxion Daily S&P 500 Bull 4X ETF,Direxion Shares ETF Trust,0001424958,,,2026,2026,4.0,number,daily,S,"ambiguous:S,P",index_other,True,False
S000107689,ProShares Ultra SB Energy,ProShares Ultra SB Energy,PROSHARES TRUST,0001174610,,,2026,2026,2.0,proshares ultra,daily,SB,ticker token,index_other,True,False
S000091730,T-REX 2X Long SUI Daily Target ETF,Tuttle Capital 2X Long Polkadot Daily Target ETF | T-REX 2X Long SUI Daily Target ETF,ETF Opportunities Trust,0001771146,,,2025,2026,2.0,number,daily,SUI,ticker token,index_other,True,False
S000098945,GraniteShares 3x Short XRP Daily ETF,GraniteShares 3x Short XRP Daily ETF,GraniteShares ETF Trust,0001689873,,,2026,2026,-3.0,number,daily,XRP,ticker token,index_other,True,False
S000091572,ProShares UltraShort XRP ETF,ProShares UltraShort XRP ETF,PROSHARES TRUST,0001174610,,,2025,2025,-2.0,proshares ultra,daily,XRP,ticker token,index_other,False,False
S000091626,Teucrium 2x Short Daily XRP ETF,Teucrium 2x Short Daily XRP ETF,Listed Funds Trust,0001683471,,,2025,2026,-2.0,number,daily,XRP,ticker token,index_other,True,False
S000093031,Leverage Shares 2X Short XRP Daily ETF,Leverage Shares 2X Short XRP Daily ETF,Themes ETF Trust,0001976322,,,2025,2026,-2.0,number,daily,XRP,ticker token,index_other,True,False
S000091574,ProShares Short XRP ETF,ProShares Short XRP ETF,PROSHARES TRUST,0001174610,,,2025,2025,-1.0,inverse no number,daily,XRP,ticker token,index_other,False,False
S000091573,ProShares Ultra XRP ETF,ProShares Ultra XRP ETF,PROSHARES TRUST,0001174610,UXRP,UXRP,2025,2026,2.0,proshares ultra,daily,XRP,ticker token,index_other,True,True
S000091625,Teucrium 2x Long Daily XRP ETF,Teucrium 2x Long Daily XRP ETF,Listed Funds Trust,0001683471,XXRP,XXRP,2025,2026,2.0,number,daily,XRP,ticker token,index_other,True,True
S000091724,T-REX 2X Long XRP Daily Target ETF,Tuttle Capital 2X Long XRP Daily Target ETF | T-REX 2X Long XRP Daily Target ETF,ETF Opportunities Trust,0001771146,XRPK,XRPK,2025,2026,2.0,number,daily,XRP,ticker token,index_other,True,True
S000092517,2x XRP ETF,2x XRP ETF,Volatility Shares Trust,0001884021,,,2025,2026,2.0,number,daily,XRP,ticker token,index_other,True,False
S000093027,Leverage Shares 2X Long XRP Daily ETF,Leverage Shares 2X Long XRP Daily ETF,Themes ETF Trust,0001976322,,,2025,2026,2.0,number,daily,XRP,ticker token,index_other,True,False
S000098725,ProShares Daily Target 3x XRP,ProShares Daily Target 3x XRP,PROSHARES TRUST,0001174610,,,2026,2026,3.0,number,daily,XRP,ticker token,index_other,True,False
S000098941,GraniteShares 3x Long XRP Daily ETF,GraniteShares 3x Long XRP Daily ETF,GraniteShares ETF Trust,0001689873,,,2026,2026,3.0,number,daily,XRP,ticker token,index_other,True,False
S000099869,3x XRP ETF,3x XRP ETF,Volatility Shares Trust,0001884021,,,2026,2026,3.0,number,daily,XRP,ticker token,index_other,True,False
S000099892,5x XRP ETF,5x XRP ETF,Volatility Shares Trust,0001884021,,,2026,2026,5.0,number,daily,XRP,ticker token,index_other,True,False
S000102049,Portfolio Building Block 1X Inverse US Large Cap Daily Target ETF,Portfolio Building Block 1X Inverse US Large Cap Daily Target ETF,Tidal Trust II,0001924868,,,2026,2026,-1.0,number,daily,XYZ,company name,index_other,True,False
S000106416,Portfolio Building Block 1X Inverse US Large Cap Daily Target ETF,Portfolio Building Block 1X Inverse US Large Cap Daily Target ETF,Tidal Trust IV,0002043390,,,2026,2026,-1.0,number,daily,XYZ,company name,index_other,True,False
S000103337,GraniteShares 4x Short QQQ Daily ETF,GraniteShares 4x Short QQQ Daily ETF,GraniteShares ETF Trust,0001689873,,,2026,2026,-4.0,number,daily,,unresolved,index_other,True,False
S000103493,GraniteShares 4x Short China Internet Daily ETF,GraniteShares 4x Short China Internet Daily ETF,GraniteShares ETF Trust,0001689873,,,2026,2026,-4.0,number,daily,,unresolved,index_other,True,False
S000103494,GraniteShares 4x Short Cybersecurity Daily ETF,GraniteShares 4x Short Cybersecurity Daily ETF,GraniteShares ETF Trust,0001689873,,,2026,2026,-4.0,number,daily,,unresolved,index_other,True,False
S000103496,GraniteShares 4x Short Gold Miners Daily ETF,GraniteShares 4x Short Gold Miners Daily ETF,GraniteShares ETF Trust,0001689873,,,2026,2026,-4.0,number,daily,,unresolved,index_other,True,False
S000103498,GraniteShares 4x Short Junior Gold Miners Daily ETF,GraniteShares 4x Short Junior Gold Miners Daily ETF,GraniteShares ETF Trust,0001689873,,,2026,2026,-4.0,number,daily,,unresolved,index_other,True,False
S000103499,GraniteShares 4x Short Junior Silver Miners Daily ETF,GraniteShares 4x Short Junior Silver Miners Daily ETF,GraniteShares ETF Trust,0001689873,,,2026,2026,-4.0,number,daily,,unresolved,index_other,True,False
S000103502,GraniteShares 4x Short Quantum Computing Daily ETF,GraniteShares 4x Short Quantum Computing Daily ETF,GraniteShares ETF Trust,0001689873,,,2026,2026,-4.0,number,daily,,unresolved,index_other,True,False
S000103503,GraniteShares 4x Short Robotics Daily ETF,GraniteShares 4x Short Robotics Daily ETF,GraniteShares ETF Trust,0001689873,,,2026,2026,-4.0,number,daily,,unresolved,index_other,True,False
S000103504,GraniteShares 4x Short Semiconductor Daily ETF,GraniteShares 4x Short Semiconductor Daily ETF,GraniteShares ETF Trust,0001689873,,,2026,2026,-4.0,number,daily,,unresolved,index_other,True,False
S000103505,GraniteShares 4x Short Silver Miners Daily ETF,GraniteShares 4x Short Silver Miners Daily ETF,GraniteShares ETF Trust,0001689873,,,2026,2026,-4.0,number,daily,,unresolved,index_other,True,False
S000103507,GraniteShares 4x Short Uranium and Nuclear Daily ETF,GraniteShares 4x Short Uranium and Nuclear Daily ETF,GraniteShares ETF Trust,0001689873,,,2026,2026,-4.0,number,daily,,unresolved,index_other,True,False
S000022770,Direxion Daily Small Cap Bear 3X ETF,Direxion Daily Small Cap Bear 3X Shares | Direxion Daily Small Cap Bear 3X ETF,Direxion Shares ETF Trust,0001424958,TZA,TZA,2022,2026,-3.0,number,daily,,unresolved,index_other,True,True
S000022773,Direxion Daily MSCI Emerging Markets Bear 3X ETF,Direxion Daily MSCI Emerging Markets Bear 3X Shares | Direxion Daily MSCI Emerging Markets Bear 3X ETF,Direxion Shares ETF Trust,0001424958,EDZ,EDZ,2022,2026,-3.0,number,daily,,unresolved,index_other,True,True
S000022775,Direxion Daily FTSE China Bear 3X ETF,Direxion Daily FTSE China Bear 3X Shares | Direxion Daily FTSE China Bear 3X ETF,Direxion Shares ETF Trust,0001424958,YANG,YANG,2022,2026,-3.0,number,daily,,unresolved,index_other,True,True
S000022781,Direxion Daily Financial Bear 3X ETF,Direxion Daily Financial Bear 3X Shares | Direxion Daily Financial Bear 3X ETF,Direxion Shares ETF Trust,0001424958,FAZ,FAZ,2022,2026,-3.0,number,daily,,unresolved,index_other,True,True
S000022782,Direxion Daily Real Estate Bear 3X ETF,Direxion Daily Real Estate Bear 3X Shares | Direxion Daily Real Estate Bear 3X ETF,Direxion Shares ETF Trust,0001424958,DRV,DRV,2022,2026,-3.0,number,daily,,unresolved,index_other,True,True
S000022783,Direxion Daily Homebuilders & Supplies Bear 3X Shares,Direxion Daily Homebuilders & Supplies Bear 3X Shares,Direxion Shares ETF Trust,0001424958,CLAW,CLAW,2022,2022,-3.0,number,daily,,unresolved,index_other,False,True
S000023810,Direxion Daily Technology Bear 3X ETF,Direxion Daily Technology Bear 3X Shares | Direxion Daily Technology Bear 3X ETF,Direxion Shares ETF Trust,0001424958,TECS,TECS,2022,2026,-3.0,number,daily,,unresolved,index_other,True,True
S000024909,ProShares UltraPro Short QQQ,ProShares UltraPro Short QQQ,PROSHARES TRUST,0001174610,SQQQ,SQQQ,2022,2026,-3.0,proshares ultrapro,daily,,unresolved,index_other,True,True
S000024910,ProShares UltraPro Short Dow30,ProShares UltraPro Short Dow30,PROSHARES TRUST,0001174610,SDOW,SDOW,2022,2026,-3.0,proshares ultrapro,daily,,unresolved,index_other,True,True
S000024912,ProShares UltraPro Short MidCap400,ProShares UltraPro Short MidCap400,PROSHARES TRUST,0001174610,SMDD,SMDD,2022,2026,-3.0,proshares ultrapro,daily,,unresolved,index_other,True,True
S000024913,ProShares UltraPro Short Russell2000,ProShares UltraPro Short Russell2000,PROSHARES TRUST,0001174610,SRTY,SRTY,2022,2026,-3.0,proshares ultrapro,daily,,unresolved,index_other,True,True
S000027477,Direxion Daily Utilities Bear 3X Shares,Direxion Daily Utilities Bear 3X Shares,Direxion Shares ETF Trust,0001424958,UTLS,UTLS,2022,2022,-3.0,number,daily,,unresolved,index_other,False,True
S000027478,Direxion Daily Consumer Discretionary Bear 3X Shares,Direxion Daily Consumer Discretionary Bear 3X Shares,Direxion Shares ETF Trust,0001424958,PASS,PASS,2022,2022,-3.0,number,daily,,unresolved,index_other,False,True
S000027479,Direxion Daily Consumer Staples Bear 3X Shares,Direxion Daily Consumer Staples Bear 3X Shares,Direxion Shares ETF Trust,0001424958,LACK,LACK,2022,2022,-3.0,number,daily,,unresolved,index_other,False,True
S000027488,Direxion Daily Retail Bear 3X Shares,Direxion Daily Retail Bear 3X Shares,Direxion Shares ETF Trust,0001424958,RETS,RETS,2022,2022,-3.0,number,daily,,unresolved,index_other,False,True
S000027921,Direxion Daily Semiconductor Bear 3X ETF,Direxion Daily Semiconductor Bear 3X Shares | Direxion Daily Semiconductor Bear 3X ETF,Direxion Shares ETF Trust,0001424958,SOXS,SOXS,2022,2026,-3.0,number,daily,,unresolved,index_other,True,True
S000037031,ProShares UltraPro Short Financial Select Sector,ProShares UltraPro Short Financial Select Sector,PROSHARES TRUST,0001174610,FINZ,FINZ,2022,2022,-3.0,proshares ultrapro,daily,,unresolved,index_other,False,True
S000038648,Direxion Daily Dow 30 Bear 3X Shares,Direxion Daily Dow 30 Bear 3X Shares,Direxion Shares ETF Trust,0001424958,,,2022,2022,-3.0,number,daily,,unresolved,index_other,False,False
S000049728,ProShares UltraPro Short Nasdaq Biotechnology,ProShares UltraPro Short Nasdaq Biotechnology,PROSHARES TRUST,0001174610,ZBIO,ZBIO,2022,2022,-3.0,proshares ultrapro,daily,,unresolved,index_other,False,True
S000050533,Direxion Daily Pharmaceutical & Medical Bear 3X Shares,Direxion Daily Pharmaceutical & Medical Bear 3X Shares,Direxion Shares ETF Trust,0001424958,,,2022,2022,-3.0,number,daily,,unresolved,index_other,False,False
S000057170,Direxion Daily Transportation Bear 3X Shares,Direxion Daily Transportation Bear 3X Shares,Direxion Shares ETF Trust,0001424958,,,2022,2022,-3.0,number,daily,,unresolved,index_other,False,False
S000057172,Direxion Daily MSCI Canada Bear 3X Shares,Direxion Daily MSCI Canada Bear 3X Shares,Direxion Shares ETF Trust,0001424958,,,2022,2022,-3.0,number,daily,,unresolved,index_other,False,False
S000057174,Direxion Daily MSCI Italy Bear 3X Shares,Direxion Daily MSCI Italy Bear 3X Shares,Direxion Shares ETF Trust,0001424958,,,2022,2022,-3.0,number,daily,,unresolved,index_other,False,False
S000057176,Direxion Daily MSCI Mexico Bear 3X Shares,Direxion Daily MSCI Mexico Bear 3X Shares,Direxion Shares ETF Trust,0001424958,,,2022,2022,-3.0,number,daily,,unresolved,index_other,False,False
S000057186,Direxion Daily Aerospace & Defense Bear 3X Shares,Direxion Daily Aerospace & Defense Bear 3X Shares,Direxion Shares ETF Trust,0001424958,,,2022,2022,-3.0,number,daily,,unresolved,index_other,False,False
S000057188,Direxion Daily Industrials Bear 3X Shares,Direxion Daily Industrials Bear 3X Shares,Direxion Shares ETF Trust,0001424958,,,2022,2022,-3.0,number,daily,,unresolved,index_other,False,False
S000062448,ProShares UltraPro Short Communication Services Select Sector,ProShares UltraPro Short Communication Services Select Sector,PROSHARES TRUST,0001174610,,,2022,2022,-3.0,proshares ultrapro,daily,,unresolved,index_other,False,False
S000063412,Direxion Daily Communication Services Index Bear 3X Shares,Direxion Daily Communication Services Index Bear 3X Shares,Direxion Shares ETF Trust,0001424958,MUTE,MUTE,2022,2022,-3.0,number,daily,,unresolved,index_other,False,True
S000066275,Direxion Daily MSCI Brazil Bear 3X Shares,Direxion Daily MSCI Brazil Bear 3X Shares,Direxion Shares ETF Trust,0001424958,,,2022,2022,-3.0,number,daily,,unresolved,index_other,False,False
S000066276,Direxion Daily MSCI India Bear 3X Shares,Direxion Daily MSCI India Bear 3X Shares,Direxion Shares ETF Trust,0001424958,,,2022,2022,-3.0,number,daily,,unresolved,index_other,False,False
S000066277,Direxion Daily MSCI South Korea Bear 3X Shares,Direxion Daily MSCI South Korea Bear 3X Shares,Direxion Shares ETF Trust,0001424958,,,2022,2022,-3.0,number,daily,,unresolved,index_other,False,False
S000066282,Direxion Daily Dow Jones Internet Bear 3X ETF,Direxion Daily Dow Jones Internet Bear 3X Shares | Direxion Daily Dow Jones Internet Bear 3X ETF,Direxion Shares ETF Trust,0001424958,WEBS,WEBS,2022,2026,-3.0,number,daily,,unresolved,index_other,True,True
S000098942,GraniteShares 3x Short Bitcoin Daily ETF,GraniteShares 3x Short Bitcoin Daily ETF,GraniteShares ETF Trust,0001689873,,,2026,2026,-3.0,number,daily,,unresolved,index_other,True,False
S000098943,GraniteShares 3x Short Ether Daily ETF,GraniteShares 3x Short Ether Daily ETF,GraniteShares ETF Trust,0001689873,,,2026,2026,-3.0,number,daily,,unresolved,index_other,True,False
S000098944,GraniteShares 3x Short Solana Daily ETF,GraniteShares 3x Short Solana Daily ETF,GraniteShares ETF Trust,0001689873,,,2026,2026,-3.0,number,daily,,unresolved,index_other,True,False
S000103756,GraniteShares 3x Short China Internet Daily ETF,GraniteShares 3x Short China Internet Daily ETF,GraniteShares ETF Trust,0001689873,,,2026,2026,-3.0,number,daily,,unresolved,index_other,True,False
S000103757,GraniteShares 3x Short Cybersecurity Daily ETF,GraniteShares 3x Short Cybersecurity Daily ETF,GraniteShares ETF Trust,0001689873,,,2026,2026,-3.0,number,daily,,unresolved,index_other,True,False
S000103758,GraniteShares 3x Short Gold Miners Daily ETF,GraniteShares 3x Short Gold Miners Daily ETF,GraniteShares ETF Trust,0001689873,,,2026,2026,-3.0,number,daily,,unresolved,index_other,True,False
S000103760,GraniteShares 3x Short Junior Gold Miners Daily ETF,GraniteShares 3x Short Junior Gold Miners Daily ETF,GraniteShares ETF Trust,0001689873,,,2026,2026,-3.0,number,daily,,unresolved,index_other,True,False
S000103761,GraniteShares 3x Short Junior Silver Miners Daily ETF,GraniteShares 3x Short Junior Silver Miners Daily ETF,GraniteShares ETF Trust,0001689873,,,2026,2026,-3.0,number,daily,,unresolved,index_other,True,False
S000103765,GraniteShares 3x Short Quantum Computing Daily ETF,GraniteShares 3x Short Quantum Computing Daily ETF,GraniteShares ETF Trust,0001689873,,,2026,2026,-3.0,number,daily,,unresolved,index_other,True,False
S000103766,GraniteShares 3x Short Robotics Daily ETF,GraniteShares 3x Short Robotics Daily ETF,GraniteShares ETF Trust,0001689873,,,2026,2026,-3.0,number,daily,,unresolved,index_other,True,False
S000103767,GraniteShares 3x Short Semiconductor Daily ETF,GraniteShares 3x Short Semiconductor Daily ETF,GraniteShares ETF Trust,0001689873,,,2026,2026,-3.0,number,daily,,unresolved,index_other,True,False
S000103768,GraniteShares 3x Short Silver Miners Daily ETF,GraniteShares 3x Short Silver Miners Daily ETF,GraniteShares ETF Trust,0001689873,,,2026,2026,-3.0,number,daily,,unresolved,index_other,True,False
S000103769,GraniteShares 3x Short Uranium and Nuclear Daily ETF,GraniteShares 3x Short Uranium and Nuclear Daily ETF,GraniteShares ETF Trust,0001689873,,,2026,2026,-3.0,number,daily,,unresolved,index_other,True,False
S000003081,ULTRASHORT MID-CAP PROFUND,ULTRASHORT MID-CAP PROFUND,ProFunds,0001039803,UIPSX,UIPIX | UIPSX,2022,2026,-2.0,proshares ultra,daily,,unresolved,index_other,True,True
S000003082,ULTRASHORT SMALL-CAP PROFUND,ULTRASHORT SMALL-CAP PROFUND,ProFunds,0001039803,UCPSX,UCPIX | UCPSX,2022,2026,-2.0,proshares ultra,daily,,unresolved,index_other,True,True
S000003083,ULTRASHORT DOW 30 PROFUND,ULTRASHORT DOW 30 PROFUND,ProFunds,0001039803,UWPSX,UWPIX | UWPSX,2022,2026,-2.0,proshares ultra,daily,,unresolved,index_other,True,True
S000003084,ULTRASHORT NASDAQ-100 PROFUND,ULTRASHORT NASDAQ-100 PROFUND,ProFunds,0001039803,USPSX,USPIX | USPSX,2022,2026,-2.0,proshares ultra,daily,,unresolved,index_other,True,True
S000004531,PROFUND VP ULTRASHORT NASDAQ-100,PROFUND VP ULTRASHORT NASDAQ-100,ProFunds,0001039803,,,2022,2026,-2.0,proshares ultra,daily,,unresolved,index_other,True,False
S000006822,ProShares UltraShort MidCap400,ProShares UltraShort MidCap400,PROSHARES TRUST,0001174610,MZZ,MZZ,2022,2026,-2.0,proshares ultra,daily,,unresolved,index_other,True,True
S000006823,ProShares UltraShort Dow30,ProShares UltraShort Dow30,PROSHARES TRUST,0001174610,DXD,DXD,2022,2026,-2.0,proshares ultra,daily,,unresolved,index_other,True,True
S000006824,ProShares UltraShort QQQ,ProShares UltraShort QQQ,PROSHARES TRUST,0001174610,QID,QID,2022,2026,-2.0,proshares ultra,daily,,unresolved,index_other,True,True
S000008847,ULTRASHORT EMERGING MARKETS PROFUND,ULTRASHORT EMERGING MARKETS PROFUND,ProFunds,0001039803,UVPSX,UVPIX | UVPSX,2022,2026,-2.0,proshares ultra,daily,,unresolved,index_other,True,True
S000008849,ULTRASHORT JAPAN PROFUND,ULTRASHORT JAPAN PROFUND,ProFunds,0001039803,UKPSX,UKPIX | UKPSX,2022,2026,-2.0,proshares ultra,daily,,unresolved,index_other,True,True
S000012060,PROFUND VP ULTRASHORT DOW 30,PROFUND VP ULTRASHORT DOW 30,ProFunds,0001039803,,,2022,2026,-2.0,proshares ultra,daily,,unresolved,index_other,True,False
S000014287,ProShares UltraShort Russell2000,ProShares UltraShort Russell2000,PROSHARES TRUST,0001174610,TWM,TWM,2022,2026,-2.0,proshares ultra,daily,,unresolved,index_other,True,True
S000014288,ProShares UltraShort SmallCap600,ProShares UltraShort SmallCap600,PROSHARES TRUST,0001174610,SDD,SDD,2022,2026,-2.0,proshares ultra,daily,,unresolved,index_other,True,True
S000014296,ProShares UltraShort Materials,ProShares UltraShort Basic Materials | ProShares UltraShort Materials,PROSHARES TRUST,0001174610,SMN,SMN,2022,2026,-2.0,proshares ultra,daily,,unresolved,index_other,True,True
S000014298,ProShares UltraShort Consumer Staples,ProShares UltraShort Consumer Goods | ProShares UltraShort Consumer Staples,PROSHARES TRUST,0001174610,SZK,SZK,2022,2026,-2.0,proshares ultra,daily,,unresolved,index_other,True,True
S000014299,ProShares UltraShort Consumer Discretionary,ProShares UltraShort Consumer Services | ProShares UltraShort Consumer Discretionary,PROSHARES TRUST,0001174610,SCC,SCC,2022,2026,-2.0,proshares ultra,daily,,unresolved,index_other,True,True
S000014300,ProShares UltraShort Financials,ProShares UltraShort Financials,PROSHARES TRUST,0001174610,SKF,SKF,2022,2026,-2.0,proshares ultra,daily,,unresolved,index_other,True,True
S000014301,ProShares UltraShort Health Care,ProShares UltraShort Health Care,PROSHARES TRUST,0001174610,RXD,RXD,2022,2026,-2.0,proshares ultra,daily,,unresolved,index_other,True,True
S000014302,ProShares UltraShort Industrials,ProShares UltraShort Industrials,PROSHARES TRUST,0001174610,SIJ,SIJ,2022,2026,-2.0,proshares ultra,daily,,unresolved,index_other,True,True
S000014304,ProShares UltraShort Energy,ProShares UltraShort Oil & Gas | ProShares UltraShort Energy,PROSHARES TRUST,0001174610,DUG,DUG,2022,2026,-2.0,proshares ultra,daily,,unresolved,index_other,True,True
S000014306,ProShares UltraShort Real Estate,ProShares UltraShort Real Estate,PROSHARES TRUST,0001174610,SRS,SRS,2022,2026,-2.0,proshares ultra,daily,,unresolved,index_other,True,True
S000014307,ProShares UltraShort Semiconductors,ProShares UltraShort Semiconductors,PROSHARES TRUST,0001174610,SSG,SSG,2022,2026,-2.0,proshares ultra,daily,,unresolved,index_other,True,True
S000014308,ProShares UltraShort Technology,ProShares UltraShort Technology,PROSHARES TRUST,0001174610,REW,REW,2022,2026,-2.0,proshares ultra,daily,,unresolved,index_other,True,True
S000014310,ProShares UltraShort Utilities,ProShares UltraShort Utilities,PROSHARES TRUST,0001174610,SDP,SDP,2022,2026,-2.0,proshares ultra,daily,,unresolved,index_other,True,True
S000018724,ProShares UltraShort Nasdaq Biotechnology,ProShares UltraShort Nasdaq Biotechnology,PROSHARES TRUST,0001174610,BIS,BIS,2022,2026,-2.0,proshares ultra,daily,,unresolved,index_other,True,True
S000018727,ProShares UltraShort MSCI Emerging Markets,ProShares UltraShort MSCI Emerging Markets,PROSHARES TRUST,0001174610,EEV,EEV,2022,2026,-2.0,proshares ultra,daily,,unresolved,index_other,True,True
S000018728,ProShares UltraShort MSCI Japan,ProShares UltraShort MSCI Japan,PROSHARES TRUST,0001174610,EWV,EWV,2022,2026,-2.0,proshares ultra,daily,,unresolved,index_other,True,True
S000018730,ProShares UltraShort MSCI EAFE,ProShares UltraShort MSCI EAFE,PROSHARES TRUST,0001174610,EFU,EFU,2022,2026,-2.0,proshares ultra,daily,,unresolved,index_other,True,True
S000018731,ProShares UltraShort FTSE China 50,ProShares UltraShort FTSE China 50,PROSHARES TRUST,0001174610,FXP,FXP,2022,2026,-2.0,proshares ultra,daily,,unresolved,index_other,True,True
S000020741,UltraShort China ProFund,UltraShort China ProFund,ProFunds,0001039803,UHPSX,UHPIX | UHPSX,2022,2026,-2.0,proshares ultra,daily,,unresolved,index_other,True,True
S000022290,ProShares UltraShort MSCI Brazil Capped,ProShares UltraShort MSCI Brazil Capped,PROSHARES TRUST,0001174610,BZQ,BZQ,2022,2026,-2.0,proshares ultra,daily,,unresolved,index_other,True,True
S000022292,ProShares UltraShort FTSE Europe,ProShares UltraShort FTSE Europe,PROSHARES TRUST,0001174610,EPV,EPV,2022,2026,-2.0,proshares ultra,daily,,unresolved,index_other,True,True
S000022294,ProShares UltraShort MSCI Mexico Capped IMI,ProShares UltraShort MSCI Mexico Capped IMI,PROSHARES TRUST,0001174610,SMK,SMK,2022,2022,-2.0,proshares ultra,daily,,unresolved,index_other,False,True
S000022780,Direxion Daily Energy Bear 2X ETF,Direxion Daily Energy Bear 2X Shares | Direxion Daily Energy Bear 2X ETF,Direxion Shares ETF Trust,0001424958,ERY,ERY,2022,2026,-2.0,number,daily,,unresolved,index_other,True,True
S000029348,Direxion Daily Gold Miners Index Bear 2X ETF,Direxion Daily Gold Miners Index Bear 2X Shares | Direxion Daily Gold Miners Index Bear 2X ETF,Direxion Shares ETF Trust,0001424958,DUST,DUST,2022,2026,-2.0,number,daily,,unresolved,index_other,True,True
S000034517,Direxion Daily Junior Gold Miners Index Bear 2X ETF,DIREXION DAILY JUNIOR GOLD MINERS INDEX BEAR 2X SHARES | Direxion Daily Junior Gold Miners Index Bear 2X ETF,Direxion Shares ETF Trust,0001424958,JDST,JDST,2022,2026,-2.0,number,daily,,unresolved,index_other,True,True
S000048126,ProShares UltraShort Gold Miners,ProShares UltraShort Gold Miners,PROSHARES TRUST,0001174610,GDXS,GDXS,2022,2022,-2.0,proshares ultra,daily,,unresolved,index_other,False,True
S000049727,ProShares UltraShort Oil & Gas Exploration & Production,ProShares UltraShort Oil & Gas Exploration & Production,PROSHARES TRUST,0001174610,SOP,SOP,2022,2022,-2.0,proshares ultra,daily,,unresolved,index_other,False,True
S000054616,Direxion Daily MSCI European Financials Bear 2X Shares,Direxion Daily MSCI European Financials Bear 2X Shares,Direxion Shares ETF Trust,0001424958,,,2022,2022,-2.0,number,daily,,unresolved,index_other,False,False
S000062447,ProShares UltraShort Communication Services Select Sector,ProShares UltraShort Communication Services Select Sector,PROSHARES TRUST,0001174610,,,2022,2022,-2.0,proshares ultra,daily,,unresolved,index_other,False,False
S000070717,ProShares UltraShort Nasdaq Cybersecurity,ProShares UltraShort Nasdaq Cybersecurity,PROSHARES TRUST,0001174610,,,2022,2023,-2.0,proshares ultra,daily,,unresolved,index_other,False,False
S000070719,ProShares UltraShort Cloud Computing,ProShares UltraShort Cloud Computing,PROSHARES TRUST,0001174610,,,2022,2023,-2.0,proshares ultra,daily,,unresolved,index_other,False,False
S000071022,Direxion Daily Cloud Computing Bear 2X Shares,Direxion Daily Cloud Computing Bear 2X Shares,Direxion Shares ETF Trust,0001424958,CLDS,CLDS,2022,2024,-2.0,number,daily,,unresolved,index_other,False,True
S000072015,ETFMG Prime 2x Daily Inverse Junior Silver Miners ETF,ETFMG Prime 2x Daily Inverse Junior Silver Miners ETF,ETF Managers Trust,0001467831,SINV,SINV,2022,2023,-2.0,number,daily,,unresolved,index_other,False,True
S000072082,Direxion Daily Travel & Vacation Bear 2X Shares,Direxion Daily Travel & Vacation Bear 2X Shares,Direxion Shares ETF Trust,0001424958,,,2022,2026,-2.0,number,daily,,unresolved,index_other,True,False
S000072482,Direxion Daily Global Clean Energy Bear 2X Shares,Direxion Daily Global Clean Energy Bear 2X Shares,Direxion Shares ETF Trust,0001424958,,,2022,2024,-2.0,number,daily,,unresolved,index_other,False,False
S000073594,Direxion Daily Software Bear 2X Shares,Direxion Daily Software Bear 2X Shares,Direxion Shares ETF Trust,0001424958,,,2022,2024,-2.0,number,daily,,unresolved,index_other,False,False
S000073596,Direxion Daily Metal Miners Bear 2X Shares,Direxion Daily Metal Miners Bear 2X Shares,Direxion Shares ETF Trust,0001424958,,,2022,2024,-2.0,number,daily,,unresolved,index_other,False,False
S000074237,Direxion Daily Oil Services Bear 2X Shares,Direxion Daily Oil Services Bear 2X Shares,Direxion Shares ETF Trust,0001424958,,,2022,2024,-2.0,number,daily,,unresolved,index_other,False,False
S000074241,Direxion Daily Sports Betting & iGaming Bear 2X Shares,Direxion Daily Sports Betting & iGaming Bear 2X Shares,Direxion Shares ETF Trust,0001424958,,,2022,2022,-2.0,number,daily,,unresolved,index_other,False,False
S000075766,Direxion Daily China Technology Bear 2X Shares,Direxion Daily China Technology Bear 2X Shares,Direxion Shares ETF Trust,0001424958,,,2022,2026,-2.0,number,daily,,unresolved,index_other,True,False
S000075770,Direxion Daily E-Gaming Bear 2X Shares,Direxion Daily E-Gaming Bear 2X Shares,Direxion Shares ETF Trust,0001424958,,,2022,2024,-2.0,number,daily,,unresolved,index_other,False,False
S000081814,TUTTLE CAPITAL DAILY 2X INVERSE REGIONAL BANKS ETF,TUTTLE CAPITAL DAILY 2X INVERSE REGIONAL BANKS ETF,ETF Opportunities Trust,0001771146,SKRE,SKRE,2024,2026,-2.0,number,daily,,unresolved,index_other,True,True
S000083882,Direxion Daily MSCI Emerging Markets ex China Bear 2X Shares,Direxion Daily MSCI Emerging Markets ex China Bear 2X Shares,Direxion Shares ETF Trust,0001424958,,,2024,2026,-2.0,number,daily,,unresolved,index_other,True,False
S000084218,Direxion Daily Magnificent 7 Bear 2X ETF,Direxion Daily Concentrated Qs Bear 2X Shares | Direxion Daily Magnificent 7 Bear 2X Shares | Direxion Daily Magnificent 7 Bear 2X ETF,Direxion Shares ETF Trust,0001424958,,,2024,2026,-2.0,number,daily,,unresolved,index_other,True,False
S000084347,T-REX 2X INVERSE BITCOIN DAILY TARGET ETF,T-REX 2X INVERSE BITCOIN DAILY TARGET ETF,World Funds Trust,0001396092,BTCZ,BTCZ,2024,2026,-2.0,number,daily,,unresolved,index_other,True,True
S000084462,ProShares UltraShort Bitcoin ETF,ProShares UltraShort Bitcoin ETF,PROSHARES TRUST,0001174610,SBIT,SBIT,2024,2026,-2.0,proshares ultra,daily,,unresolved,index_other,True,True
S000084463,ProShares UltraShort Ether ETF,ProShares UltraShort Ether ETF,PROSHARES TRUST,0001174610,ETHD,ETHD,2024,2026,-2.0,proshares ultra,daily,,unresolved,index_other,True,True
S000084490,Direxion Daily Bitcoin Bear 2X ETF,Direxion Daily Bitcoin Bear 2X Shares | Direxion Daily Bitcoin Bear 2X ETF,Direxion Shares ETF Trust,0001424958,,,2024,2026,-2.0,number,daily,,unresolved,index_other,True,False
S000085770,Defiance Daily 2X Short Ether ETF,Defiance Daily 2X Short Ether ETF,Tidal Trust II,0001924868,,,2024,2025,-2.0,number,daily,,unresolved,index_other,False,False
S000086139,Tradr 2X Short Innovation 100 Monthly ETF,Tradr 2X Short QQQ Monthly ETF | Tradr 2X Short Triple Q Monthly ETF | Tradr 2X Short Innovation 100 Monthly ETF,Investment Managers Series Trust II,0001587982,DQQQ,DQQQ,2024,2026,-2.0,number,monthly,,unresolved,index_other,True,True
S000086576,T-Rex 2X Inverse Ether Daily Target ETF,T-Rex 2X Inverse Ether Daily Target ETF,World Funds Trust,0001396092,ETQ,ETQ,2024,2026,-2.0,number,daily,,unresolved,index_other,True,True
S000090186,ProShares UltraShort QQQ Mega,ProShares UltraShort Top QQQ | ProShares UltraShort QQQ Mega,PROSHARES TRUST,0001174610,QQDN,QQDN,2025,2026,-2.0,proshares ultra,daily,,unresolved,index_other,True,True
S000091568,ProShares UltraShort Solana ETF,ProShares UltraShort Solana ETF,PROSHARES TRUST,0001174610,,,2025,2025,-2.0,proshares ultra,daily,,unresolved,index_other,False,False
S000092911,Direxion Daily Semiconductors Top 5 Bear 2X ETF,Direxion Daily Super Sector Semiconductors Bear 1X Shares | Direxion Daily Semiconductors Top 5 Bear 2X ETF,Direxion Shares ETF Trust,0001424958,TSXD,TSXD,2025,2026,-2.0,number,daily,,unresolved,index_other,True,True
S000092913,Direxion Daily Biotech Top 5 Bear 2X ETF,Direxion Daily Super Sector Biotech Bear 1X Shares | Direxion Daily Biotech Top 5 Bear 2X ETF,Direxion Shares ETF Trust,0001424958,,,2025,2026,-2.0,number,daily,,unresolved,index_other,True,False
S000092918,Direxion Daily Consumer Discretionary Top 5 Bear 2X ETF,Direxion Daily Super Sector Consumer Discretionary Bear 1X Shares | Direxion Daily Consumer Discretionary Top 5 Bear 2X ETF,Direxion Shares ETF Trust,0001424958,,,2025,2026,-2.0,number,daily,,unresolved,index_other,True,False
S000092920,Direxion Daily Consumer Staples Top 5 Bear 2X ETF,Direxion Daily Super Sector Consumer Staples Bear 1X Shares | Direxion Daily Consumer Staples Top 5 Bear 2X ETF,Direxion Shares ETF Trust,0001424958,,,2025,2026,-2.0,number,daily,,unresolved,index_other,True,False
S000092922,Direxion Daily Energy Top 5 Bear 2X ETF,Direxion Daily Super Sector Energy Bear 1X Shares | Direxion Daily Energy Top 5 Bear 2X ETF,Direxion Shares ETF Trust,0001424958,,,2025,2026,-2.0,number,daily,,unresolved,index_other,True,False
S000092924,Direxion Daily Financial Top 5 Bear 2X ETF,Direxion Daily Super Sector Financial Bear 1X Shares | Direxion Daily Financial Top 5 Bear 2X ETF,Direxion Shares ETF Trust,0001424958,,,2025,2026,-2.0,number,daily,,unresolved,index_other,True,False
S000092927,Direxion Daily Healthcare Top 5 Bear 2X ETF,Direxion Daily Super Sector Healthcare Bear 1X Shares | Direxion Daily Healthcare Top 5 Bear 2X ETF,Direxion Shares ETF Trust,0001424958,,,2025,2026,-2.0,number,daily,,unresolved,index_other,True,False
S000092929,Direxion Daily Industrials Top 5 Bear 2X ETF,Direxion Daily Super Sector Industrials Bear 1X Shares | Direxion Daily Industrials Top 5 Bear 2X ETF,Direxion Shares ETF Trust,0001424958,,,2025,2026,-2.0,number,daily,,unresolved,index_other,True,False
S000092931,Direxion Daily Materials Top 5 Bear 2X ETF,Direxion Daily Super Sector Materials Bear 1X Shares | Direxion Daily Materials Top 5 Bear 2X ETF,Direxion Shares ETF Trust,0001424958,,,2025,2026,-2.0,number,daily,,unresolved,index_other,True,False
S000092933,Direxion Daily Real Estate Top 5 Bear 2X ETF,Direxion Daily Super Sector Real Estate Bear 1X Shares | Direxion Daily Real Estate Top 5 Bear 2X ETF,Direxion Shares ETF Trust,0001424958,,,2025,2026,-2.0,number,daily,,unresolved,index_other,True,False
S000092935,Direxion Daily Technology Top 5 Bear 2X ETF,Direxion Daily Super Sector Technology Bear 1X Shares | Direxion Daily Technology Top 5 Bear 2X ETF,Direxion Shares ETF Trust,0001424958,TTXD,TTXD,2025,2026,-2.0,number,daily,,unresolved,index_other,True,True
S000092938,Direxion Daily Utilities Top 5 Bear 2X ETF,Direxion Daily Super Sector Utilities Bear 1X Shares | Direxion Daily Utilities Top 5 Bear 2X ETF,Direxion Shares ETF Trust,0001424958,,,2025,2026,-2.0,number,daily,,unresolved,index_other,True,False
S000093028,Leverage Shares 2X Short Bitcoin Daily ETF,Leverage Shares 2X Short Bitcoin Daily ETF,Themes ETF Trust,0001976322,,,2025,2026,-2.0,number,daily,,unresolved,index_other,True,False
S000093029,Leverage Shares 2X Short Ether Daily ETF,Leverage Shares 2X Short Ether Daily ETF,Themes ETF Trust,0001976322,,,2025,2026,-2.0,number,daily,,unresolved,index_other,True,False
S000093030,Leverage Shares 2X Short Solana Daily ETF,Leverage Shares 2X Short Solana Daily ETF,Themes ETF Trust,0001976322,,,2025,2026,-2.0,number,daily,,unresolved,index_other,True,False
S000093928,Roundhill 2X Short VIX Futures Points ETF,Roundhill 2X Short VIX Futures Points ETF,Roundhill ETF Trust,0001976517,,,2025,2026,-2.0,number,daily,,unresolved,index_other,True,False
S000093940,TUTTLE CAPITAL 2X INVERSE VOLATILITY ETF,TUTTLE CAPITAL 2X INVERSE VOLATILITY ETF,ETF Opportunities Trust,0001771146,,,2025,2026,-2.0,number,daily,,unresolved,index_other,True,False
S000094568,ProShares UltraShort QQQ Top 30,ProShares UltraShort QQQ Top 30,PROSHARES TRUST,0001174610,QQXS,QQXS,2025,2026,-2.0,proshares ultra,daily,,unresolved,index_other,True,True
S000100662,Defiance 2X Daily Short Pure Quantum Computing Index ETF,Defiance 2X Daily Short Pure Quantum Computing Index ETF,Tidal Trust II,0001924868,QTMS,QTMS,2026,2026,-2.0,number,daily,,unresolved,index_other,True,True
S000103397,Leverage Shares 2X Short SpaceX Daily ETF,Leverage Shares 2X Short SpaceX Daily ETF,Themes ETF Trust,0001976322,,,2026,2026,-2.0,number,daily,,unresolved,index_other,True,False
S000103688,Direxion Daily Ether Bear 2X ETF,Direxion Daily Ether Bear 2X ETF,Direxion Shares ETF Trust,0001424958,,,2026,2026,-2.0,number,daily,,unresolved,index_other,True,False
S000103690,Direxion Daily Gold Bear 2X ETF,Direxion Daily Gold Bear 2X ETF,Direxion Shares ETF Trust,0001424958,,,2026,2026,-2.0,number,daily,,unresolved,index_other,True,False
S000103692,Direxion Daily Silver Bear 2X ETF,Direxion Daily Silver Bear 2X ETF,Direxion Shares ETF Trust,0001424958,,,2026,2026,-2.0,number,daily,,unresolved,index_other,True,False
S000103725,GraniteShares 2x Short SpaceX Daily ETF,GraniteShares 2x Short SpaceX Daily ETF,GraniteShares ETF Trust,0001689873,,,2026,2026,-2.0,number,daily,,unresolved,index_other,True,False
S000104141,Tradr 2X Short SpaceX Daily ETF,Tradr 2X Short SpaceX Daily ETF,Investment Managers Series Trust II,0001587982,,,2026,2026,-2.0,number,daily,,unresolved,index_other,True,False
S000104721,Defiance Daily Target 2X Short [SpaceX] ETF,Defiance Daily Target 2X Short [SpaceX] ETF,Tidal Trust II,0001924868,,,2026,2026,-2.0,number,daily,,unresolved,index_other,True,False
S000104911,Direxion Daily SpaceX Bear 2X ETF,Direxion Daily SpaceX Bear 2X ETF,Direxion Shares ETF Trust,0001424958,,,2026,2026,-2.0,number,daily,,unresolved,index_other,True,False
S000105657,Defiance 2X Daily Short Pure Space Index ETF,Defiance 2X Daily Short Pure Space Index ETF,Tidal Trust II,0001924868,,,2026,2026,-2.0,number,daily,,unresolved,index_other,True,False
S000106208,GraniteShares 2x Short [Relativity Space] Daily ETF,GraniteShares 2x Short [Relativity Space] Daily ETF,GraniteShares ETF Trust,0001689873,,,2026,2026,-2.0,number,daily,,unresolved,index_other,True,False
S000106212,GraniteShares 2x Short [Axiom Space] Daily ETF,GraniteShares 2x Short [Axiom Space] Daily ETF,GraniteShares ETF Trust,0001689873,,,2026,2026,-2.0,number,daily,,unresolved,index_other,True,False
S000106240,GraniteShares 2x Short [Sierra Space] Daily ETF,GraniteShares 2x Short [Sierra Space] Daily ETF,GraniteShares ETF Trust,0001689873,,,2026,2026,-2.0,number,daily,,unresolved,index_other,True,False
S000106281,Leverage Shares 2X Short Sierra Space Daily ETF,Leverage Shares 2X Short Sierra Space Daily ETF,Themes ETF Trust,0001976322,,,2026,2026,-2.0,number,daily,,unresolved,index_other,True,False
S000106306,Leverage Shares 2X Short Axiom Space Daily ETF,Leverage Shares 2X Short Axiom Space Daily ETF,Themes ETF Trust,0001976322,,,2026,2026,-2.0,number,daily,,unresolved,index_other,True,False
S000106317,Leverage Shares 2X Short Relativity Space Daily ETF,Leverage Shares 2X Short Relativity Space Daily ETF,Themes ETF Trust,0001976322,,,2026,2026,-2.0,number,daily,,unresolved,index_other,True,False
S000106720,Roundhill Daily 2X Short Software ETF,Roundhill Daily 2X Short Software ETF,Roundhill ETF Trust,0001976517,,,2026,2026,-2.0,number,daily,,unresolved,index_other,True,False
S000106960,GraniteShares 2x Short Crusoe Energy Systems Daily ETF,GraniteShares 2x Short Crusoe Energy Systems Daily ETF,GraniteShares ETF Trust,0001689873,,,2026,2026,-2.0,number,daily,,unresolved,index_other,True,False
S000107501,GraniteShares 2x Short Oura Health Daily ETF,GraniteShares 2x Short Oura Health Daily ETF,GraniteShares ETF Trust,0001689873,,,2026,2026,-2.0,number,daily,,unresolved,index_other,True,False
S000107516,ProShares UltraShort AI Computing Power,ProShares UltraShort AI Computing Power,PROSHARES TRUST,0001174610,,,2026,2026,-2.0,proshares ultra,daily,,unresolved,index_other,True,False
S000007045,Direxion Monthly Small Cap Bear 1.75X Fund,Direxion Monthly Small Cap Bear 2X Fund | Direxion Monthly Small Cap Bear 1.75X Fund,DIREXION FUNDS,0001040587,DXRSX,DXRSX,2022,2024,-1.75,number,monthly,,unresolved,index_other,False,True
S000077593,Kurv Dow (DOW) 1.75x Short Daily ETF,Kurv Dow (DOW) 1.75x Short Daily ETF,NEOS ETF Trust,0001848758,DDOW,DDOW,2023,2024,-1.75,number,daily,,unresolved,index_other,False,True
S000084343,T-REX 1.75X INVERSE BITCOIN DAILY TARGET ETF,T-REX 1.75X INVERSE BITCOIN DAILY TARGET ETF,World Funds Trust,0001396092,,,2024,2024,-1.75,number,daily,,unresolved,index_other,False,False
S000084339,T-REX 1.5X INVERSE BITCOIN DAILY TARGET ETF,T-REX 1.5X INVERSE BITCOIN DAILY TARGET ETF,World Funds Trust,0001396092,,,2024,2024,-1.5,number,daily,,unresolved,index_other,False,False
S000084487,Direxion Daily Bitcoin Bear 1.5X Shares,Direxion Daily Bitcoin Bear 1.5X Shares,Direxion Shares ETF Trust,0001424958,,,2024,2026,-1.5,number,daily,,unresolved,index_other,True,False
S000003078,SHORT SMALL-CAP PROFUND,SHORT SMALL-CAP PROFUND,ProFunds,0001039803,SHPSX,SHPIX | SHPSX,2022,2026,-1.0,inverse no number,daily,,unresolved,index_other,True,True
S000003079,SHORT NASDAQ-100 PROFUND,SHORT NASDAQ-100 PROFUND,ProFunds,0001039803,SOPSX,SOPIX | SOPSX,2022,2026,-1.0,inverse no number,daily,,unresolved,index_other,True,True
S000003085,SHORT ENERGY PROFUND,SHORT OIL & GAS PROFUND | SHORT ENERGY PROFUND,ProFunds,0001039803,SNPSX,SNPIX | SNPSX,2022,2026,-1.0,inverse no number,daily,,unresolved,index_other,True,True
S000003960,PROFUND VP SHORT MID-CAP,PROFUND VP SHORT MID-CAP,ProFunds,0001039803,,,2022,2026,-1.0,inverse no number,daily,,unresolved,index_other,True,False
S000003962,PROFUND VP SHORT SMALL-CAP,PROFUND VP SHORT SMALL-CAP,ProFunds,0001039803,,,2022,2026,-1.0,inverse no number,daily,,unresolved,index_other,True,False
S000003963,PROFUND VP SHORT NASDAQ-100,PROFUND VP SHORT NASDAQ-100,ProFunds,0001039803,,,2022,2026,-1.0,inverse no number,daily,,unresolved,index_other,True,False
S000006829,ProShares Short MidCap400,ProShares Short MidCap400,PROSHARES TRUST,0001174610,MYY,MYY,2022,2026,-1.0,inverse no number,daily,,unresolved,index_other,True,True
S000006830,ProShares Short Dow30,ProShares Short Dow30,PROSHARES TRUST,0001174610,DOG,DOG,2022,2026,-1.0,inverse no number,daily,,unresolved,index_other,True,True
S000006831,ProShares Short QQQ,ProShares Short QQQ,PROSHARES TRUST,0001174610,PSQ,PSQ,2022,2026,-1.0,inverse no number,daily,,unresolved,index_other,True,True
S000008841,PROFUND VP SHORT EMERGING MARKETS,PROFUND VP SHORT EMERGING MARKETS,ProFunds,0001039803,,,2022,2026,-1.0,inverse no number,daily,,unresolved,index_other,True,False
S000012103,PROFUNDS VP SHORT DOW 30,PROFUNDS VP SHORT DOW 30,ProFunds,0001039803,,,2022,2026,-1.0,inverse no number,daily,,unresolved,index_other,True,False
S000014263,ProShares Short Russell2000,ProShares Short Russell2000,PROSHARES TRUST,0001174610,RWM,RWM,2022,2026,-1.0,inverse no number,daily,,unresolved,index_other,True,True
S000014264,ProShares Short SmallCap600,ProShares Short SmallCap600,PROSHARES TRUST,0001174610,SBB,SBB,2022,2026,-1.0,inverse no number,daily,,unresolved,index_other,True,True
S000014272,ProShares Short Basic Materials,ProShares Short Basic Materials,PROSHARES TRUST,0001174610,SBM,SBM,2022,2022,-1.0,inverse no number,daily,,unresolved,index_other,False,True
S000014276,ProShares Short Financials,ProShares Short Financials,PROSHARES TRUST,0001174610,SEF,SEF,2022,2026,-1.0,inverse no number,daily,,unresolved,index_other,True,True
S000014279,ProShares Short Oil & Gas,ProShares Short Oil & Gas,PROSHARES TRUST,0001174610,DDG,DDG,2022,2022,-1.0,inverse no number,daily,,unresolved,index_other,False,True
S000014282,ProShares Short Real Estate,ProShares Short Real Estate,PROSHARES TRUST,0001174610,REK,REK,2022,2026,-1.0,inverse no number,daily,,unresolved,index_other,True,True
S000018719,ProShares Short FTSE China 50,ProShares Short FTSE China 50,PROSHARES TRUST,0001174610,YXI,YXI,2022,2026,-1.0,inverse no number,daily,,unresolved,index_other,True,True
S000018723,ProShares Short High Yield,ProShares Short High Yield,PROSHARES TRUST,0001174610,SJB,SJB,2022,2026,-1.0,inverse no number,daily,,unresolved,index_other,True,True
S000018740,ProShares Short MSCI Emerging Markets,ProShares Short MSCI Emerging Markets,PROSHARES TRUST,0001174610,EUM,EUM,2022,2026,-1.0,inverse no number,daily,,unresolved,index_other,True,True
S000018742,ProShares Short MSCI EAFE,ProShares Short MSCI EAFE,PROSHARES TRUST,0001174610,EFZ,EFZ,2022,2026,-1.0,inverse no number,daily,,unresolved,index_other,True,True
S000031293,Direxion Daily Small Cap Bear 1X Shares,Direxion Daily Small Cap Bear 1X Shares,Direxion Shares ETF Trust,0001424958,,,2022,2023,-1.0,number,daily,,unresolved,index_other,False,False
S000048906,Direxion Daily CSI 300 China A Share Bear 1X Shares,Direxion Daily CSI 300 China A Share Bear 1X Shares,Direxion Shares ETF Trust,0001424958,CHAD,CHAD,2022,2026,-1.0,number,daily,,unresolved,index_other,True,True
S000055200,Direxion Daily CSI China Internet Index Bear 1X Shares,Direxion Daily CSI China Internet Index Bear 1X Shares,Direxion Shares ETF Trust,0001424958,,,2022,2023,-1.0,number,daily,,unresolved,index_other,False,False
S000057178,Direxion Daily MSCI Real Estate Bear 1X Shares,Direxion Daily MSCI Real Estate Bear 1X Shares,Direxion Shares ETF Trust,0001424958,,,2022,2023,-1.0,number,daily,,unresolved,index_other,False,False
S000059656,ProShares Long Online/Short Stores Retail ETF,ProShares Long Online/Short Stores Retail ETF,PROSHARES TRUST,0001174610,CLIX,CLIX,2022,2026,-1.0,inverse no number,daily,,unresolved,index_other,True,True
S000062446,ProShares Short Communication Services Select Sector,ProShares Short Communication Services Select Sector,PROSHARES TRUST,0001174610,,,2022,2022,-1.0,inverse no number,daily,,unresolved,index_other,False,False
S000071543,Access Flex Bear High Yield ProFund,Access Flex Bear High Yield ProFund,ProFunds,0001039803,AFBSX,AFBIX | AFBSX,2022,2026,-1.0,inverse no number,daily,,unresolved,index_other,True,True
S000073871,Tuttle Capital Short Innovation ETF,Tuttle Capital Short Innovation ETF,Collaborative Investment Series Trust,0001719812,SARK,SARK,2022,2023,-1.0,inverse no number,daily,,unresolved,index_other,False,True
S000075837,AXS Short China Internet ETF,AXS Short China Internet ETF,Investment Managers Series Trust II,0001587982,SWEB,SWEB,2022,2025,-1.0,inverse no number,daily,,unresolved,index_other,False,True
S000076585,Tradr 1X Short Innovation Daily ETF,AXS Short Innovation Daily ETF | Tradr Short Innovation Daily ETF | Tradr 1X Short Innovation Daily ETF,Investment Managers Series Trust II,0001587982,SARK,SARK,2022,2026,-1.0,number,daily,,unresolved,index_other,True,True
S000076601,ProShares Short Bitcoin ETF,ProShares Short Bitcoin Strategy ETF | ProShares Short Bitcoin ETF,PROSHARES TRUST,0001174610,BITI,BITI,2022,2026,-1.0,inverse no number,daily,,unresolved,index_other,True,True
S000076603,Short Bitcoin ProFund,Short Bitcoin Strategy ProFund | Short Bitcoin ProFund,ProFunds,0001039803,BITIX,BITIX,2022,2026,-1.0,inverse no number,daily,,unresolved,index_other,True,True
S000078171,Direxion Daily Crypto Industry Bear 1X ETF,Direxion Daily Crypto Industry Bear 2X Shares | Direxion Daily Crypto Industry Bear 1X Shares | Direxion Daily Crypto Industry Bear 1X ETF,Direxion Shares ETF Trust,0001424958,REKT,REKT,2023,2026,-1.0,number,daily,,unresolved,index_other,True,True
S000079054,Strive Short China VIE ETF,Strive Short China VIE ETF,EA Series Trust,0001592900,,,2023,2024,-1.0,inverse no number,daily,,unresolved,index_other,False,False
S000082336,ProShares Short Ether ETF,ProShares Short Ether Strategy ETF | ProShares Short Ether ETF,PROSHARES TRUST,0001174610,SETH,SETH,2024,2026,-1.0,inverse no number,daily,,unresolved,index_other,True,True
S000084166,Roundhill Daily Inverse Magnificent Seven ETF,Roundhill Daily Inverse Magnificent Seven ETF,Roundhill ETF Trust,0001976517,MAGQ,MAGQ,2024,2026,-1.0,inverse no number,daily,,unresolved,index_other,True,True
S000084216,Direxion Daily Magnificent 7 Bear 1X ETF,Direxion Daily Concentrated Qs Bear 1X Shares | Direxion Daily Magnificent 7 Bear 1X Shares | Direxion Daily Magnificent 7 Bear 1X ETF,Direxion Shares ETF Trust,0001424958,QQQD,QQQD,2024,2026,-1.0,number,daily,,unresolved,index_other,True,True
S000084464,ProShares Short Bitcoin ETF II,ProShares Short Bitcoin ETF | ProShares Short Bitcoin ETF II,PROSHARES TRUST,0001174610,,,2024,2025,-1.0,inverse no number,daily,,unresolved,index_other,False,False
S000084488,Direxion Daily Bitcoin Bear 1X ETF,Direxion Daily Bitcoin Bear 1X Shares | Direxion Daily Bitcoin Bear 1X ETF,Direxion Shares ETF Trust,0001424958,,,2024,2026,-1.0,number,daily,,unresolved,index_other,True,False
S000085278,Direxion Daily Uranium Industry Bear 1X Shares,Direxion Daily Uranium Industry Bear 1X Shares,Direxion Shares ETF Trust,0001424958,,,2024,2026,-1.0,number,daily,,unresolved,index_other,True,False
S000086142,Tradr 1X Short Innovation 100 Monthly ETF,Tradr 2X Short QQQ Weekly ETF | Tradr 2X Short Triple Q Weekly ETF | Tradr 1X Short Innovation 100 Monthly ETF,Investment Managers Series Trust II,0001587982,SMQ,WQQQ | SMQ,2024,2026,-1.0,number,monthly,,unresolved,index_other,True,True
S000091570,ProShares Short Solana ETF,ProShares Short Solana ETF,PROSHARES TRUST,0001174610,,,2025,2025,-1.0,inverse no number,daily,,unresolved,index_other,False,False
S000093408,Defiance Nasdaq 100 Double Short Hedged ETF,Defiance Nasdaq 100 Double Short Hedged ETF,Tidal Trust II,0001924868,,,2025,2026,-1.0,inverse no number,daily,,unresolved,index_other,True,False
S000093930,Roundhill Short VIX Futures Points ETF,Roundhill Short VIX Futures Points ETF,Roundhill ETF Trust,0001976517,,,2025,2026,-1.0,inverse no number,daily,,unresolved,index_other,True,False
S000093939,TUTTLE CAPITAL 1X INVERSE VOLATILITY ETF,TUTTLE CAPITAL 1X INVERSE VOLATILITY ETF,ETF Opportunities Trust,0001771146,,,2025,2026,-1.0,number,daily,,unresolved,index_other,True,False
S000094275,Direxion Daily Gold Miners Top 5 Bear 1X ETF,Direxion Daily Top 5 Gold Miners Bear 1X ETF | Direxion Daily Gold Miners Top 5 Bear 1X ETF,Direxion Shares ETF Trust,0001424958,,,2025,2026,-1.0,number,daily,,unresolved,index_other,True,False
S000094570,ProShares Short QQQ Top 30,ProShares Short QQQ Top 30,PROSHARES TRUST,0001174610,QQD,QQD,2025,2026,-1.0,inverse no number,daily,,unresolved,index_other,True,True
S000105423,CoinShares Bitcoin Volatility Inverse ETF,CoinShares Bitcoin Volatility Inverse ETF,Valkyrie ETF Trust II,0001877493,,,2026,2026,-1.0,inverse no number,daily,,unresolved,index_other,True,False
S000105642,Leverage Shares -1X Short Bitcoin Volatility Daily ETF,Leverage Shares -1X Short Bitcoin Volatility Daily ETF,Themes ETF Trust,0001976322,,,2026,2026,-1.0,number,daily,,unresolved,index_other,True,False
S000106279,Leverage Shares 1X Short Sierra Space Daily ETF,Leverage Shares 1X Short Sierra Space Daily ETF,Themes ETF Trust,0001976322,,,2026,2026,-1.0,number,daily,,unresolved,index_other,True,False
S000106304,Leverage Shares 1X Short Axiom Space Daily ETF,Leverage Shares 1X Short Axiom Space Daily ETF,Themes ETF Trust,0001976322,,,2026,2026,-1.0,number,daily,,unresolved,index_other,True,False
S000106315,Leverage Shares 1X Short Relativity Space Daily ETF,Leverage Shares 1X Short Relativity Space Daily ETF,Themes ETF Trust,0001976322,,,2026,2026,-1.0,number,daily,,unresolved,index_other,True,False
S000106718,Roundhill Daily Short Software ETF,Roundhill Daily Short Software ETF,Roundhill ETF Trust,0001976517,,,2026,2026,-1.0,inverse no number,daily,,unresolved,index_other,True,False
S000107509,ProShares Short AI Computing Power,ProShares Short AI Computing Power,PROSHARES TRUST,0001174610,,,2026,2026,-1.0,inverse no number,daily,,unresolved,index_other,True,False
S000052787,DIREXION MONTHLY HIGH YIELD BULL 1.2X FUND,DIREXION MONTHLY HIGH YIELD BULL 1.2X FUND,DIREXION FUNDS,0001040587,DXHYX,DXHYX,2022,2026,1.2,number,monthly,,unresolved,index_other,True,True
S000084340,T-REX 1.5X LONG BITCOIN DAILY TARGET ETF,T-REX 1.5X LONG BITCOIN DAILY TARGET ETF,World Funds Trust,0001396092,,,2024,2024,1.5,number,daily,,unresolved,index_other,False,False
S000084486,Direxion Daily Bitcoin Bull 1.5X Shares,Direxion Daily Bitcoin Bull 1.5X Shares,Direxion Shares ETF Trust,0001424958,,,2024,2026,1.5,number,daily,,unresolved,index_other,True,False
S000007044,Direxion Monthly Small Cap Bull 1.75X Fund,Direxion Monthly Small Cap Bull 2X Fund | Direxion Monthly Small Cap Bull 1.75X Fund,DIREXION FUNDS,0001040587,DXRLX,DXRLX,2022,2026,1.75,number,monthly,,unresolved,index_other,True,True
S000077592,Kurv Dow (DOW) 1.75x Long Daily ETF,Kurv Dow (DOW) 1.75x Long Daily ETF,NEOS ETF Trust,0001848758,LDOW,LDOW,2023,2024,1.75,number,daily,,unresolved,index_other,False,True
S000084344,T-REX 1.75X LONG BITCOIN DAILY TARGET ETF,T-REX 1.75X LONG BITCOIN DAILY TARGET ETF,World Funds Trust,0001396092,,,2024,2024,1.75,number,daily,,unresolved,index_other,False,False
S000006825,ProShares Ultra MidCap400,ProShares Ultra MidCap400,PROSHARES TRUST,0001174610,MVV,MVV,2022,2026,2.0,proshares ultra,daily,,unresolved,index_other,True,True
S000006826,ProShares Ultra Dow30,ProShares Ultra Dow30,PROSHARES TRUST,0001174610,DDM,DDM,2022,2026,2.0,proshares ultra,daily,,unresolved,index_other,True,True
S000006827,ProShares Ultra QQQ,ProShares Ultra QQQ,PROSHARES TRUST,0001174610,QLD,QLD,2022,2026,2.0,proshares ultra,daily,,unresolved,index_other,True,True
S000007037,Direxion Monthly Emerging Markets Bull 2X Fund,Direxion Monthly Emerging Markets Bull 2X Fund,DIREXION FUNDS,0001040587,DXELX,DXELX,2022,2024,2.0,number,monthly,,unresolved,index_other,False,True
S000014248,ProShares Ultra Russell2000,ProShares Ultra Russell2000,PROSHARES TRUST,0001174610,UWM,UWM,2022,2026,2.0,proshares ultra,daily,,unresolved,index_other,True,True
S000014250,ProShares Ultra Consumer Staples,ProShares Ultra Consumer Goods | ProShares Ultra Consumer Staples,PROSHARES TRUST,0001174610,UGE,UGE,2022,2026,2.0,proshares ultra,daily,,unresolved,index_other,True,True
S000014251,ProShares Ultra Consumer Discretionary,ProShares Ultra Consumer Services | ProShares Ultra Consumer Discretionary,PROSHARES TRUST,0001174610,UCC,UCC,2022,2026,2.0,proshares ultra,daily,,unresolved,index_other,True,True
S000014252,ProShares Ultra Financials,ProShares Ultra Financials,PROSHARES TRUST,0001174610,UYG,UYG,2022,2026,2.0,proshares ultra,daily,,unresolved,index_other,True,True
S000014253,ProShares Ultra Health Care,ProShares Ultra Health Care,PROSHARES TRUST,0001174610,RXL,RXL,2022,2026,2.0,proshares ultra,daily,,unresolved,index_other,True,True
S000014254,ProShares Ultra Industrials,ProShares Ultra Industrials,PROSHARES TRUST,0001174610,UXI,UXI,2022,2026,2.0,proshares ultra,daily,,unresolved,index_other,True,True
S000014255,ProShares Ultra Energy,ProShares Ultra Oil & Gas | ProShares Ultra Energy,PROSHARES TRUST,0001174610,DIG,DIG,2022,2026,2.0,proshares ultra,daily,,unresolved,index_other,True,True
S000014257,ProShares Ultra Real Estate,ProShares Ultra Real Estate,PROSHARES TRUST,0001174610,URE,URE,2022,2026,2.0,proshares ultra,daily,,unresolved,index_other,True,True
S000014258,ProShares Ultra Semiconductors,ProShares Ultra Semiconductors,PROSHARES TRUST,0001174610,USD,USD,2022,2026,2.0,proshares ultra,daily,,unresolved,index_other,True,True
S000014259,ProShares Ultra SmallCap600,ProShares Ultra SmallCap600,PROSHARES TRUST,0001174610,SAA,SAA,2022,2026,2.0,proshares ultra,daily,,unresolved,index_other,True,True
S000014260,ProShares Ultra Technology,ProShares Ultra Technology,PROSHARES TRUST,0001174610,ROM,ROM,2022,2026,2.0,proshares ultra,daily,,unresolved,index_other,True,True
S000014262,ProShares Ultra Utilities,ProShares Ultra Utilities,PROSHARES TRUST,0001174610,UPW,UPW,2022,2026,2.0,proshares ultra,daily,,unresolved,index_other,True,True
S000014313,ProShares Ultra Materials,ProShares Ultra Basic Materials | ProShares Ultra Materials,PROSHARES TRUST,0001174610,UYM,UYM,2022,2026,2.0,proshares ultra,daily,,unresolved,index_other,True,True
S000018718,ProShares Ultra Nasdaq Biotechnology,ProShares Ultra Nasdaq Biotechnology,PROSHARES TRUST,0001174610,BIB,BIB,2022,2026,2.0,proshares ultra,daily,,unresolved,index_other,True,True
S000022299,ProShares Ultra FTSE China 50,ProShares Ultra FTSE China 50,PROSHARES TRUST,0001174610,XPP,XPP,2022,2026,2.0,proshares ultra,daily,,unresolved,index_other,True,True
S000022302,ProShares Ultra MSCI EAFE,ProShares Ultra MSCI EAFE,PROSHARES TRUST,0001174610,EFO,EFO,2022,2026,2.0,proshares ultra,daily,,unresolved,index_other,True,True
S000022303,ProShares Ultra MSCI Emerging Markets,ProShares Ultra MSCI Emerging Markets,PROSHARES TRUST,0001174610,EET,EET,2022,2026,2.0,proshares ultra,daily,,unresolved,index_other,True,True
S000022304,ProShares Ultra MSCI Japan,ProShares Ultra MSCI Japan,PROSHARES TRUST,0001174610,EZJ,EZJ,2022,2026,2.0,proshares ultra,daily,,unresolved,index_other,True,True
S000022757,Direxion Daily MSCI India Bull 2X ETF,Direxion Daily MSCI India Bull 2X Shares | Direxion Daily MSCI India Bull 2X ETF,Direxion Shares ETF Trust,0001424958,INDL,INDL,2022,2026,2.0,number,daily,,unresolved,index_other,True,True
S000022760,Direxion Daily Energy Bull 2X ETF,Direxion Daily Energy Bull 2X Shares | Direxion Daily Energy Bull 2X ETF,Direxion Shares ETF Trust,0001424958,ERX,ERX,2022,2026,2.0,number,daily,,unresolved,index_other,True,True
S000028919,ProShares Ultra MSCI Brazil Capped,ProShares Ultra MSCI Brazil Capped,PROSHARES TRUST,0001174610,UBR,UBR,2022,2026,2.0,proshares ultra,daily,,unresolved,index_other,True,True
S000028921,ProShares Ultra FTSE Europe,ProShares Ultra FTSE Europe,PROSHARES TRUST,0001174610,UPV,UPV,2022,2026,2.0,proshares ultra,daily,,unresolved,index_other,True,True
S000028922,ProShares Ultra MSCI Mexico Capped IMI,ProShares Ultra MSCI Mexico Capped IMI,PROSHARES TRUST,0001174610,UMX,UMX,2022,2022,2.0,proshares ultra,daily,,unresolved,index_other,False,True
S000029338,Direxion Daily Gold Miners Index Bull 2X ETF,Direxion Daily Gold Miners Index Bull 2X Shares | Direxion Daily Gold Miners Index Bull 2X ETF,Direxion Shares ETF Trust,0001424958,NUGT,NUGT,2022,2026,2.0,number,daily,,unresolved,index_other,True,True
S000029346,Direxion Daily MSCI Brazil Bull 2X ETF,Direxion Daily MSCI Brazil Bull 2X Shares | Direxion Daily MSCI Brazil Bull 2X ETF,Direxion Shares ETF Trust,0001424958,BRZU,BRZU,2022,2026,2.0,number,daily,,unresolved,index_other,True,True
S000031635,ProShares Ultra High Yield,ProShares Ultra High Yield,PROSHARES TRUST,0001174610,UJB,UJB,2022,2026,2.0,proshares ultra,daily,,unresolved,index_other,True,True
S000034516,Direxion Daily Junior Gold Miners Index Bull 2X ETF,DIREXION DAILY JUNIOR GOLD MINERS INDEX BULL 2X SHARES | Direxion Daily Junior Gold Miners Index Bull 2X ETF,Direxion Shares ETF Trust,0001424958,JNUG,JNUG,2022,2026,2.0,number,daily,,unresolved,index_other,True,True
S000037956,Direxion Daily Small Cap Bull 2X Shares,Direxion Daily Small Cap Bull 2X Shares,Direxion Shares ETF Trust,0001424958,SMLL,SMLL,2022,2022,2.0,number,daily,,unresolved,index_other,False,True
S000048100,ProShares Ultra Junior Miners,ProShares Ultra Junior Miners,PROSHARES TRUST,0001174610,GDJJ,GDJJ,2022,2022,2.0,proshares ultra,daily,,unresolved,index_other,False,True
S000048127,ProShares Ultra Gold Miners,ProShares Ultra Gold Miners,PROSHARES TRUST,0001174610,GDXX,GDXX,2022,2022,2.0,proshares ultra,daily,,unresolved,index_other,False,True
S000048742,Direxion Daily CSI 300 China A Share Bull 2X ETF,Direxion Daily CSI 300 China A Share Bull 2X Shares | Direxion Daily CSI 300 China A Share Bull 2X ETF,Direxion Shares ETF Trust,0001424958,CHAU,CHAU,2022,2026,2.0,number,daily,,unresolved,index_other,True,True
S000049732,ProShares Ultra Oil & Gas Exploration & Production,ProShares Ultra Oil & Gas Exploration & Production,PROSHARES TRUST,0001174610,UOP,UOP,2022,2022,2.0,proshares ultra,daily,,unresolved,index_other,False,True
S000055198,Direxion Daily CSI China Internet Index Bull 2X ETF,Direxion Daily CSI China Internet Index Bull 2X Shares | Direxion Daily CSI China Internet Index Bull 2X ETF,Direxion Shares ETF Trust,0001424958,CWEB,CWEB,2022,2026,2.0,number,daily,,unresolved,index_other,True,True
S000061746,"Direxion Daily Robotics, Artificial Intelligence & Automation Index Bull 2X ETF","Direxion Daily Robotics, Artificial Intelligence & Automation Index Bull 2X Shares | Direxion Daily Robotics, Artificial Intelligence & Automation Index Bull 2X ETF",Direxion Shares ETF Trust,0001424958,UBOT,UBOT,2022,2026,2.0,number,daily,,unresolved,index_other,True,True
S000062449,ProShares Ultra Communication Services Select Sector,ProShares Ultra Communication Services Select Sector,PROSHARES TRUST,0001174610,,,2022,2022,2.0,proshares ultra,daily,,unresolved,index_other,False,False
S000070706,Direxion Daily Cloud Computing Bull 2X Shares,Direxion Daily Cloud Computing Bull 2X Shares,Direxion Shares ETF Trust,0001424958,CLDL,CLDL,2022,2026,2.0,number,daily,,unresolved,index_other,True,True
S000070718,ProShares Ultra Nasdaq Cybersecurity,ProShares Ultra Nasdaq Cybersecurity,PROSHARES TRUST,0001174610,UCYB,UCYB,2022,2026,2.0,proshares ultra,daily,,unresolved,index_other,True,True
S000070720,ProShares Ultra Nasdaq Cloud Computing,ProShares Ultra Cloud Computing | ProShares Ultra Nasdaq Cloud Computing,PROSHARES TRUST,0001174610,SKYU,SKYU,2022,2026,2.0,proshares ultra,daily,,unresolved,index_other,True,True
S000072014,ETFMG Prime 2x Daily Junior Silver Miners ETF,ETFMG Prime 2x Daily Junior Silver Miners ETF,ETF Managers Trust,0001467831,SILX,SILX,2022,2023,2.0,number,daily,,unresolved,index_other,False,True
S000072016,ETFMG 2x Daily Travel Tech ETF,ETFMG 2x Daily Travel Tech ETF,ETF Managers Trust,0001467831,AWYX,AWYX,2022,2023,2.0,number,daily,,unresolved,index_other,False,True
S000072081,Direxion Daily Travel & Vacation Bull 2X Shares,Direxion Daily Travel & Vacation Bull 2X Shares,Direxion Shares ETF Trust,0001424958,OOTO,OOTO,2022,2026,2.0,number,daily,,unresolved,index_other,True,True
S000072481,Direxion Daily Global Clean Energy Bull 2X Shares,Direxion Daily Global Clean Energy Bull 2X Shares,Direxion Shares ETF Trust,0001424958,KLNE,KLNE,2022,2026,2.0,number,daily,,unresolved,index_other,True,True
S000073593,Direxion Daily Software Bull 2X Shares,Direxion Daily Software Bull 2X Shares,Direxion Shares ETF Trust,0001424958,SWAR,SWAR,2022,2026,2.0,number,daily,,unresolved,index_other,True,True
S000073595,Direxion Daily Metal Miners Bull 2X Shares,Direxion Daily Metal Miners Bull 2X Shares,Direxion Shares ETF Trust,0001424958,MNM,MNM,2022,2026,2.0,number,daily,,unresolved,index_other,True,True
S000074236,Direxion Daily Oil Services Bull 2X Shares,Direxion Daily Oil Services Bull 2X Shares,Direxion Shares ETF Trust,0001424958,ONG,ONG,2022,2026,2.0,number,daily,,unresolved,index_other,True,True
S000074240,Direxion Daily Sports Betting & iGaming Bull 2X Shares,Direxion Daily Sports Betting & iGaming Bull 2X Shares,Direxion Shares ETF Trust,0001424958,,,2022,2022,2.0,number,daily,,unresolved,index_other,False,False
S000075760,Direxion Daily China Technology Bull 2X Shares,Direxion Daily China Technology Bull 2X Shares,Direxion Shares ETF Trust,0001424958,,,2022,2026,2.0,number,daily,,unresolved,index_other,True,False
S000075769,Direxion Daily E-Gaming Bull 2X Shares,Direxion Daily E-Gaming Bull 2X Shares,Direxion Shares ETF Trust,0001424958,,,2022,2024,2.0,number,daily,,unresolved,index_other,False,False
S000075836,Tradr 2X Long Innovation ETF,AXS 2X Innovation ETF | Tradr 2X Long Innovation ETF,Investment Managers Series Trust II,0001587982,TARK,TARK,2022,2026,2.0,number,daily,,unresolved,index_other,True,True
S000078170,Direxion Daily Crypto Industry Bull 2X ETF,Direxion Daily Crypto Industry Bull 2X Shares | Direxion Daily Crypto Industry Bull 2X ETF,Direxion Shares ETF Trust,0001424958,LMBO,LMBO,2023,2026,2.0,number,daily,,unresolved,index_other,True,True
S000078791,Defiance Pure 2x Bull Semiconductor Daily ETF,Defiance Pure 2x Bull Semiconductor Daily ETF,ETF Series Solutions,0001540305,SEMZ,SEMZ,2023,2025,2.0,number,daily,,unresolved,index_other,False,True
S000078792,Defiance Pure 2x Bull Airline Daily ETF,Defiance Pure 2x Bull Airline Daily ETF,ETF Series Solutions,0001540305,JETX,JETX,2023,2025,2.0,number,daily,,unresolved,index_other,False,True
S000079351,Defiance Pure 2x Bull Banks Daily ETF,Defiance Pure 2x Bull Banks Daily ETF,ETF Series Solutions,0001540305,BNKX,BNKX,2023,2025,2.0,number,daily,,unresolved,index_other,False,True
S000079352,Defiance Pure 2x Bull Oil & Gas Daily ETF,Defiance Pure 2x Bull Oil & Gas Daily ETF,ETF Series Solutions,0001540305,OILX,OILX,2023,2025,2.0,number,daily,,unresolved,index_other,False,True
S000079353,Defiance Pure 2x Bull Retail Daily ETF,Defiance Pure 2x Bull Retail Daily ETF,ETF Series Solutions,0001540305,BUYX,BUYX,2023,2025,2.0,number,daily,,unresolved,index_other,False,True
S000082325,2x Ether ETF,2x Ether ETF,Volatility Shares Trust,0001884021,ETHU,ETHU,2024,2026,2.0,number,daily,,unresolved,index_other,True,True
S000083881,Direxion Daily MSCI Emerging Markets ex China Bull 2X Shares,Direxion Daily MSCI Emerging Markets ex China Bull 2X Shares,Direxion Shares ETF Trust,0001424958,XXCH,XXCH,2024,2026,2.0,number,daily,,unresolved,index_other,True,True
S000084165,Roundhill Daily 2X Long Magnificent Seven ETF,Roundhill Daily 2X Long Magnificent Seven ETF,Roundhill ETF Trust,0001976517,MAGX,MAGX,2024,2026,2.0,number,daily,,unresolved,index_other,True,True
S000084217,Direxion Daily Magnificent 7 Bull 2X ETF,Direxion Daily Concentrated Qs Bull 2X Shares | Direxion Daily Magnificent 7 Bull 2X Shares | Direxion Daily Magnificent 7 Bull 2X ETF,Direxion Shares ETF Trust,0001424958,QQQU,QQQU,2024,2026,2.0,number,daily,,unresolved,index_other,True,True
S000084348,T-REX 2X LONG BITCOIN DAILY TARGET ETF,T-REX 2X LONG BITCOIN DAILY TARGET ETF,World Funds Trust,0001396092,BTCL,BTCL,2024,2026,2.0,number,daily,,unresolved,index_other,True,True
S000084465,ProShares Ultra Ether ETF,ProShares Ultra Ether ETF,PROSHARES TRUST,0001174610,ETHT,ETHT,2024,2026,2.0,proshares ultra,daily,,unresolved,index_other,True,True
S000084466,ProShares Ultra Bitcoin ETF,ProShares Ultra Bitcoin ETF,PROSHARES TRUST,0001174610,BITU,BITU,2024,2026,2.0,proshares ultra,daily,,unresolved,index_other,True,True
S000084489,Direxion Daily Bitcoin Bull 2X ETF,Direxion Daily Bitcoin Bull 2X Shares | Direxion Daily Bitcoin Bull 2X ETF,Direxion Shares ETF Trust,0001424958,BTCU,BTCU,2024,2026,2.0,number,daily,,unresolved,index_other,True,True
S000084595,Themes Russell 2000 Ultra Enhanced Iron Condor Income ETF,Themes Russell 2000 Ultra Enhanced Iron Condor Income ETF,Themes ETF Trust,0001976322,,,2024,2026,2.0,proshares ultra,daily,,unresolved,index_other,True,False
S000084609,Themes Nasdaq 100 Ultra Enhanced Iron Condor Income ETF,Themes Nasdaq 100 Ultra Enhanced Iron Condor Income ETF,Themes ETF Trust,0001976322,,,2024,2026,2.0,proshares ultra,daily,,unresolved,index_other,True,False
S000085119,Defiance Daily Target 2X Long Copper Miners ETF,Defiance Daily Target 2X Long Copper ETF | Defiance Daily Target 2X Long Copper Miners ETF,Tidal Trust II,0001924868,COPZ,COPZ,2024,2026,2.0,number,daily,,unresolved,index_other,True,True
S000085121,Defiance Daily Target 2X Long China Dragons ETF,Defiance Daily Target 2X Long Lithium ETF | Defiance Daily Target 2X Long China Dragons ETF,Tidal Trust II,0001924868,DRAX,DRAX,2024,2026,2.0,number,daily,,unresolved,index_other,True,True
S000085122,Defiance Daily Target 2X Long Solar ETF,Defiance Daily Target 2X Long Solar ETF,Tidal Trust II,0001924868,TANX,TANX,2024,2026,2.0,number,daily,,unresolved,index_other,True,True
S000085123,Defiance Daily Target 2X Long Uranium ETF,Defiance Daily Target 2X Long Uranium ETF,Tidal Trust II,0001924868,URAX,URAX,2024,2026,2.0,number,daily,,unresolved,index_other,True,True
S000085277,Direxion Daily Uranium Industry Bull 2X ETF,Direxion Daily Uranium Industry Bull 2X Shares | Direxion Daily Uranium Industry Bull 2X ETF,Direxion Shares ETF Trust,0001424958,URAA,URAA,2024,2026,2.0,number,daily,,unresolved,index_other,True,True
S000086111,Tradr 2X Long Innovation 100 Monthly ETF,Tradr 2X Long QQQ Monthly ETF | Tradr 2X Long Innovation 100 Monthly ETF,Investment Managers Series Trust II,0001587982,MQQQ,MQQQ,2024,2026,2.0,number,monthly,,unresolved,index_other,True,True
S000086112,Tradr 2X Long Innovation 100 Quarterly ETF,Tradr 2X Long QQQ Quarterly ETF | Tradr 2X Long Innovation 100 Quarterly ETF,Investment Managers Series Trust II,0001587982,QQQP,QQQP,2024,2026,2.0,number,quarterly,,unresolved,index_other,True,True
S000086577,T-Rex 2X Long Ether Daily Target ETF,T-Rex 2X Long Ether Daily Target ETF,World Funds Trust,0001396092,ETU,ETU,2024,2026,2.0,number,daily,,unresolved,index_other,True,True
S000089074,2x Wheat ETF,2x Wheat ETF,Volatility Shares Trust,0001884021,,,2025,2026,2.0,number,daily,,unresolved,index_other,True,False
S000089076,2x Corn ETF,2x Corn ETF,Volatility Shares Trust,0001884021,,,2025,2026,2.0,number,daily,,unresolved,index_other,True,False
S000089250,Teucrium 2x Daily Corn ETF,Teucrium 2xDaily Corn ETF | Teucrium 2x Daily Corn ETF,Listed Funds Trust,0001683471,CXRN,CXRN,2025,2026,2.0,number,daily,,unresolved,index_other,True,True
S000089252,Teucrium 2x Daily Wheat ETF,Teucrium 2x Daily Wheat ETF,Listed Funds Trust,0001683471,WXET,WXET,2025,2026,2.0,number,daily,,unresolved,index_other,True,True
S000089254,Teucrium 2x Daily Sugar ETF,Teucrium 2x Daily Sugar ETF,Listed Funds Trust,0001683471,SXGR,SXGR,2025,2026,2.0,number,daily,,unresolved,index_other,True,True
S000089256,Teucrium 2x Daily Soybean ETF,Teucrium 2x Daily Soybean ETF,Listed Funds Trust,0001683471,SXBN,SXBN,2025,2026,2.0,number,daily,,unresolved,index_other,True,True
S000089593,USCF Daily Target 2X Copper Index ETF,USCF Daily Target 2X Copper Index ETF,Tidal Trust III,0001722388,CPXR,CPXR,2025,2026,2.0,number,daily,,unresolved,index_other,True,True
S000090077,Rareview 2X Bull Cryptocurrency & Precious Metals ETF,Rareview 2X Bull Cryptocurrency & Precious Metals ETF,Collaborative Investment Series Trust,0001719812,BEGS,BEGS,2025,2026,2.0,number,daily,,unresolved,index_other,True,True
S000090158,Innovator 2x Bitcoin Monthly ETF,Innovator 2x Bitcoin Monthly ETF,Innovator ETFs Trust,0001415726,,,2025,2025,2.0,number,monthly,,unresolved,index_other,False,False
S000090160,Innovator 2x Bitcoin Daily ETF,Innovator 2x Bitcoin Daily ETF,Innovator ETFs Trust,0001415726,,,2025,2025,2.0,number,daily,,unresolved,index_other,False,False
S000090187,ProShares Ultra QQQ Mega,ProShares Ultra Top QQQ | ProShares Ultra QQQ Mega,PROSHARES TRUST,0001174610,QQUP,QQUP,2025,2026,2.0,proshares ultra,daily,,unresolved,index_other,True,True
S000090960,Teucrium -2x Daily Corn ETF,Teucrium -2x Daily Corn ETF,Listed Funds Trust,0001683471,,,2025,2026,2.0,number,daily,,unresolved,index_other,True,False
S000090962,Teucrium -2x Daily Wheat ETF,Teucrium -2x Daily Wheat ETF,Listed Funds Trust,0001683471,,,2025,2026,2.0,number,daily,,unresolved,index_other,True,False
S000090964,Teucrium -2x Daily Sugar ETF,Teucrium -2x Daily Sugar ETF,Listed Funds Trust,0001683471,,,2025,2026,2.0,number,daily,,unresolved,index_other,True,False
S000090966,Teucrium -2x Daily Soybean ETF,Teucrium -2x Daily Soybean ETF,Listed Funds Trust,0001683471,,,2025,2026,2.0,number,daily,,unresolved,index_other,True,False
S000091118,2x Solana ETF,2x Solana ETF,Volatility Shares Trust,0001884021,,,2025,2026,2.0,number,daily,,unresolved,index_other,True,False
S000091569,ProShares Ultra Solana ETF,ProShares Ultra Solana ETF,PROSHARES TRUST,0001174610,SLON,SLON,2025,2026,2.0,proshares ultra,daily,,unresolved,index_other,True,True
S000091708,Innovator Nasdaq-100 Monthly 2x ETF,Innovator Nasdaq-100 Monthly 2x ETF,Innovator ETFs Trust,0001415726,,,2025,2026,2.0,number,monthly,,unresolved,index_other,True,False
S000091723,T-REX 2X Long BNB Daily Target ETF,Tuttle Capital 2X Long BNB Daily Target ETF | T-REX 2X Long BNB Daily Target ETF,ETF Opportunities Trust,0001771146,,,2025,2026,2.0,number,daily,,unresolved,index_other,True,False
S000091737,Defiance 2X Daily Long Pure Quantum ETF,Defiance 2X Daily Long Pure Quantum ETF,Tidal Trust II,0001924868,QPUX,QPUX,2025,2026,2.0,number,daily,,unresolved,index_other,True,True
S000092910,Direxion Daily Semiconductors Top 5 Bull 2X ETF,Direxion Daily Super Sector Semiconductors Bull 2X Shares | Direxion Daily Semiconductors Top 5 Bull 2X ETF,Direxion Shares ETF Trust,0001424958,TSXU,TSXU,2025,2026,2.0,number,daily,,unresolved,index_other,True,True
S000092912,Direxion Daily Biotech Top 5 Bull 2X ETF,Direxion Daily Super Sector Biotech Bull 2X Shares | Direxion Daily Biotech Top 5 Bull 2X ETF,Direxion Shares ETF Trust,0001424958,TBXU,TBXU,2025,2026,2.0,number,daily,,unresolved,index_other,True,True
S000092917,Direxion Daily Consumer Discretionary Top 5 Bull 2X ETF,Direxion Daily Super Sector Consumer Discretionary Bull 2X Shares | Direxion Daily Consumer Discretionary Top 5 Bull 2X ETF,Direxion Shares ETF Trust,0001424958,,,2025,2026,2.0,number,daily,,unresolved,index_other,True,False
S000092919,Direxion Daily Consumer Staples Top 5 Bull 2X ETF,Direxion Daily Super Sector Consumer Staples Bull 2X Shares | Direxion Daily Consumer Staples Top 5 Bull 2X ETF,Direxion Shares ETF Trust,0001424958,,,2025,2026,2.0,number,daily,,unresolved,index_other,True,False
S000092921,Direxion Daily Energy Top 5 Bull 2X ETF,Direxion Daily Super Sector Energy Bull 2X Shares | Direxion Daily Energy Top 5 Bull 2X ETF,Direxion Shares ETF Trust,0001424958,TEXU,TEXU,2025,2026,2.0,number,daily,,unresolved,index_other,True,True
S000092923,Direxion Daily Financial Top 5 Bull 2X ETF,Direxion Daily Super Sector Financial Bull 2X Shares | Direxion Daily Financial Top 5 Bull 2X ETF,Direxion Shares ETF Trust,0001424958,,,2025,2026,2.0,number,daily,,unresolved,index_other,True,False
S000092926,Direxion Daily Healthcare Top 5 Bull 2X ETF,Direxion Daily Super Sector Healthcare Bull 2X Shares | Direxion Daily Healthcare Top 5 Bull 2X ETF,Direxion Shares ETF Trust,0001424958,,,2025,2026,2.0,number,daily,,unresolved,index_other,True,False
S000092928,Direxion Daily Industrials Top 5 Bull 2X ETF,Direxion Daily Super Sector Industrials Bull 2X Share | Direxion Daily Industrials Top 5 Bull 2X ETF,Direxion Shares ETF Trust,0001424958,,,2025,2026,2.0,number,daily,,unresolved,index_other,True,False
S000092930,Direxion Daily Materials Top 5 Bull 2X ETF,Direxion Daily Super Sector Materials Bull 2X Shares | Direxion Daily Materials Top 5 Bull 2X ETF,Direxion Shares ETF Trust,0001424958,,,2025,2026,2.0,number,daily,,unresolved,index_other,True,False
S000092932,Direxion Daily Real Estate Top 5 Bull 2X ETF,Direxion Daily Super Sector Real Estate Bull 2X Shares | Direxion Daily Real Estate Top 5 Bull 2X ETF,Direxion Shares ETF Trust,0001424958,,,2025,2026,2.0,number,daily,,unresolved,index_other,True,False
S000092934,Direxion Daily Technology Top 5 Bull 2X ETF,Direxion Daily Super Sector Technology Bull 2X Shares | Direxion Daily Technology Top 5 Bull 2X ETF,Direxion Shares ETF Trust,0001424958,TTXU,TTXU,2025,2026,2.0,number,daily,,unresolved,index_other,True,True
S000092937,Direxion Daily Utilities Top 5 Bull 2X ETF,Direxion Daily Super Sector Utilities Bull 2X Shares | Direxion Daily Utilities Top 5 Bull 2X ETF,Direxion Shares ETF Trust,0001424958,,,2025,2026,2.0,number,daily,,unresolved,index_other,True,False
S000093024,Leverage Shares 2X Long Bitcoin Daily ETF,Leverage Shares 2X Long Bitcoin Daily ETF,Themes ETF Trust,0001976322,,,2025,2026,2.0,number,daily,,unresolved,index_other,True,False
S000093025,Leverage Shares 2X Long Ether Daily ETF,Leverage Shares 2X Long Ether Daily ETF,Themes ETF Trust,0001976322,,,2025,2026,2.0,number,daily,,unresolved,index_other,True,False
S000093026,Leverage Shares 2X Long Solana Daily ETF,Leverage Shares 2X Long Solana Daily ETF,Themes ETF Trust,0001976322,,,2025,2026,2.0,number,daily,,unresolved,index_other,True,False
S000093429,2x Daily Software Platform ETF,2X Software ETF | 2x Daily Software Platform ETF,Tidal Trust III,0001722388,SOFL,SOFL,2025,2026,2.0,number,daily,,unresolved,index_other,True,True
S000093927,Roundhill 2X Long VIX Futures Points ETF,Roundhill 2X Long VIX Futures Points ETF,Roundhill ETF Trust,0001976517,,,2025,2026,2.0,number,daily,,unresolved,index_other,True,False
S000094274,Direxion Daily Gold Miners Top 5 Bull 2X ETF,Direxion Daily Top 5 Gold Miners Bull 2X ETF | Direxion Daily Gold Miners Top 5 Bull 2X ETF,Direxion Shares ETF Trust,0001424958,,,2025,2026,2.0,number,daily,,unresolved,index_other,True,False
S000094569,ProShares Ultra QQQ Top 30,ProShares Ultra QQQ Top 30,PROSHARES TRUST,0001174610,QQXL,QQXL,2025,2026,2.0,proshares ultra,daily,,unresolved,index_other,True,True
S000095096,GraniteShares YieldBOOST Gold Miners 2x Income ETF,GraniteShares YieldBOOST Gold Miners 2x Income ETF,GraniteShares ETF Trust,0001689873,,,2026,2026,2.0,number,daily,,unresolved,index_other,True,False
S000095111,GraniteShares YieldBOOST Bitcoin 2x Income ETF,GraniteShares YieldBOOST Bitcoin 2x Income ETF,GraniteShares ETF Trust,0001689873,,,2026,2026,2.0,number,daily,,unresolved,index_other,True,False
S000096555,21Shares 2x Long Dogecoin ETF,21Shares 2x Long Dogecoin ETF,Listed Funds Trust,0001683471,TXXD,TXXD,2026,2026,2.0,number,daily,,unresolved,index_other,True,True
S000096556,21Shares 2x Long Sui ETF,21Shares 2x Long Sui ETF,Listed Funds Trust,0001683471,TXXS,TXXS,2026,2026,2.0,number,daily,,unresolved,index_other,True,True
S000097562,Quantify 2X Daily All Cap Crypto ETF,Quantify 2X Daily All Cap Crypto ETF,Tidal Trust II,0001924868,,,2026,2026,2.0,number,daily,,unresolved,index_other,True,False
S000097563,Quantify 2X Daily Alt Season Crypto ETF,Quantify 2X Daily Alt Season Crypto ETF,Tidal Trust II,0001924868,,,2026,2026,2.0,number,daily,,unresolved,index_other,True,False
S000097564,Quantify 2X Daily AltAlt Season Crypto ETF,Quantify 2X Daily AltAlt Season Crypto ETF,Tidal Trust II,0001924868,,,2026,2026,2.0,number,daily,,unresolved,index_other,True,False
S000097930,Leverage Shares 2X Long DOW Daily ETF,Leverage Shares 2X Long DOW Daily ETF,Themes ETF Trust,0001976322,,,2026,2026,2.0,number,daily,,unresolved,index_other,True,False
S000100341,Teucrium xETFs 2x Long Daily BNB ETF,Teucrium xETFs 2x Long Daily BNB ETF,Listed Funds Trust,0001683471,XBNB,XBNB,2026,2026,2.0,number,daily,,unresolved,index_other,True,True
S000100983,Defiance 2X Daily Long Pure Drone and Aerial Automation ETF,Defiance 2X Daily Long Pure Drone and Aerial Automation ETF,Tidal Trust II,0001924868,DRNL,DRNL,2026,2026,2.0,number,daily,,unresolved,index_other,True,True
S000101024,Nuclear Energy & Infrastructure 2x Daily ETF,Nuclear Energy & Infrastructure 2x Daily ETF,Corgi ETF Trust II,0002096087,,,2026,2026,2.0,number,daily,,unresolved,index_other,True,False
S000102296,ProShares Ultra Cardano ETF,ProShares Ultra Cardano ETF,PROSHARES TRUST,0001174610,,,2026,2026,2.0,proshares ultra,daily,,unresolved,index_other,True,False
S000102298,ProShares Ultra Chainlink ETF,ProShares Ultra Chainlink ETF,PROSHARES TRUST,0001174610,,,2026,2026,2.0,proshares ultra,daily,,unresolved,index_other,True,False
S000102299,ProShares Ultra Stellar ETF,ProShares Ultra Stellar ETF,PROSHARES TRUST,0001174610,,,2026,2026,2.0,proshares ultra,daily,,unresolved,index_other,True,False
S000102300,2x Cardano ETF,2x Cardano ETF,Volatility Shares Trust,0001884021,,,2026,2026,2.0,number,daily,,unresolved,index_other,True,False
S000102301,2x Chainlink ETF,2x Chainlink ETF,Volatility Shares Trust,0001884021,,,2026,2026,2.0,number,daily,,unresolved,index_other,True,False
S000102302,2x Stellar ETF,2x Stellar ETF,Volatility Shares Trust,0001884021,,,2026,2026,2.0,number,daily,,unresolved,index_other,True,False
S000102777,Corgi U.S. Mega-Cap Growth 2x Daily ETF,Corgi U.S. Mega-Cap Growth 2x Daily ETF,Corgi ETF Trust I,0002078265,,,2026,2026,2.0,number,daily,,unresolved,index_other,True,False
S000102778,Corgi U.S. Mid-Cap 2x Daily ETF,Corgi U.S. Mid-Cap 2x Daily ETF,Corgi ETF Trust I,0002078265,,,2026,2026,2.0,number,daily,,unresolved,index_other,True,False
S000102779,Platinum 2x Daily ETF,Platinum 2x Daily ETF,Corgi ETF Trust I,0002078265,,,2026,2026,2.0,number,daily,,unresolved,index_other,True,False
S000102780,Silver 2x Daily ETF,Silver 2x Daily ETF,Corgi ETF Trust I,0002078265,,,2026,2026,2.0,number,daily,,unresolved,index_other,True,False
S000102781,Corgi U.S. Small-Cap 2x Daily ETF,Corgi U.S. Small-Cap 2x Daily ETF,Corgi ETF Trust I,0002078265,,,2026,2026,2.0,number,daily,,unresolved,index_other,True,False
S000102782,Corgi South Korea 2x Daily ETF,Corgi South Korea 2x Daily ETF,Corgi ETF Trust I,0002078265,,,2026,2026,2.0,number,daily,,unresolved,index_other,True,False
S000102785,Corgi U.S. Biotech 2x Daily ETF,Corgi U.S. Biotech 2x Daily ETF,Corgi ETF Trust I,0002078265,,,2026,2026,2.0,number,daily,,unresolved,index_other,True,False
S000102786,Corgi Brazil 2x Daily ETF,Corgi Brazil 2x Daily ETF,Corgi ETF Trust I,0002078265,,,2026,2026,2.0,number,daily,,unresolved,index_other,True,False
S000102787,Corgi U.S. Consumer Discretionary 2x Daily ETF,Corgi U.S. Consumer Discretionary 2x Daily ETF,Corgi ETF Trust I,0002078265,,,2026,2026,2.0,number,daily,,unresolved,index_other,True,False
S000102788,Corgi U.S. Consumer Staples 2x Daily ETF,Corgi U.S. Consumer Staples 2x Daily ETF,Corgi ETF Trust I,0002078265,,,2026,2026,2.0,number,daily,,unresolved,index_other,True,False
S000102789,Corgi U.S. Energy 2x Daily ETF,Corgi U.S. Energy 2x Daily ETF,Corgi ETF Trust I,0002078265,,,2026,2026,2.0,number,daily,,unresolved,index_other,True,False
S000102790,Corgi U.S. Financials 2x Daily ETF,Corgi U.S. Financials 2x Daily ETF,Corgi ETF Trust I,0002078265,,,2026,2026,2.0,number,daily,,unresolved,index_other,True,False
S000102792,Corgi U.S. Healthcare 2x Daily ETF,Corgi U.S. Healthcare 2x Daily ETF,Corgi ETF Trust I,0002078265,,,2026,2026,2.0,number,daily,,unresolved,index_other,True,False
S000102793,Corgi U.S. Industrials 2x Daily ETF,Corgi U.S. Industrials 2x Daily ETF,Corgi ETF Trust I,0002078265,,,2026,2026,2.0,number,daily,,unresolved,index_other,True,False
S000102795,Corgi U.S. Materials 2x Daily ETF,Corgi U.S. Materials 2x Daily ETF,Corgi ETF Trust I,0002078265,,,2026,2026,2.0,number,daily,,unresolved,index_other,True,False
S000102797,Corgi China 2x Daily ETF,Corgi China 2x Daily ETF,Corgi ETF Trust I,0002078265,,,2026,2026,2.0,number,daily,,unresolved,index_other,True,False
S000102798,Corgi U.S. Real Estate 2x Daily ETF,Corgi U.S. Real Estate 2x Daily ETF,Corgi ETF Trust I,0002078265,,,2026,2026,2.0,number,daily,,unresolved,index_other,True,False
S000102799,Corgi U.S. Regional Banks 2x Daily ETF,Corgi U.S. Regional Banks 2x Daily ETF,Corgi ETF Trust I,0002078265,,,2026,2026,2.0,number,daily,,unresolved,index_other,True,False
S000102800,Corgi U.S. Semiconductors 2x Daily ETF,Corgi U.S. Semiconductors 2x Daily ETF,Corgi ETF Trust I,0002078265,,,2026,2026,2.0,number,daily,,unresolved,index_other,True,False
S000102801,Corgi U.S. Technology 2x Daily ETF,Corgi U.S. Technology 2x Daily ETF,Corgi ETF Trust I,0002078265,,,2026,2026,2.0,number,daily,,unresolved,index_other,True,False
S000102802,Corgi U.S. Utilities 2x Daily ETF,Corgi U.S. Utilities 2x Daily ETF,Corgi ETF Trust I,0002078265,,,2026,2026,2.0,number,daily,,unresolved,index_other,True,False
S000102803,Copper 2x Daily ETF,Copper 2x Daily ETF,Corgi ETF Trust I,0002078265,,,2026,2026,2.0,number,daily,,unresolved,index_other,True,False
S000102805,Oil 2x Daily ETF,Oil 2x Daily ETF,Corgi ETF Trust I,0002078265,,,2026,2026,2.0,number,daily,,unresolved,index_other,True,False
S000102806,Natural Gas 2x Daily ETF,Natural Gas 2x Daily ETF,Corgi ETF Trust I,0002078265,,,2026,2026,2.0,number,daily,,unresolved,index_other,True,False
S000102807,Uranium 2x Daily ETF,Uranium 2x Daily ETF,Corgi ETF Trust I,0002078265,,,2026,2026,2.0,number,daily,,unresolved,index_other,True,False
S000102808,Corgi Chinese Internet 2x Daily ETF,Corgi Chinese Internet 2x Daily ETF,Corgi ETF Trust I,0002078265,,,2026,2026,2.0,number,daily,,unresolved,index_other,True,False
S000102809,Palladium 2x Daily ETF,Palladium 2x Daily ETF,Corgi ETF Trust I,0002078265,,,2026,2026,2.0,number,daily,,unresolved,index_other,True,False
S000102810,Corgi Aerospace & Commercial Aviation 2x Daily ETF,Corgi Aerospace & Commercial Aviation 2x Daily ETF,Corgi ETF Trust I,0002078265,,,2026,2026,2.0,number,daily,,unresolved,index_other,True,False
S000102811,Corgi AI Cybersecurity 2x Daily ETF,Corgi AI Cybersecurity 2x Daily ETF,Corgi ETF Trust I,0002078265,,,2026,2026,2.0,number,daily,,unresolved,index_other,True,False
S000102812,Corgi Battery Energy Storage Systems 2x Daily ETF,Corgi Battery Energy Storage Systems 2x Daily ETF,Corgi ETF Trust I,0002078265,,,2026,2026,2.0,number,daily,,unresolved,index_other,True,False
S000102815,Corgi Coffee & Energy Drinks 2x Daily ETF,Corgi Coffee & Energy Drinks 2x Daily ETF,Corgi ETF Trust I,0002078265,,,2026,2026,2.0,number,daily,,unresolved,index_other,True,False
S000102816,Corgi Crypto Infrastructure 2x Daily ETF,Corgi Crypto Infrastructure 2x Daily ETF,Corgi ETF Trust I,0002078265,,,2026,2026,2.0,number,daily,,unresolved,index_other,True,False
S000102819,Corgi Emerging Markets 2x Daily ETF,Corgi Emerging Markets 2x Daily ETF,Corgi ETF Trust I,0002078265,,,2026,2026,2.0,number,daily,,unresolved,index_other,True,False
S000102822,Corgi Longevity Consumer 2x Daily ETF,Corgi Longevity Consumer 2x Daily ETF,Corgi ETF Trust I,0002078265,,,2026,2026,2.0,number,daily,,unresolved,index_other,True,False
S000102823,Corgi Natural Gas Power & Turbines 2x Daily ETF,Corgi Natural Gas Power & Turbines 2x Daily ETF,Corgi ETF Trust I,0002078265,,,2026,2026,2.0,number,daily,,unresolved,index_other,True,False
S000102826,Corgi Quantum Computing 2x Daily ETF,Corgi Quantum Computing 2x Daily ETF,Corgi ETF Trust I,0002078265,,,2026,2026,2.0,number,daily,,unresolved,index_other,True,False
S000102830,Corgi Europe Equities 2x Daily ETF,Corgi Europe Equities 2x Daily ETF,Corgi ETF Trust I,0002078265,,,2026,2026,2.0,number,daily,,unresolved,index_other,True,False
S000102831,Corgi Travel & Leisure 2x Daily ETF,Corgi Travel & Leisure 2x Daily ETF,Corgi ETF Trust I,0002078265,,,2026,2026,2.0,number,daily,,unresolved,index_other,True,False
S000102835,Corgi Space & Satellite Communications 2x Daily ETF,Corgi Space & Satellite Communications 2x Daily ETF,Corgi ETF Trust I,0002078265,,,2026,2026,2.0,number,daily,,unresolved,index_other,True,False
S000102838,Corgi Drones & Urban Air Mobility 2x Daily ETF,Corgi Drones & Urban Air Mobility 2x Daily ETF,Corgi ETF Trust I,0002078265,,,2026,2026,2.0,number,daily,,unresolved,index_other,True,False
S000102839,Corgi Lithography & Semiconductor Photonics 2x Daily ETF,Corgi Lithography & Semiconductor Photonics 2x Daily ETF,Corgi ETF Trust I,0002078265,,,2026,2026,2.0,number,daily,,unresolved,index_other,True,False
S000102840,Corgi Digital Banking & Fintech Infrastructure 2x Daily ETF,Corgi Digital Banking & Fintech Infrastructure 2x Daily ETF,Corgi ETF Trust I,0002078265,,,2026,2026,2.0,number,daily,,unresolved,index_other,True,False
S000102843,Gold 2x Daily ETF,Gold 2x Daily ETF,Corgi ETF Trust I,0002078265,,,2026,2026,2.0,number,daily,,unresolved,index_other,True,False
S000102844,Corgi India 2x Daily ETF,Corgi India 2x Daily ETF,Corgi ETF Trust I,0002078265,,,2026,2026,2.0,number,daily,,unresolved,index_other,True,False
S000102920,ProShares Ultra Silver K-1 Free ETF,ProShares Ultra Silver K-1 Free ETF,PROSHARES TRUST,0001174610,USIL,USIL,2026,2026,2.0,proshares ultra,daily,,unresolved,index_other,True,True
S000102921,ProShares Ultra Platinum K-1 Free ETF,ProShares Ultra Platinum K-1 Free ETF,PROSHARES TRUST,0001174610,UPLT,UPLT,2026,2026,2.0,proshares ultra,daily,,unresolved,index_other,True,True
S000102922,ProShares Ultra Palladium K-1 Free ETF,ProShares Ultra Palladium K-1 Free ETF,PROSHARES TRUST,0001174610,UPAL,UPAL,2026,2026,2.0,proshares ultra,daily,,unresolved,index_other,True,True
S000102923,ProShares Ultra Oil K-1 Free ETF,ProShares Ultra Oil K-1 Free ETF,PROSHARES TRUST,0001174610,UOIL,UOIL,2026,2026,2.0,proshares ultra,daily,,unresolved,index_other,True,True
S000102924,ProShares Ultra Natural Gas K-1 Free ETF,ProShares Ultra Natural Gas K-1 Free ETF,PROSHARES TRUST,0001174610,UUNG,UUNG,2026,2026,2.0,proshares ultra,daily,,unresolved,index_other,True,True
S000102925,ProShares Ultra Gold K-1 Free ETF,ProShares Ultra Gold K-1 Free ETF,PROSHARES TRUST,0001174610,UGOL,UGOL,2026,2026,2.0,proshares ultra,daily,,unresolved,index_other,True,True
S000102926,ProShares Ultra Copper K-1 Free ETF,ProShares Ultra Copper K-1 Free ETF,PROSHARES TRUST,0001174610,UCOP,UCOP,2026,2026,2.0,proshares ultra,daily,,unresolved,index_other,True,True
S000103396,Leverage Shares 2X Long SpaceX Daily ETF,Leverage Shares 2X Long SpaceX Daily ETF,Themes ETF Trust,0001976322,,,2026,2026,2.0,number,daily,,unresolved,index_other,True,False
S000103522,ProShares Ultra SpaceX,ProShares Ultra SpaceX,PROSHARES TRUST,0001174610,,,2026,2026,2.0,proshares ultra,daily,,unresolved,index_other,True,False
S000103687,Direxion Daily Ether Bull 2X ETF,Direxion Daily Ether Bull 2X ETF,Direxion Shares ETF Trust,0001424958,EVMU,EVMU,2026,2026,2.0,number,daily,,unresolved,index_other,True,True
S000103689,Direxion Daily Gold Bull 2X ETF,Direxion Daily Gold Bull 2X ETF,Direxion Shares ETF Trust,0001424958,UGLD,UGLD,2026,2026,2.0,number,daily,,unresolved,index_other,True,True
S000103691,Direxion Daily Silver Bull 2X ETF,Direxion Daily Silver Bull 2X ETF,Direxion Shares ETF Trust,0001424958,USLV,USLV,2026,2026,2.0,number,daily,,unresolved,index_other,True,True
S000103724,GraniteShares 2x Long SpaceX Daily ETF,GraniteShares 2x Long SpaceX Daily ETF,GraniteShares ETF Trust,0001689873,,,2026,2026,2.0,number,daily,,unresolved,index_other,True,False
S000104028,2x Sui ETF,2x Sui ETF,Volatility Shares Trust,0001884021,,,2026,2026,2.0,number,daily,,unresolved,index_other,True,False
S000104045,Hanmi Semiconductor 2x Daily ETF,Hanmi Semiconductor 2x Daily ETF,Corgi ETF Trust I,0002078265,,,2026,2026,2.0,number,daily,,unresolved,index_other,True,False
S000104055,Corgi MediaTek 2x Daily ETF,Corgi MediaTek 2x Daily ETF,Corgi ETF Trust I,0002078265,,,2026,2026,2.0,number,daily,,unresolved,index_other,True,False
S000104140,Tradr 2X Long SpaceX Daily ETF,Tradr 2X Long SpaceX Daily ETF,Investment Managers Series Trust II,0001587982,,,2026,2026,2.0,number,daily,,unresolved,index_other,True,False
S000104720,Defiance Daily Target 2X Long [SpaceX] ETF,Defiance Daily Target 2X Long [SpaceX] ETF,Tidal Trust II,0001924868,,,2026,2026,2.0,number,daily,,unresolved,index_other,True,False
S000104910,Direxion Daily SpaceX Bull 2X ETF,Direxion Daily SpaceX Bull 2X ETF,Direxion Shares ETF Trust,0001424958,,,2026,2026,2.0,number,daily,,unresolved,index_other,True,False
S000105248,ProShares Ultra QQQ Equal Weight,ProShares Ultra QQQ Equal Weight,PROSHARES TRUST,0001174610,,,2026,2026,2.0,proshares ultra,daily,,unresolved,index_other,True,False
S000105436,2x Bitcoin Volatility ETF,2x Bitcoin Volatility ETF,Volatility Shares Trust,0001884021,,,2026,2026,2.0,number,daily,,unresolved,index_other,True,False
S000105501,T-REX 2X Long SpaceX Daily Target ETF,T-REX 2X Long SpaceX Daily Target ETF,ETF Opportunities Trust,0001771146,,,2026,2026,2.0,number,daily,,unresolved,index_other,True,False
S000105643,Leverage Shares 2X Long Bitcoin Volatility Daily ETF,Leverage Shares 2X Long Bitcoin Volatility Daily ETF,Themes ETF Trust,0001976322,,,2026,2026,2.0,number,daily,,unresolved,index_other,True,False
S000105838,Defiance Daily Target 2X Long [X-Energy] ETF,Defiance Daily Target 2X Long [X-Energy] ETF,Tidal Trust II,0001924868,,,2026,2026,2.0,number,daily,,unresolved,index_other,True,False
S000106207,GraniteShares 2x Long [Relativity Space] Daily ETF,GraniteShares 2x Long [Relativity Space] Daily ETF,GraniteShares ETF Trust,0001689873,,,2026,2026,2.0,number,daily,,unresolved,index_other,True,False
S000106211,GraniteShares 2x Long [Axiom Space] Daily ETF,GraniteShares 2x Long [Axiom Space] Daily ETF,GraniteShares ETF Trust,0001689873,,,2026,2026,2.0,number,daily,,unresolved,index_other,True,False
S000106223,Defiance Daily 2X Long Brazil ETF,Defiance Daily 2X Long Brazil ETF,Tidal Trust II,0001924868,,,2026,2026,2.0,number,daily,,unresolved,index_other,True,False
S000106225,Defiance Daily 2X Long South Korea ETF,Defiance Daily 2X Long South Korea ETF,Tidal Trust II,0001924868,,,2026,2026,2.0,number,daily,,unresolved,index_other,True,False
S000106239,GraniteShares 2x Long [Sierra Space] Daily ETF,GraniteShares 2x Long [Sierra Space] Daily ETF,GraniteShares ETF Trust,0001689873,,,2026,2026,2.0,number,daily,,unresolved,index_other,True,False
S000106280,Leverage Shares 2X Long Sierra Space Daily ETF,Leverage Shares 2X Long Sierra Space Daily ETF,Themes ETF Trust,0001976322,,,2026,2026,2.0,number,daily,,unresolved,index_other,True,False
S000106305,Leverage Shares 2X Long Axiom Space Daily ETF,Leverage Shares 2X Long Axiom Space Daily ETF,Themes ETF Trust,0001976322,,,2026,2026,2.0,number,daily,,unresolved,index_other,True,False
S000106316,Leverage Shares 2X Long Relativity Space Daily ETF,Leverage Shares 2X Long Relativity Space Daily ETF,Themes ETF Trust,0001976322,,,2026,2026,2.0,number,daily,,unresolved,index_other,True,False
S000106503,Defiance Daily Target 2X Long Kraken Robotics ETF,Defiance Daily Target 2X Long Kraken Robotics ETF,Tidal Trust II,0001924868,,,2026,2026,2.0,number,daily,,unresolved,index_other,True,False
S000106593,T-REX 2X LONG HANWHA AEROSPACE DAILY TARGET ETF,T-REX 2X LONG HANWHA AEROSPACE DAILY TARGET ETF,ETF Opportunities Trust,0001771146,,,2026,2026,2.0,number,daily,,unresolved,index_other,True,False
S000106721,Roundhill Daily 2X Long Software ETF,Roundhill Daily 2X Long Software ETF,Roundhill ETF Trust,0001976517,,,2026,2026,2.0,number,daily,,unresolved,index_other,True,False
S000106776,ProShares Ultra AI Computing Power,ProShares Ultra AI Computing Power,PROSHARES TRUST,0001174610,,,2026,2026,2.0,proshares ultra,daily,,unresolved,index_other,True,False
S000106959,GraniteShares 2x Long Crusoe Energy Systems Daily ETF,GraniteShares 2x Long Crusoe Energy Systems Daily ETF,GraniteShares ETF Trust,0001689873,,,2026,2026,2.0,number,daily,,unresolved,index_other,True,False
S000107500,GraniteShares 2x Long Oura Health Daily ETF,GraniteShares 2x Long Oura Health Daily ETF,GraniteShares ETF Trust,0001689873,,,2026,2026,2.0,number,daily,,unresolved,index_other,True,False
S000107511,Leverage Shares 2X Long Hanmi Semiconductor Daily ETF,Leverage Shares 2X Long Hanmi Semiconductor Daily ETF,Themes ETF Trust,0001976322,,,2026,2026,2.0,number,daily,,unresolved,index_other,True,False
S000107512,Leverage Shares 2X Long Leeno Industrial Daily ETF,Leverage Shares 2X Long Leeno Industrial Daily ETF,Themes ETF Trust,0001976322,,,2026,2026,2.0,number,daily,,unresolved,index_other,True,False
S000107517,Leverage Shares 2X Long Sivers Semiconductors Daily ETF,Leverage Shares 2X Long Sivers Semiconductors Daily ETF,Themes ETF Trust,0001976322,,,2026,2026,2.0,number,daily,,unresolved,index_other,True,False
S000107545,xETFS 2x Long Daily Korea AI Semiconductor ETF,xETFS 2x Long Daily Korea AI Semiconductor ETF,Listed Funds Trust,0001683471,,,2026,2026,2.0,number,daily,,unresolved,index_other,True,False
S000107549,Leverage Shares 2X Long Lithography & Semiconductor Photonics Daily ETF,Leverage Shares 2X Long Lithography & Semiconductor Photonics Daily ETF,Themes ETF Trust,0001976322,,,2026,2026,2.0,number,daily,,unresolved,index_other,True,False
S000107680,-2x AI Computing Power ETF,-2x AI Computing Power ETF,Volatility Shares Trust,0001884021,,,2026,2026,2.0,number,daily,,unresolved,index_other,True,False
S000107681,2x AI Computing Power ETF,2x AI Computing Power ETF,Volatility Shares Trust,0001884021,,,2026,2026,2.0,number,daily,,unresolved,index_other,True,False
S000022761,Direxion Daily Financial Bull 3X ETF,Direxion Daily Financial Bull 3X Shares | Direxion Daily Financial Bull 3X ETF,Direxion Shares ETF Trust,0001424958,FAS,FAS,2022,2026,3.0,number,daily,,unresolved,index_other,True,True
S000022762,Direxion Daily Real Estate Bull 3X ETF,Direxion Daily Real Estate Bull 3X Shares | Direxion Daily Real Estate Bull 3X ETF,Direxion Shares ETF Trust,0001424958,DRN,DRN,2022,2026,3.0,number,daily,,unresolved,index_other,True,True
S000022763,Direxion Daily Homebuilders & Supplies Bull 3X ETF,Direxion Daily Homebuilders & Supplies Bull 3X Shares | Direxion Daily Homebuilders & Supplies Bull 3X ETF,Direxion Shares ETF Trust,0001424958,NAIL,NAIL,2022,2026,3.0,number,daily,,unresolved,index_other,True,True
S000022786,Direxion Daily Small Cap Bull 3X ETF,Direxion Daily Small Cap Bull 3X Shares | Direxion Daily Small Cap Bull 3X ETF,Direxion Shares ETF Trust,0001424958,TNA,TNA,2022,2026,3.0,number,daily,,unresolved,index_other,True,True
S000022788,Direxion Daily MSCI Developed Markets Bull 3X Shares,Direxion Daily MSCI Developed Markets Bull 3X Shares,Direxion Shares ETF Trust,0001424958,DZK,DZK,2022,2022,3.0,number,daily,,unresolved,index_other,False,True
S000022789,Direxion Daily MSCI Emerging Markets Bull 3X ETF,Direxion Daily MSCI Emerging Markets Bull 3X Shares | Direxion Daily MSCI Emerging Markets Bull 3X ETF,Direxion Shares ETF Trust,0001424958,EDC,EDC,2022,2026,3.0,number,daily,,unresolved,index_other,True,True
S000022791,Direxion Daily FTSE China Bull 3X ETF,Direxion Daily FTSE China Bull 3X Shares | Direxion Daily FTSE China Bull 3X ETF,Direxion Shares ETF Trust,0001424958,YINN,YINN,2022,2026,3.0,number,daily,,unresolved,index_other,True,True
S000023809,Direxion Daily Technology Bull 3X ETF,Direxion Daily Technology Bull 3X Shares | Direxion Daily Technology Bull 3X ETF,Direxion Shares ETF Trust,0001424958,TECL,TECL,2022,2026,3.0,number,daily,,unresolved,index_other,True,True
S000024908,ProShares UltraPro QQQ,ProShares UltraPro QQQ,PROSHARES TRUST,0001174610,TQQQ,TQQQ,2022,2026,3.0,proshares ultrapro,daily,,unresolved,index_other,True,True
S000024918,ProShares UltraPro Dow30,ProShares UltraPro Dow30,PROSHARES TRUST,0001174610,UDOW,UDOW,2022,2026,3.0,proshares ultrapro,daily,,unresolved,index_other,True,True
S000024920,ProShares UltraPro MidCap400,ProShares UltraPro MidCap400,PROSHARES TRUST,0001174610,UMDD,UMDD,2022,2026,3.0,proshares ultrapro,daily,,unresolved,index_other,True,True
S000024921,ProShares UltraPro Russell2000,ProShares UltraPro Russell2000,PROSHARES TRUST,0001174610,URTY,URTY,2022,2026,3.0,proshares ultrapro,daily,,unresolved,index_other,True,True
S000027476,Direxion Daily Utilities Bull 3X ETF,Direxion Daily Utilities Bull 3X Shares | Direxion Daily Utilities Bull 3X ETF,Direxion Shares ETF Trust,0001424958,UTSL,UTSL,2022,2026,3.0,number,daily,,unresolved,index_other,True,True
S000027484,Direxion Daily Consumer Discretionary Bull 3X ETF,Direxion Daily Consumer Discretionary Bull 3X Shares | Direxion Daily Consumer Discretionary Bull 3X ETF,Direxion Shares ETF Trust,0001424958,WANT,WANT,2022,2026,3.0,number,daily,,unresolved,index_other,True,True
S000027485,Direxion Daily Consumer Staples Bull 3X Shares,Direxion Daily Consumer Staples Bull 3X Shares,Direxion Shares ETF Trust,0001424958,NEED,NEED,2022,2022,3.0,number,daily,,unresolved,index_other,False,True
S000027486,Direxion Daily Healthcare Bull 3X ETF,Direxion Daily Healthcare Bull 3X Shares | Direxion Daily Healthcare Bull 3X ETF,Direxion Shares ETF Trust,0001424958,CURE,CURE,2022,2026,3.0,number,daily,,unresolved,index_other,True,True
S000027487,Direxion Daily Retail Bull 3X ETF,Direxion Daily Retail Bull 3X Shares | Direxion Daily Retail Bull 3X ETF,Direxion Shares ETF Trust,0001424958,RETL,RETL,2022,2026,3.0,number,daily,,unresolved,index_other,True,True
S000027920,Direxion Daily Semiconductor Bull 3X ETF,Direxion Daily Semiconductor Bull 3X Shares | Direxion Daily Semiconductor Bull 3X ETF,Direxion Shares ETF Trust,0001424958,SOXL,SOXL,2022,2026,3.0,number,daily,,unresolved,index_other,True,True
S000029341,Direxion Daily Regional Banks Bull 3X ETF,Direxion Daily Regional Banks Bull 3X Shares | Direxion Daily Regional Banks Bull 3X ETF,Direxion Shares ETF Trust,0001424958,DPST,DPST,2022,2026,3.0,number,daily,,unresolved,index_other,True,True
S000029358,Direxion Daily MSCI South Korea Bull 3X ETF,Direxion Daily MSCI South Korea Bull 3X Shares | Direxion Daily MSCI South Korea Bull 3X ETF,Direxion Shares ETF Trust,0001424958,KORU,KORU,2022,2026,3.0,number,daily,,unresolved,index_other,True,True
S000037029,ProShares UltraPro Financial Select Sector,ProShares UltraPro Financial Select Sector,PROSHARES TRUST,0001174610,FINU,FINU,2022,2022,3.0,proshares ultrapro,daily,,unresolved,index_other,False,True
S000038647,Direxion Daily Dow 30 Bull 3X Shares,Direxion Daily Dow 30 Bull 3X Shares,Direxion Shares ETF Trust,0001424958,,,2022,2022,3.0,number,daily,,unresolved,index_other,False,False
S000038649,Direxion Daily FTSE Europe Bull 3X ETF,Direxion Daily FTSE Europe Bull 3X Shares | Direxion Daily FTSE Europe Bull 3X ETF,Direxion Shares ETF Trust,0001424958,EURL,EURL,2022,2026,3.0,number,daily,,unresolved,index_other,True,True
S000041172,Direxion Daily MSCI Japan Bull 3X Shares,Direxion Daily MSCI Japan Bull 3X Shares,Direxion Shares ETF Trust,0001424958,JPNL,JPNL,2022,2022,3.0,number,daily,,unresolved,index_other,False,True
S000049733,ProShares UltraPro Nasdaq Biotechnology,ProShares UltraPro Nasdaq Biotechnology,PROSHARES TRUST,0001174610,UBIO,UBIO,2022,2022,3.0,proshares ultrapro,daily,,unresolved,index_other,False,True
S000050532,Direxion Daily Pharmaceutical & Medical Bull 3X ETF,Direxion Daily Pharmaceutical & Medical Bull 3X Shares | Direxion Daily Pharmaceutical & Medical Bull 3X ETF,Direxion Shares ETF Trust,0001424958,PILL,PILL,2022,2026,3.0,number,daily,,unresolved,index_other,True,True
S000057169,Direxion Daily Transportation Bull 3X ETF,Direxion Daily Transportation Bull 3X Shares | Direxion Daily Transportation Bull 3X ETF,Direxion Shares ETF Trust,0001424958,TPOR,TPOR,2022,2026,3.0,number,daily,,unresolved,index_other,True,True
S000057171,Direxion Daily MSCI Canada Bull 3X Shares,Direxion Daily MSCI Canada Bull 3X Shares,Direxion Shares ETF Trust,0001424958,,,2022,2022,3.0,number,daily,,unresolved,index_other,False,False
S000057173,Direxion Daily MSCI Italy Bull 3X Shares,Direxion Daily MSCI Italy Bull 3X Shares,Direxion Shares ETF Trust,0001424958,,,2022,2022,3.0,number,daily,,unresolved,index_other,False,False
S000057175,Direxion Daily MSCI Mexico Bull 3X ETF,Direxion Daily MSCI Mexico Bull 3X Shares | Direxion Daily MSCI Mexico Bull 3X ETF,Direxion Shares ETF Trust,0001424958,MEXX,MEXX,2022,2026,3.0,number,daily,,unresolved,index_other,True,True
S000057185,Direxion Daily Aerospace & Defense Bull 3X ETF,Direxion Daily Aerospace & Defense Bull 3X Shares | Direxion Daily Aerospace & Defense Bull 3X ETF,Direxion Shares ETF Trust,0001424958,DFEN,DFEN,2022,2026,3.0,number,daily,,unresolved,index_other,True,True
S000057187,Direxion Daily Industrials Bull 3X ETF,Direxion Daily Industrials Bull 3X Shares | Direxion Daily Industrials Bull 3X ETF,Direxion Shares ETF Trust,0001424958,DUSL,DUSL,2022,2026,3.0,number,daily,,unresolved,index_other,True,True
S000062450,ProShares UltraPro Communication Services Select Sector,ProShares UltraPro Communication Services Select Sector,PROSHARES TRUST,0001174610,,,2022,2022,3.0,proshares ultrapro,daily,,unresolved,index_other,False,False
S000063411,Direxion Daily Communication Services Index Bull 3X Shares,Direxion Daily Communication Services Index Bull 3X Shares,Direxion Shares ETF Trust,0001424958,TAWK,TAWK,2022,2022,3.0,number,daily,,unresolved,index_other,False,True
S000066278,Direxion Daily MSCI Turkey Bull 3X Shares,Direxion Daily MSCI Turkey Bull 3X Shares,Direxion Shares ETF Trust,0001424958,,,2022,2022,3.0,number,daily,,unresolved,index_other,False,False
S000066281,Direxion Daily Dow Jones Internet Bull 3X ETF,Direxion Daily Dow Jones Internet Bull 3X Shares | Direxion Daily Dow Jones Internet Bull 3X ETF,Direxion Shares ETF Trust,0001424958,WEBL,WEBL,2022,2026,3.0,number,daily,,unresolved,index_other,True,True
S000095095,GraniteShares YieldBOOST Financials 3x Income ETF,GraniteShares YieldBOOST Financials 3x Income ETF,GraniteShares ETF Trust,0001689873,,,2026,2026,3.0,number,daily,,unresolved,index_other,True,False
S000095100,GraniteShares YieldBOOST QQQ 3x Income ETF,GraniteShares YieldBOOST QQQ 3x Income ETF,GraniteShares ETF Trust,0001689873,,,2026,2026,3.0,number,daily,,unresolved,index_other,True,False
S000095102,GraniteShares YieldBOOST Semiconductor 3x Income ETF,GraniteShares YieldBOOST Semiconductor 3x Income ETF,GraniteShares ETF Trust,0001689873,,,2026,2026,3.0,number,daily,,unresolved,index_other,True,False
S000095103,GraniteShares YieldBOOST Small Cap 3x Income ETF,GraniteShares YieldBOOST Small Cap 3x Income ETF,GraniteShares ETF Trust,0001689873,,,2026,2026,3.0,number,daily,,unresolved,index_other,True,False
S000095106,GraniteShares YieldBOOST Technology 3x Income ETF,GraniteShares YieldBOOST Technology 3x Income ETF,GraniteShares ETF Trust,0001689873,,,2026,2026,3.0,number,daily,,unresolved,index_other,True,False
S000095110,GraniteShares YieldBOOST Biotech 3x Income ETF,GraniteShares YieldBOOST Biotech 3x Income ETF,GraniteShares ETF Trust,0001689873,,,2026,2026,3.0,number,daily,,unresolved,index_other,True,False
S000095113,GraniteShares YieldBOOST China 3x Income ETF,GraniteShares YieldBOOST China 3x Income ETF,GraniteShares ETF Trust,0001689873,,,2026,2026,3.0,number,daily,,unresolved,index_other,True,False
S000098722,ProShares Daily Target 3x Bitcoin,ProShares Daily Target 3x Bitcoin,PROSHARES TRUST,0001174610,,,2026,2026,3.0,number,daily,,unresolved,index_other,True,False
S000098723,ProShares Daily Target 3x Ether,ProShares Daily Target 3x Ether,PROSHARES TRUST,0001174610,,,2026,2026,3.0,number,daily,,unresolved,index_other,True,False
S000098724,ProShares Daily Target 3x Solana,ProShares Daily Target 3x Solana,PROSHARES TRUST,0001174610,,,2026,2026,3.0,number,daily,,unresolved,index_other,True,False
S000098809,T-REX 3X Long Bitcoin Daily Target ETF,T-REX 3X Long Bitcoin Daily Target ETF,ETF Opportunities Trust,0001771146,,,2026,2026,3.0,number,daily,,unresolved,index_other,True,False
S000098938,GraniteShares 3x Long Bitcoin Daily ETF,GraniteShares 3x Long Bitcoin Daily ETF,GraniteShares ETF Trust,0001689873,,,2026,2026,3.0,number,daily,,unresolved,index_other,True,False
S000098939,GraniteShares 3x Long Ether Daily ETF,GraniteShares 3x Long Ether Daily ETF,GraniteShares ETF Trust,0001689873,,,2026,2026,3.0,number,daily,,unresolved,index_other,True,False
S000098940,GraniteShares 3x Long Solana Daily ETF,GraniteShares 3x Long Solana Daily ETF,GraniteShares ETF Trust,0001689873,,,2026,2026,3.0,number,daily,,unresolved,index_other,True,False
S000098990,ProShares Daily Target 3x Gold Miners,ProShares Daily Target 3x Gold Miners,PROSHARES TRUST,0001174610,,,2026,2026,3.0,number,daily,,unresolved,index_other,True,False
S000098996,ProShares Daily Target 3x Junior Gold Miners,ProShares Daily Target 3x Junior Gold Miners,PROSHARES TRUST,0001174610,,,2026,2026,3.0,number,daily,,unresolved,index_other,True,False
S000099710,Direxion Daily Bitcoin Bull 3X ETF,Direxion Daily Bitcoin Bull 3X ETF,Direxion Shares ETF Trust,0001424958,,,2026,2026,3.0,number,daily,,unresolved,index_other,True,False
S000099711,Direxion Daily Energy Bull 3X ETF,Direxion Daily Energy Bull 3X ETF,Direxion Shares ETF Trust,0001424958,,,2026,2026,3.0,number,daily,,unresolved,index_other,True,False
S000099712,Direxion Daily Ether Bull 3X ETF,Direxion Daily Ether Bull 3X ETF,Direxion Shares ETF Trust,0001424958,,,2026,2026,3.0,number,daily,,unresolved,index_other,True,False
S000099713,Direxion Daily Gold Miners Bull 3X ETF,Direxion Daily Gold Miners Bull 3X ETF,Direxion Shares ETF Trust,0001424958,,,2026,2026,3.0,number,daily,,unresolved,index_other,True,False
S000099714,Direxion Daily Junior Gold Miners Bull 3X ETF,Direxion Daily Junior Gold Miners Bull 3X ETF,Direxion Shares ETF Trust,0001424958,,,2026,2026,3.0,number,daily,,unresolved,index_other,True,False
S000099716,Direxion Daily Oil & Gas Exp. & Prod. Bull 3X ETF,Direxion Daily Oil & Gas Exp. & Prod. Bull 3X ETF,Direxion Shares ETF Trust,0001424958,,,2026,2026,3.0,number,daily,,unresolved,index_other,True,False
S000099718,Direxion Daily QQQE Bull 3X ETF,Direxion Daily QQQE Bull 3X ETF,Direxion Shares ETF Trust,0001424958,,,2026,2026,3.0,number,daily,,unresolved,index_other,True,False
S000099865,3x Bitcoin ETF,3x Bitcoin ETF,Volatility Shares Trust,0001884021,,,2026,2026,3.0,number,daily,,unresolved,index_other,True,False
S000099866,3x Ether ETF,3x Ether ETF,Volatility Shares Trust,0001884021,,,2026,2026,3.0,number,daily,,unresolved,index_other,True,False
S000099867,3x Solana ETF,3x Solana ETF,Volatility Shares Trust,0001884021,,,2026,2026,3.0,number,daily,,unresolved,index_other,True,False
S000099870,3x VIX ETF,3x VIX ETF,Volatility Shares Trust,0001884021,,,2026,2026,3.0,number,daily,,unresolved,index_other,True,False
S000099903,ProShares Daily Target 3x AI Innovation and Technology,ProShares Daily Target 3x AI Innovation and Technology,PROSHARES TRUST,0001174610,,,2026,2026,3.0,number,daily,,unresolved,index_other,True,False
S000099905,ProShares Daily Target 3x Oil & Gas Exploration & Production,ProShares Daily Target 3x Oil & Gas Exploration & Production,PROSHARES TRUST,0001174610,,,2026,2026,3.0,number,daily,,unresolved,index_other,True,False
S000099906,ProShares Daily Target 3x QQQ Equal Weight,ProShares Daily Target 3x QQQ Equal Weight,PROSHARES TRUST,0001174610,,,2026,2026,3.0,number,daily,,unresolved,index_other,True,False
S000099907,ProShares Daily Target 3x Semiconductors,ProShares Daily Target 3x Semiconductors,PROSHARES TRUST,0001174610,,,2026,2026,3.0,number,daily,,unresolved,index_other,True,False
S000099908,ProShares Daily Target 3x Crude Oil,ProShares Daily Target 3x Crude Oil,PROSHARES TRUST,0001174610,,,2026,2026,3.0,number,daily,,unresolved,index_other,True,False
S000099909,ProShares Daily Target 3x Natural Gas,ProShares Daily Target 3x Natural Gas,PROSHARES TRUST,0001174610,,,2026,2026,3.0,number,daily,,unresolved,index_other,True,False
S000099910,ProShares Daily Target 3x Silver,ProShares Daily Target 3x Silver,PROSHARES TRUST,0001174610,,,2026,2026,3.0,number,daily,,unresolved,index_other,True,False
S000099911,ProShares Daily Target 3x Gold,ProShares Daily Target 3x Gold,PROSHARES TRUST,0001174610,,,2026,2026,3.0,number,daily,,unresolved,index_other,True,False
S000099912,ProShares Daily Target 3x Brazil,ProShares Daily Target 3x Brazil,PROSHARES TRUST,0001174610,,,2026,2026,3.0,number,daily,,unresolved,index_other,True,False
S000099913,ProShares Daily Target 3x CSI 300 China A-Shares,ProShares Daily Target 3x CSI 300 China A-Shares,PROSHARES TRUST,0001174610,,,2026,2026,3.0,number,daily,,unresolved,index_other,True,False
S000099914,ProShares Daily Target 3x CSI China Internet,ProShares Daily Target 3x CSI China Internet,PROSHARES TRUST,0001174610,,,2026,2026,3.0,number,daily,,unresolved,index_other,True,False
S000099915,ProShares Daily Target 3x Energy,ProShares Daily Target 3x Energy,PROSHARES TRUST,0001174610,,,2026,2026,3.0,number,daily,,unresolved,index_other,True,False
S000099916,ProShares Daily Target 3x India,ProShares Daily Target 3x India,PROSHARES TRUST,0001174610,,,2026,2026,3.0,number,daily,,unresolved,index_other,True,False
S000099917,ProShares Daily Target 3x Machine Learning and Quantum Computing,ProShares Daily Target 3x Machine Learning and Quantum Computing,PROSHARES TRUST,0001174610,,,2026,2026,3.0,number,daily,,unresolved,index_other,True,False
S000099919,ProShares Daily Target 3x Mega QQQ,ProShares Daily Target 3x Mega QQQ,PROSHARES TRUST,0001174610,,,2026,2026,3.0,number,daily,,unresolved,index_other,True,False
S000100674,GraniteShares 3x Long Uranium and Nuclear Daily ETF,GraniteShares 3x Long Uranium and Nuclear Daily ETF,GraniteShares ETF Trust,0001689873,,,2026,2026,3.0,number,daily,,unresolved,index_other,True,False
S000100675,GraniteShares 3x Long AI Semiconductor Daily ETF,GraniteShares 3x Long AI Semiconductor Daily ETF,GraniteShares ETF Trust,0001689873,,,2026,2026,3.0,number,daily,,unresolved,index_other,True,False
S000100676,GraniteShares 3x Long AI and Robotics Daily ETF,GraniteShares 3x Long AI and Robotics Daily ETF,GraniteShares ETF Trust,0001689873,,,2026,2026,3.0,number,daily,,unresolved,index_other,True,False
S000100677,GraniteShares 3x Long Cloud Computing Daily ETF,GraniteShares 3x Long Cloud Computing Daily ETF,GraniteShares ETF Trust,0001689873,,,2026,2026,3.0,number,daily,,unresolved,index_other,True,False
S000100678,GraniteShares 3x Long Crypto Industry Daily ETF,GraniteShares 3x Long Crypto Industry Daily ETF,GraniteShares ETF Trust,0001689873,,,2026,2026,3.0,number,daily,,unresolved,index_other,True,False
S000100679,GraniteShares 3x Long Cybersecurity Daily ETF,GraniteShares 3x Long Cybersecurity Daily ETF,GraniteShares ETF Trust,0001689873,,,2026,2026,3.0,number,daily,,unresolved,index_other,True,False
S000100681,GraniteShares 3x Long Gold Miners Daily ETF,GraniteShares 3x Long Gold Miners Daily ETF,GraniteShares ETF Trust,0001689873,,,2026,2026,3.0,number,daily,,unresolved,index_other,True,False
S000100682,GraniteShares 3x Long Quantum Computing Daily ETF,GraniteShares 3x Long Quantum Computing Daily ETF,GraniteShares ETF Trust,0001689873,,,2026,2026,3.0,number,daily,,unresolved,index_other,True,False
S000101256,Leverage Shares 3X Target Long China Technology Daily ETF,Leverage Shares 3X Target Long China Technology Daily ETF,Themes ETF Trust,0001976322,,,2026,2026,3.0,number,daily,,unresolved,index_other,True,False
S000101257,Leverage Shares 3X Target Long Equal Weight US 500 Daily ETF,Leverage Shares 3X Target Long Equal Weight US 500 Daily ETF,Themes ETF Trust,0001976322,,,2026,2026,3.0,number,daily,,unresolved,index_other,True,False
S000101258,Leverage Shares 3X Target Long Gold Miners Daily ETF,Leverage Shares 3X Target Long Gold Miners Daily ETF,Themes ETF Trust,0001976322,,,2026,2026,3.0,number,daily,,unresolved,index_other,True,False
S000101259,Leverage Shares 3X Target Long India Daily ETF,Leverage Shares 3X Target Long India Daily ETF,Themes ETF Trust,0001976322,,,2026,2026,3.0,number,daily,,unresolved,index_other,True,False
S000101260,Leverage Shares 3X Target Long Magnificent 7 Daily ETF,Leverage Shares 3X Target Long Magnificent 7 Daily ETF,Themes ETF Trust,0001976322,,,2026,2026,3.0,number,daily,,unresolved,index_other,True,False
S000101261,Leverage Shares 3X Target Long Quantum Computing Daily ETF,Leverage Shares 3X Target Long Quantum Computing Daily ETF,Themes ETF Trust,0001976322,,,2026,2026,3.0,number,daily,,unresolved,index_other,True,False
S000101262,Leverage Shares 3X Target Long Uranium Daily ETF,Leverage Shares 3X Target Long Uranium Daily ETF,Themes ETF Trust,0001976322,,,2026,2026,3.0,number,daily,,unresolved,index_other,True,False
S000103223,ProShares UltraPro Magnificent 7,ProShares UltraPro Magnificent 7,PROSHARES TRUST,0001174610,,,2026,2026,3.0,proshares ultrapro,daily,,unresolved,index_other,True,False
S000103224,ProShares UltraPro Gold Miners,ProShares UltraPro Gold Miners,PROSHARES TRUST,0001174610,,,2026,2026,3.0,proshares ultrapro,daily,,unresolved,index_other,True,False
S000103225,ProShares UltraPro Silver K-1 Free ETF,ProShares UltraPro Silver K-1 Free ETF,PROSHARES TRUST,0001174610,,,2026,2026,3.0,proshares ultrapro,daily,,unresolved,index_other,True,False
S000103226,ProShares UltraPro Gold K-1 Free ETF,ProShares UltraPro Gold K-1 Free ETF,PROSHARES TRUST,0001174610,,,2026,2026,3.0,proshares ultrapro,daily,,unresolved,index_other,True,False
S000103294,ProShares UltraPro Ether ETF,ProShares UltraPro Ether ETF,PROSHARES TRUST,0001174610,,,2026,2026,3.0,proshares ultrapro,daily,,unresolved,index_other,True,False
S000103295,ProShares UltraPro Bitcoin ETF,ProShares UltraPro Bitcoin ETF,PROSHARES TRUST,0001174610,,,2026,2026,3.0,proshares ultrapro,daily,,unresolved,index_other,True,False
S000103753,GraniteShares 3x Long Silver Miners Daily ETF,GraniteShares 3x Long Silver Miners Daily ETF,GraniteShares ETF Trust,0001689873,,,2026,2026,3.0,number,daily,,unresolved,index_other,True,False
S000103763,GraniteShares 3x Long China Internet Daily ETF,GraniteShares 3x Long China Internet Daily ETF,GraniteShares ETF Trust,0001689873,,,2026,2026,3.0,number,daily,,unresolved,index_other,True,False
S000103771,GraniteShares 3x Long Junior Gold Miners Daily ETF,GraniteShares 3x Long Junior Gold Miners Daily ETF,GraniteShares ETF Trust,0001689873,,,2026,2026,3.0,number,daily,,unresolved,index_other,True,False
S000103772,GraniteShares 3x Long Junior Silver Miners Daily ETF,GraniteShares 3x Long Junior Silver Miners Daily ETF,GraniteShares ETF Trust,0001689873,,,2026,2026,3.0,number,daily,,unresolved,index_other,True,False
S000103775,GraniteShares 3x Long Robotics Daily ETF,GraniteShares 3x Long Robotics Daily ETF,GraniteShares ETF Trust,0001689873,,,2026,2026,3.0,number,daily,,unresolved,index_other,True,False
S000103776,GraniteShares 3x Long Semiconductor Daily ETF,GraniteShares 3x Long Semiconductor Daily ETF,GraniteShares ETF Trust,0001689873,,,2026,2026,3.0,number,daily,,unresolved,index_other,True,False
S000102003,VegaShares 4x Long QQQ Daily Target ETF,VegaShares 4x Long QQQ Daily Target ETF,VegaShares ETF Trust,0002068712,,,2026,2026,4.0,number,daily,,unresolved,index_other,True,False
S000102462,Roundhill 4X QQQQ ETF,Roundhill 4X QQQQ ETF,Roundhill ETF Trust,0001976517,,,2026,2026,4.0,number,daily,,unresolved,index_other,True,False
S000103350,GraniteShares 4x Long QQQ Daily ETF,GraniteShares 4x Long QQQ Daily ETF,GraniteShares ETF Trust,0001689873,,,2026,2026,4.0,number,daily,,unresolved,index_other,True,False
S000103486,GraniteShares 4x Long Quantum Computing Daily ETF,GraniteShares 4x Long Quantum Computing Daily ETF,GraniteShares ETF Trust,0001689873,,,2026,2026,4.0,number,daily,,unresolved,index_other,True,False
S000103487,GraniteShares 4x Long Robotics Daily ETF,GraniteShares 4x Long Robotics Daily ETF,GraniteShares ETF Trust,0001689873,,,2026,2026,4.0,number,daily,,unresolved,index_other,True,False
S000103488,GraniteShares 4x Long Semiconductor Daily ETF,GraniteShares 4x Long Semiconductor Daily ETF,GraniteShares ETF Trust,0001689873,,,2026,2026,4.0,number,daily,,unresolved,index_other,True,False
S000103489,GraniteShares 4x Long Silver Miners Daily ETF,GraniteShares 4x Long Silver Miners Daily ETF,GraniteShares ETF Trust,0001689873,,,2026,2026,4.0,number,daily,,unresolved,index_other,True,False
S000103490,GraniteShares 4x Long Uranium and Nuclear Daily ETF,GraniteShares 4x Long Uranium and Nuclear Daily ETF,GraniteShares ETF Trust,0001689873,,,2026,2026,4.0,number,daily,,unresolved,index_other,True,False
S000103506,GraniteShares 4x Long China Internet Daily ETF,GraniteShares 4x Long China Internet Daily ETF,GraniteShares ETF Trust,0001689873,,,2026,2026,4.0,number,daily,,unresolved,index_other,True,False
S000103508,GraniteShares 4x Long Cybersecurity Daily ETF,GraniteShares 4x Long Cybersecurity Daily ETF,GraniteShares ETF Trust,0001689873,,,2026,2026,4.0,number,daily,,unresolved,index_other,True,False
S000103509,GraniteShares 4x Long Gold Miners Daily ETF,GraniteShares 4x Long Gold Miners Daily ETF,GraniteShares ETF Trust,0001689873,,,2026,2026,4.0,number,daily,,unresolved,index_other,True,False
S000103511,GraniteShares 4x Long Junior Gold Miners Daily ETF,GraniteShares 4x Long Junior Gold Miners Daily ETF,GraniteShares ETF Trust,0001689873,,,2026,2026,4.0,number,daily,,unresolved,index_other,True,False
S000103512,GraniteShares 4x Long Junior Silver Miners Daily ETF,GraniteShares 4x Long Junior Silver Miners Daily ETF,GraniteShares ETF Trust,0001689873,,,2026,2026,4.0,number,daily,,unresolved,index_other,True,False
S000103836,Leverage Shares 4X Long Homebuilders Daily ETF,Leverage Shares 4X Long Homebuilders Daily ETF,Themes ETF Trust,0001976322,,,2026,2026,4.0,number,daily,,unresolved,index_other,True,False
S000103837,Leverage Shares 4X Long India Daily ETF,Leverage Shares 4X Long India Daily ETF,Themes ETF Trust,0001976322,,,2026,2026,4.0,number,daily,,unresolved,index_other,True,False
S000103838,Leverage Shares 4X Long Junior Gold Miners Daily ETF,Leverage Shares 4X Long Junior Gold Miners Daily ETF,Themes ETF Trust,0001976322,,,2026,2026,4.0,number,daily,,unresolved,index_other,True,False
S000103839,Leverage Shares 4X Long Magnificent 7 Daily ETF,Leverage Shares 4X Long Magnificent 7 Daily ETF,Themes ETF Trust,0001976322,,,2026,2026,4.0,number,daily,,unresolved,index_other,True,False
S000103840,Leverage Shares 4X Long Quantum Computing Daily ETF,Leverage Shares 4X Long Quantum Computing Daily ETF,Themes ETF Trust,0001976322,,,2026,2026,4.0,number,daily,,unresolved,index_other,True,False
S000103841,Leverage Shares 4X Long Regional Banks Daily ETF,Leverage Shares 4X Long Regional Banks Daily ETF,Themes ETF Trust,0001976322,,,2026,2026,4.0,number,daily,,unresolved,index_other,True,False
S000103842,Leverage Shares 4X Long Semiconductors Daily ETF,Leverage Shares 4X Long Semiconductors Daily ETF,Themes ETF Trust,0001976322,,,2026,2026,4.0,number,daily,,unresolved,index_other,True,False
S000103844,Leverage Shares 4X Long US Large Cap 500 Daily ETF,Leverage Shares 4X Long US Large Cap 500 Daily ETF,Themes ETF Trust,0001976322,,,2026,2026,4.0,number,daily,,unresolved,index_other,True,False
S000103845,Leverage Shares 4X Long US Small Cap 2000 Daily ETF,Leverage Shares 4X Long US Small Cap 2000 Daily ETF,Themes ETF Trust,0001976322,,,2026,2026,4.0,number,daily,,unresolved,index_other,True,False
S000103846,Leverage Shares 4X Long Aerospace & Defense Daily ETF,Leverage Shares 4X Long Aerospace & Defense Daily ETF,Themes ETF Trust,0001976322,,,2026,2026,4.0,number,daily,,unresolved,index_other,True,False
S000103847,Leverage Shares 4X Long Uranium Daily ETF,Leverage Shares 4X Long Uranium Daily ETF,Themes ETF Trust,0001976322,,,2026,2026,4.0,number,daily,,unresolved,index_other,True,False
S000103850,Leverage Shares 4X Long China Daily ETF,Leverage Shares 4X Long China Daily ETF,Themes ETF Trust,0001976322,,,2026,2026,4.0,number,daily,,unresolved,index_other,True,False
S000103851,Leverage Shares 4X Long China Technology Daily ETF,Leverage Shares 4X Long China Technology Daily ETF,Themes ETF Trust,0001976322,,,2026,2026,4.0,number,daily,,unresolved,index_other,True,False
S000103853,Leverage Shares 4X Long Emerging Markets Daily ETF,Leverage Shares 4X Long Emerging Markets Daily ETF,Themes ETF Trust,0001976322,,,2026,2026,4.0,number,daily,,unresolved,index_other,True,False
S000103854,Leverage Shares 4X Long Financials Daily ETF,Leverage Shares 4X Long Financials Daily ETF,Themes ETF Trust,0001976322,,,2026,2026,4.0,number,daily,,unresolved,index_other,True,False
S000103855,Leverage Shares 4X Long Gold Miners Daily ETF,Leverage Shares 4X Long Gold Miners Daily ETF,Themes ETF Trust,0001976322,,,2026,2026,4.0,number,daily,,unresolved,index_other,True,False
S000104184,Direxion Daily Bitcoin Bull 4X ETF,Direxion Daily Bitcoin Bull 4X ETF,Direxion Shares ETF Trust,0001424958,,,2026,2026,4.0,number,daily,,unresolved,index_other,True,False
S000104185,Direxion Daily Russell 2000 Bull 4X ETF,Direxion Daily Russell 2000 Bull 4X ETF,Direxion Shares ETF Trust,0001424958,,,2026,2026,4.0,number,daily,,unresolved,index_other,True,False
S000104187,Direxion Daily Semiconductors Bull 4X ETF,Direxion Daily Semiconductors Bull 4X ETF,Direxion Shares ETF Trust,0001424958,,,2026,2026,4.0,number,daily,,unresolved,index_other,True,False
S000104188,Direxion Daily Emerging Markets Bull 4X ETF,Direxion Daily Emerging Markets Bull 4X ETF,Direxion Shares ETF Trust,0001424958,,,2026,2026,4.0,number,daily,,unresolved,index_other,True,False
S000104190,Direxion Daily Consumer Discretionary Bull 4X ETF,Direxion Daily Consumer Discretionary Bull 4X ETF,Direxion Shares ETF Trust,0001424958,,,2026,2026,4.0,number,daily,,unresolved,index_other,True,False
S000104191,Direxion Daily Consumer Staples Bull 4X ETF,Direxion Daily Consumer Staples Bull 4X ETF,Direxion Shares ETF Trust,0001424958,,,2026,2026,4.0,number,daily,,unresolved,index_other,True,False
S000104192,Direxion Daily Energy Bull 4X ETF,Direxion Daily Energy Bull 4X ETF,Direxion Shares ETF Trust,0001424958,,,2026,2026,4.0,number,daily,,unresolved,index_other,True,False
S000104193,Direxion Daily Health Care Bull 4X ETF,Direxion Daily Health Care Bull 4X ETF,Direxion Shares ETF Trust,0001424958,,,2026,2026,4.0,number,daily,,unresolved,index_other,True,False
S000104194,Direxion Daily Industrials Bull 4X ETF,Direxion Daily Industrials Bull 4X ETF,Direxion Shares ETF Trust,0001424958,,,2026,2026,4.0,number,daily,,unresolved,index_other,True,False
S000104195,Direxion Daily Ether Bull 4X ETF,Direxion Daily Ether Bull 4X ETF,Direxion Shares ETF Trust,0001424958,,,2026,2026,4.0,number,daily,,unresolved,index_other,True,False
S000104196,Direxion Daily Materials Bull 4X ETF,Direxion Daily Materials Bull 4X ETF,Direxion Shares ETF Trust,0001424958,,,2026,2026,4.0,number,daily,,unresolved,index_other,True,False
S000104197,Direxion Daily Real Estate Bull 4X ETF,Direxion Daily Real Estate Bull 4X ETF,Direxion Shares ETF Trust,0001424958,,,2026,2026,4.0,number,daily,,unresolved,index_other,True,False
S000104198,Direxion Daily Technology Bull 4X ETF,Direxion Daily Technology Bull 4X ETF,Direxion Shares ETF Trust,0001424958,,,2026,2026,4.0,number,daily,,unresolved,index_other,True,False
S000104199,Direxion Daily Utilities Bull 4X ETF,Direxion Daily Utilities Bull 4X ETF,Direxion Shares ETF Trust,0001424958,,,2026,2026,4.0,number,daily,,unresolved,index_other,True,False
S000104201,Direxion Daily Gold Bull 4X ETF,Direxion Daily Gold Bull 4X ETF,Direxion Shares ETF Trust,0001424958,,,2026,2026,4.0,number,daily,,unresolved,index_other,True,False
S000104202,Direxion Daily Silver Bull 4X ETF,Direxion Daily Silver Bull 4X ETF,Direxion Shares ETF Trust,0001424958,,,2026,2026,4.0,number,daily,,unresolved,index_other,True,False
S000104204,Direxion Daily Dow 30 Bull 4X ETF,Direxion Daily Dow 30 Bull 4X ETF,Direxion Shares ETF Trust,0001424958,,,2026,2026,4.0,number,daily,,unresolved,index_other,True,False
S000104205,Direxion Daily Financials Bull 4X ETF,Direxion Daily Financials Bull 4X ETF,Direxion Shares ETF Trust,0001424958,,,2026,2026,4.0,number,daily,,unresolved,index_other,True,False
S000104206,Direxion Daily QQQ Bull 4X ETF,Direxion Daily QQQ Bull 4X ETF,Direxion Shares ETF Trust,0001424958,,,2026,2026,4.0,number,daily,,unresolved,index_other,True,False
S000099881,5x Bitcoin ETF,5x Bitcoin ETF,Volatility Shares Trust,0001884021,,,2026,2026,5.0,number,daily,,unresolved,index_other,True,False
S000099890,5x Ether ETF,5x Ether ETF,Volatility Shares Trust,0001884021,,,2026,2026,5.0,number,daily,,unresolved,index_other,True,False
S000099891,5x Solana ETF,5x Solana ETF,Volatility Shares Trust,0001884021,,,2026,2026,5.0,number,daily,,unresolved,index_other,True,False
S000099961,5x QQQ ETF,5x QQQ ETF,Volatility Shares Trust,0001884021,,,2026,2026,5.0,number,daily,,unresolved,index_other,True,False
S000104498,Leverage Shares 5X Long Homebuilders Daily ETF,Leverage Shares 5X Long Homebuilders Daily ETF,Themes ETF Trust,0001976322,,,2026,2026,5.0,number,daily,,unresolved,index_other,True,False
S000104499,Leverage Shares 5X Long India Daily ETF,Leverage Shares 5X Long India Daily ETF,Themes ETF Trust,0001976322,,,2026,2026,5.0,number,daily,,unresolved,index_other,True,False
S000104500,Leverage Shares 5X Long Junior Gold Miners Daily ETF,Leverage Shares 5X Long Junior Gold Miners Daily ETF,Themes ETF Trust,0001976322,,,2026,2026,5.0,number,daily,,unresolved,index_other,True,False
S000104501,Leverage Shares 5X Long Magnificent 7 Daily ETF,Leverage Shares 5X Long Magnificent 7 Daily ETF,Themes ETF Trust,0001976322,,,2026,2026,5.0,number,daily,,unresolved,index_other,True,False
S000104502,Leverage Shares 5X Long Quantum Computing Daily ETF,Leverage Shares 5X Long Quantum Computing Daily ETF,Themes ETF Trust,0001976322,,,2026,2026,5.0,number,daily,,unresolved,index_other,True,False
S000104503,Leverage Shares 5X Long Regional Banks Daily ETF,Leverage Shares 5X Long Regional Banks Daily ETF,Themes ETF Trust,0001976322,,,2026,2026,5.0,number,daily,,unresolved,index_other,True,False
S000104504,Leverage Shares 5X Long Semiconductors Daily ETF,Leverage Shares 5X Long Semiconductors Daily ETF,Themes ETF Trust,0001976322,,,2026,2026,5.0,number,daily,,unresolved,index_other,True,False
S000104506,Leverage Shares 5X Long US Large Cap 500 Daily ETF,Leverage Shares 5X Long US Large Cap 500 Daily ETF,Themes ETF Trust,0001976322,,,2026,2026,5.0,number,daily,,unresolved,index_other,True,False
S000104507,Leverage Shares 5X Long US Small Cap 2000 Daily ETF,Leverage Shares 5X Long US Small Cap 2000 Daily ETF,Themes ETF Trust,0001976322,,,2026,2026,5.0,number,daily,,unresolved,index_other,True,False
S000104508,Leverage Shares 5X Long Aerospace & Defense Daily ETF,Leverage Shares 5X Long Aerospace & Defense Daily ETF,Themes ETF Trust,0001976322,,,2026,2026,5.0,number,daily,,unresolved,index_other,True,False
S000104509,Leverage Shares 5X Long Uranium Daily ETF,Leverage Shares 5X Long Uranium Daily ETF,Themes ETF Trust,0001976322,,,2026,2026,5.0,number,daily,,unresolved,index_other,True,False
S000104512,Leverage Shares 5X Long China Daily ETF,Leverage Shares 5X Long China Daily ETF,Themes ETF Trust,0001976322,,,2026,2026,5.0,number,daily,,unresolved,index_other,True,False
S000104513,Leverage Shares 5X Long China Technology Daily ETF,Leverage Shares 5X Long China Technology Daily ETF,Themes ETF Trust,0001976322,,,2026,2026,5.0,number,daily,,unresolved,index_other,True,False
S000104515,Leverage Shares 5X Long Emerging Markets Daily ETF,Leverage Shares 5X Long Emerging Markets Daily ETF,Themes ETF Trust,0001976322,,,2026,2026,5.0,number,daily,,unresolved,index_other,True,False
S000104516,Leverage Shares 5X Long Financials Daily ETF,Leverage Shares 5X Long Financials Daily ETF,Themes ETF Trust,0001976322,,,2026,2026,5.0,number,daily,,unresolved,index_other,True,False
S000104517,Leverage Shares 5X Long Gold Miners Daily ETF,Leverage Shares 5X Long Gold Miners Daily ETF,Themes ETF Trust,0001976322,,,2026,2026,5.0,number,daily,,unresolved,index_other,True,False
S000097176,Defiance Daily Target 2X Long AA ETF,Defiance Daily Target 2X Long AA ETF,Tidal Trust II,0001924868,,,2026,2026,2.0,number,daily,AA,ticker token,single_stock,True,False
S000107699,T-REX 2X LONG AADX DAILY TARGET ETF,T-REX 2X LONG AADX DAILY TARGET ETF,ETF Opportunities Trust,0001771146,,,2026,2026,2.0,number,daily,AADX,ticker token,single_stock,True,False
S000081167,GraniteShares 2x Short AAL Daily ETF,GraniteShares 1.5x Short AAL Daily ETF | GraniteShares 2x Short AAL Daily ETF,GraniteShares ETF Trust,0001689873,AIRD,ALSD | AIRD,2023,2026,-2.0,number,daily,AAL,ticker token,single_stock,True,True
S000081150,GraniteShares 1x Short AAL Daily ETF,GraniteShares 1x Short AAL Daily ETF,GraniteShares ETF Trust,0001689873,LAS,LAS,2023,2026,-1.0,number,daily,AAL,ticker token,single_stock,True,True
S000092914,Direxion Daily AAL Bear 1X ETF,Direxion Daily AAL Bear 1X Shares | Direxion Daily AAL Bear 1X ETF,Direxion Shares ETF Trust,0001424958,,,2025,2026,-1.0,number,daily,AAL,ticker token,single_stock,True,False
S000081158,GraniteShares 2x Long AAL Daily ETF,GraniteShares 1.5x Long AAL Daily ETF | GraniteShares 2x Long AAL Daily ETF,GraniteShares ETF Trust,0001689873,AIRL,AALL | AIRL,2023,2026,2.0,number,daily,AAL,ticker token,single_stock,True,True
S000091218,Leverage Shares 2X Long AAL Daily ETF,Leverage Shares 2X Long AAL Daily ETF,Themes ETF Trust,0001976322,AALG,AALG,2025,2026,2.0,number,daily,AAL,ticker token,single_stock,True,True
S000092903,Direxion Daily AAL Bull 2X ETF,Direxion Daily AAL Bull 2X Shares | Direxion Daily AAL Bull 2X ETF,Direxion Shares ETF Trust,0001424958,,,2025,2026,2.0,number,daily,AAL,ticker token,single_stock,True,False
S000105722,Tradr 2X Short AAOI Daily ETF,Tradr 2X Short AAOI Daily ETF,Investment Managers Series Trust II,0001587982,,,2026,2026,-2.0,number,daily,AAOI,ticker token,single_stock,True,False
S000100913,Tradr 2X Long AAOI Daily ETF,Tradr 2X Long AAOI Daily ETF,Investment Managers Series Trust II,0001587982,AAOX,AAOX,2026,2026,2.0,number,daily,AAOI,ticker token,single_stock,True,True
S000104245,Leverage Shares 2X Long AAOI Daily ETF,Leverage Shares 2X Long AAOI Daily ETF,Themes ETF Trust,0001976322,,,2026,2026,2.0,number,daily,AAOI,ticker token,single_stock,True,False
S000105073,Defiance Daily Target 2X Long AAOI ETF,Defiance Daily Target 2X Long AAOI ETF,Tidal Trust II,0001924868,,,2026,2026,2.0,number,daily,AAOI,ticker token,single_stock,True,False
S000106989,Tradr 2X Long AAON Daily ETF,Tradr 2X Long AAON Daily ETF,Investment Managers Series Trust II,0001587982,,,2026,2026,2.0,number,daily,AAON,ticker token,single_stock,True,False
S000098417,Defiance Daily Target 3X Short AAPL ETF,Defiance Daily Target 3X Short AAPL ETF,ETF Series Solutions,0001540305,,,2026,2026,-3.0,number,daily,AAPL,ticker token,single_stock,True,False
S000098962,GraniteShares 3x Short AAPL Daily ETF,GraniteShares 3x Short AAPL Daily ETF,GraniteShares ETF Trust,0001689873,,,2026,2026,-3.0,number,daily,AAPL,ticker token,single_stock,True,False
S000076234,Direxion Daily AAPL Bear 2X Shares,Direxion Daily AAPL Bear 2X Shares,Direxion Shares ETF Trust,0001424958,,,2022,2023,-2.0,number,daily,AAPL,ticker token,single_stock,False,False
S000081148,GraniteShares 2x Short AAPL Daily ETF,GraniteShares 1.75x Short AAPL Daily ETF | GraniteShares 2x Short AAPL Daily ETF,GraniteShares ETF Trust,0001689873,APII,APSD | APII,2023,2026,-2.0,number,daily,AAPL,ticker token,single_stock,True,True
S000083673,T-REX 2X INVERSE APPLE DAILY TARGET ETF,T-REX 2X INVERSE APPLE DAILY TARGET ETF,ETF Opportunities Trust,0001771146,,,2024,2026,-2.0,number,daily,AAPL,company name,single_stock,True,False
S000106996,Tradr 2X Short AAPL Daily ETF,Tradr 2X Short AAPL Daily ETF,Investment Managers Series Trust II,0001587982,,,2026,2026,-2.0,number,daily,AAPL,ticker token,single_stock,True,False
S000077588,Kurv Apple (AAPL) 1.75x Short Daily ETF,Kurv Apple (AAPL) 1.75x Short Daily ETF,NEOS ETF Trust,0001848758,ZAAP,ZAAP,2023,2024,-1.75,number,daily,AAPL,ticker token,single_stock,False,True
S000081137,GraniteShares 1.5x Short AAPL Daily ETF,GraniteShares 1.5x Short AAPL Daily ETF,GraniteShares ETF Trust,0001689873,,,2023,2026,-1.5,number,daily,AAPL,ticker token,single_stock,True,False
S000076244,Direxion Daily AAPL Bear 1X ETF,Direxion Daily AAPL Bear 1X Shares | Direxion Daily AAPL Bear 1X ETF,Direxion Shares ETF Trust,0001424958,AAPD,AAPD,2022,2026,-1.0,number,daily,AAPL,ticker token,single_stock,True,True
S000081151,GraniteShares 1x Short AAPL Daily ETF,GraniteShares 1x Short AAPL Daily ETF,GraniteShares ETF Trust,0001689873,PHS,PHS,2023,2026,-1.0,number,daily,AAPL,ticker token,single_stock,True,True
S000077577,Kurv Apple (AAPL) 1.75x Long Daily ETF,Kurv Apple (AAPL) 1.75x Long Daily ETF,NEOS ETF Trust,0001848758,LAAP,LAAP,2023,2024,1.75,number,daily,AAPL,ticker token,single_stock,False,True
S000076233,Direxion Daily AAPL Bull 2X ETF,Direxion Daily AAPL Bull 2X Shares | Direxion Daily AAPL Bull 1.5X Shares | Direxion Daily AAPL Bull 2X ETF,Direxion Shares ETF Trust,0001424958,AAPU,AAPU,2022,2026,2.0,number,daily,AAPL,ticker token,single_stock,True,True
S000076355,GraniteShares 2x Long AAPL Daily ETF,GraniteShares 2x Long Apple Daily ETF | GraniteShares 1.75x Long AAPL Daily ETF | GraniteShares 2x Long AAPL Daily ETF,GraniteShares ETF Trust,0001689873,AAPB,AAPB,2022,2026,2.0,number,daily,AAPL,ticker token,single_stock,True,True
S000083676,T-REX 2X LONG APPLE DAILY TARGET ETF,T-REX 2X LONG APPLE DAILY TARGET ETF,ETF Opportunities Trust,0001771146,AAPX,AAPX,2024,2026,2.0,number,daily,AAPL,company name,single_stock,True,True
S000086634,Leverage Shares 2X Long AAPL Daily ETF,Leverage Shares 2X Long AAPL Daily ETF,Themes ETF Trust,0001976322,,,2025,2026,2.0,number,daily,AAPL,ticker token,single_stock,True,False
S000095105,GraniteShares YieldBOOST AAPL 2x Income ETF,GraniteShares YieldBOOST AAPL 2x Income ETF,GraniteShares ETF Trust,0001689873,,,2026,2026,2.0,number,daily,AAPL,ticker token,single_stock,True,False
S000104832,Corgi AAPL 2x Daily ETF,Corgi AAPL 2x Daily ETF,Corgi ETF Trust I,0002078265,,,2026,2026,2.0,number,daily,AAPL,ticker token,single_stock,True,False
S000098444,Defiance Daily Target 3X Long AAPL ETF,Defiance Daily Target 3X Long AAPL ETF,ETF Series Solutions,0001540305,,,2026,2026,3.0,number,daily,AAPL,ticker token,single_stock,True,False
S000098553,Direxion Daily AAPL Bull 3X ETF,Direxion Daily AAPL Bull 3X ETF,Direxion Shares ETF Trust,0001424958,,,2026,2026,3.0,number,daily,AAPL,ticker token,single_stock,True,False
S000098591,Leverage Shares 3X Long AAPL Daily ETF,Leverage Shares 3X Long AAPL Daily ETF,Themes ETF Trust,0001976322,,,2026,2026,3.0,number,daily,AAPL,ticker token,single_stock,True,False
S000098793,T-REX 3X Long AAPL Daily Target ETF,T-REX 3X Long AAPL Daily Target ETF,ETF Opportunities Trust,0001771146,,,2026,2026,3.0,number,daily,AAPL,ticker token,single_stock,True,False
S000098956,GraniteShares 3x Long AAPL Daily ETF,GraniteShares 3x Long AAPL Daily ETF,GraniteShares ETF Trust,0001689873,,,2026,2026,3.0,number,daily,AAPL,ticker token,single_stock,True,False
S000099000,ProShares Daily Target 3x AAPL,ProShares Daily Target 3x AAPL,PROSHARES TRUST,0001174610,,,2026,2026,3.0,number,daily,AAPL,ticker token,single_stock,True,False
S000100369,3x AAPL ETF,3x AAPL ETF,Volatility Shares Trust,0001884021,,,2026,2026,3.0,number,daily,AAPL,ticker token,single_stock,True,False
S000100370,5x AAPL ETF,5x AAPL ETF,Volatility Shares Trust,0001884021,,,2026,2026,5.0,number,daily,AAPL,ticker token,single_stock,True,False
S000100323,T-REX 2X LONG ABAT DAILY TARGET ETF,T-REX 2X LONG ABAT DAILY TARGET ETF,ETF Opportunities Trust,0001771146,,,2026,2026,2.0,number,daily,ABAT,ticker token,single_stock,True,False
S000103268,Defiance Daily Target 2X Long ABAT ETF,Defiance Daily Target 2X Long ABAT ETF,Tidal Trust II,0001924868,,,2026,2026,2.0,number,daily,ABAT,ticker token,single_stock,True,False
S000091229,Leverage Shares 2X Long ABBV Daily ETF,Leverage Shares 2X Long ABBV Daily ETF,Themes ETF Trust,0001976322,,,2025,2026,2.0,number,daily,ABBV,ticker token,single_stock,True,False
S000097414,T-REX 2X LONG ABTC DAILY TARGET ETF,T-REX 2X LONG ABTC DAILY TARGET ETF,ETF Opportunities Trust,0001771146,,,2026,2026,2.0,number,daily,ABTC,ticker token,single_stock,True,False
S000102150,Defiance Daily Target 2X Long ABTC ETF,Defiance Daily Target 2X Long ABTC ETF,Tidal Trust II,0001924868,ABTL,ABTL,2026,2026,2.0,number,daily,ABTC,ticker token,single_stock,True,True
S000091891,Tradr 2X Long ACHR Daily ETF,Tradr 2X Long ACHR Daily ETF,Investment Managers Series Trust II,0001587982,ARCX,ARCX,2025,2026,2.0,number,daily,ACHR,ticker token,single_stock,True,True
S000093872,T-REX 2X LONG ACHR DAILY TARGET ETF,T-REX 2X LONG ACHR DAILY TARGET ETF,ETF Opportunities Trust,0001771146,ACHU,ACHU,2025,2026,2.0,number,daily,ACHR,ticker token,single_stock,True,True
S000104875,Corgi ACHR 2x Daily ETF,Corgi ACHR 2x Daily ETF,Corgi ETF Trust I,0002078265,,,2026,2026,2.0,number,daily,ACHR,ticker token,single_stock,True,False
S000099251,Tradr 3X Long ACHR Daily ETF,Tradr 3X Long ACHR Daily ETF,Investment Managers Series Trust II,0001587982,,,2026,2026,3.0,number,daily,ACHR,ticker token,single_stock,True,False
S000104886,Corgi ACLS 2x Daily ETF,Corgi ACLS 2x Daily ETF,Corgi ETF Trust I,0002078265,,,2026,2026,2.0,number,daily,ACLS,ticker token,single_stock,True,False
S000104894,Corgi ACMR 2x Daily ETF,Corgi ACMR 2x Daily ETF,Corgi ETF Trust I,0002078265,,,2026,2026,2.0,number,daily,ACMR,ticker token,single_stock,True,False
S000088296,GraniteShares 2x Short ADBE Daily ETF,GraniteShares 2x Short ADBE Daily ETF,GraniteShares ETF Trust,0001689873,ADS,ADS,2025,2026,-2.0,number,daily,ADBE,ticker token,single_stock,True,True
S000094278,Direxion Daily ADBE Bear 1X ETF,Direxion Daily ADBE Bear 1X ETF,Direxion Shares ETF Trust,0001424958,,,2025,2026,-1.0,number,daily,ADBE,ticker token,single_stock,True,False
S000088313,GraniteShares 2x Long ADBE Daily ETF,GraniteShares 2x Long ADBE Daily ETF,GraniteShares ETF Trust,0001689873,ADL,ADL,2025,2026,2.0,number,daily,ADBE,ticker token,single_stock,True,True
S000091233,Leverage Shares 2X Long ADBE Daily ETF,Leverage Shares 2X Long ADBE Daily ETF,Themes ETF Trust,0001976322,ADBG,ADBG,2025,2026,2.0,number,daily,ADBE,ticker token,single_stock,True,True
S000094236,Direxion Daily ADBE Bull 2X ETF,Direxion Daily ADBE Bull 2X ETF,Direxion Shares ETF Trust,0001424958,ADBU,ADBU,2025,2026,2.0,number,daily,ADBE,ticker token,single_stock,True,True
S000103180,Tradr 2X Long ADI Daily ETF,Tradr 2X Long ADI Daily ETF,Investment Managers Series Trust II,0001587982,,,2026,2026,2.0,number,daily,ADI,ticker token,single_stock,True,False
S000105552,Leverage Shares 2X Long ADI Daily ETF,Leverage Shares 2X Long ADI Daily ETF,Themes ETF Trust,0001976322,,,2026,2026,2.0,number,daily,ADI,ticker token,single_stock,True,False
S000105563,Leverage Shares 2X Long AEHR Daily ETF,Leverage Shares 2X Long AEHR Daily ETF,Themes ETF Trust,0001976322,,,2026,2026,2.0,number,daily,AEHR,ticker token,single_stock,True,False
S000106576,T-REX 2X LONG AEHR DAILY TARGET ETF,T-REX 2X LONG AEHR DAILY TARGET ETF,ETF Opportunities Trust,0001771146,,,2026,2026,2.0,number,daily,AEHR,ticker token,single_stock,True,False
S000107000,Tradr 2X Long AEHR Daily ETF,Tradr 2X Long AEHR Daily ETF,Investment Managers Series Trust II,0001587982,,,2026,2026,2.0,number,daily,AEHR,ticker token,single_stock,True,False
S000096288,Defiance Daily Target 2X Long AEO ETF,Defiance Daily Target 2X Long AEO ETF,Tidal Trust II,0001924868,,,2026,2026,2.0,number,daily,AEO,ticker token,single_stock,True,False
S000093822,Leverage Shares 2X Long AFRM Daily ETF,Leverage Shares 2X Long AFRM Daily ETF,Themes ETF Trust,0001976322,,,2025,2026,2.0,number,daily,AFRM,ticker token,single_stock,True,False
S000093883,T-REX 2X LONG AFRM DAILY TARGET ETF,T-REX 2X LONG AFRM DAILY TARGET ETF,ETF Opportunities Trust,0001771146,AFRU,AFRU,2025,2026,2.0,number,daily,AFRM,ticker token,single_stock,True,True
S000104256,Leverage Shares 2X Long AG Daily ETF,Leverage Shares 2X Long AG Daily ETF,Themes ETF Trust,0001976322,,,2026,2026,2.0,number,daily,AG,ticker token,single_stock,True,False
S000101022,AGI Readiness 2x Daily ETF,AGI Readiness 2x Daily ETF,Corgi ETF Trust II,0002096087,,,2026,2026,2.0,number,daily,AGI,ticker token,single_stock,True,False
S000105897,T-REX 2X LONG AKAM DAILY TARGET ETF,T-REX 2X LONG AKAM DAILY TARGET ETF,ETF Opportunities Trust,0001771146,,,2026,2026,2.0,number,daily,AKAM,ticker token,single_stock,True,False
S000100827,Tradr 2X Short ALAB Daily ETF,Tradr 2X Short ALAB Daily ETF,Investment Managers Series Trust II,0001587982,ALAQ,ALAQ,2026,2026,-2.0,number,daily,ALAB,ticker token,single_stock,True,True
S000091893,Tradr 2X Long ALAB Daily ETF,Tradr 2X Long ALAB Daily ETF,Investment Managers Series Trust II,0001587982,LABX,LABX,2025,2026,2.0,number,daily,ALAB,ticker token,single_stock,True,True
S000095537,Defiance Daily Target 2X Long ALAB ETF,Defiance Daily Target 2X Long ALAB ETF,Tidal Trust II,0001924868,,,2026,2026,2.0,number,daily,ALAB,ticker token,single_stock,True,False
S000104845,Corgi ALAB 2x Daily ETF,Corgi ALAB 2x Daily ETF,Corgi ETF Trust I,0002078265,,,2026,2026,2.0,number,daily,ALAB,ticker token,single_stock,True,False
S000098804,T-REX 3X Long ALAB Daily Target ETF,T-REX 3X Long ALAB Daily Target ETF,ETF Opportunities Trust,0001771146,,,2026,2026,3.0,number,daily,ALAB,ticker token,single_stock,True,False
S000099262,Tradr 3X Long ALAB Daily ETF,Tradr 3X Long ALAB Daily ETF,Investment Managers Series Trust II,0001587982,,,2026,2026,3.0,number,daily,ALAB,ticker token,single_stock,True,False
S000100328,T-REX 2X LONG ALB DAILY TARGET ETF,T-REX 2X LONG ALB DAILY TARGET ETF,ETF Opportunities Trust,0001771146,,,2026,2026,2.0,number,daily,ALB,ticker token,single_stock,True,False
S000100533,Leverage Shares 2X Long ALB Daily ETF,Leverage Shares 2X Long ALB Daily ETF,Themes ETF Trust,0001976322,,,2026,2026,2.0,number,daily,ALB,ticker token,single_stock,True,False
S000102253,T-REX 2X LONG ALMU DAILY TARGET ETF,T-REX 2X LONG ALMU DAILY TARGET ETF,ETF Opportunities Trust,0001771146,,,2026,2026,2.0,number,daily,ALMU,ticker token,single_stock,True,False
S000103270,Defiance Daily Target 2X Long ALMU ETF,Defiance Daily Target 2X Long ALMU ETF,Tidal Trust II,0001924868,,,2026,2026,2.0,number,daily,ALMU,ticker token,single_stock,True,False
S000089799,Defiance Daily Target 2X Long AMAT ETF,Defiance Daily Target 2X Long AMAT ETF,Tidal Trust II,0001924868,AMA,AMAX | AMA,2025,2026,2.0,number,daily,AMAT,ticker token,single_stock,True,True
S000104269,Leverage Shares 2X Long AMAT Daily ETF,Leverage Shares 2X Long AMAT Daily ETF,Themes ETF Trust,0001976322,,,2026,2026,2.0,number,daily,AMAT,ticker token,single_stock,True,False
S000104893,Corgi AMAT 2x Daily ETF,Corgi AMAT 2x Daily ETF,Corgi ETF Trust I,0002078265,,,2026,2026,2.0,number,daily,AMAT,ticker token,single_stock,True,False
S000107700,T-REX 2X LONG AMBA DAILY TARGET ETF,T-REX 2X LONG AMBA DAILY TARGET ETF,ETF Opportunities Trust,0001771146,,,2026,2026,2.0,number,daily,AMBA,ticker token,single_stock,True,False
S000107390,T-REX 2X LONG AMBQ DAILY TARGET ETF,T-REX 2X LONG AMBQ DAILY TARGET ETF,ETF Opportunities Trust,0001771146,,,2026,2026,2.0,number,daily,AMBQ,ticker token,single_stock,True,False
S000078245,REX Short AMC ETF,REX Short AMC ETF,Tidal Trust II,0001924868,,,2023,2024,-1.0,inverse no number,daily,AMC,ticker token,single_stock,False,False
S000088286,GraniteShares 1x Short AMC Daily ETF,GraniteShares 1x Short AMC Daily ETF,GraniteShares ETF Trust,0001689873,,,2025,2026,-1.0,number,daily,AMC,ticker token,single_stock,True,False
S000079021,REX 2X AMC ETF,REX 2X AMC ETF,Tidal Trust II,0001924868,,,2023,2024,2.0,number,daily,AMC,ticker token,single_stock,False,False
S000090802,GraniteShares 2x Long AMC Daily ETF,GraniteShares 2x Long AMC Daily ETF,GraniteShares ETF Trust,0001689873,AML,AML,2025,2026,2.0,number,daily,AMC,ticker token,single_stock,True,True
S000098415,Defiance Daily Target 3X Short AMD ETF,Defiance Daily Target 3X Short AMD ETF,ETF Series Solutions,0001540305,,,2026,2026,-3.0,number,daily,AMD,ticker token,single_stock,True,False
S000099523,GraniteShares 3x Short AMD Daily ETF,GraniteShares 3x Short AMD Daily ETF,GraniteShares ETF Trust,0001689873,,,2026,2026,-3.0,number,daily,AMD,ticker token,single_stock,True,False
S000081136,GraniteShares 2x Short AMD Daily ETF,GraniteShares 1.25x Short AMD Daily ETF | GraniteShares 2x Short AMD Daily ETF,GraniteShares ETF Trust,0001689873,AMDS,AMSS | AMDS,2023,2026,-2.0,number,daily,AMD,ticker token,single_stock,True,True
S000087467,T-REX 2X INVERSE AMD DAILY TARGET ETF,T-REX 2X INVERSE AMD DAILY TARGET ETF,ETF Opportunities Trust,0001771146,AMDD,AMDD,2025,2026,-2.0,number,daily,AMD,ticker token,single_stock,True,True
S000096879,Defiance Daily Target 2X Short AMD ETF,Defiance Daily Target 2X Short AMD ETF,Tidal Trust II,0001924868,,,2026,2026,-2.0,number,daily,AMD,ticker token,single_stock,True,False
S000081152,GraniteShares 1x Short AMD Daily ETF,GraniteShares 1x Short AMD Daily ETF,GraniteShares ETF Trust,0001689873,,,2023,2026,-1.0,number,daily,AMD,ticker token,single_stock,True,False
S000088058,Direxion Daily AMD Bear 1X ETF,Direxion Daily AMD Bear 1X Shares | Direxion Daily AMD Bear 1X ETF,Direxion Shares ETF Trust,0001424958,AMDD,AMDD,2025,2026,-1.0,number,daily,AMD,ticker token,single_stock,True,True
S000076350,GraniteShares 2x Long AMD Daily ETF,GraniteShares 2x Long AMD Daily ETF | GraniteShares 1.25x Long AMD Daily ETF,GraniteShares ETF Trust,0001689873,AMDL,AMDL,2022,2026,2.0,number,daily,AMD,ticker token,single_stock,True,True
S000086639,Leverage Shares 2X Long AMD Daily ETF,Leverage Shares 2X Long AMD Daily ETF,Themes ETF Trust,0001976322,AMDG,AMDG,2025,2026,2.0,number,daily,AMD,ticker token,single_stock,True,True
S000088048,Direxion Daily AMD Bull 2X ETF,Direxion Daily AMD Bull 2X Shares | Direxion Daily AMD Bull 2X ETF,Direxion Shares ETF Trust,0001424958,AMUU,AMUU,2025,2026,2.0,number,daily,AMD,ticker token,single_stock,True,True
S000095107,GraniteShares YieldBOOST AMD 2x Income ETF,GraniteShares YieldBOOST AMD 2x Income ETF,GraniteShares ETF Trust,0001689873,,,2026,2026,2.0,number,daily,AMD,ticker token,single_stock,True,False
S000104884,Corgi AMD 2x Daily ETF,Corgi AMD 2x Daily ETF,Corgi ETF Trust I,0002078265,,,2026,2026,2.0,number,daily,AMD,ticker token,single_stock,True,False
S000098442,Defiance Daily Target 3X Long AMD ETF,Defiance Daily Target 3X Long AMD ETF,ETF Series Solutions,0001540305,,,2026,2026,3.0,number,daily,AMD,ticker token,single_stock,True,False
S000098597,Leverage Shares 3X Long AMD Daily ETF,Leverage Shares 3X Long AMD Daily ETF,Themes ETF Trust,0001976322,,,2026,2026,3.0,number,daily,AMD,ticker token,single_stock,True,False
S000098726,ProShares Daily Target 3x AMD,ProShares Daily Target 3x AMD,PROSHARES TRUST,0001174610,,,2026,2026,3.0,number,daily,AMD,ticker token,single_stock,True,False
S000098815,T-REX 3X Long AMD Daily Target ETF,T-REX 3X Long AMD Daily Target ETF,ETF Opportunities Trust,0001771146,,,2026,2026,3.0,number,daily,AMD,ticker token,single_stock,True,False
S000099513,GraniteShares 3x Long AMD Daily ETF,GraniteShares 3x Long AMD Daily ETF,GraniteShares ETF Trust,0001689873,,,2026,2026,3.0,number,daily,AMD,ticker token,single_stock,True,False
S000099654,Tradr 3X Long AMD Daily ETF,Tradr 3X Long AMD Daily ETF,Investment Managers Series Trust II,0001587982,,,2026,2026,3.0,number,daily,AMD,ticker token,single_stock,True,False
S000099691,Direxion Daily AMD Bull 3X ETF,Direxion Daily AMD Bull 3X ETF,Direxion Shares ETF Trust,0001424958,,,2026,2026,3.0,number,daily,AMD,ticker token,single_stock,True,False
S000099856,3x AMD ETF,3x AMD ETF,Volatility Shares Trust,0001884021,,,2026,2026,3.0,number,daily,AMD,ticker token,single_stock,True,False
S000103710,T-REX 4X LONG AMD DAILY TARGET ETF,T-REX 4X LONG AMD DAILY TARGET ETF,ETF Opportunities Trust,0001771146,,,2026,2026,4.0,number,daily,AMD,ticker token,single_stock,True,False
S000099872,5x AMD ETF,5x AMD ETF,Volatility Shares Trust,0001884021,,,2026,2026,5.0,number,daily,AMD,ticker token,single_stock,True,False
S000100996,Defiance Daily Target 2X Long AMKR ETF,Defiance Daily Target 2X Long AMKR ETF,Tidal Trust II,0001924868,,,2026,2026,2.0,number,daily,AMKR,ticker token,single_stock,True,False
S000104270,Leverage Shares 2X Long AMKR Daily ETF,Leverage Shares 2X Long AMKR Daily ETF,Themes ETF Trust,0001976322,,,2026,2026,2.0,number,daily,AMKR,ticker token,single_stock,True,False
S000104891,Corgi AMKR 2x Daily ETF,Corgi AMKR 2x Daily ETF,Corgi ETF Trust I,0002078265,,,2026,2026,2.0,number,daily,AMKR,ticker token,single_stock,True,False
S000102263,T-REX 2X LONG AMPX DAILY TARGET ETF,T-REX 2X LONG AMPX DAILY TARGET ETF,ETF Opportunities Trust,0001771146,,,2026,2026,2.0,number,daily,AMPX,ticker token,single_stock,True,False
S000104012,Defiance Daily Target 2X Long AMPX ETF,Defiance Daily Target 2X Long AMPX ETF,Tidal Trust II,0001924868,,,2026,2026,2.0,number,daily,AMPX,ticker token,single_stock,True,False
S000106584,T-REX 2X LONG AMSC DAILY TARGET ETF,T-REX 2X LONG AMSC DAILY TARGET ETF,ETF Opportunities Trust,0001771146,,,2026,2026,2.0,number,daily,AMSC,ticker token,single_stock,True,False
S000107459,Defiance Daily Target 2X Long AMSC ETF,Defiance Daily Target 2X Long AMSC ETF,Tidal Trust V,0002081107,,,2026,2026,2.0,number,daily,AMSC,ticker token,single_stock,True,False
S000101614,Defiance Daily Target 2X Long AMTM ETF,Defiance Daily Target 2X Long AMTM ETF,Tidal Trust II,0001924868,AMTL,AMTL,2026,2026,2.0,number,daily,AMTM,ticker token,single_stock,True,True
S000098419,Defiance Daily Target 3X Short AMZN ETF,Defiance Daily Target 3X Short AMZN ETF,ETF Series Solutions,0001540305,,,2026,2026,-3.0,number,daily,AMZN,ticker token,single_stock,True,False
S000098963,GraniteShares 3x Short AMZN Daily ETF,GraniteShares 3x Short AMZN Daily ETF,GraniteShares ETF Trust,0001689873,,,2026,2026,-3.0,number,daily,AMZN,ticker token,single_stock,True,False
S000076238,Direxion Daily AMZN Bear 2X Shares,Direxion Daily AMZN Bear 2X Shares,Direxion Shares ETF Trust,0001424958,,,2022,2023,-2.0,number,daily,AMZN,ticker token,single_stock,False,False
S000100828,Tradr 2X Short AMZN Daily ETF,Tradr 2X Short AMZN Daily ETF,Investment Managers Series Trust II,0001587982,AMZO,AMZO,2026,2026,-2.0,number,daily,AMZN,ticker token,single_stock,True,True
S000076246,Direxion Daily AMZN Bear 1X ETF,Direxion Daily AMZN Bear 1X Shares | Direxion Daily AMZN Bear 1X ETF,Direxion Shares ETF Trust,0001424958,AMZD,AMZD,2022,2026,-1.0,number,daily,AMZN,ticker token,single_stock,True,True
S000076237,Direxion Daily AMZN Bull 2X ETF,Direxion Daily AMZN Bull 2X Shares | Direxion Daily AMZN Bull 1.5X Shares | Direxion Daily AMZN Bull 2X ETF,Direxion Shares ETF Trust,0001424958,AMZU,AMZU,2022,2026,2.0,number,daily,AMZN,ticker token,single_stock,True,True
S000076354,GraniteShares 2x Long AMZN Daily ETF,GraniteShares 2x Long Amazon Daily ETF | GraniteShares 1.5x Long AMZN Daily ETF | GraniteShares 2x Long AMZN Daily ETF,GraniteShares ETF Trust,0001689873,AMZZ,AMZZ,2022,2026,2.0,number,daily,AMZN,ticker token,single_stock,True,True
S000091234,Leverage Shares 2X Long AMZN Daily ETF,Leverage Shares 2X Long AMZN Daily ETF,Themes ETF Trust,0001976322,,,2025,2026,2.0,number,daily,AMZN,ticker token,single_stock,True,False
S000095108,GraniteShares YieldBOOST AMZN 2x Income ETF,GraniteShares YieldBOOST AMZN 2x Income ETF,GraniteShares ETF Trust,0001689873,,,2026,2026,2.0,number,daily,AMZN,ticker token,single_stock,True,False
S000104821,Corgi AMZN 2x Daily ETF,Corgi AMZN 2x Daily ETF,Corgi ETF Trust I,0002078265,,,2026,2026,2.0,number,daily,AMZN,ticker token,single_stock,True,False
S000098447,Defiance Daily Target 3X Long AMZN ETF,Defiance Daily Target 3X Long AMZN ETF,ETF Series Solutions,0001540305,,,2026,2026,3.0,number,daily,AMZN,ticker token,single_stock,True,False
S000098555,Direxion Daily AMZN Bull 3X ETF,Direxion Daily AMZN Bull 3X ETF,Direxion Shares ETF Trust,0001424958,,,2026,2026,3.0,number,daily,AMZN,ticker token,single_stock,True,False
S000098598,Leverage Shares 3X Long AMZN Daily ETF,Leverage Shares 3X Long AMZN Daily ETF,Themes ETF Trust,0001976322,,,2026,2026,3.0,number,daily,AMZN,ticker token,single_stock,True,False
S000098727,ProShares Daily Target 3x AMZN,ProShares Daily Target 3x AMZN,PROSHARES TRUST,0001174610,,,2026,2026,3.0,number,daily,AMZN,ticker token,single_stock,True,False
S000098826,T-REX 3X Long AMZN Daily Target ETF,T-REX 3X Long AMZN Daily Target ETF,ETF Opportunities Trust,0001771146,,,2026,2026,3.0,number,daily,AMZN,ticker token,single_stock,True,False
S000098958,GraniteShares 3x Long AMZN Daily ETF,GraniteShares 3x Long AMZN Daily ETF,GraniteShares ETF Trust,0001689873,,,2026,2026,3.0,number,daily,AMZN,ticker token,single_stock,True,False
S000099857,3x AMZN ETF,3x AMZN ETF,Volatility Shares Trust,0001884021,,,2026,2026,3.0,number,daily,AMZN,ticker token,single_stock,True,False
S000103712,T-REX 4X LONG AMZN DAILY TARGET ETF,T-REX 4X LONG AMZN DAILY TARGET ETF,ETF Opportunities Trust,0001771146,,,2026,2026,4.0,number,daily,AMZN,ticker token,single_stock,True,False
S000099873,5x AMZN ETF,5x AMZN ETF,Volatility Shares Trust,0001884021,,,2026,2026,5.0,number,daily,AMZN,ticker token,single_stock,True,False
S000107359,Direxion Daily ANET Bear 2X ETF,Direxion Daily ANET Bear 2X ETF,Direxion Shares ETF Trust,0001424958,,,2026,2026,-2.0,number,daily,ANET,ticker token,single_stock,True,False
S000092416,Defiance Daily Target 2X Long ANET ETF,Defiance Daily Target 2X Long ANET ETF,Tidal Trust II,0001924868,,,2025,2026,2.0,number,daily,ANET,ticker token,single_stock,True,False
S000107344,Direxion Daily ANET Bull 2X ETF,Direxion Daily ANET Bull 2X ETF,Direxion Shares ETF Trust,0001424958,,,2026,2026,2.0,number,daily,ANET,ticker token,single_stock,True,False
S000104271,Leverage Shares 2X Long APD Daily ETF,Leverage Shares 2X Long APD Daily ETF,Themes ETF Trust,0001976322,,,2026,2026,2.0,number,daily,APD,ticker token,single_stock,True,False
S000098202,T-REX 2X LONG APH DAILY TARGET ETF,T-REX 2X LONG APH DAILY TARGET ETF,ETF Opportunities Trust,0001771146,APHU,APHU,2026,2026,2.0,number,daily,APH,ticker token,single_stock,True,True
S000105565,Leverage Shares 2X Long APH Daily ETF,Leverage Shares 2X Long APH Daily ETF,Themes ETF Trust,0001976322,,,2026,2026,2.0,number,daily,APH,ticker token,single_stock,True,False
S000099408,Defiance Daily Target 2X Short APLD ETF,Defiance Daily Target 2X Short APLD ETF,Tidal Trust II,0001924868,SAPL,SAPL,2026,2026,-2.0,number,daily,APLD,ticker token,single_stock,True,True
S000100830,Tradr 2X Short APLD Daily ETF,Tradr 2X Short APLD Daily ETF,Investment Managers Series Trust II,0001587982,APLZ,APLZ,2026,2026,-2.0,number,daily,APLD,ticker token,single_stock,True,True
S000095051,Tradr 2X Long APLD Daily ETF,Tradr 2X Long APLD Daily ETF,Investment Managers Series Trust II,0001587982,APLX,APLX,2026,2026,2.0,number,daily,APLD,ticker token,single_stock,True,True
S000095472,T-REX 2X LONG APLD DAILY TARGET ETF,T-REX 2X LONG APLD DAILY TARGET ETF,ETF Opportunities Trust,0001771146,,,2026,2026,2.0,number,daily,APLD,ticker token,single_stock,True,False
S000095542,Defiance Daily Target 2X Long APLD ETF,Defiance Daily Target 2X Long APLD ETF,Tidal Trust II,0001924868,,,2026,2026,2.0,number,daily,APLD,ticker token,single_stock,True,False
S000099273,Tradr 3X Long APLD Daily ETF,Tradr 3X Long APLD Daily ETF,Investment Managers Series Trust II,0001587982,,,2026,2026,3.0,number,daily,APLD,ticker token,single_stock,True,False
S000100309,Defiance Daily Target 3X Long APLD ETF,Defiance Daily Target 3X Long APLD ETF,ETF Series Solutions,0001540305,,,2026,2026,3.0,number,daily,APLD,ticker token,single_stock,True,False
S000096889,Defiance Daily Target 2X Short APP ETF,Defiance Daily Target 2X Short APP ETF,Tidal Trust II,0001924868,,,2026,2026,-2.0,number,daily,APP,ticker token,single_stock,True,False
S000105162,GraniteShares 2x Short APP Daily ETF,GraniteShares 2x Short APP Daily ETF,GraniteShares ETF Trust,0001689873,,,2026,2026,-2.0,number,daily,APP,ticker token,single_stock,True,False
S000091894,Tradr 2X Long APP Daily ETF,Tradr 2X Long APP Daily ETF,Investment Managers Series Trust II,0001587982,APPX,APPX,2025,2026,2.0,number,daily,APP,ticker token,single_stock,True,True
S000094376,GraniteShares 2x Long APP Daily ETF,GraniteShares 2x Long APP Daily ETF,GraniteShares ETF Trust,0001689873,,,2025,2026,2.0,number,daily,APP,ticker token,single_stock,True,False
S000104823,Corgi APP 2x Daily ETF,Corgi APP 2x Daily ETF,Corgi ETF Trust I,0002078265,,,2026,2026,2.0,number,daily,APP,ticker token,single_stock,True,False
S000107410,Leverage Shares 2X Long APP Daily ETF,Leverage Shares 2X Long APP Daily ETF,Themes ETF Trust,0001976322,,,2026,2026,2.0,number,daily,APP,ticker token,single_stock,True,False
S000098837,T-REX 3X Long APP Daily Target ETF,T-REX 3X Long APP Daily Target ETF,ETF Opportunities Trust,0001771146,,,2026,2026,3.0,number,daily,APP,ticker token,single_stock,True,False
S000099278,Tradr 3X Long APP Daily ETF,Tradr 3X Long APP Daily ETF,Investment Managers Series Trust II,0001587982,,,2026,2026,3.0,number,daily,APP,ticker token,single_stock,True,False
S000100053,T-REX 2X LONG AQMS DAILY TARGET ETF,T-REX 2X LONG AQMS DAILY TARGET ETF,ETF Opportunities Trust,0001771146,,,2026,2026,2.0,number,daily,AQMS,ticker token,single_stock,True,False
S000100054,T-REX 2X LONG AREC DAILY TARGET ETF,T-REX 2X LONG AREC DAILY TARGET ETF,ETF Opportunities Trust,0001771146,ARCU,ARCU,2026,2026,2.0,number,daily,AREC,ticker token,single_stock,True,True
S000099415,Defiance Daily Target 2X Short ARM ETF,Defiance Daily Target 2X Short ARM ETF,Tidal Trust II,0001924868,SARM,SARM,2026,2026,-2.0,number,daily,ARM,ticker token,single_stock,True,True
S000088297,GraniteShares 1x Short ARM Daily ETF,GraniteShares 1x Short ARM Daily ETF,GraniteShares ETF Trust,0001689873,,,2025,2026,-1.0,number,daily,ARM,ticker token,single_stock,True,False
S000086640,Leverage Shares 2X Long ARM Daily ETF,Leverage Shares 2X Long ARM Daily ETF,Themes ETF Trust,0001976322,ARMG,ARMG,2025,2026,2.0,number,daily,ARM,ticker token,single_stock,True,True
S000087463,T-REX 2X LONG ARM DAILY TARGET ETF,T-REX 2X LONG ARM DAILY TARGET ETF,ETF Opportunities Trust,0001771146,ARMU,ARMU,2025,2026,2.0,number,daily,ARM,ticker token,single_stock,True,True
S000090803,GraniteShares 2x Long ARM Daily ETF,GraniteShares 2x Long ARM Daily ETF,GraniteShares ETF Trust,0001689873,,,2025,2026,2.0,number,daily,ARM,ticker token,single_stock,True,False
S000092417,Defiance Daily Target 2X Long ARM ETF,Defiance Daily Target 2X Long ARM ETF,Tidal Trust II,0001924868,,,2025,2026,2.0,number,daily,ARM,ticker token,single_stock,True,False
S000104870,Corgi ARM 2x Daily ETF,Corgi ARM 2x Daily ETF,Corgi ETF Trust I,0002078265,,,2026,2026,2.0,number,daily,ARM,ticker token,single_stock,True,False
S000100573,Tradr 2X Long ARQQ Daily ETF,Tradr 2X Long ARQQ Daily ETF,Investment Managers Series Trust II,0001587982,ARQX,ARQX,2026,2026,2.0,number,daily,ARQQ,ticker token,single_stock,True,True
S000104054,Corgi ASM 2x Daily ETF,Corgi ASM 2x Daily ETF,Corgi ETF Trust I,0002078265,,,2026,2026,2.0,number,daily,ASM,ticker token,single_stock,True,False
S000092936,Direxion Daily ASML Bear 1X ETF,Direxion Daily ASML Bear 1X Shares | Direxion Daily ASML Bear 1X ETF,Direxion Shares ETF Trust,0001424958,,,2025,2026,-1.0,number,daily,ASML,ticker token,single_stock,True,False
S000086641,Leverage Shares 2X Long ASML Daily ETF,Leverage Shares 2X Long ASML Daily ETF,Themes ETF Trust,0001976322,ASMG,ASMG,2025,2026,2.0,number,daily,ASML,ticker token,single_stock,True,True
S000091099,KraneShares 2x Long ASML Daily ETF,KraneShares 2x Long ASML Daily ETF,Krane Shares Trust,0001547576,KASM,KASM,2025,2026,2.0,number,daily,ASML,ticker token,single_stock,True,True
S000092925,Direxion Daily ASML Bull 2X ETF,Direxion Daily ASML Bull 2X Shares | Direxion Daily ASML Bull 2X ETF,Direxion Shares ETF Trust,0001424958,ASMU,ASMU,2025,2026,2.0,number,daily,ASML,ticker token,single_stock,True,True
S000104827,Corgi ASML 2x Daily ETF,Corgi ASML 2x Daily ETF,Corgi ETF Trust I,0002078265,,,2026,2026,2.0,number,daily,ASML,ticker token,single_stock,True,False
S000107004,Tradr 2X Long ASPI Daily ETF,Tradr 2X Long ASPI Daily ETF,Investment Managers Series Trust II,0001587982,,,2026,2026,2.0,number,daily,ASPI,ticker token,single_stock,True,False
S000097425,T-REX 2X LONG ASST DAILY TARGET ETF,T-REX 2X LONG ASST DAILY TARGET ETF,ETF Opportunities Trust,0001771146,,,2026,2026,2.0,number,daily,ASST,ticker token,single_stock,True,False
S000097911,Leverage Shares 2X Long ASST Daily ETF,Leverage Shares 2X Long ASST Daily ETF,Themes ETF Trust,0001976322,,,2026,2026,2.0,number,daily,ASST,ticker token,single_stock,True,False
S000096890,Defiance Daily Target 2X Short ASTS ETF,Defiance Daily Target 2X Short ASTS ETF,Tidal Trust II,0001924868,,,2026,2026,-2.0,number,daily,ASTS,ticker token,single_stock,True,False
S000105163,GraniteShares 2x Short ASTS Daily ETF,GraniteShares 2x Short ASTS Daily ETF,GraniteShares ETF Trust,0001689873,,,2026,2026,-2.0,number,daily,ASTS,ticker token,single_stock,True,False
S000093731,Tradr 2X Long ASTS Daily ETF,Tradr 2X Long ASTS Daily ETF,Investment Managers Series Trust II,0001587982,ASTX,ASTX,2025,2026,2.0,number,daily,ASTS,ticker token,single_stock,True,True
S000096439,T-REX 2X Long ASTS Daily Target ETF,T-REX 2X Long ASTS Daily Target ETF,ETF Opportunities Trust,0001771146,ASTU,ASTU,2026,2026,2.0,number,daily,ASTS,ticker token,single_stock,True,True
S000103136,Defiance Daily Target 2X Long ASTS ETF,Defiance Daily Target 2X Long ASTS ETF,Tidal Trust II,0001924868,ASTY,ASTY,2026,2026,2.0,number,daily,ASTS,ticker token,single_stock,True,True
S000104824,Corgi ASTS 2x Daily ETF,Corgi ASTS 2x Daily ETF,Corgi ETF Trust I,0002078265,,,2026,2026,2.0,number,daily,ASTS,ticker token,single_stock,True,False
S000105157,GraniteShares 2x Long ASTS Daily ETF,GraniteShares 2x Long ASTS Daily ETF,GraniteShares ETF Trust,0001689873,,,2026,2026,2.0,number,daily,ASTS,ticker token,single_stock,True,False
S000105566,Leverage Shares 2X Long ASTS Daily ETF,Leverage Shares 2X Long ASTS Daily ETF,Themes ETF Trust,0001976322,,,2026,2026,2.0,number,daily,ASTS,ticker token,single_stock,True,False
S000098849,T-REX 3X Long ASTS Daily Target ETF,T-REX 3X Long ASTS Daily Target ETF,ETF Opportunities Trust,0001771146,,,2026,2026,3.0,number,daily,ASTS,ticker token,single_stock,True,False
S000099279,Tradr 3X Long ASTS Daily ETF,Tradr 3X Long ASTS Daily ETF,Investment Managers Series Trust II,0001587982,,,2026,2026,3.0,number,daily,ASTS,ticker token,single_stock,True,False
S000100300,Defiance Daily Target 3X Long ASTS ETF,Defiance Daily Target 3X Long ASTS ETF,ETF Series Solutions,0001540305,,,2026,2026,3.0,number,daily,ASTS,ticker token,single_stock,True,False
S000104579,Leverage Shares 3X Long ASTS Daily ETF,Leverage Shares 3X Long ASTS Daily ETF,Themes ETF Trust,0001976322,,,2026,2026,3.0,number,daily,ASTS,ticker token,single_stock,True,False
S000104692,Leverage Shares 4x Long ASTS Daily ETF,Leverage Shares 4x Long ASTS Daily ETF,Themes ETF Trust,0001976322,,,2026,2026,4.0,number,daily,ASTS,ticker token,single_stock,True,False
S000105567,Leverage Shares 2X Long ASX Daily ETF,Leverage Shares 2X Long ASX Daily ETF,Themes ETF Trust,0001976322,,,2026,2026,2.0,number,daily,ASX,ticker token,single_stock,True,False
S000093890,T-REX 2X LONG AUR DAILY TARGET ETF,T-REX 2X LONG AUR DAILY TARGET ETF,ETF Opportunities Trust,0001771146,AURL,AURL,2025,2026,2.0,number,daily,AUR,ticker token,single_stock,True,True
S000095062,Tradr 2X Long AUR Daily ETF,Tradr 2X Long AUR Daily ETF,Investment Managers Series Trust II,0001587982,,,2026,2026,2.0,number,daily,AUR,ticker token,single_stock,True,False
S000093891,T-REX 2X LONG AVAV DAILY TARGET ETF,T-REX 2X LONG AVAV DAILY TARGET ETF,ETF Opportunities Trust,0001771146,AVUP,AVUP,2025,2026,2.0,number,daily,AVAV,ticker token,single_stock,True,True
S000095543,Defiance Daily Target 2X Long AVAV ETF,Defiance Daily Target 2X Long AVAV ETF,Tidal Trust II,0001924868,,,2026,2026,2.0,number,daily,AVAV,ticker token,single_stock,True,False
S000098421,Defiance Daily Target 3X Short AVGO ETF,Defiance Daily Target 3X Short AVGO ETF,ETF Series Solutions,0001540305,,,2026,2026,-3.0,number,daily,AVGO,ticker token,single_stock,True,False
S000099145,GraniteShares 3x Short AVGO Daily ETF,GraniteShares 3x Short AVGO Daily ETF,GraniteShares ETF Trust,0001689873,,,2026,2026,-3.0,number,daily,AVGO,ticker token,single_stock,True,False
S000087484,T-REX 2X INVERSE AVGO DAILY TARGET ETF,T-REX 2X INVERSE AVGO DAILY TARGET ETF,ETF Opportunities Trust,0001771146,AVGD,AVGD,2025,2026,-2.0,number,daily,AVGO,ticker token,single_stock,True,True
S000088298,GraniteShares 2x Short AVGO Daily ETF,GraniteShares 2x Short AVGO Daily ETF,GraniteShares ETF Trust,0001689873,AVGS,AVGS,2025,2026,-2.0,number,daily,AVGO,ticker token,single_stock,True,True
S000096891,Defiance Daily Target 2X Short AVGO ETF,Defiance Daily Target 2X Short AVGO ETF,Tidal Trust II,0001924868,,,2026,2026,-2.0,number,daily,AVGO,ticker token,single_stock,True,False
S000088060,Direxion Daily AVGO Bear 1X ETF,Direxion Daily AVGO Bear 1X Shares | Direxion Daily AVGO Bear 1X ETF,Direxion Shares ETF Trust,0001424958,AVS,AVS,2025,2026,-1.0,number,daily,AVGO,ticker token,single_stock,True,True
S000085139,Defiance Daily Target 2X Long AVGO ETF,Defiance Daily Target 2X Long PANW ETF | Defiance Daily Target 2X Long AVGO ETF,Tidal Trust II,0001924868,AVGX,PANX | AVGX,2024,2026,2.0,number,daily,AVGO,ticker token,single_stock,True,True
S000087464,T-REX 2X LONG AVGO DAILY TARGET ETF,T-REX 2X LONG AVGO DAILY TARGET ETF,ETF Opportunities Trust,0001771146,AVGU,AVGU,2025,2026,2.0,number,daily,AVGO,ticker token,single_stock,True,True
S000088059,Direxion Daily AVGO Bull 2X ETF,Direxion Daily AVGO Bull 2X Shares | Direxion Daily AVGO Bull 2X ETF,Direxion Shares ETF Trust,0001424958,AVL,AVL,2025,2026,2.0,number,daily,AVGO,ticker token,single_stock,True,True
S000088314,GraniteShares 2x Long AVGO Daily ETF,GraniteShares 2x Long AVGO Daily ETF,GraniteShares ETF Trust,0001689873,AVGU,AVGU,2025,2026,2.0,number,daily,AVGO,ticker token,single_stock,True,True
S000091235,Leverage Shares 2X Long AVGO Daily ETF,Leverage Shares 2X Long AVGO Daily ETF,Themes ETF Trust,0001976322,AVGG,AVGG,2025,2026,2.0,number,daily,AVGO,ticker token,single_stock,True,True
S000104825,Corgi AVGO 2x Daily ETF,Corgi AVGO 2x Daily ETF,Corgi ETF Trust I,0002078265,,,2026,2026,2.0,number,daily,AVGO,ticker token,single_stock,True,False
S000098449,Defiance Daily Target 3X Long AVGO ETF,Defiance Daily Target 3X Long AVGO ETF,ETF Series Solutions,0001540305,,,2026,2026,3.0,number,daily,AVGO,ticker token,single_stock,True,False
S000098599,Leverage Shares 3X Long AVGO Daily ETF,Leverage Shares 3X Long AVGO Daily ETF,Themes ETF Trust,0001976322,,,2026,2026,3.0,number,daily,AVGO,ticker token,single_stock,True,False
S000098850,T-REX 3X Long AVGO Daily Target ETF,T-REX 3X Long AVGO Daily Target ETF,ETF Opportunities Trust,0001771146,,,2026,2026,3.0,number,daily,AVGO,ticker token,single_stock,True,False
S000099003,ProShares Daily Target 3x AVGO,ProShares Daily Target 3x AVGO,PROSHARES TRUST,0001174610,,,2026,2026,3.0,number,daily,AVGO,ticker token,single_stock,True,False
S000099142,GraniteShares 3x Long AVGO Daily ETF,GraniteShares 3x Long AVGO Daily ETF,GraniteShares ETF Trust,0001689873,,,2026,2026,3.0,number,daily,AVGO,ticker token,single_stock,True,False
S000099693,Direxion Daily AVGO Bull 3X ETF,Direxion Daily AVGO Bull 3X ETF,Direxion Shares ETF Trust,0001424958,,,2026,2026,3.0,number,daily,AVGO,ticker token,single_stock,True,False
S000100371,3x AVGO ETF,3x AVGO ETF,Volatility Shares Trust,0001884021,,,2026,2026,3.0,number,daily,AVGO,ticker token,single_stock,True,False
S000103713,T-REX 4X LONG AVGO DAILY TARGET ETF,T-REX 4X LONG AVGO DAILY TARGET ETF,ETF Opportunities Trust,0001771146,,,2026,2026,4.0,number,daily,AVGO,ticker token,single_stock,True,False
S000100372,5x AVGO ETF,5x AVGO ETF,Volatility Shares Trust,0001884021,,,2026,2026,5.0,number,daily,AVGO,ticker token,single_stock,True,False
S000093892,T-REX 2X LONG AXON DAILY TARGET ETF,T-REX 2X LONG AXON DAILY TARGET ETF,ETF Opportunities Trust,0001771146,AXUP,AXUP,2025,2026,2.0,number,daily,AXON,ticker token,single_stock,True,True
S000100544,Leverage Shares 2X Long AXP Daily ETF,Leverage Shares 2X Long AXP Daily ETF,Themes ETF Trust,0001976322,,,2026,2026,2.0,number,daily,AXP,ticker token,single_stock,True,False
S000106997,Tradr 2X Short AXTI Daily ETF,Tradr 2X Short AXTI Daily ETF,Investment Managers Series Trust II,0001587982,,,2026,2026,-2.0,number,daily,AXTI,ticker token,single_stock,True,False
S000102264,T-REX 2X LONG AXTI DAILY TARGET ETF,T-REX 2X LONG AXTI DAILY TARGET ETF,ETF Opportunities Trust,0001771146,,,2026,2026,2.0,number,daily,AXTI,ticker token,single_stock,True,False
S000103182,Tradr 2X Long AXTI Daily ETF,Tradr 2X Long AXTI Daily ETF,Investment Managers Series Trust II,0001587982,,,2026,2026,2.0,number,daily,AXTI,ticker token,single_stock,True,False
S000104899,Corgi AXTI 2x Daily ETF,Corgi AXTI 2x Daily ETF,Corgi ETF Trust I,0002078265,,,2026,2026,2.0,number,daily,AXTI,ticker token,single_stock,True,False
S000105568,Leverage Shares 2X Long AXTI Daily ETF,Leverage Shares 2X Long AXTI Daily ETF,Themes ETF Trust,0001976322,,,2026,2026,2.0,number,daily,AXTI,ticker token,single_stock,True,False
S000089802,Defiance Daily Target 2X Long B ETF,Defiance Daily Target 2X Long GOLD ETF | Defiance Daily Target 2X Long B ETF,Tidal Trust II,0001924868,BU,GOLX | BU,2025,2026,2.0,number,daily,B,ticker token,single_stock,True,True
S000093877,T-REX 2X LONG B DAILY TARGET ETF,T-REX 2X LONG GOLD DAILY TARGET ETF | T-REX 2X LONG B DAILY TARGET ETF,ETF Opportunities Trust,0001771146,GLDU,GLDU,2025,2026,2.0,number,daily,B,ticker token,single_stock,True,True
S000087485,T-REX 2X INVERSE BA DAILY TARGET ETF,T-REX 2X INVERSE BA DAILY TARGET ETF,ETF Opportunities Trust,0001771146,BAD,BAD,2025,2026,-2.0,number,daily,BA,ticker token,single_stock,True,True
S000076090,AXS 1.25X BA Bear Daily ETF,AXS 2X BA Bear Daily ETF | AXS 1.25X BA Bear Daily ETF,Investment Managers Series Trust II,0001587982,BAS,BAS,2022,2023,-1.25,number,daily,BA,ticker token,single_stock,False,True
S000088062,Direxion Daily BA Bear 1X ETF,Direxion Daily BA Bear 1X Shares | Direxion Daily BA Bear 1X ETF,Direxion Shares ETF Trust,0001424958,BOED,BOED,2025,2026,-1.0,number,daily,BA,ticker token,single_stock,True,True
S000076100,AXS 1.25X BA Bull Daily ETF,AXS 2X BA Bull Daily ETF | AXS 1.25X BA Bull Daily ETF,Investment Managers Series Trust II,0001587982,BAT,BAT,2022,2023,1.25,number,daily,BA,ticker token,single_stock,False,True
S000086642,Leverage Shares 2X Long BA Daily ETF,Leverage Shares 2X Long BA Daily ETF,Themes ETF Trust,0001976322,BOEG,BOEG,2025,2026,2.0,number,daily,BA,ticker token,single_stock,True,True
S000088061,Direxion Daily BA Bull 2X ETF,Direxion Daily BA Bull 2X Shares | Direxion Daily BA Bull 2X ETF,Direxion Shares ETF Trust,0001424958,BOEU,BOEU,2025,2026,2.0,number,daily,BA,ticker token,single_stock,True,True
S000098414,Defiance Daily Target 3X Short BABA ETF,Defiance Daily Target 3X Short BABA ETF,ETF Series Solutions,0001540305,,,2026,2026,-3.0,number,daily,BABA,ticker token,single_stock,True,False
S000099146,GraniteShares 3x Short BABA Daily ETF,GraniteShares 3x Short BABA Daily ETF,GraniteShares ETF Trust,0001689873,,,2026,2026,-3.0,number,daily,BABA,ticker token,single_stock,True,False
S000092940,Direxion Daily BABA Bear 1X ETF,Direxion Daily BABA Bear 1X Shares | Direxion Daily BABA Bear 1X ETF,Direxion Shares ETF Trust,0001424958,,,2025,2026,-1.0,number,daily,BABA,ticker token,single_stock,True,False
S000076352,GraniteShares 2x Long BABA Daily ETF,GraniteShares 2x Long Alibaba Daily ETF | GraniteShares 1.75x Long BABA Daily ETF | GraniteShares 2x Long BABA Daily ETF,GraniteShares ETF Trust,0001689873,BABX,BABX,2022,2026,2.0,number,daily,BABA,ticker token,single_stock,True,True
S000089268,KraneShares 2x Long BABA Daily ETF,KraneShares 2x Long BABA Daily ETF,Krane Shares Trust,0001547576,KBAB,KBAB,2025,2026,2.0,number,daily,BABA,ticker token,single_stock,True,True
S000091236,Leverage Shares 2X Long BABA Daily ETF,Leverage Shares 2X Long BABA Daily ETF,Themes ETF Trust,0001976322,,,2025,2026,2.0,number,daily,BABA,ticker token,single_stock,True,False
S000092939,Direxion Daily BABA Bull 2X ETF,Direxion Daily BABA Bull 2X Shares | Direxion Daily BABA Bull 2X ETF,Direxion Shares ETF Trust,0001424958,BABU,BABU,2025,2026,2.0,number,daily,BABA,ticker token,single_stock,True,True
S000095109,GraniteShares YieldBOOST BABA 2x Income ETF,GraniteShares YieldBOOST BABA 2x Income ETF,GraniteShares ETF Trust,0001689873,,,2026,2026,2.0,number,daily,BABA,ticker token,single_stock,True,False
S000104839,Corgi BABA 2x Daily ETF,Corgi BABA 2x Daily ETF,Corgi ETF Trust I,0002078265,,,2026,2026,2.0,number,daily,BABA,ticker token,single_stock,True,False
S000098441,Defiance Daily Target 3X Long BABA ETF,Defiance Daily Target 3X Long BABA ETF,ETF Series Solutions,0001540305,,,2026,2026,3.0,number,daily,BABA,ticker token,single_stock,True,False
S000098600,Leverage Shares 3X Long BABA Daily ETF,Leverage Shares 3X Long BABA Daily ETF,Themes ETF Trust,0001976322,,,2026,2026,3.0,number,daily,BABA,ticker token,single_stock,True,False
S000098851,T-REX 3X Long BABA Daily Target ETF,T-REX 3X Long BABA Daily Target ETF,ETF Opportunities Trust,0001771146,,,2026,2026,3.0,number,daily,BABA,ticker token,single_stock,True,False
S000098993,ProShares Daily Target 3x BABA,ProShares Daily Target 3x BABA,PROSHARES TRUST,0001174610,,,2026,2026,3.0,number,daily,BABA,ticker token,single_stock,True,False
S000099143,GraniteShares 3x Long BABA Daily ETF,GraniteShares 3x Long BABA Daily ETF,GraniteShares ETF Trust,0001689873,,,2026,2026,3.0,number,daily,BABA,ticker token,single_stock,True,False
S000099694,Direxion Daily BABA Bull 3X ETF,Direxion Daily BABA Bull 3X ETF,Direxion Shares ETF Trust,0001424958,,,2026,2026,3.0,number,daily,BABA,ticker token,single_stock,True,False
S000100373,3x BABA ETF,3x BABA ETF,Volatility Shares Trust,0001884021,,,2026,2026,3.0,number,daily,BABA,ticker token,single_stock,True,False
S000100374,5x BABA ETF,5x BABA ETF,Volatility Shares Trust,0001884021,,,2026,2026,5.0,number,daily,BABA,ticker token,single_stock,True,False
S000105164,GraniteShares 2x Short BB Daily ETF,GraniteShares 2x Short BB Daily ETF,GraniteShares ETF Trust,0001689873,,,2026,2026,-2.0,number,daily,BB,ticker token,single_stock,True,False
S000105168,GraniteShares 2x Long BB Daily ETF,GraniteShares 2x Long BB Daily ETF,GraniteShares ETF Trust,0001689873,,,2026,2026,2.0,number,daily,BB,ticker token,single_stock,True,False
S000106585,T-REX 2X LONG BB DAILY TARGET ETF,T-REX 2X LONG BB DAILY TARGET ETF,ETF Opportunities Trust,0001771146,,,2026,2026,2.0,number,daily,BB,ticker token,single_stock,True,False
S000096892,Defiance Daily Target 2X Short BBAI ETF,Defiance Daily Target 2X Short BBAI ETF,Tidal Trust II,0001924868,,,2026,2026,-2.0,number,daily,BBAI,ticker token,single_stock,True,False
S000093823,Leverage Shares 2X Long BBAI Daily ETF,Leverage Shares 2X Long BBAI Daily ETF,Themes ETF Trust,0001976322,BAIG,BAIG,2025,2026,2.0,number,daily,BBAI,ticker token,single_stock,True,True
S000093893,T-REX 2X LONG BBAI DAILY TARGET ETF,T-REX 2X LONG BBAI DAILY TARGET ETF,ETF Opportunities Trust,0001771146,BBUP,BBUP,2025,2026,2.0,number,daily,BBAI,ticker token,single_stock,True,True
S000099416,Defiance Daily Target 2X Short BE ETF,Defiance Daily Target 2X Short BE ETF,Tidal Trust II,0001924868,BES,BES,2026,2026,-2.0,number,daily,BE,ticker token,single_stock,True,True
S000100831,Tradr 2X Short BE Daily ETF,Tradr 2X Short BE Daily ETF,Investment Managers Series Trust II,0001587982,BEZ,BEZ,2026,2026,-2.0,number,daily,BE,ticker token,single_stock,True,True
S000096127,Tradr 2X Long BE Daily ETF,Tradr 2X Long BE Daily ETF,Investment Managers Series Trust II,0001587982,BEX,BEX,2026,2026,2.0,number,daily,BE,ticker token,single_stock,True,True
S000098107,Leverage Shares 2X Long BE Daily ETF,Leverage Shares 2X Long BE Daily ETF,Themes ETF Trust,0001976322,,,2026,2026,2.0,number,daily,BE,ticker token,single_stock,True,False
S000100079,Defiance Daily Target 2X Long BE ETF,Defiance Daily Target 2X Long BE ETF,Tidal Trust II,0001924868,LBE,LBE,2026,2026,2.0,number,daily,BE,ticker token,single_stock,True,True
S000104876,Corgi BE 2x Daily ETF,Corgi BE 2x Daily ETF,Corgi ETF Trust I,0002078265,,,2026,2026,2.0,number,daily,BE,ticker token,single_stock,True,False
S000099280,Tradr 3X Long BE Daily ETF,Tradr 3X Long BE Daily ETF,Investment Managers Series Trust II,0001587982,,,2026,2026,3.0,number,daily,BE,ticker token,single_stock,True,False
S000104013,Defiance Daily Target 2X Long BEAT ETF,Defiance Daily Target 2X Long BEAT ETF,Tidal Trust II,0001924868,,,2026,2026,2.0,number,daily,BEAT,ticker token,single_stock,True,False
S000100584,Tradr 2X Long BETR Daily ETF,Tradr 2X Long BETR Daily ETF,Investment Managers Series Trust II,0001587982,BETU,BETU,2026,2026,2.0,number,daily,BETR,ticker token,single_stock,True,True
S000102265,T-REX 2X LONG BHP DAILY TARGET ETF,T-REX 2X LONG BHP DAILY TARGET ETF,ETF Opportunities Trust,0001771146,,,2026,2026,2.0,number,daily,BHP,ticker token,single_stock,True,False
S000089269,KraneShares 2x Long BIDU Daily ETF,KraneShares 2x Long BIDU Daily ETF,Krane Shares Trust,0001547576,KBDU,KBDU,2025,2026,2.0,number,daily,BIDU,ticker token,single_stock,True,True
S000098108,Leverage Shares 2X Long BIDU Daily ETF,Leverage Shares 2X Long BIDU Daily ETF,Themes ETF Trust,0001976322,,,2026,2026,2.0,number,daily,BIDU,ticker token,single_stock,True,False
S000100082,Defiance Daily Target 2X Long BIIB ETF,Defiance Daily Target 2X Long BIIB ETF,Tidal Trust II,0001924868,LBII,LBII,2026,2026,2.0,number,daily,BIIB,ticker token,single_stock,True,True
S000099417,Defiance Daily Target 2X Short BITF ETF,Defiance Daily Target 2X Short BITF ETF,Tidal Trust II,0001924868,BTSS,BTSS,2026,2026,-2.0,number,daily,BITF,ticker token,single_stock,True,True
S000100329,T-REX 2X LONG BITF DAILY TARGET ETF,T-REX 2X LONG BITF DAILY TARGET ETF,ETF Opportunities Trust,0001771146,,,2026,2026,2.0,number,daily,BITF,ticker token,single_stock,True,False
S000100555,Leverage Shares 2X Long BITF Daily ETF,Leverage Shares 2X Long BITF Daily ETF,Themes ETF Trust,0001976322,,,2026,2026,2.0,number,daily,BITF,ticker token,single_stock,True,False
S000100588,Tradr 2X Long BKKT Daily ETF,Tradr 2X Long BKKT Daily ETF,Investment Managers Series Trust II,0001587982,BKKX,BKKX,2026,2026,2.0,number,daily,BKKT,ticker token,single_stock,True,True
S000093894,T-REX 2X LONG BKNG DAILY TARGET ETF,T-REX 2X LONG BKNG DAILY TARGET ETF,ETF Opportunities Trust,0001771146,BKNU,BKNU,2025,2026,2.0,number,daily,BKNG,ticker token,single_stock,True,True
S000103141,Defiance Daily Target 2X Long BKSY ETF,Defiance Daily Target 2X Long BKSY ETF,Tidal Trust II,0001924868,,,2026,2026,2.0,number,daily,BKSY,ticker token,single_stock,True,False
S000096438,T-REX 2X Inverse BLSH Daily Target ETF,T-REX 2X Inverse BLSH Daily Target ETF,ETF Opportunities Trust,0001771146,,,2026,2026,-2.0,number,daily,BLSH,ticker token,single_stock,True,False
S000096129,Tradr 2X Long BLSH Daily ETF,Tradr 2X Long BLSH Daily ETF,Investment Managers Series Trust II,0001587982,BLSX,BLSX,2026,2026,2.0,number,daily,BLSH,ticker token,single_stock,True,True
S000096194,ProShares Ultra BLSH,ProShares Ultra BLSH,PROSHARES TRUST,0001174610,,,2026,2026,2.0,proshares ultra,daily,BLSH,ticker token,single_stock,True,False
S000096289,Defiance Daily Target 2X Long BLSH ETF,Defiance Daily Target 2X Long BLSH ETF,Tidal Trust II,0001924868,,,2026,2026,2.0,number,daily,BLSH,ticker token,single_stock,True,False
S000096298,Leverage Shares 2X Long BLSH Daily ETF,Leverage Shares 2X Long BLSH Daily ETF,Themes ETF Trust,0001976322,BLSG,BLSG,2026,2026,2.0,number,daily,BLSH,ticker token,single_stock,True,True
S000096350,T-REX 2X LONG BLSH DAILY TARGET ETF,T-REX 2X LONG BLSH DAILY TARGET ETF,ETF Opportunities Trust,0001771146,BLHU,BLHU,2026,2026,2.0,number,daily,BLSH,ticker token,single_stock,True,True
S000099281,Tradr 3X Long BLSH Daily ETF,Tradr 3X Long BLSH Daily ETF,Investment Managers Series Trust II,0001587982,,,2026,2026,3.0,number,daily,BLSH,ticker token,single_stock,True,False
S000098459,Defiance Daily Target 3X Short BMNR ETF,Defiance Daily Target 3X Short BMNR ETF,ETF Series Solutions,0001540305,,,2026,2026,-3.0,number,daily,BMNR,ticker token,single_stock,True,False
S000096893,Defiance Daily Target 2X Short BMNR ETF,Defiance Daily Target 2X Short BMNR ETF,Tidal Trust II,0001924868,,,2026,2026,-2.0,number,daily,BMNR,ticker token,single_stock,True,False
S000100044,T-REX 2X INVERSE BMNR DAILY TARGET ETF,T-REX 2X INVERSE BMNR DAILY TARGET ETF,ETF Opportunities Trust,0001771146,,,2026,2026,-2.0,number,daily,BMNR,ticker token,single_stock,True,False
S000105165,GraniteShares 2x Short BMNR Daily ETF,GraniteShares 2x Short BMNR Daily ETF,GraniteShares ETF Trust,0001689873,,,2026,2026,-2.0,number,daily,BMNR,ticker token,single_stock,True,False
S000095473,T-REX 2X LONG BMNR DAILY TARGET ETF,T-REX 2X LONG BMNR DAILY TARGET ETF,ETF Opportunities Trust,0001771146,BMNU,BMNU,2026,2026,2.0,number,daily,BMNR,ticker token,single_stock,True,True
S000096186,Leverage Shares 2X Long BMNR Daily ETF,Leverage Shares 2X Long BMNR Daily ETF,Themes ETF Trust,0001976322,BMNG,BMNG,2026,2026,2.0,number,daily,BMNR,ticker token,single_stock,True,True
S000096779,Defiance Daily Target 2X Long BMNR ETF,Defiance Daily Target 2X Long BMNR ETF,Tidal Trust II,0001924868,,,2026,2026,2.0,number,daily,BMNR,ticker token,single_stock,True,False
S000104843,Corgi BMNR 2x Daily ETF,Corgi BMNR 2x Daily ETF,Corgi ETF Trust I,0002078265,,,2026,2026,2.0,number,daily,BMNR,ticker token,single_stock,True,False
S000105179,GraniteShares 2x Long BMNR Daily ETF,GraniteShares 2x Long BMNR Daily ETF,GraniteShares ETF Trust,0001689873,,,2026,2026,2.0,number,daily,BMNR,ticker token,single_stock,True,False
S000098438,Defiance Daily Target 3X Long BMNR ETF,Defiance Daily Target 3X Long BMNR ETF,ETF Series Solutions,0001540305,,,2026,2026,3.0,number,daily,BMNR,ticker token,single_stock,True,False
S000098794,T-REX 3X Long BMNR Daily Target ETF,T-REX 3X Long BMNR Daily Target ETF,ETF Opportunities Trust,0001771146,,,2026,2026,3.0,number,daily,BMNR,ticker token,single_stock,True,False
S000098978,Leverage Shares 3X Long BMNR Daily ETF,Leverage Shares 3X Long BMNR Daily ETF,Themes ETF Trust,0001976322,,,2026,2026,3.0,number,daily,BMNR,ticker token,single_stock,True,False
S000098997,ProShares Daily Target 3x BMNR,ProShares Daily Target 3x BMNR,PROSHARES TRUST,0001174610,,,2026,2026,3.0,number,daily,BMNR,ticker token,single_stock,True,False
S000099664,Tradr 3X Long BMNR Daily ETF,Tradr 3X Long BMNR Daily ETF,Investment Managers Series Trust II,0001587982,,,2026,2026,3.0,number,daily,BMNR,ticker token,single_stock,True,False
S000100375,3x BMNR ETF,3x BMNR ETF,Volatility Shares Trust,0001884021,,,2026,2026,3.0,number,daily,BMNR,ticker token,single_stock,True,False
S000100376,5x BMNR ETF,5x BMNR ETF,Volatility Shares Trust,0001884021,,,2026,2026,5.0,number,daily,BMNR,ticker token,single_stock,True,False
S000097436,T-REX 2X LONG BNC DAILY TARGET ETF,T-REX 2X LONG BNC DAILY TARGET ETF,ETF Opportunities Trust,0001771146,,,2026,2026,2.0,number,daily,BNC,ticker token,single_stock,True,False
S000088064,Direxion Daily BRKB Bear 1X ETF,Direxion Daily&nbsp;BRKB Bear 1X Shares | Direxion Daily BRKB Bear 1X ETF,Direxion Shares ETF Trust,0001424958,BRKD,BRKD,2025,2026,-1.0,number,daily,BRK-B,ticker token,single_stock,True,True
S000088063,Direxion Daily BRKB Bull 2X ETF,Direxion Daily BRKB Bull 2X Shares | Direxion Daily BRKB Bull 2X ETF,Direxion Shares ETF Trust,0001424958,BRKU,BRKU,2025,2026,2.0,number,daily,BRK-B,ticker token,single_stock,True,True
S000104836,Corgi BRKB 2x Daily ETF,Corgi BRKB 2x Daily ETF,Corgi ETF Trust I,0002078265,,,2026,2026,2.0,number,daily,BRK-B,ticker token,single_stock,True,False
S000098795,T-REX 3X Long BRKB Daily Target ETF,T-REX 3X Long BRKB Daily Target ETF,ETF Opportunities Trust,0001771146,,,2026,2026,3.0,number,daily,BRK-B,ticker token,single_stock,True,False
S000099282,Tradr 3X Long BRKB Daily ETF,Tradr 3X Long BRKB Daily ETF,Investment Managers Series Trust II,0001587982,,,2026,2026,3.0,number,daily,BRK-B,ticker token,single_stock,True,False
S000099695,Direxion Daily BRKB Bull 3X ETF,Direxion Daily BRKB Bull 3X ETF,Direxion Shares ETF Trust,0001424958,,,2026,2026,3.0,number,daily,BRK-B,ticker token,single_stock,True,False
S000095474,T-REX 2X Long BRR Daily Target ETF,T-REX 2X Long BRR Daily Target ETF,ETF Opportunities Trust,0001771146,,,2026,2026,2.0,number,daily,BRR,ticker token,single_stock,True,False
S000107701,T-REX 2X LONG BRUN DAILY TARGET ETF,T-REX 2X LONG BRUN DAILY TARGET ETF,ETF Opportunities Trust,0001771146,,,2026,2026,2.0,number,daily,BRUN,ticker token,single_stock,True,False
S000096440,T-REX 2X Long BTBT Daily Target ETF,T-REX 2X Long BTBT Daily Target ETF,ETF Opportunities Trust,0001771146,BTOO,BTOO,2026,2026,2.0,number,daily,BTBT,ticker token,single_stock,True,True
S000100566,Leverage Shares 2X Long BTBT Daily ETF,Leverage Shares 2X Long BTBT Daily ETF,Themes ETF Trust,0001976322,,,2026,2026,2.0,number,daily,BTBT,ticker token,single_stock,True,False
S000100924,Tradr 2X Long BTBT Daily ETF,Tradr 2X Long BTBT Daily ETF,Investment Managers Series Trust II,0001587982,BTBX,BTBX,2026,2026,2.0,number,daily,BTBT,ticker token,single_stock,True,True
S000098457,Defiance Daily Target 3X Short BTC ETF,Defiance Daily Target 3X Short BTC ETF,ETF Series Solutions,0001540305,,,2026,2026,-3.0,number,daily,BTC,ticker token,single_stock,True,False
S000098436,Defiance Daily Target 3X Long BTC ETF,Defiance Daily Target 3X Long BTC ETF,ETF Series Solutions,0001540305,,,2026,2026,3.0,number,daily,BTC,ticker token,single_stock,True,False
S000100568,Leverage Shares 2X Long BTCS Daily ETF,Leverage Shares 2X Long BTCS Daily ETF,Themes ETF Trust,0001976322,,,2026,2026,2.0,number,daily,BTCS,ticker token,single_stock,True,False
S000105166,GraniteShares 2x Short BTDR Daily ETF,GraniteShares 2x Short BTDR Daily ETF,GraniteShares ETF Trust,0001689873,,,2026,2026,-2.0,number,daily,BTDR,ticker token,single_stock,True,False
S000097439,T-REX 2X LONG BTDR DAILY TARGET ETF,T-REX 2X LONG BTDR DAILY TARGET ETF,ETF Opportunities Trust,0001771146,,,2026,2026,2.0,number,daily,BTDR,ticker token,single_stock,True,False
S000100569,Leverage Shares 2X Long BTDR Daily ETF,Leverage Shares 2X Long BTDR Daily ETF,Themes ETF Trust,0001976322,,,2026,2026,2.0,number,daily,BTDR,ticker token,single_stock,True,False
S000100928,Tradr 2X Long BTDR Daily ETF,Tradr 2X Long BTDR Daily ETF,Investment Managers Series Trust II,0001587982,BTDX,BTDX,2026,2026,2.0,number,daily,BTDR,ticker token,single_stock,True,True
S000105186,GraniteShares 2x Long BTDR Daily ETF,GraniteShares 2x Long BTDR Daily ETF,GraniteShares ETF Trust,0001689873,,,2026,2026,2.0,number,daily,BTDR,ticker token,single_stock,True,False
S000100330,T-REX 2X LONG BTG DAILY TARGET ETF,T-REX 2X LONG BTG DAILY TARGET ETF,ETF Opportunities Trust,0001771146,,,2026,2026,2.0,number,daily,BTG,ticker token,single_stock,True,False
S000100083,Defiance Daily Target 2X Long BTQ ETF,Defiance Daily Target 2X Long BTQ ETF,Tidal Trust II,0001924868,BTQL,BTQL,2026,2026,2.0,number,daily,BTQ,ticker token,single_stock,True,True
S000107391,T-REX 2X LONG BW DAILY TARGET ETF,T-REX 2X LONG BW DAILY TARGET ETF,ETF Opportunities Trust,0001771146,,,2026,2026,2.0,number,daily,BW,ticker token,single_stock,True,False
S000078247,REX Short BYND ETF,REX Short BYND ETF,Tidal Trust II,0001924868,,,2023,2024,-1.0,inverse no number,daily,BYND,ticker token,single_stock,False,False
S000079023,REX 2X BYND ETF,REX 2X BYND ETF,Tidal Trust II,0001924868,,,2023,2024,2.0,number,daily,BYND,ticker token,single_stock,False,False
S000100570,Leverage Shares 2X Long BYND Daily ETF,Leverage Shares 2X Long BYND Daily ETF,Themes ETF Trust,0001976322,,,2026,2026,2.0,number,daily,BYND,ticker token,single_stock,True,False
S000097180,Defiance Daily Target 2X Long CAE ETF,Defiance Daily Target 2X Long CAE ETF,Tidal Trust II,0001924868,,,2026,2026,2.0,number,daily,CAE,ticker token,single_stock,True,False
S000104888,Corgi CAMT 2x Daily ETF,Corgi CAMT 2x Daily ETF,Corgi ETF Trust I,0002078265,,,2026,2026,2.0,number,daily,CAMT,ticker token,single_stock,True,False
S000107460,Defiance Daily Target 2X Long CAMT ETF,Defiance Daily Target 2X Long CAMT ETF,Tidal Trust V,0002081107,,,2026,2026,2.0,number,daily,CAMT,ticker token,single_stock,True,False
S000097440,T-REX 2X LONG CANG DAILY TARGET ETF,T-REX 2X LONG CANG DAILY TARGET ETF,ETF Opportunities Trust,0001771146,,,2026,2026,2.0,number,daily,CANG,ticker token,single_stock,True,False
S000104904,Corgi CART 2x Daily ETF,Corgi CART 2x Daily ETF,Corgi ETF Trust I,0002078265,,,2026,2026,2.0,number,daily,CART,ticker token,single_stock,True,False
S000090375,Direxion Daily CAT Bear 1X ETF,Direxion Daily CAT Bear 1X Shares | Direxion Daily CAT Bear 1X ETF,Direxion Shares ETF Trust,0001424958,,,2025,2026,-1.0,number,daily,CAT,ticker token,single_stock,True,False
S000090367,Direxion Daily CAT Bull 2X ETF,Direxion Daily CAT Bull 2X Shares | Direxion Daily CAT Bull 2X ETF,Direxion Shares ETF Trust,0001424958,,,2025,2026,2.0,number,daily,CAT,ticker token,single_stock,True,False
S000104272,Leverage Shares 2X Long CAT Daily ETF,Leverage Shares 2X Long CAT Daily ETF,Themes ETF Trust,0001976322,,,2026,2026,2.0,number,daily,CAT,ticker token,single_stock,True,False
S000096780,Defiance Daily Target 2X Long CAVA ETF,Defiance Daily Target 2X Long CAVA ETF,Tidal Trust II,0001924868,,,2026,2026,2.0,number,daily,CAVA,ticker token,single_stock,True,False
S000097441,T-REX 2X LONG CAVA DAILY TARGET ETF,T-REX 2X LONG CAVA DAILY TARGET ETF,ETF Opportunities Trust,0001771146,,,2026,2026,2.0,number,daily,CAVA,ticker token,single_stock,True,False
S000100571,Leverage Shares 2X Long CAVA Daily ETF,Leverage Shares 2X Long CAVA Daily ETF,Themes ETF Trust,0001976322,,,2026,2026,2.0,number,daily,CAVA,ticker token,single_stock,True,False
S000102577,Leverage Shares 3X Short CBRS Daily Target ETF,Leverage Shares 3X Short CBRS Daily Target ETF,Themes ETF Trust,0001976322,,,2026,2026,-3.0,number,daily,CBRS,ticker token,single_stock,True,False
S000102424,Leverage Shares 2X Short CBRS Daily ETF,Leverage Shares 2X Short CBRS Daily ETF,Themes ETF Trust,0001976322,,,2026,2026,-2.0,number,daily,CBRS,ticker token,single_stock,True,False
S000105240,Tradr 2X Short CBRS Daily ETF,Tradr 2X Short CBRS Daily ETF,Investment Managers Series Trust II,0001587982,CBRZ,CBRZ,2026,2026,-2.0,number,daily,CBRS,ticker token,single_stock,True,True
S000106151,GraniteShares 2x Short CBRS Daily ETF,GraniteShares 2x Short CBRS Daily ETF,GraniteShares ETF Trust,0001689873,,,2026,2026,-2.0,number,daily,CBRS,ticker token,single_stock,True,False
S000102421,Leverage Shares 2X Long CBRS Daily ETF,Leverage Shares 2X Long CBRS Daily ETF,Themes ETF Trust,0001976322,,,2026,2026,2.0,number,daily,CBRS,ticker token,single_stock,True,False
S000105239,Tradr 2X Long CBRS Daily ETF,Tradr 2X Long CBRS Daily ETF,Investment Managers Series Trust II,0001587982,CBRX,CBRX,2026,2026,2.0,number,daily,CBRS,ticker token,single_stock,True,True
S000106150,GraniteShares 2x Long CBRS Daily ETF,GraniteShares 2x Long CBRS Daily ETF,GraniteShares ETF Trust,0001689873,,,2026,2026,2.0,number,daily,CBRS,ticker token,single_stock,True,False
S000102574,Leverage Shares 3X Long CBRS Daily Target ETF,Leverage Shares 3X Long CBRS Daily Target ETF,Themes ETF Trust,0001976322,,,2026,2026,3.0,number,daily,CBRS,ticker token,single_stock,True,False
S000100930,Tradr 2X Long CCJ Daily ETF,Tradr 2X Long CCJ Daily ETF,Investment Managers Series Trust II,0001587982,CCJX,CCJX,2026,2026,2.0,number,daily,CCJ,ticker token,single_stock,True,True
S000101000,Defiance Daily Target 2X Long CCJ ETF,Defiance Daily Target 2X Long CCJ ETF,Tidal Trust II,0001924868,,,2026,2026,2.0,number,daily,CCJ,ticker token,single_stock,True,False
S000088299,GraniteShares 2x Short CCL Daily ETF,GraniteShares 2x Short CCL Daily ETF,GraniteShares ETF Trust,0001689873,CCLS,CCLS,2025,2026,-2.0,number,daily,CCL,ticker token,single_stock,True,True
S000092872,Direxion Daily CCL Bear 1X ETF,Direxion Daily CCL Bear 1X Shares | Direxion Daily CCL Bear 1X ETF,Direxion Shares ETF Trust,0001424958,,,2025,2026,-1.0,number,daily,CCL,ticker token,single_stock,True,False
S000088315,GraniteShares 2x Long CCL Daily ETF,GraniteShares 2x Long CCL Daily ETF,GraniteShares ETF Trust,0001689873,CCLU,CCLU,2025,2026,2.0,number,daily,CCL,ticker token,single_stock,True,True
S000092871,Direxion Daily CCL Bull 2X ETF,Direxion Daily CCL Bull 2X Shares | Direxion Daily CCL Bull 2X ETF,Direxion Shares ETF Trust,0001424958,,,2025,2026,2.0,number,daily,CCL,ticker token,single_stock,True,False
S000100931,Tradr 2X Long CDE Daily ETF,Tradr 2X Long CDE Daily ETF,Investment Managers Series Trust II,0001587982,CDEX,CDEX,2026,2026,2.0,number,daily,CDE,ticker token,single_stock,True,True
S000104273,Leverage Shares 2X Long CDNS Daily ETF,Leverage Shares 2X Long CDNS Daily ETF,Themes ETF Trust,0001976322,,,2026,2026,2.0,number,daily,CDNS,ticker token,single_stock,True,False
S000093733,Tradr 2X Long CEG Daily ETF,Tradr 2X Long CEG Daily ETF,Investment Managers Series Trust II,0001587982,CEGX,CEGX,2025,2026,2.0,number,daily,CEG,ticker token,single_stock,True,True
S000093895,T-REX 2X LONG CEG DAILY TARGET ETF,T-REX 2X LONG CEG DAILY TARGET ETF,ETF Opportunities Trust,0001771146,CEGU,CEGU,2025,2026,2.0,number,daily,CEG,ticker token,single_stock,True,True
S000094384,GraniteShares 2x Long CEG Daily ETF,GraniteShares 2x Long CEG Daily ETF,GraniteShares ETF Trust,0001689873,,,2025,2026,2.0,number,daily,CEG,ticker token,single_stock,True,False
S000095065,Tradr 2X Long CELH Daily ETF,Tradr 2X Long CELH Daily ETF,Investment Managers Series Trust II,0001587982,CELT,CELT,2026,2026,2.0,number,daily,CELH,ticker token,single_stock,True,True
S000097442,T-REX 2X LONG CELH DAILY TARGET ETF,T-REX 2X LONG CELH DAILY TARGET ETF,ETF Opportunities Trust,0001771146,,,2026,2026,2.0,number,daily,CELH,ticker token,single_stock,True,False
S000096781,Defiance Daily Target 2X Long CHWY ETF,Defiance Daily Target 2X Long CHWY ETF,Tidal Trust II,0001924868,,,2026,2026,2.0,number,daily,CHWY,ticker token,single_stock,True,False
S000097443,T-REX 2X LONG CHWY DAILY TARGET ETF,T-REX 2X LONG CHWY DAILY TARGET ETF,ETF Opportunities Trust,0001771146,,,2026,2026,2.0,number,daily,CHWY,ticker token,single_stock,True,False
S000095475,T-REX 2X LONG CHYM DAILY TARGET ETF,T-REX 2X LONG CHYM DAILY TARGET ETF,ETF Opportunities Trust,0001771146,,,2026,2026,2.0,number,daily,CHYM,ticker token,single_stock,True,False
S000097922,Leverage Shares 2X Long CI Daily ETF,Leverage Shares 2X Long CI Daily ETF,Themes ETF Trust,0001976322,,,2026,2026,2.0,number,daily,CI,ticker token,single_stock,True,False
S000104274,Leverage Shares 2X Long CIEN Daily ETF,Leverage Shares 2X Long CIEN Daily ETF,Themes ETF Trust,0001976322,,,2026,2026,2.0,number,daily,CIEN,ticker token,single_stock,True,False
S000105751,Tradr 2X Long CIEN Daily ETF,Tradr 2X Long CIEN Daily ETF,Investment Managers Series Trust II,0001587982,,,2026,2026,2.0,number,daily,CIEN,ticker token,single_stock,True,False
S000105896,T-REX 2X LONG CIEN DAILY TARGET ETF,T-REX 2X LONG CIEN DAILY TARGET ETF,ETF Opportunities Trust,0001771146,,,2026,2026,2.0,number,daily,CIEN,ticker token,single_stock,True,False
S000096441,T-REX 2X Long CIFR Daily Target ETF,T-REX 2X Long CIFR Daily Target ETF,ETF Opportunities Trust,0001771146,CIFU,CIFU,2026,2026,2.0,number,daily,CIFR,ticker token,single_stock,True,True
S000097927,Leverage Shares 2X Long CIFR Daily ETF,Leverage Shares 2X Long CIFR Daily ETF,Themes ETF Trust,0001976322,,,2026,2026,2.0,number,daily,CIFR,ticker token,single_stock,True,False
S000104874,Corgi CIFR 2x Daily ETF,Corgi CIFR 2x Daily ETF,Corgi ETF Trust I,0002078265,,,2026,2026,2.0,number,daily,CIFR,ticker token,single_stock,True,False
S000098982,Leverage Shares 3X Long CIFR Daily ETF,Leverage Shares 3X Long CIFR Daily ETF,Themes ETF Trust,0001976322,,,2026,2026,3.0,number,daily,CIFR,ticker token,single_stock,True,False
S000100932,Tradr 2X Long CLF Daily ETF,Tradr 2X Long CLF Daily ETF,Investment Managers Series Trust II,0001587982,CLFX,CLFX,2026,2026,2.0,number,daily,CLF,ticker token,single_stock,True,True
S000101001,Defiance Daily Target 2X Long CLF ETF,Defiance Daily Target 2X Long CLF ETF,Tidal Trust II,0001924868,,,2026,2026,2.0,number,daily,CLF,ticker token,single_stock,True,False
S000096130,Tradr 2X Long CLS Daily ETF,Tradr 2X Long CLS Daily ETF,Investment Managers Series Trust II,0001587982,CSEX,CSEX,2026,2026,2.0,number,daily,CLS,ticker token,single_stock,True,True
S000097444,T-REX 2X LONG CLS DAILY TARGET ETF,T-REX 2X LONG CLS DAILY TARGET ETF,ETF Opportunities Trust,0001771146,,,2026,2026,2.0,number,daily,CLS,ticker token,single_stock,True,False
S000099442,Defiance Daily Target 2X Long CLS ETF,Defiance Daily Target 2X Long CLS ETF,Tidal Trust II,0001924868,,,2026,2026,2.0,number,daily,CLS,ticker token,single_stock,True,False
S000099418,Defiance Daily Target 2X Short CLSK ETF,Defiance Daily Target 2X Short CLSK ETF,Tidal Trust II,0001924868,CLSS,CLSS,2026,2026,-2.0,number,daily,CLSK,ticker token,single_stock,True,True
S000100810,Tradr 2X Short CLSK Daily ETF,Tradr 2X Short CLSK Daily ETF,Investment Managers Series Trust II,0001587982,CLSZ,CLSZ,2026,2026,-2.0,number,daily,CLSK,ticker token,single_stock,True,True
S000095066,Tradr 2X Long CLSK Daily ETF,Tradr 2X Long CLSK Daily ETF,Investment Managers Series Trust II,0001587982,CLSX,CLSX,2026,2026,2.0,number,daily,CLSK,ticker token,single_stock,True,True
S000090377,Direxion Daily CMG Bear 1X ETF,Direxion Daily CMG Bear 1X Shares | Direxion Daily CMG Bear 1X ETF,Direxion Shares ETF Trust,0001424958,,,2025,2026,-1.0,number,daily,CMG,ticker token,single_stock,True,False
S000090376,Direxion Daily CMG Bull 2X ETF,Direxion Daily CMG Bull 2X Shares | Direxion Daily CMG Bull 2X ETF,Direxion Shares ETF Trust,0001424958,,,2025,2026,2.0,number,daily,CMG,ticker token,single_stock,True,False
S000091237,Leverage Shares 2X Long CMG Daily ETF,Leverage Shares 2X Long CMG Daily ETF,Themes ETF Trust,0001976322,,,2025,2026,2.0,number,daily,CMG,ticker token,single_stock,True,False
S000097928,Leverage Shares 2X Long CNC Daily ETF,Leverage Shares 2X Long CNC Daily ETF,Themes ETF Trust,0001976322,,,2026,2026,2.0,number,daily,CNC,ticker token,single_stock,True,False
S000106998,Tradr 2X Short COHR Daily ETF,Tradr 2X Short COHR Daily ETF,Investment Managers Series Trust II,0001587982,,,2026,2026,-2.0,number,daily,COHR,ticker token,single_stock,True,False
S000100933,Tradr 2X Long COHR Daily ETF,Tradr 2X Long COHR Daily ETF,Investment Managers Series Trust II,0001587982,COHX,COHX,2026,2026,2.0,number,daily,COHR,ticker token,single_stock,True,True
S000103142,Defiance Daily Target 2X Long COHR ETF,Defiance Daily Target 2X Long COHR ETF,Tidal Trust II,0001924868,,,2026,2026,2.0,number,daily,COHR,ticker token,single_stock,True,False
S000104246,Leverage Shares 2X Long COHR Daily ETF,Leverage Shares 2X Long COHR Daily ETF,Themes ETF Trust,0001976322,,,2026,2026,2.0,number,daily,COHR,ticker token,single_stock,True,False
S000104882,Corgi COHR 2x Daily ETF,Corgi COHR 2x Daily ETF,Corgi ETF Trust I,0002078265,,,2026,2026,2.0,number,daily,COHR,ticker token,single_stock,True,False
S000098426,Defiance Daily Target 3X Short COIN ETF,Defiance Daily Target 3X Short COIN ETF,ETF Series Solutions,0001540305,,,2026,2026,-3.0,number,daily,COIN,ticker token,single_stock,True,False
S000099525,GraniteShares 3x Short COIN Daily ETF,GraniteShares 3x Short COIN Daily ETF,GraniteShares ETF Trust,0001689873,,,2026,2026,-3.0,number,daily,COIN,ticker token,single_stock,True,False
S000081138,GraniteShares 2x Short COIN Daily ETF,GraniteShares 1.5x Short COIN Daily ETF | GraniteShares 2x Short COIN Daily ETF,GraniteShares ETF Trust,0001689873,CONI,CONS | CONI,2023,2026,-2.0,number,daily,COIN,ticker token,single_stock,True,True
S000087486,T-REX 2X INVERSE COIN DAILY TARGET ETF,T-REX 2X INVERSE COIN DAILY TARGET ETF,ETF Opportunities Trust,0001771146,COID,COID,2025,2026,-2.0,number,daily,COIN,ticker token,single_stock,True,True
S000087810,Proshares UltraShort COIN ETF,Proshares UltraShort COIN ETF,PROSHARES TRUST,0001174610,COND,COND,2025,2025,-2.0,proshares ultra,daily,COIN,ticker token,single_stock,False,True
S000078248,REX Short COIN ETF,REX Short COIN ETF,Tidal Trust II,0001924868,,,2023,2024,-1.0,inverse no number,daily,COIN,ticker token,single_stock,False,False
S000081153,GraniteShares 1x Short COIN Daily ETF,GraniteShares 1x Short COIN Daily ETF,GraniteShares ETF Trust,0001689873,,,2023,2026,-1.0,number,daily,COIN,ticker token,single_stock,True,False
S000092874,Direxion Daily COIN Bear 1X ETF,Direxion Daily COIN Bear 1X Shares | Direxion Daily COIN Bear 1X ETF,Direxion Shares ETF Trust,0001424958,,,2025,2026,-1.0,number,daily,COIN,ticker token,single_stock,True,False
S000076356,GraniteShares 2x Long COIN Daily ETF,GraniteShares 2x Long Coinbase Daily ETF | GraniteShares 1.5x Long COIN Daily ETF | GraniteShares 2x Long COIN Daily ETF,GraniteShares ETF Trust,0001689873,CONL,CONL,2022,2026,2.0,number,daily,COIN,ticker token,single_stock,True,True
S000079024,REX 2X COIN ETF,REX 2X COIN ETF,Tidal Trust II,0001924868,,,2023,2024,2.0,number,daily,COIN,ticker token,single_stock,False,False
S000086643,Leverage Shares 2X Long COIN Daily ETF,Leverage Shares 2X Long COIN Daily ETF,Themes ETF Trust,0001976322,COIG,COIG,2025,2026,2.0,number,daily,COIN,ticker token,single_stock,True,True
S000087811,ProShares Ultra COIN,ProShares Ultra COIN ETF | ProShares Ultra COIN,PROSHARES TRUST,0001174610,COIA,COIA,2025,2026,2.0,proshares ultra,daily,COIN,ticker token,single_stock,True,True
S000092873,Direxion Daily COIN Bull 2X ETF,Direxion Daily COIN Bull 2X Shares | Direxion Daily COIN Bull 2X ETF,Direxion Shares ETF Trust,0001424958,CONX,CONX,2025,2026,2.0,number,daily,COIN,ticker token,single_stock,True,True
S000095112,GraniteShares YieldBOOST COIN 2x Income ETF,GraniteShares YieldBOOST COIN 2x Income ETF,GraniteShares ETF Trust,0001689873,,,2026,2026,2.0,number,daily,COIN,ticker token,single_stock,True,False
S000104820,Corgi COIN 2x Daily ETF,Corgi COIN 2x Daily ETF,Corgi ETF Trust I,0002078265,,,2026,2026,2.0,number,daily,COIN,ticker token,single_stock,True,False
S000098453,Defiance Daily Target 3X Long COIN ETF,Defiance Daily Target 3X Long COIN ETF,ETF Series Solutions,0001540305,,,2026,2026,3.0,number,daily,COIN,ticker token,single_stock,True,False
S000098601,Leverage Shares 3X Long COIN Daily ETF,Leverage Shares 3X Long COIN Daily ETF,Themes ETF Trust,0001976322,,,2026,2026,3.0,number,daily,COIN,ticker token,single_stock,True,False
S000098729,ProShares Daily Target 3x COIN,ProShares Daily Target 3x COIN,PROSHARES TRUST,0001174610,,,2026,2026,3.0,number,daily,COIN,ticker token,single_stock,True,False
S000098796,T-REX 3X Long COIN Daily Target ETF,T-REX 3X Long COIN Daily Target ETF,ETF Opportunities Trust,0001771146,,,2026,2026,3.0,number,daily,COIN,ticker token,single_stock,True,False
S000099524,GraniteShares 3x Long COIN Daily ETF,GraniteShares 3x Long COIN Daily ETF,GraniteShares ETF Trust,0001689873,,,2026,2026,3.0,number,daily,COIN,ticker token,single_stock,True,False
S000099665,Tradr 3X Long COIN Daily ETF,Tradr 3X Long COIN Daily ETF,Investment Managers Series Trust II,0001587982,COIF,COIF,2026,2026,3.0,number,daily,COIN,ticker token,single_stock,True,True
S000099696,Direxion Daily COIN Bull 3X ETF,Direxion Daily COIN Bull 3X ETF,Direxion Shares ETF Trust,0001424958,,,2026,2026,3.0,number,daily,COIN,ticker token,single_stock,True,False
S000099858,3x COIN ETF,3x COIN ETF,Volatility Shares Trust,0001884021,,,2026,2026,3.0,number,daily,COIN,ticker token,single_stock,True,False
S000103714,T-REX 4X LONG COIN DAILY TARGET ETF,T-REX 4X LONG COIN DAILY TARGET ETF,ETF Opportunities Trust,0001771146,,,2026,2026,4.0,number,daily,COIN,ticker token,single_stock,True,False
S000099874,5x COIN ETF,5x COIN ETF,Volatility Shares Trust,0001884021,,,2026,2026,5.0,number,daily,COIN,ticker token,single_stock,True,False
S000102270,T-REX 2X LONG COMP DAILY TARGET ETF,T-REX 2X LONG COMP DAILY TARGET ETF,ETF Opportunities Trust,0001771146,,,2026,2026,2.0,number,daily,COMP,ticker token,single_stock,True,False
S000076101,AXS 2X COP Bear Daily ETF,AXS 2X COP Bear Daily ETF,Investment Managers Series Trust II,0001587982,COPQ,COPQ,2022,2023,-2.0,number,daily,COP,ticker token,single_stock,False,True
S000078222,Direxion Daily COP Bear 1X Shares,Direxion Daily COP Bear 1X Shares,Direxion Shares ETF Trust,0001424958,,,2023,2024,-1.0,number,daily,COP,ticker token,single_stock,False,False
S000078218,Direxion Daily COP Bull 1.5X Shares,Direxion Daily COP Bull 1.5X Shares,Direxion Shares ETF Trust,0001424958,,,2023,2024,1.5,number,daily,COP,ticker token,single_stock,False,False
S000076102,AXS 2X COP Bull Daily ETF,AXS 2X COP Bull Daily ETF,Investment Managers Series Trust II,0001587982,COPL,COPL,2022,2023,2.0,number,daily,COP,ticker token,single_stock,False,True
S000095067,Tradr 2X Long CORZ Daily ETF,Tradr 2X Long CORZ Daily ETF,Investment Managers Series Trust II,0001587982,COZX,COZX,2026,2026,2.0,number,daily,CORZ,ticker token,single_stock,True,True
S000097415,T-REX 2X LONG CORZ DAILY TARGET ETF,T-REX 2X LONG CORZ DAILY TARGET ETF,ETF Opportunities Trust,0001771146,,,2026,2026,2.0,number,daily,CORZ,ticker token,single_stock,True,False
S000100572,Leverage Shares 2X Long CORZ Daily ETF,Leverage Shares 2X Long CORZ Daily ETF,Themes ETF Trust,0001976322,,,2026,2026,2.0,number,daily,CORZ,ticker token,single_stock,True,False
S000092876,Direxion Daily COST Bear 1X ETF,Direxion Daily COST Bear 1X Shares | Direxion Daily COST Bear 1X ETF,Direxion Shares ETF Trust,0001424958,,,2025,2026,-1.0,number,daily,COST,ticker token,single_stock,True,False
S000092875,Direxion Daily COST Bull 2X ETF,Direxion Daily COST Bull 2X Shares | Direxion Daily COST Bull 2X ETF,Direxion Shares ETF Trust,0001424958,,,2025,2026,2.0,number,daily,COST,ticker token,single_stock,True,False
S000093824,Leverage Shares 2X Long COST Daily ETF,Leverage Shares 2X Long COST Daily ETF,Themes ETF Trust,0001976322,COTG,COTG,2025,2026,2.0,number,daily,COST,ticker token,single_stock,True,True
S000094385,GraniteShares 2x Long COST Daily ETF,GraniteShares 2x Long COST Daily ETF,GraniteShares ETF Trust,0001689873,,,2025,2026,2.0,number,daily,COST,ticker token,single_stock,True,False
S000103183,Tradr 2X Long CPNG Daily ETF,Tradr 2X Long CPNG Daily ETF,Investment Managers Series Trust II,0001587982,,,2026,2026,2.0,number,daily,CPNG,ticker token,single_stock,True,False
S000104247,Leverage Shares 2X Long CPNG Daily ETF,Leverage Shares 2X Long CPNG Daily ETF,Themes ETF Trust,0001976322,,,2026,2026,2.0,number,daily,CPNG,ticker token,single_stock,True,False
S000098461,Defiance Daily Target 3X Short CRCL ETF,Defiance Daily Target 3X Short CRCL ETF,ETF Series Solutions,0001540305,,,2026,2026,-3.0,number,daily,CRCL,ticker token,single_stock,True,False
S000099526,GraniteShares 3x Short CRCL Daily ETF,GraniteShares 3x Short CRCL Daily ETF,GraniteShares ETF Trust,0001689873,,,2026,2026,-3.0,number,daily,CRCL,ticker token,single_stock,True,False
S000095464,T-REX 2X INVERSE CRCL DAILY TARGET ETF,T-REX 2X INVERSE CRCL DAILY TARGET ETF,ETF Opportunities Trust,0001771146,CRCD,CRCD,2026,2026,-2.0,number,daily,CRCL,ticker token,single_stock,True,True
S000096894,Defiance Daily Target 2X Short CRCL ETF,Defiance Daily Target 2X Short CRCL ETF,Tidal Trust II,0001924868,,,2026,2026,-2.0,number,daily,CRCL,ticker token,single_stock,True,False
S000081035,Leverage Shares 2X Long CRCL Daily ETF,Themes Wind Energy ETF | Leverage Shares 2X Long CRCL Daily ETF,Themes ETF Trust,0001976322,CRCG,KAZE | CRCG,2023,2026,2.0,number,daily,CRCL,ticker token,single_stock,True,True
S000087460,T-REX 2X LONG CRCL DAILY TARGET ETF,T-REX 2X LONG AI DAILY TARGET ETF | T-REX 2X LONG CRCL DAILY TARGET ETF,ETF Opportunities Trust,0001771146,CCUP,AIU | CCUP,2025,2026,2.0,number,daily,CRCL,ticker token,single_stock,True,True
S000094784,ProShares Ultra CRCL,ProShares Ultra CRCL,PROSHARES TRUST,0001174610,CRCA,CRCA,2026,2026,2.0,proshares ultra,daily,CRCL,ticker token,single_stock,True,True
S000104902,Corgi CRCL 2x Daily ETF,Corgi CRCL 2x Daily ETF,Corgi ETF Trust I,0002078265,,,2026,2026,2.0,number,daily,CRCL,ticker token,single_stock,True,False
S000098440,Defiance Daily Target 3X Long CRCL ETF,Defiance Daily Target 3X Long CRCL ETF,ETF Series Solutions,0001540305,,,2026,2026,3.0,number,daily,CRCL,ticker token,single_stock,True,False
S000098728,ProShares Daily Target 3x CRCL,ProShares Daily Target 3x CRCL,PROSHARES TRUST,0001174610,,,2026,2026,3.0,number,daily,CRCL,ticker token,single_stock,True,False
S000098797,T-REX 3X Long CRCL Daily Target ETF,T-REX 3X Long CRCL Daily Target ETF,ETF Opportunities Trust,0001771146,,,2026,2026,3.0,number,daily,CRCL,ticker token,single_stock,True,False
S000098983,Leverage Shares 3X Long CRCL Daily ETF,Leverage Shares 3X Long CRCL Daily ETF,Themes ETF Trust,0001976322,,,2026,2026,3.0,number,daily,CRCL,ticker token,single_stock,True,False
S000099535,GraniteShares 3x Long CRCL Daily ETF,GraniteShares 3x Long CRCL Daily ETF,GraniteShares ETF Trust,0001689873,,,2026,2026,3.0,number,daily,CRCL,ticker token,single_stock,True,False
S000099859,3x CRCL ETF,3x CRCL ETF,Volatility Shares Trust,0001884021,,,2026,2026,3.0,number,daily,CRCL,ticker token,single_stock,True,False
S000099875,5x CRCL ETF,5x CRCL ETF,Volatility Shares Trust,0001884021,,,2026,2026,5.0,number,daily,CRCL,ticker token,single_stock,True,False
S000100811,Tradr 2X Short CRDO Daily ETF,Tradr 2X Short CRDO Daily ETF,Investment Managers Series Trust II,0001587982,CRDZ,CRDZ,2026,2026,-2.0,number,daily,CRDO,ticker token,single_stock,True,True
S000095068,Tradr 2X Long CRDO Daily ETF,Tradr 2X Long CRDO Daily ETF,Investment Managers Series Trust II,0001587982,CRDU,CRDU,2026,2026,2.0,number,daily,CRDO,ticker token,single_stock,True,True
S000104868,Corgi CRDO 2x Daily ETF,Corgi CRDO 2x Daily ETF,Corgi ETF Trust I,0002078265,,,2026,2026,2.0,number,daily,CRDO,ticker token,single_stock,True,False
S000076103,AXS 1.5X CRM Bear Daily ETF,AXS 2X CRM Bear Daily ETF | AXS 1.5X CRM Bear Daily ETF,Investment Managers Series Trust II,0001587982,CRMS,CRMS,2022,2023,-1.5,number,daily,CRM,ticker token,single_stock,False,True
S000094237,Direxion Daily CRM Bear 1X ETF,Direxion Daily CRM Bear 1X ETF,Direxion Shares ETF Trust,0001424958,,,2025,2026,-1.0,number,daily,CRM,ticker token,single_stock,True,False
S000076104,AXS 1.5X CRM Bull Daily ETF,AXS 2X CRM Bull Daily ETF | AXS 1.5X CRM Bull Daily ETF,Investment Managers Series Trust II,0001587982,CRML,CRML,2022,2023,1.5,number,daily,CRM,ticker token,single_stock,False,True
S000091238,Leverage Shares 2X Long CRM Daily ETF,Leverage Shares 2X Long CRM Daily ETF,Themes ETF Trust,0001976322,CRMG,CRMG,2025,2026,2.0,number,daily,CRM,ticker token,single_stock,True,True
S000094238,Direxion Daily CRM Bull 2X ETF,Direxion Daily CRM Bull 2X ETF,Direxion Shares ETF Trust,0001424958,,,2025,2026,2.0,number,daily,CRM,ticker token,single_stock,True,False
S000099241,Tradr 3X Long CRM Daily ETF,Tradr 3X Long CRM Daily ETF,Investment Managers Series Trust II,0001587982,,,2026,2026,3.0,number,daily,CRM,ticker token,single_stock,True,False
S000103006,Tradr 2X Short CRML Daily ETF,Tradr 2X Short CRML Daily ETF,Investment Managers Series Trust II,0001587982,,,2026,2026,-2.0,number,daily,CRML,ticker token,single_stock,True,False
S000100331,T-REX 2X LONG CRML DAILY TARGET ETF,T-REX 2X LONG CRML DAILY TARGET ETF,ETF Opportunities Trust,0001771146,,,2026,2026,2.0,number,daily,CRML,ticker token,single_stock,True,False
S000100534,Leverage Shares 2X Long CRML Daily ETF,Leverage Shares 2X Long CRML Daily ETF,Themes ETF Trust,0001976322,,,2026,2026,2.0,number,daily,CRML,ticker token,single_stock,True,False
S000100590,Tradr 2X Long CRML Daily ETF,Tradr 2X Long CRML Daily ETF,Investment Managers Series Trust II,0001587982,CRMX,CRMX,2026,2026,2.0,number,daily,CRML,ticker token,single_stock,True,True
S000096187,Leverage Shares 2X Long CRSP Daily ETF,Leverage Shares 2X Long CRSP Daily ETF,Themes ETF Trust,0001976322,,,2026,2026,2.0,number,daily,CRSP,ticker token,single_stock,True,False
S000105167,GraniteShares 2x Short CRSR Daily ETF,GraniteShares 2x Short CRSR Daily ETF,GraniteShares ETF Trust,0001689873,,,2026,2026,-2.0,number,daily,CRSR,ticker token,single_stock,True,False
S000105074,Defiance Daily Target 2X Long CRSR ETF,Defiance Daily Target 2X Long CRSR ETF,Tidal Trust II,0001924868,,,2026,2026,2.0,number,daily,CRSR,ticker token,single_stock,True,False
S000105187,GraniteShares 2x Long CRSR Daily ETF,GraniteShares 2x Long CRSR Daily ETF,GraniteShares ETF Trust,0001689873,,,2026,2026,2.0,number,daily,CRSR,ticker token,single_stock,True,False
S000104890,Corgi CRUS 2x Daily ETF,Corgi CRUS 2x Daily ETF,Corgi ETF Trust I,0002078265,,,2026,2026,2.0,number,daily,CRUS,ticker token,single_stock,True,False
S000099527,GraniteShares 3x Short CRWD Daily ETF,GraniteShares 3x Short CRWD Daily ETF,GraniteShares ETF Trust,0001689873,,,2026,2026,-3.0,number,daily,CRWD,ticker token,single_stock,True,False
S000088300,GraniteShares 2x Short CRWD Daily ETF,GraniteShares 2x Short CRWD Daily ETF,GraniteShares ETF Trust,0001689873,CRWQ,CRWQ,2025,2026,-2.0,number,daily,CRWD,ticker token,single_stock,True,True
S000088316,GraniteShares 2x Long CRWD Daily ETF,GraniteShares 2x Long CRWD Daily ETF,GraniteShares ETF Trust,0001689873,CRWL,CRWL,2025,2026,2.0,number,daily,CRWD,ticker token,single_stock,True,True
S000091239,Leverage Shares 2X Long CRWD Daily ETF,Leverage Shares 2X Long CRWD Daily ETF,Themes ETF Trust,0001976322,,,2025,2026,2.0,number,daily,CRWD,ticker token,single_stock,True,False
S000104860,Corgi CRWD 2x Daily ETF,Corgi CRWD 2x Daily ETF,Corgi ETF Trust I,0002078265,,,2026,2026,2.0,number,daily,CRWD,ticker token,single_stock,True,False
S000098798,T-REX 3X Long CRWD Daily Target ETF,T-REX 3X Long CRWD Daily Target ETF,ETF Opportunities Trust,0001771146,,,2026,2026,3.0,number,daily,CRWD,ticker token,single_stock,True,False
S000099543,GraniteShares 3x Long CRWD Daily ETF,GraniteShares 3x Long CRWD Daily ETF,GraniteShares ETF Trust,0001689873,,,2026,2026,3.0,number,daily,CRWD,ticker token,single_stock,True,False
S000099528,GraniteShares 3x Short CRWV Daily ETF,GraniteShares 3x Short CRWV Daily ETF,GraniteShares ETF Trust,0001689873,,,2026,2026,-3.0,number,daily,CRWV,ticker token,single_stock,True,False
S000095471,T-REX 2X INVERSE CRWV DAILY TARGET ETF,T-REX 2X INVERSE CRWV DAILY TARGET ETF,ETF Opportunities Trust,0001771146,CORD,CORD,2026,2026,-2.0,number,daily,CRWV,ticker token,single_stock,True,True
S000099419,Defiance Daily Target 2X Short CRWV ETF,Defiance Daily Target 2X Short CRWV ETF,Tidal Trust II,0001924868,SCRW,SCRW,2026,2026,-2.0,number,daily,CRWV,ticker token,single_stock,True,True
S000107345,Direxion Daily CRWV Bear 2X ETF,Direxion Daily CRWV Bear 2X ETF,Direxion Shares ETF Trust,0001424958,,,2026,2026,-2.0,number,daily,CRWV,ticker token,single_stock,True,False
S000081029,Leverage Shares 2X Long CRWV Daily ETF,Themes Solar Energy ETF | Leverage Shares 2X Long CRWV Daily ETF,Themes ETF Trust,0001976322,CRWG,SOLP | CRWG,2023,2026,2.0,number,daily,CRWV,ticker token,single_stock,True,True
S000087465,T-REX 2X Long CRWV Daily Target ETF,T-REX 2X LONG BA DAILY TARGET ETF | T-REX 2X Long CRWV Daily Target ETF,ETF Opportunities Trust,0001771146,CRWU,BAU | CRWU,2025,2026,2.0,number,daily,CRWV,ticker token,single_stock,True,True
S000093735,Tradr 2X Long CRWV Daily ETF,Tradr 2X Long CRWV Daily ETF,Investment Managers Series Trust II,0001587982,CWVX,CWVX,2025,2026,2.0,number,daily,CRWV,ticker token,single_stock,True,True
S000094386,GraniteShares 2x Long CRWV Daily ETF,GraniteShares 2x Long CRWV Daily ETF,GraniteShares ETF Trust,0001689873,,,2025,2026,2.0,number,daily,CRWV,ticker token,single_stock,True,False
S000104837,Corgi CRWV 2x Daily ETF,Corgi CRWV 2x Daily ETF,Corgi ETF Trust I,0002078265,,,2026,2026,2.0,number,daily,CRWV,ticker token,single_stock,True,False
S000107352,Direxion Daily CRWV Bull 2X ETF,Direxion Daily CRWV Bull 2X ETF,Direxion Shares ETF Trust,0001424958,,,2026,2026,2.0,number,daily,CRWV,ticker token,single_stock,True,False
S000098799,T-REX 3X Long CRWV Daily Target ETF,T-REX 3X Long CRWV Daily Target ETF,ETF Opportunities Trust,0001771146,,,2026,2026,3.0,number,daily,CRWV,ticker token,single_stock,True,False
S000098984,Leverage Shares 3X Long CRWV Daily ETF,Leverage Shares 3X Long CRWV Daily ETF,Themes ETF Trust,0001976322,,,2026,2026,3.0,number,daily,CRWV,ticker token,single_stock,True,False
S000098999,ProShares Daily Target 3x CRWV,ProShares Daily Target 3x CRWV,PROSHARES TRUST,0001174610,,,2026,2026,3.0,number,daily,CRWV,ticker token,single_stock,True,False
S000099242,Tradr 3X Long CRWV Daily ETF,Tradr 3X Long CRWV Daily ETF,Investment Managers Series Trust II,0001587982,CRW,CRW,2026,2026,3.0,number,daily,CRWV,ticker token,single_stock,True,True
S000099544,GraniteShares 3x Long CRWV Daily ETF,GraniteShares 3x Long CRWV Daily ETF,GraniteShares ETF Trust,0001689873,,,2026,2026,3.0,number,daily,CRWV,ticker token,single_stock,True,False
S000100377,3x CRWV ETF,3x CRWV ETF,Volatility Shares Trust,0001884021,,,2026,2026,3.0,number,daily,CRWV,ticker token,single_stock,True,False
S000100378,5x CRWV ETF,5x CRWV ETF,Volatility Shares Trust,0001884021,,,2026,2026,5.0,number,daily,CRWV,ticker token,single_stock,True,False
S000090379,Direxion Daily CSCO Bear 1X ETF,Direxion Daily CSCO Bear 1X ETF,Direxion Shares ETF Trust,0001424958,CSCS,CSCS,2025,2026,-1.0,number,daily,CSCO,ticker token,single_stock,True,True
S000090378,Direxion Daily CSCO Bull 2X ETF,Direxion Daily CSCO Bull 2X ETF,Direxion Shares ETF Trust,0001424958,CSCL,CSCL,2025,2026,2.0,number,daily,CSCO,ticker token,single_stock,True,True
S000097181,Defiance Daily Target 2X Long CSCO ETF,Defiance Daily Target 2X Long CSCO ETF,Tidal Trust II,0001924868,,,2026,2026,2.0,number,daily,CSCO,ticker token,single_stock,True,False
S000099243,Tradr 3X Long CSCO Daily ETF,Tradr 3X Long CSCO Daily ETF,Investment Managers Series Trust II,0001587982,,,2026,2026,3.0,number,daily,CSCO,ticker token,single_stock,True,False
S000092365,Defiance Daily Target 2X Short CVNA ETF,Defiance Daily Target 2X Short CVNA ETF,Tidal Trust II,0001924868,,,2025,2025,-2.0,number,daily,CVNA,ticker token,single_stock,False,False
S000091049,Defiance Daily Target 2X Long CVNA ETF,Defiance Daily Target 2X Long CVNA ETF,Tidal Trust II,0001924868,CVNX,CVNX,2025,2026,2.0,number,daily,CVNA,ticker token,single_stock,True,True
S000093896,T-REX 2X LONG CVNA DAILY TARGET ETF,T-REX 2X LONG CVNA DAILY TARGET ETF,ETF Opportunities Trust,0001771146,CVNU,CVNU,2025,2026,2.0,number,daily,CVNA,ticker token,single_stock,True,True
S000094387,GraniteShares 2x Long CVNA Daily ETF,GraniteShares 2x Long CVNA Daily ETF,GraniteShares ETF Trust,0001689873,,,2025,2026,2.0,number,daily,CVNA,ticker token,single_stock,True,False
S000078221,Direxion Daily CVX Bear 1X Shares,Direxion Daily CVX Bear 1X Shares,Direxion Shares ETF Trust,0001424958,,,2023,2024,-1.0,number,daily,CVX,ticker token,single_stock,False,False
S000078217,Direxion Daily CVX Bull 1.5X Shares,Direxion Daily CVX Bull 1.5X Shares,Direxion Shares ETF Trust,0001424958,,,2023,2024,1.5,number,daily,CVX,ticker token,single_stock,False,False
S000094239,Direxion Daily DAL Bear 1X ETF,Direxion Daily DAL Bear 1X ETF,Direxion Shares ETF Trust,0001424958,,,2025,2026,-1.0,number,daily,DAL,ticker token,single_stock,True,False
S000094240,Direxion Daily DAL Bull 2X ETF,Direxion Daily DAL Bull 2X ETF,Direxion Shares ETF Trust,0001424958,,,2025,2026,2.0,number,daily,DAL,ticker token,single_stock,True,False
S000096131,Tradr 2X Long DASH Daily ETF,Tradr 2X Long DASH Daily ETF,Investment Managers Series Trust II,0001587982,DASX,DASX,2026,2026,2.0,number,daily,DASH,ticker token,single_stock,True,True
S000096290,Defiance Daily Target 2X Long DASH ETF,Defiance Daily Target 2X Long DASH ETF,Tidal Trust II,0001924868,,,2026,2026,2.0,number,daily,DASH,ticker token,single_stock,True,False
S000105169,GraniteShares 2x Short DBX Daily ETF,GraniteShares 2x Short DBX Daily ETF,GraniteShares ETF Trust,0001689873,,,2026,2026,-2.0,number,daily,DBX,ticker token,single_stock,True,False
S000105188,GraniteShares 2x Long DBX Daily ETF,GraniteShares 2x Long DBX Daily ETF,GraniteShares ETF Trust,0001689873,,,2026,2026,2.0,number,daily,DBX,ticker token,single_stock,True,False
S000093736,Tradr 2X Long DDOG Daily ETF,Tradr 2X Long DDOG Daily ETF,Investment Managers Series Trust II,0001587982,DOGD,DOGD,2025,2026,2.0,number,daily,DDOG,ticker token,single_stock,True,True
S000093873,T-REX 2X LONG DDOG DAILY TARGET ETF,T-REX 2X LONG DDOG DAILY TARGET ETF,ETF Opportunities Trust,0001771146,DOGU,DOGU,2025,2026,2.0,number,daily,DDOG,ticker token,single_stock,True,True
S000097929,Leverage Shares 2X Long DECK Daily ETF,Leverage Shares 2X Long DECK Daily ETF,Themes ETF Trust,0001976322,,,2026,2026,2.0,number,daily,DECK,ticker token,single_stock,True,False
S000098207,T-REX 2X LONG DEFT DAILY TARGET ETF,T-REX 2X LONG DEFT DAILY TARGET ETF,ETF Opportunities Trust,0001771146,,,2026,2026,2.0,number,daily,DEFT,ticker token,single_stock,True,False
S000088301,GraniteShares 2x Short DELL Daily ETF,GraniteShares 2x Short DELL Daily ETF,GraniteShares ETF Trust,0001689873,DLLS,DLLS,2025,2026,-2.0,number,daily,DELL,ticker token,single_stock,True,True
S000088317,GraniteShares 2x Long DELL Daily ETF,GraniteShares 2x Long DELL Daily ETF,GraniteShares ETF Trust,0001689873,DLLL,DLLL,2025,2026,2.0,number,daily,DELL,ticker token,single_stock,True,True
S000097513,T-REX 2X LONG DFDV DAILY TARGET ETF,T-REX 2X LONG DFDV DAILY TARGET ETF,ETF Opportunities Trust,0001771146,,,2026,2026,2.0,number,daily,DFDV,ticker token,single_stock,True,False
S000100535,Leverage Shares 2X Long DFDV Daily ETF,Leverage Shares 2X Long DFDV Daily ETF,Themes ETF Trust,0001976322,,,2026,2026,2.0,number,daily,DFDV,ticker token,single_stock,True,False
S000107420,Leverage Shares 2X Long DGXX Daily ETF,Leverage Shares 2X Long DGXX Daily ETF,Themes ETF Trust,0001976322,,,2026,2026,2.0,number,daily,DGXX,ticker token,single_stock,True,False
S000095069,Tradr 2X Long DHI Daily ETF,Tradr 2X Long DHI Daily ETF,Investment Managers Series Trust II,0001587982,DHIX,DHIX,2026,2026,2.0,number,daily,DHI,ticker token,single_stock,True,True
S000092878,Direxion Daily DIS Bear 1X ETF,Direxion Daily DIS Bear 1X Shares | Direxion Daily DIS Bear 1X ETF,Direxion Shares ETF Trust,0001424958,,,2025,2026,-1.0,number,daily,DIS,ticker token,single_stock,True,False
S000076357,GraniteShares 2x Long DIS Daily ETF,GraniteShares 2x Long Disney Daily ETF | GraniteShares 1.5x Long DIS Daily ETF | GraniteShares 2x Long DIS Daily ETF,GraniteShares ETF Trust,0001689873,DISL,DISL,2022,2026,2.0,number,daily,DIS,ticker token,single_stock,True,True
S000092877,Direxion Daily DIS Bull 2X ETF,Direxion Daily DIS Bull 2X Shares | Direxion Daily DIS Bull 2X ETF,Direxion Shares ETF Trust,0001424958,,,2025,2026,2.0,number,daily,DIS,ticker token,single_stock,True,False
S000087468,T-REX 2X LONG DJT DAILY TARGET ETF,T-REX 2X LONG DJT DAILY TARGET ETF,ETF Opportunities Trust,0001771146,DJTU,DJTU,2025,2026,2.0,number,daily,DJT,ticker token,single_stock,True,True
S000091670,Defiance Daily Target 2X Long DJT ETF,Defiance Daily Target 2X Long DJT ETF,Tidal Trust II,0001924868,DJTZ,DJTZ,2025,2026,2.0,number,daily,DJT,ticker token,single_stock,True,True
S000098800,T-REX 3X Long DJT Daily Target ETF,T-REX 3X Long DJT Daily Target ETF,ETF Opportunities Trust,0001771146,,,2026,2026,3.0,number,daily,DJT,ticker token,single_stock,True,False
S000092880,Direxion Daily DKNG Bear 1X ETF,Direxion Daily DKNG Bear 1X Shares | Direxion Daily DKNG Bear 1X ETF,Direxion Shares ETF Trust,0001424958,,,2025,2026,-1.0,number,daily,DKNG,ticker token,single_stock,True,False
S000087477,T-REX 2X Long DKNG Daily Target ETF,T-REX 2X LONG SMCI DAILY TARGET ETF | T-REX 2X Long DKNG Daily Target ETF,ETF Opportunities Trust,0001771146,DKUP,SMCU | DKUP,2025,2026,2.0,number,daily,DKNG,ticker token,single_stock,True,True
S000089800,Defiance Daily Target 2X Long DKNG ETF,Defiance Daily Target 2X Long DKNG ETF,Tidal Trust II,0001924868,DKNX,DKNX,2025,2026,2.0,number,daily,DKNG,ticker token,single_stock,True,True
S000092879,Direxion Daily DKNG Bull 2X ETF,Direxion Daily DKNG Bull 2X Shares | Direxion Daily DKNG Bull 2X ETF,Direxion Shares ETF Trust,0001424958,,,2025,2026,2.0,number,daily,DKNG,ticker token,single_stock,True,False
S000093874,T-REX 2X LONG DNA DAILY TARGET ETF,T-REX 2X LONG DNA DAILY TARGET ETF,ETF Opportunities Trust,0001771146,DNUP,DNUP,2025,2026,2.0,number,daily,DNA,ticker token,single_stock,True,True
S000100536,Leverage Shares 2X Long DNN Daily ETF,Leverage Shares 2X Long DNN Daily ETF,Themes ETF Trust,0001976322,,,2026,2026,2.0,number,daily,DNN,ticker token,single_stock,True,False
S000101003,Defiance Daily Target 2X Long DNN ETF,Defiance Daily Target 2X Long DNN ETF,Tidal Trust II,0001924868,,,2026,2026,2.0,number,daily,DNN,ticker token,single_stock,True,False
S000097416,T-REX 2X LONG DNUT DAILY TARGET ETF,T-REX 2X LONG DNUT DAILY TARGET ETF,ETF Opportunities Trust,0001771146,,,2026,2026,2.0,number,daily,DNUT,ticker token,single_stock,True,False
S000105895,T-REX 2X LONG DOCN DAILY TARGET ETF,T-REX 2X LONG DOCN DAILY TARGET ETF,ETF Opportunities Trust,0001771146,,,2026,2026,2.0,number,daily,DOCN,ticker token,single_stock,True,False
S000093875,T-REX 2X LONG DUOL DAILY TARGET ETF,T-REX 2X LONG DUOL DAILY TARGET ETF,ETF Opportunities Trust,0001771146,DULU,DULU,2025,2026,2.0,number,daily,DUOL,ticker token,single_stock,True,True
S000097931,Leverage Shares 2X Long DUOL Daily ETF,Leverage Shares 2X Long DUOL Daily ETF,Themes ETF Trust,0001976322,,,2026,2026,2.0,number,daily,DUOL,ticker token,single_stock,True,False
S000100332,T-REX 2X LONG DVLT DAILY TARGET ETF,T-REX 2X LONG DVLT DAILY TARGET ETF,ETF Opportunities Trust,0001771146,,,2026,2026,2.0,number,daily,DVLT,ticker token,single_stock,True,False
S000097182,Defiance Daily Target 2X Long EBAY ETF,Defiance Daily Target 2X Long EBAY ETF,Tidal Trust II,0001924868,,,2026,2026,2.0,number,daily,EBAY,ticker token,single_stock,True,False
S000096782,Defiance Daily Target 2X Long ELF ETF,Defiance Daily Target 2X Long ELF ETF,Tidal Trust II,0001924868,,,2026,2026,2.0,number,daily,ELF,ticker token,single_stock,True,False
S000097932,Leverage Shares 2X Long ELV Daily ETF,Leverage Shares 2X Long ELV Daily ETF,Themes ETF Trust,0001976322,,,2026,2026,2.0,number,daily,ELV,ticker token,single_stock,True,False
S000097417,T-REX 2X LONG EMPD DAILY TARGET ETF,T-REX 2X LONG EMPD DAILY TARGET ETF,ETF Opportunities Trust,0001771146,,,2026,2026,2.0,number,daily,EMPD,ticker token,single_stock,True,False
S000095070,Tradr 2X Long ENPH Daily ETF,Tradr 2X Long ENPH Daily ETF,Investment Managers Series Trust II,0001587982,ENPX,ENPX,2026,2026,2.0,number,daily,ENPH,ticker token,single_stock,True,True
S000104248,Leverage Shares 2X Long ENTG Daily ETF,Leverage Shares 2X Long ENTG Daily ETF,Themes ETF Trust,0001976322,,,2026,2026,2.0,number,daily,ENTG,ticker token,single_stock,True,False
S000100333,T-REX 2X LONG ENVX DAILY TARGET ETF,T-REX 2X LONG ENVX DAILY TARGET ETF,ETF Opportunities Trust,0001771146,,,2026,2026,2.0,number,daily,ENVX,ticker token,single_stock,True,False
S000103143,Defiance Daily Target 2X Long ENVX ETF,Defiance Daily Target 2X Long ENVX ETF,Tidal Trust II,0001924868,,,2026,2026,2.0,number,daily,ENVX,ticker token,single_stock,True,False
S000078224,Direxion Daily EOG Bear 1X Shares,Direxion Daily EOG Bear 1X Shares,Direxion Shares ETF Trust,0001424958,,,2023,2024,-1.0,number,daily,EOG,ticker token,single_stock,False,False
S000078220,Direxion Daily EOG Bull 1.5X Shares,Direxion Daily EOG Bull 1.5X Shares,Direxion Shares ETF Trust,0001424958,,,2023,2024,1.5,number,daily,EOG,ticker token,single_stock,False,False
S000097418,T-REX 2X LONG EOSE DAILY TARGET ETF,T-REX 2X LONG EOSE DAILY TARGET ETF,ETF Opportunities Trust,0001771146,EOSU,EOSU,2026,2026,2.0,number,daily,EOSE,ticker token,single_stock,True,True
S000104872,Corgi EOSE 2x Daily ETF,Corgi EOSE 2x Daily ETF,Corgi ETF Trust I,0002078265,,,2026,2026,2.0,number,daily,EOSE,ticker token,single_stock,True,False
S000033627,EQ/Ultra Conservative Strategy Portfolio,EQ/Ultra Conservative Strategy Portfolio,EQ ADVISORS TRUST,0001027263,,,2022,2026,2.0,proshares ultra,daily,EQ,ticker token,single_stock,True,False
S000097183,Defiance Daily Target 2X Long ERIC ETF,Defiance Daily Target 2X Long ERIC ETF,Tidal Trust II,0001924868,,,2026,2026,2.0,number,daily,ERIC,ticker token,single_stock,True,False
S000102267,T-REX 2X LONG ERO DAILY TARGET ETF,T-REX 2X LONG ERO DAILY TARGET ETF,ETF Opportunities Trust,0001771146,,,2026,2026,2.0,number,daily,ERO,ticker token,single_stock,True,False
S000096783,Defiance Daily Target 2X Long ESLT ETF,Defiance Daily Target 2X Long ESLT ETF,Tidal Trust II,0001924868,,,2026,2026,2.0,number,daily,ESLT,ticker token,single_stock,True,False
S000095912,Defiance Daily Target 2X Long ET ETF,Defiance Daily Target 2X Long ET ETF,Tidal Trust II,0001924868,,,2026,2026,2.0,number,daily,ET,ticker token,single_stock,True,False
S000098458,Defiance Daily Target 3X Short ETH ETF,Defiance Daily Target 3X Short ETH ETF,ETF Series Solutions,0001540305,,,2026,2026,-3.0,number,daily,ETH,ticker token,single_stock,True,False
S000098437,Defiance Daily Target 3X Long ETH ETF,Defiance Daily Target 3X Long ETH ETF,ETF Series Solutions,0001540305,,,2026,2026,3.0,number,daily,ETH,ticker token,single_stock,True,False
S000099666,Tradr 3X Long ETH Daily ETF,Tradr 3X Long ETH Daily ETF,Investment Managers Series Trust II,0001587982,,,2026,2026,3.0,number,daily,ETH,ticker token,single_stock,True,False
S000098801,T-REX 3X Long ETHA Daily Target ETF,T-REX 3X Long ETHA Daily Target ETF,ETF Opportunities Trust,0001771146,,,2026,2026,3.0,number,daily,ETHA,ticker token,single_stock,True,False
S000081039,Leverage Shares 2X Long ETOR Daily ETF,Themes Future of Farming ETF | Leverage Shares 2X Long ETOR Daily ETF,Themes ETF Trust,0001976322,CROP,CROP,2023,2026,2.0,number,daily,ETOR,ticker token,single_stock,True,True
S000094388,GraniteShares 2x Long ETOR Daily ETF,GraniteShares 2x Long ETOR Daily ETF,GraniteShares ETF Trust,0001689873,,,2025,2026,2.0,number,daily,ETOR,ticker token,single_stock,True,False
S000095476,T-REX 2X LONG ETOR DAILY TARGET ETF,T-REX 2X LONG ETOR DAILY TARGET ETF,ETF Opportunities Trust,0001771146,ETOU,ETOU,2026,2026,2.0,number,daily,ETOR,ticker token,single_stock,True,True
S000097184,Defiance Daily Target 2X Long EXEL ETF,Defiance Daily Target 2X Long EXEL ETF,Tidal Trust II,0001924868,,,2026,2026,2.0,number,daily,EXEL,ticker token,single_stock,True,False
S000092883,Direxion Daily F Bear 1X ETF,Direxion Daily F Bear 1X Shares | Direxion Daily F Bear 1X ETF,Direxion Shares ETF Trust,0001424958,FRDD,FRDD,2025,2026,-1.0,number,daily,F,ticker token,single_stock,True,True
S000076358,GraniteShares 2x Long F Daily ETF,GraniteShares 2x Long Ford Daily ETF | GraniteShares 1.25x Long F Daily ETF | GraniteShares 2x Long F Daily ETF,GraniteShares ETF Trust,0001689873,FRDL,FORL | FRDL,2022,2026,2.0,number,daily,F,ticker token,single_stock,True,True
S000092882,Direxion Daily F Bull 2X ETF,Direxion Daily F Bull 2X Shares | Direxion Daily F Bull 2X ETF,Direxion Shares ETF Trust,0001424958,FRDU,FRDU,2025,2026,2.0,number,daily,F,ticker token,single_stock,True,True
S000100537,Leverage Shares 2X Long FCX Daily ETF,Leverage Shares 2X Long FCX Daily ETF,Themes ETF Trust,0001976322,,,2026,2026,2.0,number,daily,FCX,ticker token,single_stock,True,False
S000102268,T-REX 2X LONG FER DAILY TARGET ETF,T-REX 2X LONG FER DAILY TARGET ETF,ETF Opportunities Trust,0001771146,,,2026,2026,2.0,number,daily,FER,ticker token,single_stock,True,False
S000095962,T-REX 2X Inverse FIG Daily Target ETF,T-REX 2X Inverse FIG Daily Target ETF,ETF Opportunities Trust,0001771146,FIGQ,FIGQ,2026,2026,-2.0,number,daily,FIG,ticker token,single_stock,True,True
S000095861,Ultra FIG,Ultra FIG,PROSHARES TRUST,0001174610,,,2026,2026,2.0,proshares ultra,daily,FIG,ticker token,single_stock,True,False
S000095872,T-REX 2X LONG FIG DAILY TARGET ETF,T-REX 2X LONG FIG DAILY TARGET ETF,ETF Opportunities Trust,0001771146,FIGO,FIGO,2026,2026,2.0,number,daily,FIG,ticker token,single_stock,True,True
S000095913,Defiance Daily Target 2X Long FIG ETF,Defiance Daily Target 2X Long FIG ETF,Tidal Trust II,0001924868,,,2026,2026,2.0,number,daily,FIG,ticker token,single_stock,True,False
S000099667,Tradr 3X Long FIG Daily ETF,Tradr 3X Long FIG Daily ETF,Investment Managers Series Trust II,0001587982,FIGU,FIGU,2026,2026,3.0,number,daily,FIG,ticker token,single_stock,True,True
S000097127,ProShares Ultra FIGR,ProShares Ultra FIGR,PROSHARES TRUST,0001174610,,,2026,2026,2.0,proshares ultra,daily,FIGR,ticker token,single_stock,True,False
S000097514,T-REX 2X LONG FIGR DAILY TARGET ETF,T-REX 2X LONG FIGR DAILY TARGET ETF,ETF Opportunities Trust,0001771146,FGRU,FGRU,2026,2026,2.0,number,daily,FIGR,ticker token,single_stock,True,True
S000105171,GraniteShares 2x Short FIVN Daily ETF,GraniteShares 2x Short FIVN Daily ETF,GraniteShares ETF Trust,0001689873,,,2026,2026,-2.0,number,daily,FIVN,ticker token,single_stock,True,False
S000105190,GraniteShares 2x Long FIVN Daily ETF,GraniteShares 2x Long FIVN Daily ETF,GraniteShares ETF Trust,0001689873,,,2026,2026,2.0,number,daily,FIVN,ticker token,single_stock,True,False
S000103271,Defiance Daily Target 2X Long FJET ETF,Defiance Daily Target 2X Long FJET ETF,Tidal Trust II,0001924868,,,2026,2026,2.0,number,daily,FJET,ticker token,single_stock,True,False
S000106586,T-REX 2X LONG FLEX DAILY TARGET ETF,T-REX 2X LONG FLEX DAILY TARGET ETF,ETF Opportunities Trust,0001771146,,,2026,2026,2.0,number,daily,FLEX,ticker token,single_stock,True,False
S000105969,Defiance Daily Target 2X Long FLNC ETF,Defiance Daily Target 2X Long FLNC ETF,Tidal Trust II,0001924868,,,2026,2026,2.0,number,daily,FLNC,ticker token,single_stock,True,False
S000095963,T-REX 2X Inverse FLY Daily Target ETF,T-REX 2X Inverse FLY Daily Target ETF,ETF Opportunities Trust,0001771146,FLYQ,FLYQ,2026,2026,-2.0,number,daily,FLY,ticker token,single_stock,True,True
S000100812,Tradr 2X Short FLY Daily ETF,Tradr 2X Short FLY Daily ETF,Investment Managers Series Trust II,0001587982,FLYZ,FLYZ,2026,2026,-2.0,number,daily,FLY,ticker token,single_stock,True,True
S000095964,T-REX 2X Long FLY Daily Target ETF,T-REX 2X Long FLY Daily Target ETF,ETF Opportunities Trust,0001771146,FLIE,FLIE,2026,2026,2.0,number,daily,FLY,ticker token,single_stock,True,True
S000096133,Tradr 2X Long FLY Daily ETF,Tradr 2X Long FLY Daily ETF,Investment Managers Series Trust II,0001587982,FLYT,FLYT,2026,2026,2.0,number,daily,FLY,ticker token,single_stock,True,True
S000099240,TRadr 3X Long FLY Daily ETF,TRadr 3X Long FLY Daily ETF,Investment Managers Series Trust II,0001587982,,,2026,2026,3.0,number,daily,FLY,ticker token,single_stock,True,False
S000097515,T-REX 2X LONG FMCC DAILY TARGET ETF,T-REX 2X LONG FMCC DAILY TARGET ETF,ETF Opportunities Trust,0001771146,,,2026,2026,2.0,number,daily,FMCC,ticker token,single_stock,True,False
S000105569,Leverage Shares 2X Long FN Daily ETF,Leverage Shares 2X Long FN Daily ETF,Themes ETF Trust,0001976322,,,2026,2026,2.0,number,daily,FN,ticker token,single_stock,True,False
S000105761,Tradr 2X Long FN Daily ETF,Tradr 2X Long FN Daily ETF,Investment Managers Series Trust II,0001587982,,,2026,2026,2.0,number,daily,FN,ticker token,single_stock,True,False
S000097516,T-REX 2X LONG FNMA DAILY TARGET ETF,T-REX 2X LONG FNMA DAILY TARGET ETF,ETF Opportunities Trust,0001771146,,,2026,2026,2.0,number,daily,FNMA,ticker token,single_stock,True,False
S000104250,Leverage Shares 2X Long FORM Daily ETF,Leverage Shares 2X Long FORM Daily ETF,Themes ETF Trust,0001976322,,,2026,2026,2.0,number,daily,FORM,ticker token,single_stock,True,False
S000107005,Tradr 2X Long FORM Daily ETF,Tradr 2X Long FORM Daily ETF,Investment Managers Series Trust II,0001587982,,,2026,2026,2.0,number,daily,FORM,ticker token,single_stock,True,False
S000104251,Leverage Shares 2X Long FPS Daily ETF,Leverage Shares 2X Long FPS Daily ETF,Themes ETF Trust,0001976322,,,2026,2026,2.0,number,daily,FPS,ticker token,single_stock,True,False
S000100593,Tradr 2X Long FRMI Daily ETF,Tradr 2X Long FRMI Daily ETF,Investment Managers Series Trust II,0001587982,FRMX,FRMX,2026,2026,2.0,number,daily,FRMI,ticker token,single_stock,True,True
S000099244,Tradr 3X Long FRMI Daily ETF,Tradr 3X Long FRMI Daily ETF,Investment Managers Series Trust II,0001587982,,,2026,2026,3.0,number,daily,FRMI,ticker token,single_stock,True,False
S000097420,T-REX 2X LONG FRMM DAILY TARGET ETF,T-REX 2X LONG FRMM DAILY TARGET ETF,ETF Opportunities Trust,0001771146,,,2026,2026,2.0,number,daily,FRMM,ticker token,single_stock,True,False
S000103144,Defiance Daily Target 2X Long FRSH ETF,Defiance Daily Target 2X Long FRSH ETF,Tidal Trust II,0001924868,,,2026,2026,2.0,number,daily,FRSH,ticker token,single_stock,True,False
S000089801,Defiance Daily Target 2X Long FSLR ETF,Defiance Daily Target 2X Long FSLR ETF,Tidal Trust II,0001924868,FSLX,FSLX,2025,2026,2.0,number,daily,FSLR,ticker token,single_stock,True,True
S000094389,GraniteShares 2x Long FSLR Daily ETF,GraniteShares 2x Long FSLR Daily ETF,GraniteShares ETF Trust,0001689873,,,2025,2026,2.0,number,daily,FSLR,ticker token,single_stock,True,False
S000105075,Defiance Daily Target 2X Long FSLY ETF,Defiance Daily Target 2X Long FSLY ETF,Tidal Trust II,0001924868,,,2026,2026,2.0,number,daily,FSLY,ticker token,single_stock,True,False
S000105894,T-REX 2X LONG FSLY DAILY TARGET ETF,T-REX 2X LONG FSLY DAILY TARGET ETF,ETF Opportunities Trust,0001771146,,,2026,2026,2.0,number,daily,FSLY,ticker token,single_stock,True,False
S000105762,Tradr 2X Long FTAI Daily ETF,Tradr 2X Long FTAI Daily ETF,Investment Managers Series Trust II,0001587982,,,2026,2026,2.0,number,daily,FTAI,ticker token,single_stock,True,False
S000093825,Leverage Shares 2X Long FUTU Daily ETF,Leverage Shares 2X Long FUTU Daily ETF,Themes ETF Trust,0001976322,FUTG,FUTG,2025,2026,2.0,number,daily,FUTU,ticker token,single_stock,True,True
S000097517,T-REX 2X LONG FWDI DAILY TARGET ETF,T-REX 2X LONG FWDI DAILY TARGET ETF,ETF Opportunities Trust,0001771146,,,2026,2026,2.0,number,daily,FWDI,ticker token,single_stock,True,False
S000100538,Leverage Shares 2X Long FWDI Daily ETF,Leverage Shares 2X Long FWDI Daily ETF,Themes ETF Trust,0001976322,FOGG,FOGG,2026,2026,2.0,number,daily,FWDI,ticker token,single_stock,True,True
S000100539,Leverage Shares 2X Long GAP Daily ETF,Leverage Shares 2X Long GAP Daily ETF,Themes ETF Trust,0001976322,,,2026,2026,2.0,number,daily,GAP,ticker token,single_stock,True,False
S000102153,Defiance Daily Target 2X Long GCT ETF,Defiance Daily Target 2X Long GCT ETF,Tidal Trust II,0001924868,GCTL,GCTL,2026,2026,2.0,number,daily,GCT,ticker token,single_stock,True,True
S000096495,ProShares Ultra GEMI,ProShares Ultra GEMI,PROSHARES TRUST,0001174610,,,2026,2026,2.0,proshares ultra,daily,GEMI,ticker token,single_stock,True,False
S000096597,Leverage Shares 2X Long GEMI Daily ETF,Leverage Shares 2X Long GEMI Daily ETF,Themes ETF Trust,0001976322,,,2026,2026,2.0,number,daily,GEMI,ticker token,single_stock,True,False
S000100316,Defiance Daily Target 3X Long GEMI ETF,Defiance Daily Target 3X Long GEMI ETF,ETF Series Solutions,0001540305,,,2026,2026,3.0,number,daily,GEMI,ticker token,single_stock,True,False
S000107346,Direxion Daily GEV Bear 2X ETF,Direxion Daily GEV Bear 2X ETF,Direxion Shares ETF Trust,0001424958,,,2026,2026,-2.0,number,daily,GEV,ticker token,single_stock,True,False
S000093737,Tradr 2X Long GEV Daily ETF,Tradr 2X Long GEV Daily ETF,Investment Managers Series Trust II,0001587982,GEVX,GEVX,2025,2026,2.0,number,daily,GEV,ticker token,single_stock,True,True
S000093987,T-REX 2X LONG GEV DAILY TARGET ETF,T-REX 2X LONG GEV DAILY TARGET ETF,ETF Opportunities Trust,0001771146,,,2025,2026,2.0,number,daily,GEV,ticker token,single_stock,True,False
S000098109,Leverage Shares 2X Long GEV Daily ETF,Leverage Shares 2X Long GEV Daily ETF,Themes ETF Trust,0001976322,,,2026,2026,2.0,number,daily,GEV,ticker token,single_stock,True,False
S000104842,Corgi GEV 2x Daily ETF,Corgi GEV 2x Daily ETF,Corgi ETF Trust I,0002078265,,,2026,2026,2.0,number,daily,GEV,ticker token,single_stock,True,False
S000107353,Direxion Daily GEV Bull 2X ETF,Direxion Daily GEV Bull 2X ETF,Direxion Shares ETF Trust,0001424958,,,2026,2026,2.0,number,daily,GEV,ticker token,single_stock,True,False
S000105570,Leverage Shares 2X Long GFS Daily ETF,Leverage Shares 2X Long GFS Daily ETF,Themes ETF Trust,0001976322,,,2026,2026,2.0,number,daily,GFS,ticker token,single_stock,True,False
S000106473,Defiance Daily Target 2X Long GFS ETF,Defiance Daily Target 2X Long GFS ETF,Tidal Trust II,0001924868,,,2026,2026,2.0,number,daily,GFS,ticker token,single_stock,True,False
S000107006,Tradr 2X Long GFS Daily ETF,Tradr 2X Long GFS Daily ETF,Investment Managers Series Trust II,0001587982,,,2026,2026,2.0,number,daily,GFS,ticker token,single_stock,True,False
S000107392,T-REX 2X LONG GFS DAILY TARGET ETF,T-REX 2X LONG GFS DAILY TARGET ETF,ETF Opportunities Trust,0001771146,,,2026,2026,2.0,number,daily,GFS,ticker token,single_stock,True,False
S000100540,Leverage Shares 2X Long GILD Daily ETF,Leverage Shares 2X Long GILD Daily ETF,Themes ETF Trust,0001976322,,,2026,2026,2.0,number,daily,GILD,ticker token,single_stock,True,False
S000098435,Defiance Daily Target 3X Short GLD ETF,Defiance Daily Target 3X Short GLD ETF,ETF Series Solutions,0001540305,,,2026,2026,-3.0,number,daily,GLD,ticker token,single_stock,True,False
S000098433,Defiance Daily Target 3X Long GLD ETF,Defiance Daily Target 3X Long GLD ETF,ETF Series Solutions,0001540305,,,2026,2026,3.0,number,daily,GLD,ticker token,single_stock,True,False
S000100118,3x GLD ETF,3x GLD ETF,Volatility Shares Trust,0001884021,,,2026,2026,3.0,number,daily,GLD,ticker token,single_stock,True,False
S000100121,5x GLD ETF,5x GLD ETF,Volatility Shares Trust,0001884021,,,2026,2026,5.0,number,daily,GLD,ticker token,single_stock,True,False
S000100541,Leverage Shares 2X Long GLW Daily ETF,Leverage Shares 2X Long GLW Daily ETF,Themes ETF Trust,0001976322,,,2026,2026,2.0,number,daily,GLW,ticker token,single_stock,True,False
S000081031,Leverage Shares 2X Long GLXY Daily ETF,Themes US Internet ETF | Leverage Shares 2X Long GLXY Daily ETF,Themes ETF Trust,0001976322,GLGG,AWEB | GLGG,2023,2026,2.0,number,daily,GLXY,ticker token,single_stock,True,True
S000093876,T-REX 2X LONG GLXY DAILY TARGET ETF,T-REX 2X LONG GLXY DAILY TARGET ETF,ETF Opportunities Trust,0001771146,GLXU,GLXU,2025,2026,2.0,number,daily,GLXY,ticker token,single_stock,True,True
S000094366,GraniteShares 2x Long GLXY Daily ETF,GraniteShares 2x Long GLXY Daily ETF,GraniteShares ETF Trust,0001689873,,,2025,2026,2.0,number,daily,GLXY,ticker token,single_stock,True,False
S000104869,Corgi GLXY 2x Daily ETF,Corgi GLXY 2x Daily ETF,Corgi ETF Trust I,0002078265,,,2026,2026,2.0,number,daily,GLXY,ticker token,single_stock,True,False
S000098802,T-REX 3X Long GLXY Daily Target ETF,T-REX 3X Long GLXY Daily Target ETF,ETF Opportunities Trust,0001771146,,,2026,2026,3.0,number,daily,GLXY,ticker token,single_stock,True,False
S000099245,Tradr 3X Long GLXY Daily ETF,Tradr 3X Long GLXY Daily ETF,Investment Managers Series Trust II,0001587982,GLXA,GLXA,2026,2026,3.0,number,daily,GLXY,ticker token,single_stock,True,True
S000094241,Direxion Daily GM Bear 1X ETF,Direxion Daily GM Bear 1X ETF,Direxion Shares ETF Trust,0001424958,,,2025,2026,-1.0,number,daily,GM,ticker token,single_stock,True,False
S000094242,Direxion Daily GM Bull 2X ETF,Direxion Daily GM Bull 2X ETF,Direxion Shares ETF Trust,0001424958,,,2025,2026,2.0,number,daily,GM,ticker token,single_stock,True,False
S000078249,REX Short GME ETF,REX Short GME ETF,Tidal Trust II,0001924868,,,2023,2024,-1.0,inverse no number,daily,GME,ticker token,single_stock,False,False
S000088308,GraniteShares 1x Short GME Daily ETF,GraniteShares 1x Short GME Daily ETF,GraniteShares ETF Trust,0001689873,,,2025,2026,-1.0,number,daily,GME,ticker token,single_stock,True,False
S000079025,REX 2X GME ETF,REX 2X GME ETF,Tidal Trust II,0001924868,,,2023,2024,2.0,number,daily,GME,ticker token,single_stock,False,False
S000087469,T-REX 2X LONG GME DAILY TARGET ETF,T-REX 2X LONG GME DAILY TARGET ETF,ETF Opportunities Trust,0001771146,GMEU,GMEU,2025,2026,2.0,number,daily,GME,ticker token,single_stock,True,True
S000090804,GraniteShares 2x Long GME Daily ETF,GraniteShares 2x Long GME Daily ETF,GraniteShares ETF Trust,0001689873,GML,GML,2025,2026,2.0,number,daily,GME,ticker token,single_stock,True,True
S000104871,Corgi GME 2x Daily ETF,Corgi GME 2x Daily ETF,Corgi ETF Trust I,0002078265,,,2026,2026,2.0,number,daily,GME,ticker token,single_stock,True,False
S000098803,T-REX 3X Long GME Daily Target ETF,T-REX 3X Long GME Daily Target ETF,ETF Opportunities Trust,0001771146,,,2026,2026,3.0,number,daily,GME,ticker token,single_stock,True,False
S000098418,Defiance Daily Target 3X Short GOOG ETF,Defiance Daily Target 3X Short GOOG ETF,ETF Series Solutions,0001540305,,,2026,2026,-3.0,number,daily,GOOG,ticker token,single_stock,True,False
S000098445,Defiance Daily Target 3X Long GOOG ETF,Defiance Daily Target 3X Long GOOG ETF,ETF Series Solutions,0001540305,,,2026,2026,3.0,number,daily,GOOG,ticker token,single_stock,True,False
S000098602,Leverage Shares 3X Long GOOG Daily ETF,Leverage Shares 3X Long GOOG Daily ETF,Themes ETF Trust,0001976322,,,2026,2026,3.0,number,daily,GOOG,ticker token,single_stock,True,False
S000098805,T-REX 3X Long GOOG Daily Target ETF,T-REX 3X Long GOOG Daily Target ETF,ETF Opportunities Trust,0001771146,,,2026,2026,3.0,number,daily,GOOG,ticker token,single_stock,True,False
S000103718,T-REX 4X LONG GOOG DAILY TARGET ETF,T-REX 4X LONG GOOG DAILY TARGET ETF,ETF Opportunities Trust,0001771146,,,2026,2026,4.0,number,daily,GOOG,ticker token,single_stock,True,False
S000098964,GraniteShares 3x Short GOOGL Daily ETF,GraniteShares 3x Short GOOGL Daily ETF,GraniteShares ETF Trust,0001689873,,,2026,2026,-3.0,number,daily,GOOGL,ticker token,single_stock,True,False
S000076240,Direxion Daily GOOGL Bear 2X Shares,Direxion Daily GOOGL Bear 2X Shares,Direxion Shares ETF Trust,0001424958,,,2022,2023,-2.0,number,daily,GOOGL,ticker token,single_stock,False,False
S000083672,T-REX 2X INVERSE ALPHABET DAILY TARGET ETF,T-REX 2X INVERSE ALPHABET DAILY TARGET ETF,ETF Opportunities Trust,0001771146,,,2024,2026,-2.0,number,daily,GOOGL,company name,single_stock,True,False
S000077582,Kurv Google (GOOGL) 1.75x Short Daily ETF,Kurv Google (GOOGL) 1.75x Short Daily ETF,NEOS ETF Trust,0001848758,DGOO,DGOO,2023,2024,-1.75,number,daily,GOOGL,ticker token,single_stock,False,True
S000076247,Direxion Daily GOOGL Bear 1X ETF,Direxion Daily GOOGL Bear 1X Shares | Direxion Daily GOOGL Bear 1X ETF,Direxion Shares ETF Trust,0001424958,GGLS,GGLS,2022,2026,-1.0,number,daily,GOOGL,ticker token,single_stock,True,True
S000077581,Kurv Google (GOOGL) 1.75x Long Daily ETF,Kurv Google (GOOGL) 1.75x Long Daily ETF,NEOS ETF Trust,0001848758,UGOO,UGOO,2023,2024,1.75,number,daily,GOOGL,ticker token,single_stock,False,True
S000076239,Direxion Daily GOOGL Bull 2X ETF,Direxion Daily GOOGL Bull 2X Shares | Direxion Daily GOOGL Bull 1.5X Shares | Direxion Daily GOOGL Bull 2X ETF,Direxion Shares ETF Trust,0001424958,GGLL,GGLL,2022,2026,2.0,number,daily,GOOGL,ticker token,single_stock,True,True
S000076353,GraniteShares 2x Long GOOGL Daily ETF,GraniteShares 2x Long Alphabet Daily ETF | GraniteShares 1.75x Long GOOGL Daily ETF | GraniteShares 2x Long GOOGL Daily ETF,GraniteShares ETF Trust,0001689873,GOU,GOOL | GOU,2022,2026,2.0,number,daily,GOOGL,ticker token,single_stock,True,True
S000083675,T-REX 2X LONG ALPHABET DAILY TARGET ETF,T-REX 2X LONG ALPHABET DAILY TARGET ETF,ETF Opportunities Trust,0001771146,GOOX,GOOX,2024,2026,2.0,number,daily,GOOGL,company name,single_stock,True,True
S000104862,Corgi GOOGL 2x Daily ETF,Corgi GOOGL 2x Daily ETF,Corgi ETF Trust I,0002078265,,,2026,2026,2.0,number,daily,GOOGL,ticker token,single_stock,True,False
S000105571,Leverage Shares 2X Long GOOGL Daily ETF,Leverage Shares 2X Long GOOGL Daily ETF,Themes ETF Trust,0001976322,,,2026,2026,2.0,number,daily,GOOGL,ticker token,single_stock,True,False
S000098556,Direxion Daily GOOGL Bull 3X ETF,Direxion Daily GOOGL Bull 3X ETF,Direxion Shares ETF Trust,0001424958,,,2026,2026,3.0,number,daily,GOOGL,ticker token,single_stock,True,False
S000098730,ProShares Daily Target 3x GOOGL,ProShares Daily Target 3x GOOGL,PROSHARES TRUST,0001174610,,,2026,2026,3.0,number,daily,GOOGL,ticker token,single_stock,True,False
S000098959,GraniteShares 3x Long GOOGL Daily ETF,GraniteShares 3x Long GOOGL Daily ETF,GraniteShares ETF Trust,0001689873,,,2026,2026,3.0,number,daily,GOOGL,ticker token,single_stock,True,False
S000099860,3x GOOGL ETF,3x GOOGL ETF,Volatility Shares Trust,0001884021,,,2026,2026,3.0,number,daily,GOOGL,ticker token,single_stock,True,False
S000099876,5x GOOGL ETF,5x GOOGL ETF,Volatility Shares Trust,0001884021,,,2026,2026,5.0,number,daily,GOOGL,ticker token,single_stock,True,False
S000101633,T-REX 2X LONG GPCR DAILY TARGET ETF,T-REX 2X LONG GPCR DAILY TARGET ETF,ETF Opportunities Trust,0001771146,,,2026,2026,2.0,number,daily,GPCR,ticker token,single_stock,True,False
S000097421,T-REX 2X LONG GPRO DAILY TARGET ETF,T-REX 2X LONG GPRO DAILY TARGET ETF,ETF Opportunities Trust,0001771146,,,2026,2026,2.0,number,daily,GPRO,ticker token,single_stock,True,False
S000091100,KraneShares 2x Long GRAB Daily ETF,KraneShares 2x Long GRAB Daily ETF,Krane Shares Trust,0001547576,KGRB,KGRB,2025,2026,2.0,number,daily,GRAB,ticker token,single_stock,True,True
S000097933,Leverage Shares 2X Long GRAB Daily ETF,Leverage Shares 2X Long GRAB Daily ETF,Themes ETF Trust,0001976322,,,2026,2026,2.0,number,daily,GRAB,ticker token,single_stock,True,False
S000106587,T-REX 2X LONG GRAB DAILY TARGET ETF,T-REX 2X LONG GRAB DAILY TARGET ETF,ETF Opportunities Trust,0001771146,,,2026,2026,2.0,number,daily,GRAB,ticker token,single_stock,True,False
S000095052,Tradr 2X Long GS Daily ETF,Tradr 2X Long GS Daily ETF,Investment Managers Series Trust II,0001587982,,,2026,2026,2.0,number,daily,GS,ticker token,single_stock,True,False
S000103145,Defiance Daily Target 2X Long GSAT ETF,Defiance Daily Target 2X Long GSAT ETF,Tidal Trust II,0001924868,,,2026,2026,2.0,number,daily,GSAT,ticker token,single_stock,True,False
S000100334,T-REX 2X LONG GSIT DAILY TARGET ETF,T-REX 2X LONG GSIT DAILY TARGET ETF,ETF Opportunities Trust,0001771146,,,2026,2026,2.0,number,daily,GSIT,ticker token,single_stock,True,False
S000107007,Tradr 2X Long HAWK Daily ETF,Tradr 2X Long HAWK Daily ETF,Investment Managers Series Trust II,0001587982,,,2026,2026,2.0,number,daily,HAWK,ticker token,single_stock,True,False
S000102269,T-REX 2X LONG HBM DAILY TARGET ETF,T-REX 2X LONG HBM DAILY TARGET ETF,ETF Opportunities Trust,0001771146,,,2026,2026,2.0,number,daily,HBM,ticker token,single_stock,True,False
S000093988,T-REX 2X LONG HHH DAILY TARGET ETF,T-REX 2X LONG HHH DAILY TARGET ETF,ETF Opportunities Trust,0001771146,,,2025,2026,2.0,number,daily,HHH,ticker token,single_stock,True,False
S000098460,Defiance Daily Target 3X Short HIMS ETF,Defiance Daily Target 3X Short HIMS ETF,ETF Series Solutions,0001540305,,,2026,2026,-3.0,number,daily,HIMS,ticker token,single_stock,True,False
S000096895,Defiance Daily Target 2X Short HIMS ETF,Defiance Daily Target 2X Short HIMS ETF,Tidal Trust II,0001924868,,,2026,2026,-2.0,number,daily,HIMS,ticker token,single_stock,True,False
S000091052,Defiance Daily Target 2X Long HIMS ETF,Defiance Daily Target 2X Long HIMS ETF,Tidal Trust II,0001924868,HIMZ,HIMZ,2025,2026,2.0,number,daily,HIMS,ticker token,single_stock,True,True
S000093827,Leverage Shares 2X Long HIMS Daily ETF,Leverage Shares 2X Long HIMS Daily ETF,Themes ETF Trust,0001976322,,,2025,2026,2.0,number,daily,HIMS,ticker token,single_stock,True,False
S000094367,GraniteShares 2x Long HIMS Daily ETF,GraniteShares 2x Long HIMS Daily ETF,GraniteShares ETF Trust,0001689873,,,2025,2026,2.0,number,daily,HIMS,ticker token,single_stock,True,False
S000104855,Corgi HIMS 2x Daily ETF,Corgi HIMS 2x Daily ETF,Corgi ETF Trust I,0002078265,,,2026,2026,2.0,number,daily,HIMS,ticker token,single_stock,True,False
S000098439,Defiance Daily Target 3X Long HIMS ETF,Defiance Daily Target 3X Long HIMS ETF,ETF Series Solutions,0001540305,,,2026,2026,3.0,number,daily,HIMS,ticker token,single_stock,True,False
S000098807,T-REX 3X Long HIMS Daily Target ETF,T-REX 3X Long HIMS Daily Target ETF,ETF Opportunities Trust,0001771146,,,2026,2026,3.0,number,daily,HIMS,ticker token,single_stock,True,False
S000098994,ProShares Daily Target 3x HIMS,ProShares Daily Target 3x HIMS,PROSHARES TRUST,0001174610,,,2026,2026,3.0,number,daily,HIMS,ticker token,single_stock,True,False
S000099668,Tradr 3X Long HIMS Daily ETF,Tradr 3X Long HIMS Daily ETF,Investment Managers Series Trust II,0001587982,,,2026,2026,3.0,number,daily,HIMS,ticker token,single_stock,True,False
S000100379,3x HIMS ETF,3x HIMS ETF,Volatility Shares Trust,0001884021,,,2026,2026,3.0,number,daily,HIMS,ticker token,single_stock,True,False
S000100380,5x HIMS ETF,5x HIMS ETF,Volatility Shares Trust,0001884021,,,2026,2026,5.0,number,daily,HIMS,ticker token,single_stock,True,False
S000098209,T-REX 2X LONG HIVE DAILY TARGET ETF,T-REX 2X LONG HIVE DAILY TARGET ETF,ETF Opportunities Trust,0001771146,,,2026,2026,2.0,number,daily,HIVE,ticker token,single_stock,True,False
S000100542,Leverage Shares 2X Long HIVE Daily ETF,Leverage Shares 2X Long HIVE Daily ETF,Themes ETF Trust,0001976322,,,2026,2026,2.0,number,daily,HIVE,ticker token,single_stock,True,False
S000100914,Tradr 2X Long HL Daily ETF,Tradr 2X Long HL Daily ETF,Investment Managers Series Trust II,0001587982,HLXX,HLXX,2026,2026,2.0,number,daily,HL,ticker token,single_stock,True,True
S000101004,Defiance Daily Target 2X Long HL ETF,Defiance Daily Target 2X Long HL ETF,Tidal Trust II,0001924868,,,2026,2026,2.0,number,daily,HL,ticker token,single_stock,True,False
S000104252,Leverage Shares 2X Long HL Daily ETF,Leverage Shares 2X Long HL Daily ETF,Themes ETF Trust,0001976322,,,2026,2026,2.0,number,daily,HL,ticker token,single_stock,True,False
S000098210,T-REX 2X LONG HOLO DAILY TARGET ETF,T-REX 2X LONG HOLO DAILY TARGET ETF,ETF Opportunities Trust,0001771146,,,2026,2026,2.0,number,daily,HOLO,ticker token,single_stock,True,False
S000104253,Leverage Shares 2X Long HON Daily ETF,Leverage Shares 2X Long HON Daily ETF,Themes ETF Trust,0001976322,,,2026,2026,2.0,number,daily,HON,ticker token,single_stock,True,False
S000098423,Defiance Daily Target 3X Short HOOD ETF,Defiance Daily Target 3X Short HOOD ETF,ETF Series Solutions,0001540305,,,2026,2026,-3.0,number,daily,HOOD,ticker token,single_stock,True,False
S000099529,GraniteShares 3x Short HOOD Daily ETF,GraniteShares 3x Short HOOD Daily ETF,GraniteShares ETF Trust,0001689873,,,2026,2026,-3.0,number,daily,HOOD,ticker token,single_stock,True,False
S000096896,Defiance Daily Target 2X Short HOOD ETF,Defiance Daily Target 2X Short HOOD ETF,Tidal Trust II,0001924868,,,2026,2026,-2.0,number,daily,HOOD,ticker token,single_stock,True,False
S000078250,REX Short HOOD ETF,REX Short HOOD ETF,Tidal Trust II,0001924868,,,2023,2024,-1.0,inverse no number,daily,HOOD,ticker token,single_stock,False,False
S000092885,Direxion Daily HOOD Bear 1X ETF,Direxion Daily HOOD Bear 1X Shares | Direxion Daily HOOD Bear 1X ETF,Direxion Shares ETF Trust,0001424958,,,2025,2026,-1.0,number,daily,HOOD,ticker token,single_stock,True,False
S000079026,REX 2X HOOD ETF,REX 2X HOOD ETF,Tidal Trust II,0001924868,,,2023,2024,2.0,number,daily,HOOD,ticker token,single_stock,False,False
S000087470,T-REX 2X LONG HOOD DAILY TARGET ETF,T-REX 2X LONG HOOD DAILY TARGET ETF,ETF Opportunities Trust,0001771146,ROBN,ROBN,2025,2026,2.0,number,daily,HOOD,ticker token,single_stock,True,True
S000090907,GraniteShares 2x Long HOOD Daily ETF,GraniteShares 2x Long HOOD Daily ETF,GraniteShares ETF Trust,0001689873,HOOL,HOOL,2025,2026,2.0,number,daily,HOOD,ticker token,single_stock,True,True
S000091053,Defiance Daily Target 2X Long HOOD ETF,Defiance Daily Target 2X Long HOOD ETF,Tidal Trust II,0001924868,HOOX,HOOX,2025,2026,2.0,number,daily,HOOD,ticker token,single_stock,True,True
S000091219,Leverage Shares 2X Long HOOD Daily ETF,Leverage Shares 2X Long HOOD Daily ETF,Themes ETF Trust,0001976322,HOOG,HOOG,2025,2026,2.0,number,daily,HOOD,ticker token,single_stock,True,True
S000092884,Direxion Daily HOOD Bull 2X ETF,Direxion Daily HOOD Bull 2X Shares | Direxion Daily HOOD Bull 2X ETF,Direxion Shares ETF Trust,0001424958,HODU,HODU,2025,2026,2.0,number,daily,HOOD,ticker token,single_stock,True,True
S000104841,Corgi HOOD 2x Daily ETF,Corgi HOOD 2x Daily ETF,Corgi ETF Trust I,0002078265,,,2026,2026,2.0,number,daily,HOOD,ticker token,single_stock,True,False
S000098451,Defiance Daily Target 3X Long HOOD ETF,Defiance Daily Target 3X Long HOOD ETF,ETF Series Solutions,0001540305,,,2026,2026,3.0,number,daily,HOOD,ticker token,single_stock,True,False
S000098603,Leverage Shares 3X Long HOOD Daily ETF,Leverage Shares 3X Long HOOD Daily ETF,Themes ETF Trust,0001976322,,,2026,2026,3.0,number,daily,HOOD,ticker token,single_stock,True,False
S000098808,T-REX 3X Long HOOD Daily Target ETF,T-REX 3X Long HOOD Daily Target ETF,ETF Opportunities Trust,0001771146,,,2026,2026,3.0,number,daily,HOOD,ticker token,single_stock,True,False
S000099001,ProShares Daily Target 3x HOOD,ProShares Daily Target 3x HOOD,PROSHARES TRUST,0001174610,,,2026,2026,3.0,number,daily,HOOD,ticker token,single_stock,True,False
S000099545,GraniteShares 3x Long HOOD Daily ETF,GraniteShares 3x Long HOOD Daily ETF,GraniteShares ETF Trust,0001689873,,,2026,2026,3.0,number,daily,HOOD,ticker token,single_stock,True,False
S000099669,Tradr 3X Long HOOD Daily ETF,Tradr 3X Long HOOD Daily ETF,Investment Managers Series Trust II,0001587982,HOOO,HOOO,2026,2026,3.0,number,daily,HOOD,ticker token,single_stock,True,True
S000099697,Direxion Daily HOOD Bull 3X ETF,Direxion Daily HOOD Bull 3X ETF,Direxion Shares ETF Trust,0001424958,,,2026,2026,3.0,number,daily,HOOD,ticker token,single_stock,True,False
S000100381,3x HOOD ETF,3x HOOD ETF,Volatility Shares Trust,0001884021,,,2026,2026,3.0,number,daily,HOOD,ticker token,single_stock,True,False
S000100382,5x HOOD ETF,5x HOOD ETF,Volatility Shares Trust,0001884021,,,2026,2026,5.0,number,daily,HOOD,ticker token,single_stock,True,False
S000105553,Leverage Shares 2X Long HPE Daily ETF,Leverage Shares 2X Long HPE Daily ETF,Themes ETF Trust,0001976322,,,2026,2026,2.0,number,daily,HPE,ticker token,single_stock,True,False
S000099443,Defiance Daily Target 2X Long HPQ ETF,Defiance Daily Target 2X Long HPQ ETF,Tidal Trust II,0001924868,,,2026,2026,2.0,number,daily,HPQ,ticker token,single_stock,True,False
S000106797,Defiance Daily Target 2X Long HQ ETF,Defiance Daily Target 2X Long HQ ETF,Tidal Trust V,0002081107,,,2026,2026,2.0,number,daily,HQ,ticker token,single_stock,True,False
S000098211,T-REX 2X LONG HSDT DAILY TARGET ETF,T-REX 2X LONG HSDT DAILY TARGET ETF,ETF Opportunities Trust,0001771146,,,2026,2026,2.0,number,daily,HSDT,ticker token,single_stock,True,False
S000097912,Leverage Shares 2X Long HUM Daily ETF,Leverage Shares 2X Long HUM Daily ETF,Themes ETF Trust,0001976322,,,2026,2026,2.0,number,daily,HUM,ticker token,single_stock,True,False
S000105172,GraniteShares 2x Short HUT Daily ETF,GraniteShares 2x Short HUT Daily ETF,GraniteShares ETF Trust,0001689873,,,2026,2026,-2.0,number,daily,HUT,ticker token,single_stock,True,False
S000100543,Leverage Shares 2X Long HUT Daily ETF,Leverage Shares 2X Long HUT Daily ETF,Themes ETF Trust,0001976322,,,2026,2026,2.0,number,daily,HUT,ticker token,single_stock,True,False
S000105147,GraniteShares 2x Long HUT Daily ETF,GraniteShares 2x Long HUT Daily ETF,GraniteShares ETF Trust,0001689873,,,2026,2026,2.0,number,daily,HUT,ticker token,single_stock,True,False
S000103891,Defiance Daily Target 2X Long HXSCL ETF,Defiance Daily Target 2X Long HXSCL ETF,Tidal Trust II,0001924868,,,2026,2026,2.0,number,daily,HXSCL,ticker token,single_stock,True,False
S000086140,Tradr 2X Long IBIT Monthly ETF,Tradr 2X Long IBIT Monthly ETF,Investment Managers Series Trust II,0001587982,,,2024,2024,2.0,number,monthly,IBIT,ticker token,single_stock,False,False
S000086151,Tradr 2X Long IBIT Quarterly ETF,Tradr 2X Long IBIT Quarterly ETF,Investment Managers Series Trust II,0001587982,,,2024,2024,2.0,number,quarterly,IBIT,ticker token,single_stock,False,False
S000086153,Tradr 2X Long IBIT Weekly ETF,Tradr 2X Long IBIT Weekly ETF,Investment Managers Series Trust II,0001587982,,,2024,2024,2.0,number,weekly,IBIT,ticker token,single_stock,False,False
S000099670,Tradr 3X Long IBIT Daily ETF,Tradr 3X Long IBIT Daily ETF,Investment Managers Series Trust II,0001587982,,,2026,2026,3.0,number,daily,IBIT,ticker token,single_stock,True,False
S000097185,Defiance Daily Target 2X Long IBKR ETF,Defiance Daily Target 2X Long IBKR ETF,Tidal Trust II,0001924868,,,2026,2026,2.0,number,daily,IBKR,ticker token,single_stock,True,False
S000095053,Tradr 2X Long IBM Daily ETF,Tradr 2X Long IBM Daily ETF,Investment Managers Series Trust II,0001587982,IBX,IBX,2026,2026,2.0,number,daily,IBM,ticker token,single_stock,True,True
S000105763,Tradr 2X Long IBRX Daily ETF,Tradr 2X Long IBRX Daily ETF,Investment Managers Series Trust II,0001587982,,,2026,2026,2.0,number,daily,IBRX,ticker token,single_stock,True,False
S000097423,T-REX 2X LONG ICHR DAILY TARGET ETF,T-REX 2X LONG ICHR DAILY TARGET ETF,ETF Opportunities Trust,0001771146,,,2026,2026,2.0,number,daily,ICHR,ticker token,single_stock,True,False
S000097424,T-REX 2X LONG ICLR DAILY TARGET ETF,T-REX 2X LONG ICLR DAILY TARGET ETF,ETF Opportunities Trust,0001771146,,,2026,2026,2.0,number,daily,ICLR,ticker token,single_stock,True,False
S000100057,T-REX 2X LONG IDR DAILY TARGET ETF,T-REX 2X LONG IDR DAILY TARGET ETF,ETF Opportunities Trust,0001771146,,,2026,2026,2.0,number,daily,IDR,ticker token,single_stock,True,False
S000100403,Tradr 2X Long IMSR Daily ETF,Tradr 2X Long IMSR Daily ETF,Investment Managers Series Trust II,0001587982,IMSX,IMSX,2026,2026,2.0,number,daily,IMSR,ticker token,single_stock,True,True
S000100916,Tradr 2X Long INDI Daily ETF,Tradr 2X Long INDI Daily ETF,Investment Managers Series Trust II,0001587982,INXX,INXX,2026,2026,2.0,number,daily,INDI,ticker token,single_stock,True,True
S000101010,T-REX 2X LONG INFQ DAILY TARGET ETF,T-REX 2X LONG INFQ DAILY TARGET ETF,ETF Opportunities Trust,0001771146,,,2026,2026,2.0,number,daily,INFQ,ticker token,single_stock,True,False
S000105076,Defiance Daily Target 2X Long INFQ ETF,Defiance Daily Target 2X Long INFQ ETF,Tidal Trust II,0001924868,,,2026,2026,2.0,number,daily,INFQ,ticker token,single_stock,True,False
S000107393,T-REX 2X LONG INFY DAILY TARGET ETF,T-REX 2X LONG INFY DAILY TARGET ETF,ETF Opportunities Trust,0001771146,,,2026,2026,2.0,number,daily,INFY,ticker token,single_stock,True,False
S000100594,Tradr 2X Long INOD Daily ETF,Tradr 2X Long INOD Daily ETF,Investment Managers Series Trust II,0001587982,INOX,INOX,2026,2026,2.0,number,daily,INOD,ticker token,single_stock,True,True
S000099530,GraniteShares 3x Short INTC Daily ETF,GraniteShares 3x Short INTC Daily ETF,GraniteShares ETF Trust,0001689873,,,2026,2026,-3.0,number,daily,INTC,ticker token,single_stock,True,False
S000088302,GraniteShares 2x Short INTC Daily ETF,GraniteShares 2x Short INTC Daily ETF,GraniteShares ETF Trust,0001689873,INS,INS,2025,2026,-2.0,number,daily,INTC,ticker token,single_stock,True,True
S000096880,Defiance Daily Target 2X Short INTC ETF,Defiance Daily Target 2X Short INTC ETF,Tidal Trust II,0001924868,,,2026,2026,-2.0,number,daily,INTC,ticker token,single_stock,True,False
S000092887,Direxion Daily INTC Bear 1X ETF,Direxion Daily INTC Bear 1X Shares | Direxion Daily INTC Bear 1X ETF,Direxion Shares ETF Trust,0001424958,,,2025,2026,-1.0,number,daily,INTC,ticker token,single_stock,True,False
S000088287,GraniteShares 2x Long INTC Daily ETF,GraniteShares 2x Long INTC Daily ETF,GraniteShares ETF Trust,0001689873,INTW,INTW,2025,2026,2.0,number,daily,INTC,ticker token,single_stock,True,True
S000092886,Direxion Daily INTC Bull 2X ETF,Direxion Daily INTC Bull 2X Shares | Direxion Daily INTC Bull 2X ETF,Direxion Shares ETF Trust,0001424958,LINT,LINT,2025,2026,2.0,number,daily,INTC,ticker token,single_stock,True,True
S000104838,Corgi INTC 2x Daily ETF,Corgi INTC 2x Daily ETF,Corgi ETF Trust I,0002078265,,,2026,2026,2.0,number,daily,INTC,ticker token,single_stock,True,False
S000098810,T-REX 3X Long INTC Daily Target ETF,T-REX 3X Long INTC Daily Target ETF,ETF Opportunities Trust,0001771146,,,2026,2026,3.0,number,daily,INTC,ticker token,single_stock,True,False
S000099246,Tradr 3X Long INTC Daily ETF,Tradr 3X Long INTC Daily ETF,Investment Managers Series Trust II,0001587982,,,2026,2026,3.0,number,daily,INTC,ticker token,single_stock,True,False
S000099546,GraniteShares 3x Long INTC Daily ETF,GraniteShares 3x Long INTC Daily ETF,GraniteShares ETF Trust,0001689873,,,2026,2026,3.0,number,daily,INTC,ticker token,single_stock,True,False
S000099698,Direxion Daily INTC Bull 3X ETF,Direxion Daily INTC Bull 3X ETF,Direxion Shares ETF Trust,0001424958,,,2026,2026,3.0,number,daily,INTC,ticker token,single_stock,True,False
S000100303,Defiance Daily Target 3X Long INTC ETF,Defiance Daily Target 3X Long INTC ETF,ETF Series Solutions,0001540305,,,2026,2026,3.0,number,daily,INTC,ticker token,single_stock,True,False
S000100383,3x INTC ETF,3x INTC ETF,Volatility Shares Trust,0001884021,,,2026,2026,3.0,number,daily,INTC,ticker token,single_stock,True,False
S000100384,5x INTC ETF,5x INTC ETF,Volatility Shares Trust,0001884021,,,2026,2026,5.0,number,daily,INTC,ticker token,single_stock,True,False
S000099531,GraniteShares 3x Short IONQ Daily ETF,GraniteShares 3x Short IONQ Daily ETF,GraniteShares ETF Trust,0001689873,,,2026,2026,-3.0,number,daily,IONQ,ticker token,single_stock,True,False
S000099660,Tradr 3X Short IONQ Daily ETF,Tradr 3X Short IONQ Daily ETF,Investment Managers Series Trust II,0001587982,IONT,IONT,2026,2026,-3.0,number,daily,IONQ,ticker token,single_stock,True,True
S000092366,Defiance Daily Target 2X Short IONQ ETF,Defiance Daily Target 2X Short IONQ ETF,Tidal Trust II,0001924868,,,2025,2026,-2.0,number,daily,IONQ,ticker token,single_stock,True,False
S000090911,GraniteShares 2x Long IONQ Daily ETF,GraniteShares 2x Long IONQ Daily ETF,GraniteShares ETF Trust,0001689873,IONL,IONL,2025,2026,2.0,number,daily,IONQ,ticker token,single_stock,True,True
S000091054,Defiance Daily Target 2X Long IONQ ETF,Defiance Daily Target 2X Long IONQ ETF,Tidal Trust II,0001924868,IONX,IONX,2025,2026,2.0,number,daily,IONQ,ticker token,single_stock,True,True
S000091220,Leverage Shares 2X Long IONQ Daily ETF,Leverage Shares 2X Long IONQ Daily ETF,Themes ETF Trust,0001976322,,,2025,2026,2.0,number,daily,IONQ,ticker token,single_stock,True,False
S000104830,Corgi IONQ 2x Daily ETF,Corgi IONQ 2x Daily ETF,Corgi ETF Trust I,0002078265,,,2026,2026,2.0,number,daily,IONQ,ticker token,single_stock,True,False
S000098811,T-REX 3X Long IONQ Daily Target ETF,T-REX 3X Long IONQ Daily Target ETF,ETF Opportunities Trust,0001771146,,,2026,2026,3.0,number,daily,IONQ,ticker token,single_stock,True,False
S000098985,Leverage Shares 3X Long IONQ Daily ETF,Leverage Shares 3X Long IONQ Daily ETF,Themes ETF Trust,0001976322,,,2026,2026,3.0,number,daily,IONQ,ticker token,single_stock,True,False
S000099247,Tradr 3X Long IONQ Daily ETF,Tradr 3X Long IONQ Daily ETF,Investment Managers Series Trust II,0001587982,IONU,IONU,2026,2026,3.0,number,daily,IONQ,ticker token,single_stock,True,True
S000099547,GraniteShares 3x Long IONQ Daily ETF,GraniteShares 3x Long IONQ Daily ETF,GraniteShares ETF Trust,0001689873,,,2026,2026,3.0,number,daily,IONQ,ticker token,single_stock,True,False
S000100310,Defiance Daily Target 3X Long IONQ ETF,Defiance Daily Target 3X Long IONQ ETF,ETF Series Solutions,0001540305,,,2026,2026,3.0,number,daily,IONQ,ticker token,single_stock,True,False
S000105173,GraniteShares 2x Short IOT Daily ETF,GraniteShares 2x Short IOT Daily ETF,GraniteShares ETF Trust,0001689873,,,2026,2026,-2.0,number,daily,IOT,ticker token,single_stock,True,False
S000105148,GraniteShares 2x Long IOT Daily ETF,GraniteShares 2x Long IOT Daily ETF,GraniteShares ETF Trust,0001689873,,,2026,2026,2.0,number,daily,IOT,ticker token,single_stock,True,False
S000102837,Corgi IP Licensing & Royalties 2x Daily ETF,Corgi IP Licensing & Royalties 2x Daily ETF,Corgi ETF Trust I,0002078265,,,2026,2026,2.0,number,daily,IP,ticker token,single_stock,True,False
S000106474,Defiance Daily Target 2X Long IPGP ETF,Defiance Daily Target 2X Long IPGP ETF,Tidal Trust II,0001924868,,,2026,2026,2.0,number,daily,IPGP,ticker token,single_stock,True,False
S000107008,Tradr 2X Long IPGP Daily ETF,Tradr 2X Long IPGP Daily ETF,Investment Managers Series Trust II,0001587982,,,2026,2026,2.0,number,daily,IPGP,ticker token,single_stock,True,False
S000099420,Defiance Daily Target 2X Short IREN ETF,Defiance Daily Target 2X Short IREN ETF,Tidal Trust II,0001924868,IRES,IRES,2026,2026,-2.0,number,daily,IREN,ticker token,single_stock,True,True
S000100813,Tradr 2X Short IREN Daily ETF,Tradr 2X Short IREN Daily ETF,Investment Managers Series Trust II,0001587982,IREZ,IREZ,2026,2026,-2.0,number,daily,IREN,ticker token,single_stock,True,True
S000105174,GraniteShares 2x Short IREN Daily ETF,GraniteShares 2x Short IREN Daily ETF,GraniteShares ETF Trust,0001689873,,,2026,2026,-2.0,number,daily,IREN,ticker token,single_stock,True,False
S000095914,Defiance Daily Target 2X Long IREN ETF,Defiance Daily Target 2X Long IREN ETF,Tidal Trust II,0001924868,IRE,IRE,2026,2026,2.0,number,daily,IREN,ticker token,single_stock,True,True
S000096134,Tradr 2X Long IREN Daily ETF,Tradr 2X Long IREN Daily ETF,Investment Managers Series Trust II,0001587982,IREX,IREX,2026,2026,2.0,number,daily,IREN,ticker token,single_stock,True,True
S000097426,T-REX 2X LONG IREN DAILY TARGET ETF,T-REX 2X LONG IREN DAILY TARGET ETF,ETF Opportunities Trust,0001771146,,,2026,2026,2.0,number,daily,IREN,ticker token,single_stock,True,False
S000098110,Leverage Shares 2X Long IREN Daily ETF,Leverage Shares 2X Long IREN Daily ETF,Themes ETF Trust,0001976322,,,2026,2026,2.0,number,daily,IREN,ticker token,single_stock,True,False
S000104863,Corgi IREN 2x Daily ETF,Corgi IREN 2x Daily ETF,Corgi ETF Trust I,0002078265,,,2026,2026,2.0,number,daily,IREN,ticker token,single_stock,True,False
S000105149,GraniteShares 2x Long IREN Daily ETF,GraniteShares 2x Long IREN Daily ETF,GraniteShares ETF Trust,0001689873,,,2026,2026,2.0,number,daily,IREN,ticker token,single_stock,True,False
S000099248,Tradr 3X Long IREN Daily ETF,Tradr 3X Long IREN Daily ETF,Investment Managers Series Trust II,0001587982,IREE,IREE,2026,2026,3.0,number,daily,IREN,ticker token,single_stock,True,True
S000103697,T-REX 3X LONG IREN DAILY TARGET ETF,T-REX 3X LONG IREN DAILY TARGET ETF,ETF Opportunities Trust,0001771146,,,2026,2026,3.0,number,daily,IREN,ticker token,single_stock,True,False
S000104581,Leverage Shares 3X Long IREN Daily ETF,Leverage Shares 3X Long IREN Daily ETF,Themes ETF Trust,0001976322,,,2026,2026,3.0,number,daily,IREN,ticker token,single_stock,True,False
S000104694,Leverage Shares 4x Long IREN Daily ETF,Leverage Shares 4x Long IREN Daily ETF,Themes ETF Trust,0001976322,,,2026,2026,4.0,number,daily,IREN,ticker token,single_stock,True,False
S000093738,Tradr 2X Long ISRG Daily ETF,Tradr 2X Long ISRG Daily ETF,Investment Managers Series Trust II,0001587982,,,2025,2025,2.0,number,daily,ISRG,ticker token,single_stock,False,False
S000094368,GraniteShares 2x Long ISRG Daily ETF,GraniteShares 2x Long ISRG Daily ETF,GraniteShares ETF Trust,0001689873,,,2025,2026,2.0,number,daily,ISRG,ticker token,single_stock,True,False
S000096188,Leverage Shares 2X Long ISRG Daily ETF,Leverage Shares 2X Long ISRG Daily ETF,Themes ETF Trust,0001976322,,,2026,2026,2.0,number,daily,ISRG,ticker token,single_stock,True,False
S000105554,Leverage Shares 2X Long JBL Daily ETF,Leverage Shares 2X Long JBL Daily ETF,Themes ETF Trust,0001976322,,,2026,2026,2.0,number,daily,JBL,ticker token,single_stock,True,False
S000105893,T-REX 2X LONG JBL DAILY TARGET ETF,T-REX 2X LONG JBL DAILY TARGET ETF,ETF Opportunities Trust,0001771146,,,2026,2026,2.0,number,daily,JBL,ticker token,single_stock,True,False
S000106798,Defiance Daily Target 2X Long JBL ETF,Defiance Daily Target 2X Long JBL ETF,Tidal Trust V,0002081107,,,2026,2026,2.0,number,daily,JBL,ticker token,single_stock,True,False
S000100085,Defiance Daily Target 2X Long JBLU ETF,Defiance Daily Target 2X Long JBLU ETF,Tidal Trust II,0001924868,JBLL,JBLL,2026,2026,2.0,number,daily,JBLU,ticker token,single_stock,True,True
S000089270,KraneShares 2x Long JD Daily ETF,KraneShares 2x Long JD Daily ETF,Krane Shares Trust,0001547576,KJD,KJD,2025,2026,2.0,number,daily,JD,ticker token,single_stock,True,True
S000093828,Leverage Shares 2X Long JD Daily ETF,Leverage Shares 2X Long JD Daily ETF,Themes ETF Trust,0001976322,,,2025,2026,2.0,number,daily,JD,ticker token,single_stock,True,False
S000103146,Defiance Daily Target 2X Long JD ETF,Defiance Daily Target 2X Long JD ETF,Tidal Trust II,0001924868,,,2026,2026,2.0,number,daily,JD,ticker token,single_stock,True,False
S000099444,Defiance Daily Target 2X Long JMIA ETF,Defiance Daily Target 2X Long JMIA ETF,Tidal Trust II,0001924868,,,2026,2026,2.0,number,daily,JMIA,ticker token,single_stock,True,False
S000099421,Defiance Daily Target 2X Short JOBY ETF,Defiance Daily Target 2X Short JOBY ETF,Tidal Trust II,0001924868,SJOB,SJOB,2026,2026,-2.0,number,daily,JOBY,ticker token,single_stock,True,True
S000095054,Tradr 2X Long JOBY Daily ETF,Tradr 2X Long JOBY Daily ETF,Investment Managers Series Trust II,0001587982,JOBX,JOBX,2026,2026,2.0,number,daily,JOBY,ticker token,single_stock,True,True
S000095544,Defiance Daily Target 2X Long JOBY ETF,Defiance Daily Target 2X Long JOBY ETF,Tidal Trust II,0001924868,,,2026,2026,2.0,number,daily,JOBY,ticker token,single_stock,True,False
S000104844,Corgi JOBY 2x Daily ETF,Corgi JOBY 2x Daily ETF,Corgi ETF Trust I,0002078265,,,2026,2026,2.0,number,daily,JOBY,ticker token,single_stock,True,False
S000099249,Tradr 3X Long JOBY Daily ETF,Tradr 3X Long JOBY Daily ETF,Investment Managers Series Trust II,0001587982,,,2026,2026,3.0,number,daily,JOBY,ticker token,single_stock,True,False
S000100307,Defiance Daily Target 3X Long JOBY ETF,Defiance Daily Target 3X Long JOBY ETF,ETF Series Solutions,0001540305,,,2026,2026,3.0,number,daily,JOBY,ticker token,single_stock,True,False
S000081139,GraniteShares 2x Short JPM Daily ETF,GraniteShares 1.5x Short JPM Daily ETF | GraniteShares 2x Short JPM Daily ETF,GraniteShares ETF Trust,0001689873,JMS,JPMS | JMS,2023,2026,-2.0,number,daily,JPM,ticker token,single_stock,True,True
S000081154,GraniteShares 1x Short JPM Daily ETF,GraniteShares 1x Short JPM Daily ETF,GraniteShares ETF Trust,0001689873,JMI,JMI,2023,2026,-1.0,number,daily,JPM,ticker token,single_stock,True,True
S000081162,GraniteShares 2x Long JPM Daily ETF,GraniteShares 1.5x Long JPM Daily ETF | GraniteShares 2x Long JPM Daily ETF,GraniteShares ETF Trust,0001689873,JPL,JPML | JPL,2023,2026,2.0,number,daily,JPM,ticker token,single_stock,True,True
S000091055,Defiance Daily Target 2X Long JPM ETF,Defiance Daily Target 2X Long JPM ETF,Tidal Trust II,0001924868,JPX,JPMX | JPX,2025,2026,2.0,number,daily,JPM,ticker token,single_stock,True,True
S000099441,Defiance Daily Target 2x Long KEEL ETF,Defiance Daily Target 2x Long KEEL ETF,Tidal Trust II,0001924868,KEEX,KEEX,2026,2026,2.0,number,daily,KEEL,ticker token,single_stock,True,True
S000107010,Tradr 2X Long KEEL Daily ETF,Tradr 2X Long KEEL Daily ETF,Investment Managers Series Trust II,0001587982,,,2026,2026,2.0,number,daily,KEEL,ticker token,single_stock,True,False
S000107421,Leverage Shares 2X Long KEEL Daily ETF,Leverage Shares 2X Long KEEL Daily ETF,Themes ETF Trust,0001976322,,,2026,2026,2.0,number,daily,KEEL,ticker token,single_stock,True,False
S000104897,Corgi KEYS 2x Daily ETF,Corgi KEYS 2x Daily ETF,Corgi ETF Trust I,0002078265,,,2026,2026,2.0,number,daily,KEYS,ticker token,single_stock,True,False
S000105555,Leverage Shares 2X Long KEYS Daily ETF,Leverage Shares 2X Long KEYS Daily ETF,Themes ETF Trust,0001976322,,,2026,2026,2.0,number,daily,KEYS,ticker token,single_stock,True,False
S000097186,Defiance Daily Target 2X Long KLAC ETF,Defiance Daily Target 2X Long KLAC ETF,Tidal Trust II,0001924868,,,2026,2026,2.0,number,daily,KLAC,ticker token,single_stock,True,False
S000097913,Leverage Shares 2X Long KLAC Daily ETF,Leverage Shares 2X Long KLAC Daily ETF,Themes ETF Trust,0001976322,,,2026,2026,2.0,number,daily,KLAC,ticker token,single_stock,True,False
S000097126,ProShares Ultra KLAR,ProShares Ultra KLAR,PROSHARES TRUST,0001174610,,,2026,2026,2.0,proshares ultra,daily,KLAR,ticker token,single_stock,True,False
S000097196,T-REX 2X LONG KLAR DAILY TARGET ETF,T-REX 2X LONG KLAR DAILY TARGET ETF,ETF Opportunities Trust,0001771146,,,2026,2026,2.0,number,daily,KLAR,ticker token,single_stock,True,False
S000097914,Leverage Shares 2X Long KMX Daily ETF,Leverage Shares 2X Long KMX Daily ETF,Themes ETF Trust,0001976322,,,2026,2026,2.0,number,daily,KMX,ticker token,single_stock,True,False
S000092889,Direxion Daily KO Bear 1X ETF,Direxion Daily KO Bear 1X Shares | Direxion Daily KO Bear 1X ETF,Direxion Shares ETF Trust,0001424958,,,2025,2026,-1.0,number,daily,KO,ticker token,single_stock,True,False
S000092888,Direxion Daily KO Bull 2X ETF,Direxion Daily KO Bull 2X Shares | Direxion Daily KO Bull 2X ETF,Direxion Shares ETF Trust,0001424958,,,2025,2026,2.0,number,daily,KO,ticker token,single_stock,True,False
S000094369,GraniteShares 2x Long KO Daily ETF,GraniteShares 2x Long KO Daily ETF,GraniteShares ETF Trust,0001689873,,,2025,2026,2.0,number,daily,KO,ticker token,single_stock,True,False
S000104014,Defiance Daily Target 2X Long KOPN ETF,Defiance Daily Target 2X Long KOPN ETF,Tidal Trust II,0001924868,,,2026,2026,2.0,number,daily,KOPN,ticker token,single_stock,True,False
S000107422,Leverage Shares 2X Long KOPN Daily ETF,Leverage Shares 2X Long KOPN Daily ETF,Themes ETF Trust,0001976322,,,2026,2026,2.0,number,daily,KOPN,ticker token,single_stock,True,False
S000105970,Defiance Daily Target 2X Long KRMN ETF,Defiance Daily Target 2X Long KRMN ETF,Tidal Trust II,0001924868,,,2026,2026,2.0,number,daily,KRMN,ticker token,single_stock,True,False
S000097427,T-REX 2X LONG KSS DAILY TARGET ETF,T-REX 2X LONG KSS DAILY TARGET ETF,ETF Opportunities Trust,0001771146,,,2026,2026,2.0,number,daily,KSS,ticker token,single_stock,True,False
S000093878,T-REX 2X LONG KTOS DAILY TARGET ETF,T-REX 2X LONG KTOS DAILY TARGET ETF,ETF Opportunities Trust,0001771146,KTUP,KTUP,2025,2026,2.0,number,daily,KTOS,ticker token,single_stock,True,True
S000095545,Defiance Daily Target 2X Long KTOS ETF,Defiance Daily Target 2X Long KTOS ETF,Tidal Trust II,0001924868,,,2026,2026,2.0,number,daily,KTOS,ticker token,single_stock,True,False
S000104254,Leverage Shares 2X Long KTOS Daily ETF,Leverage Shares 2X Long KTOS Daily ETF,Themes ETF Trust,0001976322,,,2026,2026,2.0,number,daily,KTOS,ticker token,single_stock,True,False
S000103272,Defiance Daily Target 2X Long KULR ETF,Defiance Daily Target 2X Long KULR ETF,Tidal Trust II,0001924868,,,2026,2026,2.0,number,daily,KULR,ticker token,single_stock,True,False
S000097915,Leverage Shares 2X Long LAC Daily ETF,Leverage Shares 2X Long LAC Daily ETF,Themes ETF Trust,0001976322,,,2026,2026,2.0,number,daily,LAC,ticker token,single_stock,True,False
S000100335,T-REX 2X LONG LAC DAILY TARGET ETF,T-REX 2X LONG LAC DAILY TARGET ETF,ETF Opportunities Trust,0001771146,,,2026,2026,2.0,number,daily,LAC,ticker token,single_stock,True,False
S000100577,Tradr 2X Long LAC Daily ETF,Tradr 2X Long LAC Daily ETF,Investment Managers Series Trust II,0001587982,LACX,LACX,2026,2026,2.0,number,daily,LAC,ticker token,single_stock,True,True
S000100324,T-REX 2X LONG LAES DAILY TARGET ETF,T-REX 2X LONG LAES DAILY TARGET ETF,ETF Opportunities Trust,0001771146,,,2026,2026,2.0,number,daily,LAES,ticker token,single_stock,True,False
S000100545,Leverage Shares 2X Long LAES Daily ETF,Leverage Shares 2X Long LAES Daily ETF,Themes ETF Trust,0001976322,,,2026,2026,2.0,number,daily,LAES,ticker token,single_stock,True,False
S000104885,Corgi LASR 2x Daily ETF,Corgi LASR 2x Daily ETF,Corgi ETF Trust I,0002078265,,,2026,2026,2.0,number,daily,LASR,ticker token,single_stock,True,False
S000105764,Tradr 2X Long LASR Daily ETF,Tradr 2X Long LASR Daily ETF,Investment Managers Series Trust II,0001587982,,,2026,2026,2.0,number,daily,LASR,ticker token,single_stock,True,False
S000081140,GraniteShares 2x Short LCID Daily ETF,GraniteShares 1.5x Short LCID Daily ETF | GraniteShares 2x Short LCID Daily ETF,GraniteShares ETF Trust,0001689873,LDD,LCDD | LDD,2023,2026,-2.0,number,daily,LCID,ticker token,single_stock,True,True
S000100815,Tradr 2X Short LCID Daily ETF,Tradr 2X Short LCID Daily ETF,Investment Managers Series Trust II,0001587982,LCIZ,LCIZ,2026,2026,-2.0,number,daily,LCID,ticker token,single_stock,True,True
S000081155,GraniteShares 1x Short LCID Daily ETF,GraniteShares 1x Short LCID Daily ETF,GraniteShares ETF Trust,0001689873,LCI,LCI,2023,2026,-1.0,number,daily,LCID,ticker token,single_stock,True,True
S000092891,Direxion Daily LCID Bear 1X ETF,Direxion Daily LCID Bear 1X Shares | Direxion Daily LCID Bear 1X ETF,Direxion Shares ETF Trust,0001424958,,,2025,2026,-1.0,number,daily,LCID,ticker token,single_stock,True,False
S000081163,GraniteShares 2x Long LCID Daily ETF,GraniteShares 1.5x Long LCID Daily ETF | GraniteShares 2x Long LCID Daily ETF,GraniteShares ETF Trust,0001689873,LCDL,LCDL,2023,2026,2.0,number,daily,LCID,ticker token,single_stock,True,True
S000092890,Direxion Daily LCID Bull 2X ETF,Direxion Daily LCID Bull 2X Shares | Direxion Daily LCID Bull 2X ETF,Direxion Shares ETF Trust,0001424958,,,2025,2026,2.0,number,daily,LCID,ticker token,single_stock,True,False
S000100917,Tradr 2X Long LEU Daily ETF,Tradr 2X Long LEU Daily ETF,Investment Managers Series Trust II,0001587982,LEUX,LEUX,2026,2026,2.0,number,daily,LEU,ticker token,single_stock,True,True
S000103147,Defiance Daily Target 2X Long LEU ETF,Defiance Daily Target 2X Long LEU ETF,Tidal Trust II,0001924868,,,2026,2026,2.0,number,daily,LEU,ticker token,single_stock,True,False
S000104255,Leverage Shares 2X Long LEU Daily ETF,Leverage Shares 2X Long LEU Daily ETF,Themes ETF Trust,0001976322,,,2026,2026,2.0,number,daily,LEU,ticker token,single_stock,True,False
S000105765,Tradr 2X Long LHX Daily ETF,Tradr 2X Long LHX Daily ETF,Investment Managers Series Trust II,0001587982,,,2026,2026,2.0,number,daily,LHX,ticker token,single_stock,True,False
S000100546,Leverage Shares 2X Long LI Daily ETF,Leverage Shares 2X Long LI Daily ETF,Themes ETF Trust,0001976322,,,2026,2026,2.0,number,daily,LI,ticker token,single_stock,True,False
S000091727,T-REX 2X Long LINK Daily Target ETF,Tuttle Capital 2X Long Chainlink Daily Target ETF | T-REX 2X Long LINK Daily Target ETF,ETF Opportunities Trust,0001771146,,,2025,2026,2.0,number,daily,LINK,ticker token,single_stock,True,False
S000103008,Tradr 2X Short LITE Daily ETF,Tradr 2X Short LITE Daily ETF,Investment Managers Series Trust II,0001587982,,,2026,2026,-2.0,number,daily,LITE,ticker token,single_stock,True,False
S000105175,GraniteShares 2x Short LITE Daily ETF,GraniteShares 2x Short LITE Daily ETF,GraniteShares ETF Trust,0001689873,,,2026,2026,-2.0,number,daily,LITE,ticker token,single_stock,True,False
S000100918,Tradr 2X Long LITE Daily ETF,Tradr 2X Long LITE Daily ETF,Investment Managers Series Trust II,0001587982,LITX,LITX,2026,2026,2.0,number,daily,LITE,ticker token,single_stock,True,True
S000101635,T-REX 2X LONG LITE DAILY TARGET ETF,T-REX 2X LONG LITE DAILY TARGET ETF,ETF Opportunities Trust,0001771146,LITU,LITU,2026,2026,2.0,number,daily,LITE,ticker token,single_stock,True,True
S000104846,Corgi LITE 2x Daily ETF,Corgi LITE 2x Daily ETF,Corgi ETF Trust I,0002078265,,,2026,2026,2.0,number,daily,LITE,ticker token,single_stock,True,False
S000105150,GraniteShares 2x Long LITE Daily ETF,GraniteShares 2x Long LITE Daily ETF,GraniteShares ETF Trust,0001689873,,,2026,2026,2.0,number,daily,LITE,ticker token,single_stock,True,False
S000107423,Leverage Shares 2X Long LITE Daily ETF,Leverage Shares 2X Long LITE Daily ETF,Themes ETF Trust,0001976322,,,2026,2026,2.0,number,daily,LITE,ticker token,single_stock,True,False
S000103698,T-REX 3X LONG LITE DAILY TARGET ETF,T-REX 3X LONG LITE DAILY TARGET ETF,ETF Opportunities Trust,0001771146,,,2026,2026,3.0,number,daily,LITE,ticker token,single_stock,True,False
S000104582,Leverage Shares 3X Long LITE Daily ETF,Leverage Shares 3X Long LITE Daily ETF,Themes ETF Trust,0001976322,,,2026,2026,3.0,number,daily,LITE,ticker token,single_stock,True,False
S000104695,Leverage Shares 4x Long LITE Daily ETF,Leverage Shares 4x Long LITE Daily ETF,Themes ETF Trust,0001976322,,,2026,2026,4.0,number,daily,LITE,ticker token,single_stock,True,False
S000097429,T-REX 2X LONG LITS DAILY TARGET ETF,T-REX 2X LONG LITS DAILY TARGET ETF,ETF Opportunities Trust,0001771146,,,2026,2026,2.0,number,daily,LITS,ticker token,single_stock,True,False
S000088303,GraniteShares 2x Short LLY Daily ETF,GraniteShares 2x Short LLY Daily ETF,GraniteShares ETF Trust,0001689873,LY,LY,2025,2026,-2.0,number,daily,LLY,ticker token,single_stock,True,True
S000091501,Defiance Daily Target 2X Short LLY ETF,Defiance Daily Target 2X Short LLY ETF,Tidal Trust II,0001924868,,,2025,2026,-2.0,number,daily,LLY,ticker token,single_stock,True,False
S000088049,Direxion Daily LLY Bear 1X ETF,Direxion Daily LLY Bear 1X Shares | Direxion Daily LLY Bear 1X ETF,Direxion Shares ETF Trust,0001424958,ELIS,ELIS,2025,2026,-1.0,number,daily,LLY,ticker token,single_stock,True,True
S000085136,Defiance Daily Target 2X Long LLY ETF,Defiance Daily Target 2X Long LLY ETF,Tidal Trust II,0001924868,LLYX,LLYX,2024,2026,2.0,number,daily,LLY,ticker token,single_stock,True,True
S000088065,Direxion Daily LLY Bull 2X ETF,Direxion Daily LLY Bull 2X Shares | Direxion Daily LLY Bull 2X ETF,Direxion Shares ETF Trust,0001424958,ELIL,ELIL,2025,2026,2.0,number,daily,LLY,ticker token,single_stock,True,True
S000088288,GraniteShares 2x Long LLY Daily ETF,GraniteShares 2x Long LLY Daily ETF,GraniteShares ETF Trust,0001689873,LLL,LLL,2025,2026,2.0,number,daily,LLY,ticker token,single_stock,True,True
S000091221,Leverage Shares 2X Long LLY Daily ETF,Leverage Shares 2X Long LLY Daily ETF,Themes ETF Trust,0001976322,,,2025,2026,2.0,number,daily,LLY,ticker token,single_stock,True,False
S000098812,T-REX 3X Long LLY Daily Target ETF,T-REX 3X Long LLY Daily Target ETF,ETF Opportunities Trust,0001771146,,,2026,2026,3.0,number,daily,LLY,ticker token,single_stock,True,False
S000099250,Tradr 3X Long LLY Daily ETF,Tradr 3X Long LLY Daily ETF,Investment Managers Series Trust II,0001587982,,,2026,2026,3.0,number,daily,LLY,ticker token,single_stock,True,False
S000095477,T-REX 2X LONG LMND DAILY TARGET ETF,T-REX 2X LONG LMND DAILY TARGET ETF,ETF Opportunities Trust,0001771146,,,2026,2026,2.0,number,daily,LMND,ticker token,single_stock,True,False
S000095546,Defiance Daily Target 2X Long LMND ETF,Defiance Daily Target 2X Long LMND ETF,Tidal Trust II,0001924868,,,2026,2026,2.0,number,daily,LMND,ticker token,single_stock,True,False
S000090381,Direxion Daily LMT Bear 1X ETF,Direxion Daily LMT Bear 1X Shares | Direxion Daily LMT Bear 1X ETF,Direxion Shares ETF Trust,0001424958,LMTS,LMTS,2025,2026,-1.0,number,daily,LMT,ticker token,single_stock,True,True
S000090380,Direxion Daily LMT Bull 2X ETF,Direxion Daily LMT Bull 2X Shares | Direxion Daily LMT Bull 2X ETF,Direxion Shares ETF Trust,0001424958,LMTL,LMTL,2025,2026,2.0,number,daily,LMT,ticker token,single_stock,True,True
S000091222,Leverage Shares 2X Long LMT Daily ETF,Leverage Shares 2X Long LMT Daily ETF,Themes ETF Trust,0001976322,,,2025,2026,2.0,number,daily,LMT,ticker token,single_stock,True,False
S000105766,Tradr 2X Long LNG Daily ETF,Tradr 2X Long LNG Daily ETF,Investment Managers Series Trust II,0001587982,,,2026,2026,2.0,number,daily,LNG,ticker token,single_stock,True,False
S000107347,Direxion Daily LRCX Bear 2X ETF,Direxion Daily LRCX Bear 2X ETF,Direxion Shares ETF Trust,0001424958,,,2026,2026,-2.0,number,daily,LRCX,ticker token,single_stock,True,False
S000093739,Tradr 2X Long LRCX Daily ETF,Tradr 2X Long LRCX Daily ETF,Investment Managers Series Trust II,0001587982,LRCU,LRCU,2025,2026,2.0,number,daily,LRCX,ticker token,single_stock,True,True
S000097916,Leverage Shares 2X Long LRCX Daily ETF,Leverage Shares 2X Long LRCX Daily ETF,Themes ETF Trust,0001976322,,,2026,2026,2.0,number,daily,LRCX,ticker token,single_stock,True,False
S000104878,Corgi LRCX 2x Daily ETF,Corgi LRCX 2x Daily ETF,Corgi ETF Trust I,0002078265,,,2026,2026,2.0,number,daily,LRCX,ticker token,single_stock,True,False
S000107354,Direxion Daily LRCX Bull 2X ETF,Direxion Daily LRCX Bull 2X ETF,Direxion Shares ETF Trust,0001424958,,,2026,2026,2.0,number,daily,LRCX,ticker token,single_stock,True,False
S000104880,Corgi LRN 2x Daily ETF,Corgi LRN 2x Daily ETF,Corgi ETF Trust I,0002078265,,,2026,2026,2.0,number,daily,LRN,ticker token,single_stock,True,False
S000105767,Tradr 2X Long LSCC Daily ETF,Tradr 2X Long LSCC Daily ETF,Investment Managers Series Trust II,0001587982,,,2026,2026,2.0,number,daily,LSCC,ticker token,single_stock,True,False
S000091728,T-REX 2X Long LTC Daily Target ETF,Tuttle Capital 2X Long Litecoin Daily Target ETF | T-REX 2X Long LTC Daily Target ETF,ETF Opportunities Trust,0001771146,,,2025,2026,2.0,number,daily,LTC,ticker token,single_stock,True,False
S000104015,Defiance Daily Target 2X Long LTRX ETF,Defiance Daily Target 2X Long LTRX ETF,Tidal Trust II,0001924868,,,2026,2026,2.0,number,daily,LTRX,ticker token,single_stock,True,False
S000096189,Leverage Shares 2X Long LULU Daily ETF,Leverage Shares 2X Long LULU Daily ETF,Themes ETF Trust,0001976322,,,2026,2026,2.0,number,daily,LULU,ticker token,single_stock,True,False
S000098986,Leverage Shares 3X Long LULU Daily ETF,Leverage Shares 3X Long LULU Daily ETF,Themes ETF Trust,0001976322,,,2026,2026,3.0,number,daily,LULU,ticker token,single_stock,True,False
S000102154,Defiance Daily Target 2X Long LUMN ETF,Defiance Daily Target 2X Long LUMN ETF,Tidal Trust II,0001924868,LUML,LUML,2026,2026,2.0,number,daily,LUMN,ticker token,single_stock,True,True
S000099445,Defiance Daily Target 2X Long LUNR ETF,Defiance Daily Target 2X Long LUNR ETF,Tidal Trust II,0001924868,,,2026,2026,2.0,number,daily,LUNR,ticker token,single_stock,True,False
S000094243,Direxion Daily LUV Bear 1X ETF,Direxion Daily LUV Bear 1X ETF,Direxion Shares ETF Trust,0001424958,,,2025,2026,-1.0,number,daily,LUV,ticker token,single_stock,True,False
S000094244,Direxion Daily LUV Bull 2X ETF,Direxion Daily LUV Bull 2X ETF,Direxion Shares ETF Trust,0001424958,,,2025,2026,2.0,number,daily,LUV,ticker token,single_stock,True,False
S000106092,Defiance Daily Target 2X Long LWLG ETF,Defiance Daily Target 2X Long LWLG ETF,Tidal Trust II,0001924868,,,2026,2026,2.0,number,daily,LWLG,ticker token,single_stock,True,False
S000106588,T-REX 2X LONG LWLG DAILY TARGET ETF,T-REX 2X LONG LWLG DAILY TARGET ETF,ETF Opportunities Trust,0001771146,,,2026,2026,2.0,number,daily,LWLG,ticker token,single_stock,True,False
S000106990,Tradr 2X Long LWLG Daily ETF,Tradr 2X Long LWLG Daily ETF,Investment Managers Series Trust II,0001587982,,,2026,2026,2.0,number,daily,LWLG,ticker token,single_stock,True,False
S000095055,Tradr 2X Long LYFT Daily ETF,Tradr 2X Long LYFT Daily ETF,Investment Managers Series Trust II,0001587982,,,2026,2026,2.0,number,daily,LYFT,ticker token,single_stock,True,False
S000097917,Leverage Shares 2X Long LYFT Daily ETF,Leverage Shares 2X Long LYFT Daily ETF,Themes ETF Trust,0001976322,,,2026,2026,2.0,number,daily,LYFT,ticker token,single_stock,True,False
S000106848,GraniteShares 2x Long MAIR Daily ETF,GraniteShares 2x Long MAIR Daily ETF,GraniteShares ETF Trust,0001689873,,,2026,2026,2.0,number,daily,MAIR,ticker token,single_stock,True,False
S000099532,GraniteShares 3x Short MARA Daily ETF,GraniteShares 3x Short MARA Daily ETF,GraniteShares ETF Trust,0001689873,,,2026,2026,-3.0,number,daily,MARA,ticker token,single_stock,True,False
S000087447,T-REX 2X INVERSE MARA DAILY TARGET ETF,T-REX 2X INVERSE MARA DAILY TARGET ETF,ETF Opportunities Trust,0001771146,MARD,MARD,2025,2026,-2.0,number,daily,MARA,ticker token,single_stock,True,True
S000087808,Proshares UltraShort MARA ETF,Proshares UltraShort MARA ETF,PROSHARES TRUST,0001174610,,,2025,2025,-2.0,proshares ultra,daily,MARA,ticker token,single_stock,False,False
S000103009,Tradr 2X Short MARA Daily ETF,Tradr 2X Short MARA Daily ETF,Investment Managers Series Trust II,0001587982,,,2026,2026,-2.0,number,daily,MARA,ticker token,single_stock,True,False
S000092894,Direxion Daily MARA Bear 1X ETF,Direxion Daily MARA 1X Bear Shares | Direxion Daily MARA Bear 1X ETF,Direxion Shares ETF Trust,0001424958,,,2025,2026,-1.0,number,daily,MARA,ticker token,single_stock,True,False
S000087471,T-REX 2X LONG MARA DAILY TARGET ETF,T-REX 2X LONG MARA DAILY TARGET ETF,ETF Opportunities Trust,0001771146,MARU,MARU,2025,2026,2.0,number,daily,MARA,ticker token,single_stock,True,True
S000087806,Proshares Ultra MARA ETF,Proshares Ultra MARA ETF,PROSHARES TRUST,0001174610,,,2025,2025,2.0,proshares ultra,daily,MARA,ticker token,single_stock,False,False
S000090912,GraniteShares 2x Long MARA Daily ETF,GraniteShares 2x Long MARA Daily ETF,GraniteShares ETF Trust,0001689873,MRAL,MRAL,2025,2026,2.0,number,daily,MARA,ticker token,single_stock,True,True
S000092893,Direxion Daily MARA Bull 2X ETF,Direxion Daily MARA Bull 2X Shares | Direxion Daily MARA Bull 2X ETF,Direxion Shares ETF Trust,0001424958,,,2025,2026,2.0,number,daily,MARA,ticker token,single_stock,True,False
S000104861,Corgi MARA 2x Daily ETF,Corgi MARA 2x Daily ETF,Corgi ETF Trust I,0002078265,,,2026,2026,2.0,number,daily,MARA,ticker token,single_stock,True,False
S000098814,T-REX 3X Long MARA Daily Target ETF,T-REX 3X Long MARA Daily Target ETF,ETF Opportunities Trust,0001771146,,,2026,2026,3.0,number,daily,MARA,ticker token,single_stock,True,False
S000099252,Tradr 3X Long MARA Daily ETF,Tradr 3X Long MARA Daily ETF,Investment Managers Series Trust II,0001587982,MARX,MARX,2026,2026,3.0,number,daily,MARA,ticker token,single_stock,True,True
S000099548,GraniteShares 3x Long MARA Daily ETF,GraniteShares 3x Long MARA Daily ETF,GraniteShares ETF Trust,0001689873,,,2026,2026,3.0,number,daily,MARA,ticker token,single_stock,True,False
S000100304,Defiance Daily Target 3X Long MARA ETF,Defiance Daily Target 3X Long MARA ETF,ETF Series Solutions,0001540305,,,2026,2026,3.0,number,daily,MARA,ticker token,single_stock,True,False
S000097428,T-REX 2X LONG MBLY DAILY TARGET ETF,T-REX 2X LONG MBLY DAILY TARGET ETF,ETF Opportunities Trust,0001771146,,,2026,2026,2.0,number,daily,MBLY,ticker token,single_stock,True,False
S000094370,GraniteShares 2x Long MCD Daily ETF,GraniteShares 2x Long MCD Daily ETF,GraniteShares ETF Trust,0001689873,,,2025,2026,2.0,number,daily,MCD,ticker token,single_stock,True,False
S000096117,Tradr 2X Long MCHP Daily ETF,Tradr 2X Long MCHP Daily ETF,Investment Managers Series Trust II,0001587982,MCHU,MCHU,2026,2026,2.0,number,daily,MCHP,ticker token,single_stock,True,True
S000105556,Leverage Shares 2X Long MCHP Daily ETF,Leverage Shares 2X Long MCHP Daily ETF,Themes ETF Trust,0001976322,,,2026,2026,2.0,number,daily,MCHP,ticker token,single_stock,True,False
S000091895,Tradr 2X Long MDB Daily ETF,Tradr 2X Long MDB Daily ETF,Investment Managers Series Trust II,0001587982,MDBX,MDBX,2025,2026,2.0,number,daily,MDB,ticker token,single_stock,True,True
S000102155,Defiance Daily Target 2X Long MDLN ETF,Defiance Daily Target 2X Long MDLN ETF,Tidal Trust II,0001924868,MDLL,MDLL,2026,2026,2.0,number,daily,MDLN,ticker token,single_stock,True,True
S000091101,KraneShares 2x Long MELI Daily ETF,KraneShares 2x Long MELI Daily ETF,Krane Shares Trust,0001547576,KMLI,KMLI,2025,2026,2.0,number,daily,MELI,ticker token,single_stock,True,True
S000094371,GraniteShares 2x Long MELI Daily ETF,GraniteShares 2x Long MELI Daily ETF,GraniteShares ETF Trust,0001689873,,,2025,2026,2.0,number,daily,MELI,ticker token,single_stock,True,False
S000098965,GraniteShares 3x Short META Daily ETF,GraniteShares 3x Short META Daily ETF,GraniteShares ETF Trust,0001689873,,,2026,2026,-3.0,number,daily,META,ticker token,single_stock,True,False
S000076250,Direxion Daily META Bear 2X Shares,Direxion Daily META Bear 2X Shares,Direxion Shares ETF Trust,0001424958,,,2022,2023,-2.0,number,daily,META,ticker token,single_stock,False,False
S000081141,GraniteShares 2x Short META Daily ETF,GraniteShares 1.5x Short META Daily ETF | GraniteShares 2x Short META Daily ETF,GraniteShares ETF Trust,0001689873,FBSS,FBIS | FBSS,2023,2026,-2.0,number,daily,META,ticker token,single_stock,True,True
S000107001,Tradr 2X Short META Daily ETF,Tradr 2X Short META Daily ETF,Investment Managers Series Trust II,0001587982,,,2026,2026,-2.0,number,daily,META,ticker token,single_stock,True,False
S000076230,Direxion Daily META Bear 1X ETF,Direxion Daily META Bear 1X Shares | Direxion Daily META Bear 1X ETF,Direxion Shares ETF Trust,0001424958,METD,METD,2022,2026,-1.0,number,daily,META,ticker token,single_stock,True,True
S000081156,GraniteShares 1x Short META Daily ETF,GraniteShares 1x Short META Daily ETF,GraniteShares ETF Trust,0001689873,MTI,MTI,2023,2026,-1.0,number,daily,META,ticker token,single_stock,True,True
S000076249,Direxion Daily META Bull 1.25X Shares,Direxion Daily META Bull 2X Shares | Direxion Daily META Bull 1.25X Shares,Direxion Shares ETF Trust,0001424958,,,2022,2024,1.25,number,daily,META,ticker token,single_stock,False,False
S000076340,GraniteShares 2x Long META Daily ETF,GraniteShares 2x Long Meta Platforms Daily ETF | GraniteShares 1.5x Long META Daily ETF | GraniteShares 2x Long META Daily ETF,GraniteShares ETF Trust,0001689873,FBL,FBL,2022,2026,2.0,number,daily,META,ticker token,single_stock,True,True
S000085276,Direxion Daily META Bull 2X ETF,Direxion Daily META Bull 2X Shares | Direxion Daily META Bull 2X ETF,Direxion Shares ETF Trust,0001424958,METU,METU,2024,2026,2.0,number,daily,META,ticker token,single_stock,True,True
S000086644,Leverage Shares 2X Long META Daily ETF,Leverage Shares 2X Long META Daily ETF,Themes ETF Trust,0001976322,,,2025,2026,2.0,number,daily,META,ticker token,single_stock,True,False
S000095097,GraniteShares YieldBOOST META 2x Income ETF,GraniteShares YieldBOOST META 2x Income ETF,GraniteShares ETF Trust,0001689873,,,2026,2026,2.0,number,daily,META,ticker token,single_stock,True,False
S000104905,Corgi META 2x Daily ETF,Corgi META 2x Daily ETF,Corgi ETF Trust I,0002078265,,,2026,2026,2.0,number,daily,META,ticker token,single_stock,True,False
S000098557,Direxion Daily META Bull 3X ETF,Direxion Daily META Bull 3X ETF,Direxion Shares ETF Trust,0001424958,,,2026,2026,3.0,number,daily,META,ticker token,single_stock,True,False
S000098604,Leverage Shares 3X Long META Daily ETF,Leverage Shares 3X Long META Daily ETF,Themes ETF Trust,0001976322,,,2026,2026,3.0,number,daily,META,ticker token,single_stock,True,False
S000098816,T-REX 3X Long META Daily Target ETF,T-REX 3X Long META Daily Target ETF,ETF Opportunities Trust,0001771146,,,2026,2026,3.0,number,daily,META,ticker token,single_stock,True,False
S000098960,GraniteShares 3x Long META Daily ETF,GraniteShares 3x Long META Daily ETF,GraniteShares ETF Trust,0001689873,,,2026,2026,3.0,number,daily,META,ticker token,single_stock,True,False
S000099002,ProShares Daily Target 3x META,ProShares Daily Target 3x META,PROSHARES TRUST,0001174610,,,2026,2026,3.0,number,daily,META,ticker token,single_stock,True,False
S000100299,Defiance Daily Target 3X Long META ETF,Defiance Daily Target 3X Long META ETF,ETF Series Solutions,0001540305,,,2026,2026,3.0,number,daily,META,ticker token,single_stock,True,False
S000100385,3x META ETF,3x META ETF,Volatility Shares Trust,0001884021,,,2026,2026,3.0,number,daily,META,ticker token,single_stock,True,False
S000103715,T-REX 4X LONG META DAILY TARGET ETF,T-REX 4X LONG META DAILY TARGET ETF,ETF Opportunities Trust,0001771146,,,2026,2026,4.0,number,daily,META,ticker token,single_stock,True,False
S000100386,5x META ETF,5x META ETF,Volatility Shares Trust,0001884021,,,2026,2026,5.0,number,daily,META,ticker token,single_stock,True,False
S000105752,Tradr 2X Long MKSI Daily ETF,Tradr 2X Long MKSI Daily ETF,Investment Managers Series Trust II,0001587982,,,2026,2026,2.0,number,daily,MKSI,ticker token,single_stock,True,False
S000104889,Corgi MNST 2x Daily ETF,Corgi MNST 2x Daily ETF,Corgi ETF Trust I,0002078265,,,2026,2026,2.0,number,daily,MNST,ticker token,single_stock,True,False
S000107702,T-REX 2X LONG MOD DAILY TARGET ETF,T-REX 2X LONG MOD DAILY TARGET ETF,ETF Opportunities Trust,0001771146,,,2026,2026,2.0,number,daily,MOD,ticker token,single_stock,True,False
S000095915,Defiance Daily Target 2X Long MP ETF,Defiance Daily Target 2X Long MP ETF,Tidal Trust II,0001924868,MPL,MPL,2026,2026,2.0,number,daily,MP,ticker token,single_stock,True,True
S000096190,Leverage Shares 2X Long MP Daily ETF,Leverage Shares 2X Long MP Daily ETF,Themes ETF Trust,0001976322,MPG,MPG,2026,2026,2.0,number,daily,MP,ticker token,single_stock,True,True
S000096442,T-REX 2X Long MP Daily Target ETF,T-REX 2X Long MP Daily Target ETF,ETF Opportunities Trust,0001771146,,,2026,2026,2.0,number,daily,MP,ticker token,single_stock,True,False
S000097187,Defiance Daily Target 2X Long MPWR ETF,Defiance Daily Target 2X Long MPWR ETF,Tidal Trust II,0001924868,,,2026,2026,2.0,number,daily,MPWR,ticker token,single_stock,True,False
S000103184,Tradr 2X Long MPWR Daily ETF,Tradr 2X Long MPWR Daily ETF,Investment Managers Series Trust II,0001587982,,,2026,2026,2.0,number,daily,MPWR,ticker token,single_stock,True,False
S000104901,Corgi MPWR 2x Daily ETF,Corgi MPWR 2x Daily ETF,Corgi ETF Trust I,0002078265,,,2026,2026,2.0,number,daily,MPWR,ticker token,single_stock,True,False
S000106475,Defiance Daily Target 2X Long MRAM ETF,Defiance Daily Target 2X Long MRAM ETF,Tidal Trust II,0001924868,,,2026,2026,2.0,number,daily,MRAM,ticker token,single_stock,True,False
S000106991,Tradr 2X Long MRAM Daily ETF,Tradr 2X Long MRAM Daily ETF,Investment Managers Series Trust II,0001587982,,,2026,2026,2.0,number,daily,MRAM,ticker token,single_stock,True,False
S000107424,Leverage Shares 2X Long MRAM Daily ETF,Leverage Shares 2X Long MRAM Daily ETF,Themes ETF Trust,0001976322,,,2026,2026,2.0,number,daily,MRAM,ticker token,single_stock,True,False
S000076342,GraniteShares 2x Long Moderna Daily ETF,GraniteShares 2x Long Moderna Daily ETF,GraniteShares ETF Trust,0001689873,,,2022,2022,2.0,number,daily,MRNA,company name,single_stock,False,False
S000096291,Defiance Daily Target 2X Long MRNA ETF,Defiance Daily Target 2X Long MRNA ETF,Tidal Trust II,0001924868,,,2026,2026,2.0,number,daily,MRNA,ticker token,single_stock,True,False
S000099533,GraniteShares 3x Short MRVL Daily ETF,GraniteShares 3x Short MRVL Daily ETF,GraniteShares ETF Trust,0001689873,,,2026,2026,-3.0,number,daily,MRVL,ticker token,single_stock,True,False
S000096881,Defiance Daily Target 2X Short MRVL ETF,Defiance Daily Target 2X Short MRVL ETF,Tidal Trust II,0001924868,,,2026,2026,-2.0,number,daily,MRVL,ticker token,single_stock,True,False
S000094245,Direxion Daily MRVL Bear 1X ETF,Direxion Daily MRVL Bear 1X ETF,Direxion Shares ETF Trust,0001424958,,,2025,2026,-1.0,number,daily,MRVL,ticker token,single_stock,True,False
S000090913,GraniteShares 2x Long MRVL Daily ETF,GraniteShares 2x Long MRVL Daily ETF,GraniteShares ETF Trust,0001689873,MVLL,MVLL,2025,2026,2.0,number,daily,MRVL,ticker token,single_stock,True,True
S000091056,Defiance Daily Target 2X Long MRVL ETF,Defiance Daily Target 2X Long MRVL ETF,Tidal Trust II,0001924868,MRVX,MRVX,2025,2026,2.0,number,daily,MRVL,ticker token,single_stock,True,True
S000091223,Leverage Shares 2X Long MRVL Daily ETF,Leverage Shares 2X Long MRVL Daily ETF,Themes ETF Trust,0001976322,,,2025,2026,2.0,number,daily,MRVL,ticker token,single_stock,True,False
S000094247,Direxion Daily MRVL Bull 2X ETF,Direxion Daily MRVL Bull 2X ETF,Direxion Shares ETF Trust,0001424958,MRVU,MRVU,2025,2026,2.0,number,daily,MRVL,ticker token,single_stock,True,True
S000104859,Corgi MRVL 2x Daily ETF,Corgi MRVL 2x Daily ETF,Corgi ETF Trust I,0002078265,,,2026,2026,2.0,number,daily,MRVL,ticker token,single_stock,True,False
S000098817,T-REX 3X Long MRVL Daily Target ETF,T-REX 3X Long MRVL Daily Target ETF,ETF Opportunities Trust,0001771146,,,2026,2026,3.0,number,daily,MRVL,ticker token,single_stock,True,False
S000099253,Tradr 3X Long MRVL Daily ETF,Tradr 3X Long MRVL Daily ETF,Investment Managers Series Trust II,0001587982,,,2026,2026,3.0,number,daily,MRVL,ticker token,single_stock,True,False
S000099514,GraniteShares 3x Long MRVL Daily ETF,GraniteShares 3x Long MRVL Daily ETF,GraniteShares ETF Trust,0001689873,,,2026,2026,3.0,number,daily,MRVL,ticker token,single_stock,True,False
S000098420,Defiance Daily Target 3X Short MSFT ETF,Defiance Daily Target 3X Short MSFT ETF,ETF Series Solutions,0001540305,,,2026,2026,-3.0,number,daily,MSFT,ticker token,single_stock,True,False
S000098957,GraniteShares 3x Short MSFT Daily ETF,GraniteShares 3x Short MSFT Daily ETF,GraniteShares ETF Trust,0001689873,,,2026,2026,-3.0,number,daily,MSFT,ticker token,single_stock,True,False
S000076236,Direxion Daily MSFT Bear 2X Shares,Direxion Daily MSFT Bear 2X Shares,Direxion Shares ETF Trust,0001424958,,,2022,2023,-2.0,number,daily,MSFT,ticker token,single_stock,False,False
S000083674,T-REX 2X INVERSE MICROSOFT DAILY TARGET ETF,T-REX 2X INVERSE MICROSOFT DAILY TARGET ETF,ETF Opportunities Trust,0001771146,,,2024,2026,-2.0,number,daily,MSFT,company name,single_stock,True,False
S000107002,Tradr 2X Short MSFT Daily ETF,Tradr 2X Short MSFT Daily ETF,Investment Managers Series Trust II,0001587982,,,2026,2026,-2.0,number,daily,MSFT,ticker token,single_stock,True,False
S000076245,Direxion Daily MSFT Bear 1X ETF,Direxion Daily MSFT Bear 1X Shares | Direxion Daily MSFT Bear 1X ETF,Direxion Shares ETF Trust,0001424958,MSFD,MSFD,2022,2026,-1.0,number,daily,MSFT,ticker token,single_stock,True,True
S000076235,Direxion Daily MSFT Bull 2X ETF,Direxion Daily MSFT Bull 2X Shares | Direxion Daily MSFT Bull 1.5X Shares | Direxion Daily MSFT Bull 2X ETF,Direxion Shares ETF Trust,0001424958,MSFU,MSFU,2022,2026,2.0,number,daily,MSFT,ticker token,single_stock,True,True
S000076341,GraniteShares 2x Long MSFT Daily ETF,GraniteShares 2x Long Microsoft Daily ETF | GraniteShares 2x Long MSFT Daily ETF,GraniteShares ETF Trust,0001689873,MSFL,MSFL,2022,2026,2.0,number,daily,MSFT,ticker token,single_stock,True,True
S000083677,T-REX 2X LONG MICROSOFT DAILY TARGET ETF,T-REX 2X LONG MICROSOFT DAILY TARGET ETF,ETF Opportunities Trust,0001771146,MSFX,MSFX,2024,2026,2.0,number,daily,MSFT,company name,single_stock,True,True
S000086645,Leverage Shares 2X Long MSFT Daily ETF,Leverage Shares 2X Long MSFT Daily ETF,Themes ETF Trust,0001976322,,,2025,2026,2.0,number,daily,MSFT,ticker token,single_stock,True,False
S000095098,GraniteShares YieldBOOST MSFT 2x Income ETF,GraniteShares YieldBOOST MSFT 2x Income ETF,GraniteShares ETF Trust,0001689873,,,2026,2026,2.0,number,daily,MSFT,ticker token,single_stock,True,False
S000104895,Corgi MSFT 2x Daily ETF,Corgi MSFT 2x Daily ETF,Corgi ETF Trust I,0002078265,,,2026,2026,2.0,number,daily,MSFT,ticker token,single_stock,True,False
S000098448,Defiance Daily Target 3X Long MSFT ETF,Defiance Daily Target 3X Long MSFT ETF,ETF Series Solutions,0001540305,,,2026,2026,3.0,number,daily,MSFT,ticker token,single_stock,True,False
S000098592,Leverage Shares 3X Long MSFT Daily ETF,Leverage Shares 3X Long MSFT Daily ETF,Themes ETF Trust,0001976322,,,2026,2026,3.0,number,daily,MSFT,ticker token,single_stock,True,False
S000098818,T-REX 3X Long MSFT Daily Target ETF,T-REX 3X Long MSFT Daily Target ETF,ETF Opportunities Trust,0001771146,,,2026,2026,3.0,number,daily,MSFT,ticker token,single_stock,True,False
S000098961,GraniteShares 3x Long MSFT Daily ETF,GraniteShares 3x Long MSFT Daily ETF,GraniteShares ETF Trust,0001689873,,,2026,2026,3.0,number,daily,MSFT,ticker token,single_stock,True,False
S000098992,ProShares Daily Target 3x MSFT,ProShares Daily Target 3x MSFT,PROSHARES TRUST,0001174610,,,2026,2026,3.0,number,daily,MSFT,ticker token,single_stock,True,False
S000099699,Direxion Daily MSFT Bull 3X ETF,Direxion Daily MSFT Bull 3X ETF,Direxion Shares ETF Trust,0001424958,,,2026,2026,3.0,number,daily,MSFT,ticker token,single_stock,True,False
S000100387,3x MSFT ETF,3x MSFT ETF,Volatility Shares Trust,0001884021,,,2026,2026,3.0,number,daily,MSFT,ticker token,single_stock,True,False
S000103716,T-REX 4X LONG MSFT DAILY TARGET ETF,T-REX 4X LONG MSFT DAILY TARGET ETF,ETF Opportunities Trust,0001771146,,,2026,2026,4.0,number,daily,MSFT,ticker token,single_stock,True,False
S000100388,5x MSFT ETF,5x MSFT ETF,Volatility Shares Trust,0001884021,,,2026,2026,5.0,number,daily,MSFT,ticker token,single_stock,True,False
S000104903,Corgi MSI 2x Daily ETF,Corgi MSI 2x Daily ETF,Corgi ETF Trust I,0002078265,,,2026,2026,2.0,number,daily,MSI,ticker token,single_stock,True,False
S000098425,Defiance Daily Target 3X Short MSTR ETF,Defiance Daily Target 3X Short MSTR ETF,ETF Series Solutions,0001540305,,,2026,2026,-3.0,number,daily,MSTR,ticker token,single_stock,True,False
S000099534,GraniteShares 3x Short MSTR Daily ETF,GraniteShares 3x Short MSTR Daily ETF,GraniteShares ETF Trust,0001689873,,,2026,2026,-3.0,number,daily,MSTR,ticker token,single_stock,True,False
S000085368,Defiance Daily Target 2X Short MSTR ETF,Defiance 2X Short MSTR ETF | Defiance Daily Target 2X Short MSTR ETF,Tidal Trust II,0001924868,SMST,SMST,2024,2026,-2.0,number,daily,MSTR,ticker token,single_stock,True,True
S000087771,T-REX 2X INVERSE MSTR DAILY TARGET ETF,T-REX 2X INVERSE MSTR DAILY TARGET ETF,ETF Opportunities Trust,0001771146,MSTZ,MSTZ,2025,2026,-2.0,number,daily,MSTR,ticker token,single_stock,True,True
S000087809,Proshares UltraShort MSTR ETF,Proshares UltraShort MSTR ETF,PROSHARES TRUST,0001174610,MSTD,MSTD,2025,2025,-2.0,proshares ultra,daily,MSTR,ticker token,single_stock,False,True
S000090910,GraniteShares 2x Short MSTR Daily ETF,GraniteShares 2x Short MSTR Daily ETF,GraniteShares ETF Trust,0001689873,MSDD,MSDD,2025,2026,-2.0,number,daily,MSTR,ticker token,single_stock,True,True
S000078251,REX Short MSTR ETF,REX Short MSTR ETF,Tidal Trust II,0001924868,,,2023,2024,-1.0,inverse no number,daily,MSTR,ticker token,single_stock,False,False
S000088312,GraniteShares 1x Short MSTR Daily ETF,GraniteShares 1x Short MSTR Daily ETF,GraniteShares ETF Trust,0001689873,,,2025,2026,-1.0,number,daily,MSTR,ticker token,single_stock,True,False
S000093269,Defiance MSTR Double Short Hedged ETF,Defiance MSTR Double Short Hedged ETF,Tidal Trust II,0001924868,,,2025,2025,-1.0,inverse no number,daily,MSTR,ticker token,single_stock,False,False
S000079027,Rex Daily Target 1.5X MSTR ETF,REX 2X MSTR ETF | Rex Daily Target 1.5X MSTR ETF,Tidal Trust II,0001924868,MSRU,MSRU,2023,2024,1.5,number,daily,MSTR,ticker token,single_stock,False,True
S000082859,Unlimited Ultra HFND Multi-Strategy ETF,Unlimited Ultra HFND Multi-Strategy Return Tracker ETF | Unlimited Ultra HFND Multi-Strategy ETF,Tidal Trust I,0001742912,HFUL,HFUL,2024,2026,2.0,proshares ultra,daily,MSTR,company name,single_stock,True,True
S000085137,Defiance Daily Target 2X Long MSTR ETF,Defiance Daily Target 2X Long MSTR ETF,Tidal Trust II,0001924868,MSTX,MSTX,2024,2026,2.0,number,daily,MSTR,ticker token,single_stock,True,True
S000087772,T-REX 2X LONG MSTR DAILY TARGET ETF,T-REX 2X LONG MSTR DAILY TARGET ETF,ETF Opportunities Trust,0001771146,MSTU,MSTU,2025,2026,2.0,number,daily,MSTR,ticker token,single_stock,True,True
S000087807,ProShares Ultra MSTR,Proshares Ultra MSTR ETF | ProShares Ultra MSTR,PROSHARES TRUST,0001174610,MSTA,MSU | MSTA,2025,2026,2.0,proshares ultra,daily,MSTR,ticker token,single_stock,True,True
S000089921,Defiance Hot Sauce Daily 2X Strategy ETF,Defiance Hot Sauce Daily 2X Strategy ETF,Tidal Trust II,0001924868,HOT,HOT,2025,2026,2.0,number,daily,MSTR,company name,single_stock,True,True
S000090805,GraniteShares 2x Long MSTR Daily ETF,GraniteShares 2x Long MSTR Daily ETF,GraniteShares ETF Trust,0001689873,MSTP,MSTP,2025,2026,2.0,number,daily,MSTR,ticker token,single_stock,True,True
S000092977,VistaShares Animal Spirits Daily 2X Strategy ETF,VistaShares Animal Spirits Daily 2X Strategy ETF,Tidal Trust III,0001722388,WILD,WILD,2025,2026,2.0,number,daily,MSTR,company name,single_stock,True,True
S000104873,Corgi MSTR 2x Daily ETF,Corgi MSTR 2x Daily ETF,Corgi ETF Trust I,0002078265,,,2026,2026,2.0,number,daily,MSTR,ticker token,single_stock,True,False
S000105026,Defiance Pure AI Daily 2X Strategy ETF,Defiance Pure AI Daily 2X Strategy ETF,Tidal Trust II,0001924868,,,2026,2026,2.0,number,daily,MSTR,company name,single_stock,True,False
S000107040,Defiance Pure Memory Daily 2X Strategy ETF,Defiance Pure Memory Daily 2X Strategy ETF,Tidal Trust V,0002081107,,,2026,2026,2.0,number,daily,MSTR,company name,single_stock,True,False
S000098452,Defiance Daily Target 3X Long MSTR ETF,Defiance Daily Target 3X Long MSTR ETF,ETF Series Solutions,0001540305,,,2026,2026,3.0,number,daily,MSTR,ticker token,single_stock,True,False
S000098721,ProShares Daily Target 3x MSTR,ProShares Daily Target 3x MSTR,PROSHARES TRUST,0001174610,,,2026,2026,3.0,number,daily,MSTR,ticker token,single_stock,True,False
S000098819,T-REX 3X Long MSTR Daily Target ETF,T-REX 3X Long MSTR Daily Target ETF,ETF Opportunities Trust,0001771146,,,2026,2026,3.0,number,daily,MSTR,ticker token,single_stock,True,False
S000099515,GraniteShares 3x Long MSTR Daily ETF,GraniteShares 3x Long MSTR Daily ETF,GraniteShares ETF Trust,0001689873,,,2026,2026,3.0,number,daily,MSTR,ticker token,single_stock,True,False
S000099655,Tradr 3X Long MSTR Daily ETF,Tradr 3X Long MSTR Daily ETF,Investment Managers Series Trust II,0001587982,,,2026,2026,3.0,number,daily,MSTR,ticker token,single_stock,True,False
S000099861,3x MSTR ETF,3x MSTR ETF,Volatility Shares Trust,0001884021,,,2026,2026,3.0,number,daily,MSTR,ticker token,single_stock,True,False
S000099877,5x MSTR ETF,5x MSTR ETF,Volatility Shares Trust,0001884021,,,2026,2026,5.0,number,daily,MSTR,ticker token,single_stock,True,False
S000105557,Leverage Shares 2X Long MTSI Daily ETF,Leverage Shares 2X Long MTSI Daily ETF,Themes ETF Trust,0001976322,,,2026,2026,2.0,number,daily,MTSI,ticker token,single_stock,True,False
S000105971,Defiance Daily Target 2X Long MTSI ETF,Defiance Daily Target 2X Long MTSI ETF,Tidal Trust II,0001924868,,,2026,2026,2.0,number,daily,MTSI,ticker token,single_stock,True,False
S000107703,T-REX 2X LONG MTSI DAILY TARGET ETF,T-REX 2X LONG MTSI DAILY TARGET ETF,ETF Opportunities Trust,0001771146,,,2026,2026,2.0,number,daily,MTSI,ticker token,single_stock,True,False
S000088304,GraniteShares 2x Short MU Daily ETF,GraniteShares 2x Short MU Daily ETF,GraniteShares ETF Trust,0001689873,MUS,MUS,2025,2026,-2.0,number,daily,MU,ticker token,single_stock,True,True
S000096882,Defiance Daily Target 2X Short MU ETF,Defiance Daily Target 2X Short MU ETF,Tidal Trust II,0001924868,,,2026,2026,-2.0,number,daily,MU,ticker token,single_stock,True,False
S000107003,Tradr 2X Short MU Daily ETF,Tradr 2X Short MU Daily ETF,Investment Managers Series Trust II,0001587982,,,2026,2026,-2.0,number,daily,MU,ticker token,single_stock,True,False
S000107705,T-REX 2X INVERSE MU DAILY TARGET ETF,T-REX 2X INVERSE MU DAILY TARGET ETF,ETF Opportunities Trust,0001771146,,,2026,2026,-2.0,number,daily,MU,ticker token,single_stock,True,False
S000088051,Direxion Daily MU Bear 1X ETF,Direxion Daily MU Bear 1X Shares | Direxion Daily MU Bear 1X ETF,Direxion Shares ETF Trust,0001424958,MUD,MUD,2025,2026,-1.0,number,daily,MU,ticker token,single_stock,True,True
S000088050,Direxion Daily MU Bull 2X ETF,Direxion Daily MU Bull 2X Shares | Direxion Daily MU Bull 2X ETF,Direxion Shares ETF Trust,0001424958,MUU,MUU,2025,2026,2.0,number,daily,MU,ticker token,single_stock,True,True
S000088289,GraniteShares 2x Long MU Daily ETF,GraniteShares 2x Long MU Daily ETF,GraniteShares ETF Trust,0001689873,MULL,MULL,2025,2026,2.0,number,daily,MU,ticker token,single_stock,True,True
S000104840,Corgi MU 2x Daily ETF,Corgi MU 2x Daily ETF,Corgi ETF Trust I,0002078265,,,2026,2026,2.0,number,daily,MU,ticker token,single_stock,True,False
S000098558,Direxion Daily MU Bull 3X ETF,Direxion Daily MU Bull 3X ETF,Direxion Shares ETF Trust,0001424958,,,2026,2026,3.0,number,daily,MU,ticker token,single_stock,True,False
S000098820,T-REX 3X Long MU Daily Target ETF,T-REX 3X Long MU Daily Target ETF,ETF Opportunities Trust,0001771146,,,2026,2026,3.0,number,daily,MU,ticker token,single_stock,True,False
S000104583,Leverage Shares 3X Long MU Daily ETF,Leverage Shares 3X Long MU Daily ETF,Themes ETF Trust,0001976322,,,2026,2026,3.0,number,daily,MU,ticker token,single_stock,True,False
S000104696,Leverage Shares 4x Long MU Daily ETF,Leverage Shares 4x Long MU Daily ETF,Themes ETF Trust,0001976322,,,2026,2026,4.0,number,daily,MU,ticker token,single_stock,True,False
S000106589,T-REX 2X LONG MXL DAILY TARGET ETF,T-REX 2X LONG MXL DAILY TARGET ETF,ETF Opportunities Trust,0001771146,,,2026,2026,2.0,number,daily,MXL,ticker token,single_stock,True,False
S000106799,Defiance Daily Target 2X Long MXL ETF,Defiance Daily Target 2X Long MXL ETF,Tidal Trust V,0002081107,,,2026,2026,2.0,number,daily,MXL,ticker token,single_stock,True,False
S000107425,Leverage Shares 2X Long MXL Daily ETF,Leverage Shares 2X Long MXL Daily ETF,Themes ETF Trust,0001976322,,,2026,2026,2.0,number,daily,MXL,ticker token,single_stock,True,False
S000098212,T-REX 2X LONG NAKA DAILY TARGET ETF,T-REX 2X LONG NAKA DAILY TARGET ETF,ETF Opportunities Trust,0001771146,,,2026,2026,2.0,number,daily,NAKA,ticker token,single_stock,True,False
S000100326,T-REX 2X LONG NAVN DAILY TARGET ETF,T-REX 2X LONG NAVN DAILY TARGET ETF,ETF Opportunities Trust,0001771146,,,2026,2026,2.0,number,daily,NAVN,ticker token,single_stock,True,False
S000099536,GraniteShares 3x Short NBIS Daily ETF,GraniteShares 3x Short NBIS Daily ETF,GraniteShares ETF Trust,0001689873,,,2026,2026,-3.0,number,daily,NBIS,ticker token,single_stock,True,False
S000099422,Defiance Daily Target 2X Short NBIS ETF,Defiance Daily Target 2X Short NBIS ETF,Tidal Trust II,0001924868,SNBI,SNBI,2026,2026,-2.0,number,daily,NBIS,ticker token,single_stock,True,True
S000100816,Tradr 2X Short NBIS Daily ETF,Tradr 2X Short NBIS Daily ETF,Investment Managers Series Trust II,0001587982,NBIZ,NBIZ,2026,2026,-2.0,number,daily,NBIS,ticker token,single_stock,True,True
S000094372,GraniteShares 2x Long NBIS Daily ETF,GraniteShares 2x Long NBIS Daily ETF,GraniteShares ETF Trust,0001689873,,,2025,2026,2.0,number,daily,NBIS,ticker token,single_stock,True,False
S000095056,Tradr 2X Long NBIS Daily ETF,Tradr 2X Long NBIS Daily ETF,Investment Managers Series Trust II,0001587982,NEBX,NEBX,2026,2026,2.0,number,daily,NBIS,ticker token,single_stock,True,True
S000095547,Defiance Daily Target 2X Long NBIS ETF,Defiance Daily Target 2X Long NBIS ETF,Tidal Trust II,0001924868,,,2026,2026,2.0,number,daily,NBIS,ticker token,single_stock,True,False
S000096191,Leverage Shares 2X Long NBIS Daily ETF,Leverage Shares 2X Long NBIS Daily ETF,Themes ETF Trust,0001976322,NBIG,NBIG,2026,2026,2.0,number,daily,NBIS,ticker token,single_stock,True,True
S000104864,Corgi NBIS 2x Daily ETF,Corgi NBIS 2x Daily ETF,Corgi ETF Trust I,0002078265,,,2026,2026,2.0,number,daily,NBIS,ticker token,single_stock,True,False
S000098821,T-REX 3X Long NBIS Daily Target ETF,T-REX 3X Long NBIS Daily Target ETF,ETF Opportunities Trust,0001771146,,,2026,2026,3.0,number,daily,NBIS,ticker token,single_stock,True,False
S000098987,Leverage Shares 3X Long NBIS Daily ETF,Leverage Shares 3X Long NBIS Daily ETF,Themes ETF Trust,0001976322,,,2026,2026,3.0,number,daily,NBIS,ticker token,single_stock,True,False
S000099254,Tradr 3X Long NBIS Daily ETF,Tradr 3X Long NBIS Daily ETF,Investment Managers Series Trust II,0001587982,NBXX,NBXX,2026,2026,3.0,number,daily,NBIS,ticker token,single_stock,True,True
S000099516,GraniteShares 3x Long NBIS Daily ETF,GraniteShares 3x Long NBIS Daily ETF,GraniteShares ETF Trust,0001689873,,,2026,2026,3.0,number,daily,NBIS,ticker token,single_stock,True,False
S000100317,Defiance Daily Target 3X Long NBIS ETF,Defiance Daily Target 3X Long NBIS ETF,ETF Series Solutions,0001540305,,,2026,2026,3.0,number,daily,NBIS,ticker token,single_stock,True,False
S000101005,Defiance Daily Target 2X Long NDAQ ETF,Defiance Daily Target 2X Long NDAQ ETF,Tidal Trust II,0001924868,,,2026,2026,2.0,number,daily,NDAQ,ticker token,single_stock,True,False
S000107426,Leverage Shares 2X Long NEE Daily ETF,Leverage Shares 2X Long NEE Daily ETF,Themes ETF Trust,0001976322,,,2026,2026,2.0,number,daily,NEE,ticker token,single_stock,True,False
S000107348,Direxion Daily NEM Bear 2X ETF,Direxion Daily NEM Bear 2X ETF,Direxion Shares ETF Trust,0001424958,,,2026,2026,-2.0,number,daily,NEM,ticker token,single_stock,True,False
S000093829,Leverage Shares 2X Long NEM Daily ETF,Leverage Shares 2X Long NEM Daily ETF,Themes ETF Trust,0001976322,,,2025,2026,2.0,number,daily,NEM,ticker token,single_stock,True,False
S000096118,Tradr 2X Long NEM Daily ETF,Tradr 2X Long NEM Daily ETF,Investment Managers Series Trust II,0001587982,,,2026,2026,2.0,number,daily,NEM,ticker token,single_stock,True,False
S000107355,Direxion Daily NEM Bull 2X ETF,Direxion Daily NEM Bull 2X ETF,Direxion Shares ETF Trust,0001424958,,,2026,2026,2.0,number,daily,NEM,ticker token,single_stock,True,False
S000093740,Tradr 2X Long NET Daily ETF,Tradr 2X Long NET Daily ETF,Investment Managers Series Trust II,0001587982,NETX,NETX,2025,2026,2.0,number,daily,NET,ticker token,single_stock,True,True
S000096598,Leverage Shares 2X Long NET Daily ETF,Leverage Shares 2X Long NET Daily ETF,Themes ETF Trust,0001976322,,,2026,2026,2.0,number,daily,NET,ticker token,single_stock,True,False
S000076232,Direxion Daily NFLX Bear 2X Shares,Direxion Daily NFLX Bear 2X Shares,Direxion Shares ETF Trust,0001424958,,,2022,2023,-2.0,number,daily,NFLX,ticker token,single_stock,False,False
S000087448,T-REX 2X INVERSE NFLX DAILY TARGET ETF,T-REX 2X INVERSE NFLX DAILY TARGET ETF,ETF Opportunities Trust,0001771146,NFLD,NFLD,2025,2026,-2.0,number,daily,NFLX,ticker token,single_stock,True,True
S000088305,GraniteShares 2x Short NFLX Daily ETF,GraniteShares 2x Short NFLX Daily ETF,GraniteShares ETF Trust,0001689873,NFS,NFS,2025,2026,-2.0,number,daily,NFLX,ticker token,single_stock,True,True
S000076241,Direxion Daily NFLX Bear 1X Shares,Direxion Daily NFLX Bear 1X Shares,Direxion Shares ETF Trust,0001424958,,,2022,2024,-1.0,number,daily,NFLX,ticker token,single_stock,False,False
S000088053,Direxion Daily NFLX Bear 1X ETF,Direxion Daily NFLX Bear 1X Shares | Direxion Daily NFLX Bear 1X ETF,Direxion Shares ETF Trust,0001424958,NFXS,NFXS,2025,2026,-1.0,number,daily,NFLX,ticker token,single_stock,True,True
S000076231,Direxion Daily NFLX Bull 1.25X Shares,Direxion Daily NFLX Bull 2X Shares | Direxion Daily NFLX Bull 1.25X Shares,Direxion Shares ETF Trust,0001424958,,,2022,2024,1.25,number,daily,NFLX,ticker token,single_stock,False,False
S000087472,T-REX 2X LONG NFLX DAILY TARGET ETF,T-REX 2X LONG NFLX DAILY TARGET ETF,ETF Opportunities Trust,0001771146,NFLU,NFLU,2025,2026,2.0,number,daily,NFLX,ticker token,single_stock,True,True
S000088052,Direxion Daily NFLX Bull 2X ETF,Direxion Daily NFLX Bull 2X Shares | Direxion Daily NFLX Bull 2X ETF,Direxion Shares ETF Trust,0001424958,NFXL,NFXL,2025,2026,2.0,number,daily,NFLX,ticker token,single_stock,True,True
S000088290,GraniteShares 2x Long NFLX Daily ETF,GraniteShares 2x Long NFLX Daily ETF,GraniteShares ETF Trust,0001689873,NFLL,NFLL,2025,2026,2.0,number,daily,NFLX,ticker token,single_stock,True,True
S000104835,Corgi NFLX 2x Daily ETF,Corgi NFLX 2x Daily ETF,Corgi ETF Trust I,0002078265,,,2026,2026,2.0,number,daily,NFLX,ticker token,single_stock,True,False
S000098559,Direxion Daily NFLX Bull 3X ETF,Direxion Daily NFLX Bull 3X ETF,Direxion Shares ETF Trust,0001424958,,,2026,2026,3.0,number,daily,NFLX,ticker token,single_stock,True,False
S000098822,T-REX 3X Long NFLX Daily Target ETF,T-REX 3X Long NFLX Daily Target ETF,ETF Opportunities Trust,0001771146,,,2026,2026,3.0,number,daily,NFLX,ticker token,single_stock,True,False
S000098988,Leverage Shares 3X Long NFLX Daily ETF,Leverage Shares 3X Long NFLX Daily ETF,Themes ETF Trust,0001976322,,,2026,2026,3.0,number,daily,NFLX,ticker token,single_stock,True,False
S000100389,3x NFLX ETF,3x NFLX ETF,Volatility Shares Trust,0001884021,,,2026,2026,3.0,number,daily,NFLX,ticker token,single_stock,True,False
S000100390,5x NFLX ETF,5x NFLX ETF,Volatility Shares Trust,0001884021,,,2026,2026,5.0,number,daily,NFLX,ticker token,single_stock,True,False
S000081157,GraniteShares 1x Short NIO Daily ETF,GraniteShares 1x Short NIO Daily ETF,GraniteShares ETF Trust,0001689873,,,2023,2023,-1.0,number,daily,NIO,ticker token,single_stock,False,False
S000076343,GraniteShares 1.1x Long NIO Daily ETF,GraniteShares 2x Long NIO Daily ETF | GraniteShares 1.1x Long NIO Daily ETF,GraniteShares ETF Trust,0001689873,NIOL,NIOL,2022,2026,1.1,number,daily,NIO,ticker token,single_stock,True,True
S000098111,Leverage Shares 2X Long NIO Daily ETF,Leverage Shares 2X Long NIO Daily ETF,Themes ETF Trust,0001976322,,,2026,2026,2.0,number,daily,NIO,ticker token,single_stock,True,False
S000076105,AXS 2X NKE Bear Daily ETF,AXS 2X NKE Bear Daily ETF,Investment Managers Series Trust II,0001587982,NKEQ,NKEQ,2022,2025,-2.0,number,daily,NKE,ticker token,single_stock,False,True
S000094248,Direxion Daily NKE Bear 1X ETF,Direxion Daily NKE Bear 1X ETF,Direxion Shares ETF Trust,0001424958,,,2025,2026,-1.0,number,daily,NKE,ticker token,single_stock,True,False
S000076106,AXS 2X NKE Bull Daily ETF,AXS 2X NKE Bull Daily ETF,Investment Managers Series Trust II,0001587982,NKEL,NKEL,2022,2025,2.0,number,daily,NKE,ticker token,single_stock,False,True
S000094249,Direxion Daily NKE Bull 2X ETF,Direxion Daily NKE Bull 2X ETF,Direxion Shares ETF Trust,0001424958,,,2025,2026,2.0,number,daily,NKE,ticker token,single_stock,True,False
S000094373,GraniteShares 2x Long NKE Daily ETF,GraniteShares 2x Long NKE Daily ETF,GraniteShares ETF Trust,0001689873,,,2025,2026,2.0,number,daily,NKE,ticker token,single_stock,True,False
S000100404,Tradr 2X Long NKLR Daily ETF,Tradr 2X Long NKLR Daily ETF,Investment Managers Series Trust II,0001587982,NKLX,NKLX,2026,2026,2.0,number,daily,NKLR,ticker token,single_stock,True,True
S000100547,Leverage Shares 2X Long NMAX Daily ETF,Leverage Shares 2X Long NMAX Daily ETF,Themes ETF Trust,0001976322,,,2026,2026,2.0,number,daily,NMAX,ticker token,single_stock,True,False
S000096120,Tradr 2X Long NNE Daily ETF,Tradr 2X Long NNE Daily ETF,Investment Managers Series Trust II,0001587982,NNEX,NNEX,2026,2026,2.0,number,daily,NNE,ticker token,single_stock,True,True
S000100086,Defiance Daily Target 2X Long NOK ETF,Defiance Daily Target 2X Long NOK ETF,Tidal Trust II,0001924868,LNOK,LNOK,2026,2026,2.0,number,daily,NOK,ticker token,single_stock,True,True
S000106590,T-REX 2X LONG NOK DAILY TARGET ETF,T-REX 2X LONG NOK DAILY TARGET ETF,ETF Opportunities Trust,0001771146,,,2026,2026,2.0,number,daily,NOK,ticker token,single_stock,True,False
S000090914,GraniteShares 2x Long NOW Daily ETF,GraniteShares 2x Long NOW Daily ETF,GraniteShares ETF Trust,0001689873,NOWL,NOWL,2025,2026,2.0,number,daily,NOW,ticker token,single_stock,True,True
S000104866,Corgi NOW 2x Daily ETF,Corgi NOW 2x Daily ETF,Corgi ETF Trust I,0002078265,,,2026,2026,2.0,number,daily,NOW,ticker token,single_stock,True,False
S000099255,Tradr 3X Long NOW Daily ETF,Tradr 3X Long NOW Daily ETF,Investment Managers Series Trust II,0001587982,,,2026,2026,3.0,number,daily,NOW,ticker token,single_stock,True,False
S000105176,GraniteShares 2x Short NTAP Daily ETF,GraniteShares 2x Short NTAP Daily ETF,GraniteShares ETF Trust,0001689873,,,2026,2026,-2.0,number,daily,NTAP,ticker token,single_stock,True,False
S000104257,Leverage Shares 2X Long NTAP Daily ETF,Leverage Shares 2X Long NTAP Daily ETF,Themes ETF Trust,0001976322,,,2026,2026,2.0,number,daily,NTAP,ticker token,single_stock,True,False
S000105151,GraniteShares 2x Long NTAP Daily ETF,GraniteShares 2x Long NTAP Daily ETF,GraniteShares ETF Trust,0001689873,,,2026,2026,2.0,number,daily,NTAP,ticker token,single_stock,True,False
S000107461,Defiance Daily Target 2X Long NTNX ETF,Defiance Daily Target 2X Long NTNX ETF,Tidal Trust V,0002081107,,,2026,2026,2.0,number,daily,NTNX,ticker token,single_stock,True,False
S000100578,Tradr 2X Long NTSK Daily ETF,Tradr 2X Long NTSK Daily ETF,Investment Managers Series Trust II,0001587982,NTSU,NTSU,2026,2026,2.0,number,daily,NTSK,ticker token,single_stock,True,True
S000096599,Leverage Shares 2X Long NU Daily ETF,Leverage Shares 2X Long NU Daily ETF,Themes ETF Trust,0001976322,,,2026,2026,2.0,number,daily,NU,ticker token,single_stock,True,False
S000102254,T-REX 2X LONG NU DAILY TARGET ETF,T-REX 2X LONG NU DAILY TARGET ETF,ETF Opportunities Trust,0001771146,,,2026,2026,2.0,number,daily,NU,ticker token,single_stock,True,False
S000100405,Tradr 2X Long NUCL Daily ETF,Tradr 2X Long NUCL Daily ETF,Investment Managers Series Trust II,0001587982,NUCX,NUCX,2026,2026,2.0,number,daily,NUCL,ticker token,single_stock,True,True
S000098429,Defiance Daily Target 3X Short NVDA ETF,Defiance Daily Target 3X Short NVDA ETF,ETF Series Solutions,0001540305,,,2026,2026,-3.0,number,daily,NVDA,ticker token,single_stock,True,False
S000099135,GraniteShares 3x Short NVDA Daily ETF,GraniteShares 3x Short NVDA Daily ETF,GraniteShares ETF Trust,0001689873,,,2026,2026,-3.0,number,daily,NVDA,ticker token,single_stock,True,False
S000099276,Tradr 3X Short NVDA Daily ETF,Tradr 3X Short NVDA Daily ETF,Investment Managers Series Trust II,0001587982,,,2026,2026,-3.0,number,daily,NVDA,ticker token,single_stock,True,False
S000076243,Direxion Daily NVDA Bear 2X Shares,Direxion Daily NVDA Bear 2X Shares,Direxion Shares ETF Trust,0001424958,,,2022,2023,-2.0,number,daily,NVDA,ticker token,single_stock,False,False
S000080897,T-REX 2X INVERSE NVIDIA DAILY TARGET ETF,T-REX 2X INVERSE NVIDIA DAILY TARGET ETF,ETF Opportunities Trust,0001771146,NVDQ,NVDQ,2023,2026,-2.0,number,daily,NVDA,company name,single_stock,True,True
S000081142,GraniteShares 2x Short NVDA Daily ETF,GraniteShares 1.5x Short NVDA Daily ETF | GraniteShares 2x Short NVDA Daily ETF,GraniteShares ETF Trust,0001689873,NVD,NVD,2023,2026,-2.0,number,daily,NVDA,ticker token,single_stock,True,True
S000086637,Leverage Shares 2X Short NVDA Daily ETF,Leverage Shares 2X Short NVDA Daily ETF,Themes ETF Trust,0001976322,,,2025,2026,-2.0,number,daily,NVDA,ticker token,single_stock,True,False
S000086138,Tradr 1.75X Short NVDA Weekly ETF,Tradr 2X Short NVDA Weekly ETF | Tradr 1.75X Short NVDA Weekly ETF,Investment Managers Series Trust II,0001587982,WNVD,WNVD,2024,2025,-1.75,number,weekly,NVDA,ticker token,single_stock,False,True
S000076107,Tradr 1.5X Short NVDA Daily ETF,AXS 2X NVDA Bear Daily ETF | AXS 1.25X NVDA Bear Daily ETF | Tradr 1.25X NVDA Bear Daily ETF | Tradr 1.5X Short NVDA Daily ETF,Investment Managers Series Trust II,0001587982,NVDS,NVDS,2022,2026,-1.5,number,daily,NVDA,ticker token,single_stock,True,True
S000086137,Tradr 1.5X Short NVDA Monthly ETF,Tradr 2X Short NVDA Monthly ETF | Tradr 1.5X Short NVDA Monthly ETF,Investment Managers Series Trust II,0001587982,MNVD,MNVD,2024,2025,-1.5,number,monthly,NVDA,ticker token,single_stock,False,True
S000076248,Direxion Daily NVDA Bear 1X ETF,Direxion Daily NVDA Bear 1X Shares | Direxion Daily NVDA Bear 1X ETF,Direxion Shares ETF Trust,0001424958,NVDD,NVDD,2022,2026,-1.0,number,daily,NVDA,ticker token,single_stock,True,True
S000081159,GraniteShares 1x Short NVDA Daily ETF,GraniteShares 1x Short NVDA Daily ETF,GraniteShares ETF Trust,0001689873,NDI,NDI,2023,2026,-1.0,number,daily,NVDA,ticker token,single_stock,True,True
S000076091,AXS 1.25X NVDA Bull Daily ETF,AXS 2X NVDA Bull Daily ETF | AXS 1.25X NVDA Bull Daily ETF,Investment Managers Series Trust II,0001587982,NVDB,NVDB,2022,2023,1.25,number,daily,NVDA,ticker token,single_stock,False,True
S000076242,Direxion Daily NVDA Bull 1.25X Shares,Direxion Daily NVDA Bull 2X Shares | Direxion Daily NVDA Bull 1.25X Shares,Direxion Shares ETF Trust,0001424958,,,2022,2024,1.25,number,daily,NVDA,ticker token,single_stock,False,False
S000086109,Tradr 1.5X Long NVDA Quarterly ETF,Tradr 2X Long NVDA Quarterly ETF | Tradr 1.5X Long NVDA Quarterly ETF,Investment Managers Series Trust II,0001587982,NVDT,NVDT,2024,2025,1.5,number,quarterly,NVDA,ticker token,single_stock,False,True
S000086108,Tradr 1.75X Long NVDA Monthly ETF,Tradr 2X Long NVDA Monthly ETF | Tradr 1.75X Long NVDA Monthly ETF,Investment Managers Series Trust II,0001587982,NVDM,NVDM,2024,2025,1.75,number,monthly,NVDA,ticker token,single_stock,False,True
S000086110,Tradr 1.75X Long NVDA Weekly ETF,Tradr 2X Long NVDA Weekly ETF | Tradr 1.75X Long NVDA Weekly ETF,Investment Managers Series Trust II,0001587982,NVDW,NVDW,2024,2026,1.75,number,weekly,NVDA,ticker token,single_stock,True,True
S000076344,GraniteShares 2x Long NVDA Daily ETF,GraniteShares 2x Long NVIDIA Daily ETF | GraniteShares 1.5x Long NVDA Daily ETF | GraniteShares 2x Long NVDA Daily ETF,GraniteShares ETF Trust,0001689873,NVDL,NVDL,2022,2026,2.0,number,daily,NVDA,ticker token,single_stock,True,True
S000080899,T-REX 2X LONG NVIDIA DAILY TARGET ETF,T-REX 2X LONG NVIDIA DAILY TARGET ETF,ETF Opportunities Trust,0001771146,NVDX,NVDX,2023,2026,2.0,number,daily,NVDA,company name,single_stock,True,True
S000081684,Direxion Daily NVDA Bull 2X ETF,Direxion Daily NVDA Bull 2X Shares | Direxion Daily NVDA Bull 2X ETF,Direxion Shares ETF Trust,0001424958,NVDU,NVDU,2024,2026,2.0,number,daily,NVDA,ticker token,single_stock,True,True
S000086646,Leverage Shares 2X Long NVDA Daily ETF,Leverage Shares 2X Long NVDA Daily ETF,Themes ETF Trust,0001976322,NVDG,NVDG,2025,2026,2.0,number,daily,NVDA,ticker token,single_stock,True,True
S000094857,ProShares Ultra NVDA,ProShares Ultra NVDA,PROSHARES TRUST,0001174610,NVDB,NVDB,2026,2026,2.0,proshares ultra,daily,NVDA,ticker token,single_stock,True,True
S000095099,GraniteShares YieldBOOST NVDA 2x Income ETF,GraniteShares YieldBOOST NVDA 2x Income ETF,GraniteShares ETF Trust,0001689873,,,2026,2026,2.0,number,daily,NVDA,ticker token,single_stock,True,False
S000104818,Corgi NVDA 2x Daily ETF,Corgi NVDA 2x Daily ETF,Corgi ETF Trust I,0002078265,,,2026,2026,2.0,number,daily,NVDA,ticker token,single_stock,True,False
S000098456,Defiance Daily Target 3X Long NVDA ETF,Defiance Daily Target 3X Long NVDA ETF,ETF Series Solutions,0001540305,,,2026,2026,3.0,number,daily,NVDA,ticker token,single_stock,True,False
S000098560,Direxion Daily NVDA Bull 3X ETF,Direxion Daily NVDA Bull 3X ETF,Direxion Shares ETF Trust,0001424958,,,2026,2026,3.0,number,daily,NVDA,ticker token,single_stock,True,False
S000098593,Leverage Shares 3X Long NVDA Daily ETF,Leverage Shares 3X Long NVDA Daily ETF,Themes ETF Trust,0001976322,,,2026,2026,3.0,number,daily,NVDA,ticker token,single_stock,True,False
S000098731,ProShares Daily Target 3x NVDA,ProShares Daily Target 3x NVDA,PROSHARES TRUST,0001174610,,,2026,2026,3.0,number,daily,NVDA,ticker token,single_stock,True,False
S000098823,T-REX 3X Long NVDA Daily Target ETF,T-REX 3X Long NVDA Daily Target ETF,ETF Opportunities Trust,0001771146,,,2026,2026,3.0,number,daily,NVDA,ticker token,single_stock,True,False
S000099134,GraniteShares 3x Long NVDA Daily ETF,GraniteShares 3x Long NVDA Daily ETF,GraniteShares ETF Trust,0001689873,,,2026,2026,3.0,number,daily,NVDA,ticker token,single_stock,True,False
S000099656,Tradr 3X Long NVDA Daily ETF,Tradr 3X Long NVDA Daily ETF,Investment Managers Series Trust II,0001587982,,,2026,2026,3.0,number,daily,NVDA,ticker token,single_stock,True,False
S000099862,3x NVDA ETF,3x NVDA ETF,Volatility Shares Trust,0001884021,,,2026,2026,3.0,number,daily,NVDA,ticker token,single_stock,True,False
S000103717,T-REX 4X LONG NVDA DAILY TARGET ETF,T-REX 4X LONG NVDA DAILY TARGET ETF,ETF Opportunities Trust,0001771146,,,2026,2026,4.0,number,daily,NVDA,ticker token,single_stock,True,False
S000099878,5x NVDA ETF,5x NVDA ETF,Volatility Shares Trust,0001884021,,,2026,2026,5.0,number,daily,NVDA,ticker token,single_stock,True,False
S000107427,Leverage Shares 2X Long NVMI Daily ETF,Leverage Shares 2X Long NVMI Daily ETF,Themes ETF Trust,0001976322,,,2026,2026,2.0,number,daily,NVMI,ticker token,single_stock,True,False
S000088306,GraniteShares 2x Short NVO Daily ETF,GraniteShares 2x Short NVO Daily ETF,GraniteShares ETF Trust,0001689873,NVOD,NVOD,2025,2026,-2.0,number,daily,NVO,ticker token,single_stock,True,True
S000096883,Defiance Daily Target 2X Short NVO ETF,Defiance Daily Target 2X Short NVO ETF,Tidal Trust II,0001924868,,,2026,2026,-2.0,number,daily,NVO,ticker token,single_stock,True,False
S000085138,Defiance Daily Target 2X Long NVO ETF,Defiance Daily Target 2X Long NVO ETF,Tidal Trust II,0001924868,NVOX,NVOX,2024,2026,2.0,number,daily,NVO,ticker token,single_stock,True,True
S000088291,GraniteShares 2x Long NVO Daily ETF,GraniteShares 2x Long NVO Daily ETF,GraniteShares ETF Trust,0001689873,NVU,NVU,2025,2026,2.0,number,daily,NVO,ticker token,single_stock,True,True
S000091224,Leverage Shares 2X Long NVO Daily ETF,Leverage Shares 2X Long NVO Daily ETF,Themes ETF Trust,0001976322,,,2025,2026,2.0,number,daily,NVO,ticker token,single_stock,True,False
S000104857,Corgi NVO 2x Daily ETF,Corgi NVO 2x Daily ETF,Corgi ETF Trust I,0002078265,,,2026,2026,2.0,number,daily,NVO,ticker token,single_stock,True,False
S000098824,T-REX 3X Long NVO Daily Target ETF,T-REX 3X Long NVO Daily Target ETF,ETF Opportunities Trust,0001771146,,,2026,2026,3.0,number,daily,NVO,ticker token,single_stock,True,False
S000099409,Defiance Daily Target 2X Short NVTS ETF,Defiance Daily Target 2X Short NVTS ETF,Tidal Trust II,0001924868,SNVT,SNVT,2026,2026,-2.0,number,daily,NVTS,ticker token,single_stock,True,True
S000095057,Tradr 2X Long NVTS Daily ETF,Tradr 2X Long NVTS Daily ETF,Investment Managers Series Trust II,0001587982,NVTX,NVTX,2026,2026,2.0,number,daily,NVTS,ticker token,single_stock,True,True
S000095548,Defiance Daily Target 2X Long NVTS ETF,Defiance Daily Target 2X Long NVTS ETF,Tidal Trust II,0001924868,,,2026,2026,2.0,number,daily,NVTS,ticker token,single_stock,True,False
S000097430,T-REX 2X LONG NVTS DAILY TARGET ETF,T-REX 2X LONG NVTS DAILY TARGET ETF,ETF Opportunities Trust,0001771146,,,2026,2026,2.0,number,daily,NVTS,ticker token,single_stock,True,False
S000097918,Leverage Shares 2X Long NVTS Daily ETF,Leverage Shares 2X Long NVTS Daily ETF,Themes ETF Trust,0001976322,,,2026,2026,2.0,number,daily,NVTS,ticker token,single_stock,True,False
S000104877,Corgi NVTS 2x Daily ETF,Corgi NVTS 2x Daily ETF,Corgi ETF Trust I,0002078265,,,2026,2026,2.0,number,daily,NVTS,ticker token,single_stock,True,False
S000096121,Tradr 2X Long NXPI Daily ETF,Tradr 2X Long NXPI Daily ETF,Investment Managers Series Trust II,0001587982,NXPX,NXPX,2026,2026,2.0,number,daily,NXPI,ticker token,single_stock,True,True
S000104258,Leverage Shares 2X Long NXPI Daily ETF,Leverage Shares 2X Long NXPI Daily ETF,Themes ETF Trust,0001976322,NXPG,NXPG,2026,2026,2.0,number,daily,NXPI,ticker token,single_stock,True,True
S000098213,T-REX 2X LONG NXTT DAILY TARGET ETF,T-REX 2X LONG NXTT DAILY TARGET ETF,ETF Opportunities Trust,0001771146,,,2026,2026,2.0,number,daily,NXTT,ticker token,single_stock,True,False
S000102824,Corgi NYC Based 2x Daily ETF,Corgi NYC Based 2x Daily ETF,Corgi ETF Trust I,0002078265,,,2026,2026,2.0,number,daily,NYC,ticker token,single_stock,True,False
S000092896,Direxion Daily O Bear 1X ETF,Direxion Daily O Bear 1X Shares | Direxion Daily O Bear 1X ETF,Direxion Shares ETF Trust,0001424958,,,2025,2026,-1.0,number,daily,O,ticker token,single_stock,True,False
S000092895,Direxion Daily O Bull 2X ETF,Direxion Daily O Bull 2X Shares | Direxion Daily O Bull 2X ETF,Direxion Shares ETF Trust,0001424958,,,2025,2026,2.0,number,daily,O,ticker token,single_stock,True,False
S000090956,Teucrium 2x Short OKLO Daily ETF,Teucrium 2x Short OKLO Daily ETF,Listed Funds Trust,0001683471,,,2025,2026,-2.0,number,daily,OKLO,ticker token,single_stock,True,False
S000096884,Defiance Daily Target 2X Short OKLO ETF,Defiance Daily Target 2X Short OKLO ETF,Tidal Trust II,0001924868,OKLS,OKLS,2026,2026,-2.0,number,daily,OKLO,ticker token,single_stock,True,True
S000100567,Leverage Shares 2X Short OKLO Daily ETF,Leverage Shares 2X Short OKLO Daily ETF,Themes ETF Trust,0001976322,,,2026,2026,-2.0,number,daily,OKLO,ticker token,single_stock,True,False
S000090967,Teucrium 2x Long OKLO Daily ETF,Teucrium 2x Long OKLO Daily ETF,Listed Funds Trust,0001683471,,,2025,2026,2.0,number,daily,OKLO,ticker token,single_stock,True,False
S000093243,Defiance Daily Target 2X Long OKLO ETF,Defiance Daily Target 2X Long OKLO ETF,Tidal Trust II,0001924868,,,2025,2026,2.0,number,daily,OKLO,ticker token,single_stock,True,False
S000093816,Leverage Shares 2X Long OKLO Daily ETF,Leverage Shares 2X Long OKLO Daily ETF,Themes ETF Trust,0001976322,,,2025,2026,2.0,number,daily,OKLO,ticker token,single_stock,True,False
S000093879,T-REX 2X LONG OKLO DAILY TARGET ETF,T-REX 2X LONG OKLO DAILY TARGET ETF,ETF Opportunities Trust,0001771146,OKUP,OKUP,2025,2026,2.0,number,daily,OKLO,ticker token,single_stock,True,True
S000094374,GraniteShares 2x Long OKLO Daily ETF,GraniteShares 2x Long OKLO Daily ETF,GraniteShares ETF Trust,0001689873,,,2025,2026,2.0,number,daily,OKLO,ticker token,single_stock,True,False
S000104834,Corgi OKLO 2x Daily ETF,Corgi OKLO 2x Daily ETF,Corgi ETF Trust I,0002078265,,,2026,2026,2.0,number,daily,OKLO,ticker token,single_stock,True,False
S000098825,T-REX 3X Long OKLO Daily Target ETF,T-REX 3X Long OKLO Daily Target ETF,ETF Opportunities Trust,0001771146,,,2026,2026,3.0,number,daily,OKLO,ticker token,single_stock,True,False
S000099256,Tradr 3X Long OKLO Daily ETF,Tradr 3X Long OKLO Daily ETF,Investment Managers Series Trust II,0001587982,,,2026,2026,3.0,number,daily,OKLO,ticker token,single_stock,True,False
S000100305,Defiance Daily Target 3X Long OKLO ETF,Defiance Daily Target 3X Long OKLO ETF,ETF Series Solutions,0001540305,,,2026,2026,3.0,number,daily,OKLO,ticker token,single_stock,True,False
S000104584,Leverage Shares 3X Long OKLO Daily ETF,Leverage Shares 3X Long OKLO Daily ETF,Themes ETF Trust,0001976322,,,2026,2026,3.0,number,daily,OKLO,ticker token,single_stock,True,False
S000104697,Leverage Shares 4x Long OKLO Daily ETF,Leverage Shares 4x Long OKLO Daily ETF,Themes ETF Trust,0001976322,,,2026,2026,4.0,number,daily,OKLO,ticker token,single_stock,True,False
S000095058,Tradr 2X Long OKTA Daily ETF,Tradr 2X Long OKTA Daily ETF,Investment Managers Series Trust II,0001587982,,,2026,2026,2.0,number,daily,OKTA,ticker token,single_stock,True,False
S000096600,Leverage Shares 2X Long OKTA Daily ETF,Leverage Shares 2X Long OKTA Daily ETF,Themes ETF Trust,0001976322,,,2026,2026,2.0,number,daily,OKTA,ticker token,single_stock,True,False
S000096122,Tradr 2X Long ON Daily ETF,Tradr 2X Long ON Daily ETF,Investment Managers Series Trust II,0001587982,ONX,ONX,2026,2026,2.0,number,daily,ON,ticker token,single_stock,True,True
S000104259,Leverage Shares 2X Long ON Daily ETF,Leverage Shares 2X Long ON Daily ETF,Themes ETF Trust,0001976322,,,2026,2026,2.0,number,daily,ON,ticker token,single_stock,True,False
S000103010,Tradr 2X Short ONDS Daily ETF,Tradr 2X Short ONDS Daily ETF,Investment Managers Series Trust II,0001587982,,,2026,2026,-2.0,number,daily,ONDS,ticker token,single_stock,True,False
S000099446,Defiance Daily Target 2X Long ONDS ETF,Defiance Daily Target 2X Long ONDS ETF,Tidal Trust II,0001924868,,,2026,2026,2.0,number,daily,ONDS,ticker token,single_stock,True,False
S000100058,T-REX 2X LONG ONDS DAILY TARGET ETF,T-REX 2X LONG ONDS DAILY TARGET ETF,ETF Opportunities Trust,0001771146,,,2026,2026,2.0,number,daily,ONDS,ticker token,single_stock,True,False
S000100548,Leverage Shares 2X Long ONDS Daily ETF,Leverage Shares 2X Long ONDS Daily ETF,Themes ETF Trust,0001976322,,,2026,2026,2.0,number,daily,ONDS,ticker token,single_stock,True,False
S000100579,Tradr 2X Long ONDS Daily ETF,Tradr 2X Long ONDS Daily ETF,Investment Managers Series Trust II,0001587982,ONDU,ONDU,2026,2026,2.0,number,daily,ONDS,ticker token,single_stock,True,True
S000104879,Corgi ONDS 2x Daily ETF,Corgi ONDS 2x Daily ETF,Corgi ETF Trust I,0002078265,,,2026,2026,2.0,number,daily,ONDS,ticker token,single_stock,True,False
S000104896,Corgi ONTO 2x Daily ETF,Corgi ONTO 2x Daily ETF,Corgi ETF Trust I,0002078265,,,2026,2026,2.0,number,daily,ONTO,ticker token,single_stock,True,False
S000105558,Leverage Shares 2X Long ONTO Daily ETF,Leverage Shares 2X Long ONTO Daily ETF,Themes ETF Trust,0001976322,,,2026,2026,2.0,number,daily,ONTO,ticker token,single_stock,True,False
S000106992,Tradr 2X Long ONTO Daily ETF,Tradr 2X Long ONTO Daily ETF,Investment Managers Series Trust II,0001587982,,,2026,2026,2.0,number,daily,ONTO,ticker token,single_stock,True,False
S000099410,Defiance Daily Target 2X Short OPEN ETF,Defiance Daily Target 2X Short OPEN ETF,Tidal Trust II,0001924868,OPED,OPED,2026,2026,-2.0,number,daily,OPEN,ticker token,single_stock,True,True
S000100818,Tradr 2X Short OPEN Daily ETF,Tradr 2X Short OPEN Daily ETF,Investment Managers Series Trust II,0001587982,OPEZ,OPEZ,2026,2026,-2.0,number,daily,OPEN,ticker token,single_stock,True,True
S000096123,Tradr 2X Long OPEN Daily ETF,Tradr 2X Long OPEN Daily ETF,Investment Managers Series Trust II,0001587982,OPEX,OPEX,2026,2026,2.0,number,daily,OPEN,ticker token,single_stock,True,True
S000097431,T-REX 2X LONG OPEN DAILY TARGET ETF,T-REX 2X LONG OPEN DAILY TARGET ETF,ETF Opportunities Trust,0001771146,,,2026,2026,2.0,number,daily,OPEN,ticker token,single_stock,True,False
S000097919,Leverage Shares 2X Long OPEN Daily ETF,Leverage Shares 2X Long OPEN Daily ETF,Themes ETF Trust,0001976322,,,2026,2026,2.0,number,daily,OPEN,ticker token,single_stock,True,False
S000098989,Leverage Shares 3X Long OPEN Daily ETF,Leverage Shares 3X Long OPEN Daily ETF,Themes ETF Trust,0001976322,,,2026,2026,3.0,number,daily,OPEN,ticker token,single_stock,True,False
S000099257,Tradr 3X Long OPEN Daily ETF,Tradr 3X Long OPEN Daily ETF,Investment Managers Series Trust II,0001587982,,,2026,2026,3.0,number,daily,OPEN,ticker token,single_stock,True,False
S000100308,Defiance Daily Target 3X Long OPEN ETF,Defiance Daily Target 3X Long OPEN ETF,ETF Series Solutions,0001540305,,,2026,2026,3.0,number,daily,OPEN,ticker token,single_stock,True,False
S000103893,Defiance Daily Target 2X Long OPTT ETF,Defiance Daily Target 2X Long OPTT ETF,Tidal Trust II,0001924868,,,2026,2026,2.0,number,daily,OPTT,ticker token,single_stock,True,False
S000097518,T-REX 2X LONG ORBS DAILY TARGET ETF,T-REX 2X LONG ORBS DAILY TARGET ETF,ETF Opportunities Trust,0001771146,,,2026,2026,2.0,number,daily,ORBS,ticker token,single_stock,True,False
S000099147,GraniteShares 3x Short ORCL Daily ETF,GraniteShares 3x Short ORCL Daily ETF,GraniteShares ETF Trust,0001689873,,,2026,2026,-3.0,number,daily,ORCL,ticker token,single_stock,True,False
S000099411,Defiance Daily Target 2X Short ORCL ETF,Defiance Daily Target 2X Short ORCL ETF,Tidal Trust II,0001924868,SORC,SORC,2026,2026,-2.0,number,daily,ORCL,ticker token,single_stock,True,True
S000105723,Tradr 2X Short ORCL Daily ETF,Tradr 2X Short ORCL Daily ETF,Investment Managers Series Trust II,0001587982,,,2026,2026,-2.0,number,daily,ORCL,ticker token,single_stock,True,False
S000094250,Direxion Daily ORCL Bear 1X ETF,Direxion Daily ORCL Bear 1X ETF,Direxion Shares ETF Trust,0001424958,ORCS,ORCS,2025,2026,-1.0,number,daily,ORCL,ticker token,single_stock,True,True
S000089803,Defiance Daily Target 2X Long ORCL ETF,Defiance Daily Target 2X Long ORCL ETF,Tidal Trust II,0001924868,ORCX,ORCX,2025,2026,2.0,number,daily,ORCL,ticker token,single_stock,True,True
S000094251,Direxion Daily ORCL Bull 2X ETF,Direxion Daily ORCL Bull 2X ETF,Direxion Shares ETF Trust,0001424958,ORCU,ORCU,2025,2026,2.0,number,daily,ORCL,ticker token,single_stock,True,True
S000104826,Corgi ORCL 2x Daily ETF,Corgi ORCL 2x Daily ETF,Corgi ETF Trust I,0002078265,,,2026,2026,2.0,number,daily,ORCL,ticker token,single_stock,True,False
S000098827,T-REX 3X Long ORCL Daily Target ETF,T-REX 3X Long ORCL Daily Target ETF,ETF Opportunities Trust,0001771146,,,2026,2026,3.0,number,daily,ORCL,ticker token,single_stock,True,False
S000098979,Leverage Shares 3X Long ORCL Daily ETF,Leverage Shares 3X Long ORCL Daily ETF,Themes ETF Trust,0001976322,,,2026,2026,3.0,number,daily,ORCL,ticker token,single_stock,True,False
S000098991,ProShares Daily Target 3x ORCL,ProShares Daily Target 3x ORCL,PROSHARES TRUST,0001174610,,,2026,2026,3.0,number,daily,ORCL,ticker token,single_stock,True,False
S000099144,GraniteShares 3x Long ORCL Daily ETF,GraniteShares 3x Long ORCL Daily ETF,GraniteShares ETF Trust,0001689873,,,2026,2026,3.0,number,daily,ORCL,ticker token,single_stock,True,False
S000099258,Tradr 3X Long ORCL Daily ETF,Tradr 3X Long ORCL Daily ETF,Investment Managers Series Trust II,0001587982,,,2026,2026,3.0,number,daily,ORCL,ticker token,single_stock,True,False
S000099700,Direxion Daily ORCL Bull 3X ETF,Direxion Daily ORCL Bull 3X ETF,Direxion Shares ETF Trust,0001424958,,,2026,2026,3.0,number,daily,ORCL,ticker token,single_stock,True,False
S000100301,Defiance Daily Target 3X Long ORCL ETF,Defiance Daily Target 3X Long ORCL ETF,ETF Series Solutions,0001540305,,,2026,2026,3.0,number,daily,ORCL,ticker token,single_stock,True,False
S000100393,3x ORCL ETF,3x ORCL ETF,Volatility Shares Trust,0001884021,,,2026,2026,3.0,number,daily,ORCL,ticker token,single_stock,True,False
S000100396,5x ORCL ETF,5x ORCL ETF,Volatility Shares Trust,0001884021,,,2026,2026,5.0,number,daily,ORCL,ticker token,single_stock,True,False
S000100549,Leverage Shares 2X Long ORLY Daily ETF,Leverage Shares 2X Long ORLY Daily ETF,Themes ETF Trust,0001976322,,,2026,2026,2.0,number,daily,ORLY,ticker token,single_stock,True,False
S000096885,Defiance Daily Target 2X Short OSCR ETF,Defiance Daily Target 2X Short OSCR ETF,Tidal Trust II,0001924868,,,2026,2026,-2.0,number,daily,OSCR,ticker token,single_stock,True,False
S000095478,T-REX 2X LONG OSCR DAILY TARGET ETF,T-REX 2X LONG OSCR DAILY TARGET ETF,ETF Opportunities Trust,0001771146,OSCU,OSCU,2026,2026,2.0,number,daily,OSCR,ticker token,single_stock,True,True
S000095549,Defiance Daily Target 2X Long OSCR ETF,Defiance Daily Target 2X Long OSCR ETF,Tidal Trust II,0001924868,OSCX,OSCX,2026,2026,2.0,number,daily,OSCR,ticker token,single_stock,True,True
S000096601,Leverage Shares 2X Long OSCR Daily ETF,Leverage Shares 2X Long OSCR Daily ETF,Themes ETF Trust,0001976322,,,2026,2026,2.0,number,daily,OSCR,ticker token,single_stock,True,False
S000104016,Defiance Daily Target 2X Long OSS ETF,Defiance Daily Target 2X Long OSS ETF,Tidal Trust II,0001924868,OSSL,OSSL,2026,2026,2.0,number,daily,OSS,ticker token,single_stock,True,True
S000106591,T-REX 2X LONG OSS DAILY TARGET ETF,T-REX 2X LONG OSS DAILY TARGET ETF,ETF Opportunities Trust,0001771146,,,2026,2026,2.0,number,daily,OSS,ticker token,single_stock,True,False
S000095465,T-REX 2X LONG OUST DAILY TARGET ETF,T-REX 2X LONG OUST DAILY TARGET ETF,ETF Opportunities Trust,0001771146,,,2026,2026,2.0,number,daily,OUST,ticker token,single_stock,True,False
S000103148,Defiance Daily Target 2X Long OUST ETF,Defiance Daily Target 2X Long OUST ETF,Tidal Trust II,0001924868,,,2026,2026,2.0,number,daily,OUST,ticker token,single_stock,True,False
S000107411,Leverage Shares 2X Long OUST Daily ETF,Leverage Shares 2X Long OUST Daily ETF,Themes ETF Trust,0001976322,,,2026,2026,2.0,number,daily,OUST,ticker token,single_stock,True,False
S000105724,Tradr 2X Short OWL Daily ETF,Tradr 2X Short OWL Daily ETF,Investment Managers Series Trust II,0001587982,,,2026,2026,-2.0,number,daily,OWL,ticker token,single_stock,True,False
S000105753,Tradr 2X Long OWL Daily ETF,Tradr 2X Long OWL Daily ETF,Investment Managers Series Trust II,0001587982,,,2026,2026,2.0,number,daily,OWL,ticker token,single_stock,True,False
S000100087,Defiance Daily Target 2X Long OXY ETF,Defiance Daily Target 2X Long OXY ETF,Tidal Trust II,0001924868,LOXY,LOXY,2026,2026,2.0,number,daily,OXY,ticker token,single_stock,True,True
S000105178,GraniteShares 2x Short P Daily ETF,GraniteShares 2x Short P Daily ETF,GraniteShares ETF Trust,0001689873,PSD,PSD,2026,2026,-2.0,number,daily,P,ticker token,single_stock,True,True
S000104260,Leverage Shares 2X Long P Daily ETF,Leverage Shares 2X Long P Daily ETF,Themes ETF Trust,0001976322,,,2026,2026,2.0,number,daily,P,ticker token,single_stock,True,False
S000105153,GraniteShares 2x Long P Daily ETF,GraniteShares 2x Long P Daily ETF,GraniteShares ETF Trust,0001689873,PUL,PUL,2026,2026,2.0,number,daily,P,ticker token,single_stock,True,True
S000106800,Defiance Daily Target 2X Long P ETF,Defiance Daily Target 2X Long P ETF,Tidal Trust V,0002081107,,,2026,2026,2.0,number,daily,P,ticker token,single_stock,True,False
S000101006,Defiance Daily Target 2X Long PAAS ETF,Defiance Daily Target 2X Long PAAS ETF,Tidal Trust II,0001924868,,,2026,2026,2.0,number,daily,PAAS,ticker token,single_stock,True,False
S000101636,T-REX 2X LONG PAAS DAILY TARGET ETF,T-REX 2X LONG PAAS DAILY TARGET ETF,ETF Opportunities Trust,0001771146,PAAU,PAAU,2026,2026,2.0,number,daily,PAAS,ticker token,single_stock,True,True
S000087449,T-REX 2X INVERSE PANW DAILY TARGET ETF,T-REX 2X INVERSE PANW DAILY TARGET ETF,ETF Opportunities Trust,0001771146,PAND,PAND,2025,2026,-2.0,number,daily,PANW,ticker token,single_stock,True,True
S000088307,GraniteShares 2x Short PANW Daily ETF,GraniteShares 2x Short PANW Daily ETF,GraniteShares ETF Trust,0001689873,PAS,PAS,2025,2026,-2.0,number,daily,PANW,ticker token,single_stock,True,True
S000090368,Direxion Daily PANW Bear 1X ETF,Direxion Daily PANW Bear 1X Shares | Direxion Daily PANW Bear 1X ETF,Direxion Shares ETF Trust,0001424958,PALD,PALD,2025,2026,-1.0,number,daily,PANW,ticker token,single_stock,True,True
S000087473,T-REX 2X LONG PANW DAILY TARGET ETF,T-REX 2X LONG PANW DAILY TARGET ETF,ETF Opportunities Trust,0001771146,PANU,PANU,2025,2026,2.0,number,daily,PANW,ticker token,single_stock,True,True
S000088292,GraniteShares 2x Long PANW Daily ETF,GraniteShares 2x Long PANW Daily ETF,GraniteShares ETF Trust,0001689873,PAU,PAU,2025,2026,2.0,number,daily,PANW,ticker token,single_stock,True,True
S000090382,Direxion Daily PANW Bull 2X ETF,Direxion Daily PANW Bull 2X Shares | Direxion Daily PANW Bull 2X ETF,Direxion Shares ETF Trust,0001424958,PALU,PALU,2025,2026,2.0,number,daily,PANW,ticker token,single_stock,True,True
S000091225,Leverage Shares 2X Long PANW Daily ETF,Leverage Shares 2X Long PANW Daily ETF,Themes ETF Trust,0001976322,PANG,PANG,2025,2026,2.0,number,daily,PANW,ticker token,single_stock,True,True
S000099259,Tradr 3X Long PANW Daily ETF,Tradr 3X Long PANW Daily ETF,Investment Managers Series Trust II,0001587982,,,2026,2026,3.0,number,daily,PANW,ticker token,single_stock,True,False
S000105177,GraniteShares 2x Short PATH Daily ETF,GraniteShares 2x Short PATH Daily ETF,GraniteShares ETF Trust,0001689873,,,2026,2026,-2.0,number,daily,PATH,ticker token,single_stock,True,False
S000100580,Tradr 2X Long PATH Daily ETF,Tradr 2X Long PATH Daily ETF,Investment Managers Series Trust II,0001587982,PATX,PATX,2026,2026,2.0,number,daily,PATH,ticker token,single_stock,True,True
S000101007,Defiance Daily Target 2X Long PATH ETF,Defiance Daily Target 2X Long PATH ETF,Tidal Trust II,0001924868,,,2026,2026,2.0,number,daily,PATH,ticker token,single_stock,True,False
S000105152,GraniteShares 2x Long PATH Daily ETF,GraniteShares 2x Long PATH Daily ETF,GraniteShares ETF Trust,0001689873,,,2026,2026,2.0,number,daily,PATH,ticker token,single_stock,True,False
S000097920,Leverage Shares 2X Long PBR Daily ETF,Leverage Shares 2X Long PBR Daily ETF,Themes ETF Trust,0001976322,,,2026,2026,2.0,number,daily,PBR,ticker token,single_stock,True,False
S000100059,T-REX 2X LONG PC DAILY TARGET ETF,T-REX 2X LONG PC DAILY TARGET ETF,ETF Opportunities Trust,0001771146,,,2026,2026,2.0,number,daily,PC,ticker token,single_stock,True,False
S000094252,Direxion Daily PDD Bear 1X ETF,Direxion Daily PDD Bear 1X ETF,Direxion Shares ETF Trust,0001424958,,,2025,2026,-1.0,number,daily,PDD,ticker token,single_stock,True,False
S000089271,KraneShares 2x Long PDD Daily ETF,KraneShares 2x Long PDD Daily ETF,Krane Shares Trust,0001547576,KPDD,KPDD,2025,2026,2.0,number,daily,PDD,ticker token,single_stock,True,True
S000090915,GraniteShares 2x Long PDD Daily ETF,GraniteShares 2x Long PDD Daily ETF,GraniteShares ETF Trust,0001689873,PDDL,PDDL,2025,2026,2.0,number,daily,PDD,ticker token,single_stock,True,True
S000093817,Leverage Shares 2X Long PDD Daily ETF,Leverage Shares 2X Long PDD Daily ETF,Themes ETF Trust,0001976322,,,2025,2026,2.0,number,daily,PDD,ticker token,single_stock,True,False
S000094253,Direxion Daily PDD Bull 2X ETF,Direxion Daily PDD Bull 2X ETF,Direxion Shares ETF Trust,0001424958,,,2025,2026,2.0,number,daily,PDD,ticker token,single_stock,True,False
S000103185,Tradr 2X Long PDYN Daily ETF,Tradr 2X Long PDYN Daily ETF,Investment Managers Series Trust II,0001587982,,,2026,2026,2.0,number,daily,PDYN,ticker token,single_stock,True,False
S000106577,T-REX 2X LONG PENG DAILY TARGET ETF,T-REX 2X LONG PENG DAILY TARGET ETF,ETF Opportunities Trust,0001771146,,,2026,2026,2.0,number,daily,PENG,ticker token,single_stock,True,False
S000107462,Defiance Daily Target 2X Long PENG ETF,Defiance Daily Target 2X Long PENG ETF,Tidal Trust V,0002081107,,,2026,2026,2.0,number,daily,PENG,ticker token,single_stock,True,False
S000078253,REX Short PENN ETF,REX Short PENN ETF,Tidal Trust II,0001924868,,,2023,2024,-1.0,inverse no number,daily,PENN,ticker token,single_stock,False,False
S000079029,REX 2X PENN ETF,REX 2X PENN ETF,Tidal Trust II,0001924868,,,2023,2024,2.0,number,daily,PENN,ticker token,single_stock,False,False
S000091057,Defiance Daily Target 2X Long PENN ETF,Defiance Daily Target 2X Long PENN ETF,Tidal Trust II,0001924868,PENX,PENX,2025,2026,2.0,number,daily,PENN,ticker token,single_stock,True,True
S000076092,AXS 2X PFE Bear Daily ETF,AXS 2X PFE Bear Daily ETF,Investment Managers Series Trust II,0001587982,PFES,PFES,2022,2025,-2.0,number,daily,PFE,ticker token,single_stock,False,True
S000076093,AXS 2X PFE Bull Daily ETF,AXS 2X PFE Bull Daily ETF,Investment Managers Series Trust II,0001587982,PFEL,PFEL,2022,2025,2.0,number,daily,PFE,ticker token,single_stock,False,True
S000097177,Defiance Daily Target 2X Long PFE ETF,Defiance Daily Target 2X Long PFE ETF,Tidal Trust II,0001924868,,,2026,2026,2.0,number,daily,PFE,ticker token,single_stock,True,False
S000099447,Defiance Daily Target 2X Long PGY ETF,Defiance Daily Target 2X Long PGY ETF,Tidal Trust II,0001924868,,,2026,2026,2.0,number,daily,PGY,ticker token,single_stock,True,False
S000100045,T-REX 2X LONG PGY DAILY TARGET ETF,T-REX 2X LONG PGY DAILY TARGET ETF,ETF Opportunities Trust,0001771146,,,2026,2026,2.0,number,daily,PGY,ticker token,single_stock,True,False
S000105077,Defiance Daily Target 2X Long PI ETF,Defiance Daily Target 2X Long PI ETF,Tidal Trust II,0001924868,,,2026,2026,2.0,number,daily,PI,ticker token,single_stock,True,False
S000102156,Defiance Daily Target 2X Long PINS ETF,Defiance Daily Target 2X Long PINS ETF,Tidal Trust II,0001924868,PINL,PINL,2026,2026,2.0,number,daily,PINS,ticker token,single_stock,True,True
S000099448,Defiance Daily Target 2X Long PL ETF,Defiance Daily Target 2X Long PL ETF,Tidal Trust II,0001924868,,,2026,2026,2.0,number,daily,PL,ticker token,single_stock,True,False
S000100046,T-REX 2X LONG PL DAILY TARGET ETF,T-REX 2X LONG PL DAILY TARGET ETF,ETF Opportunities Trust,0001771146,,,2026,2026,2.0,number,daily,PL,ticker token,single_stock,True,False
S000107463,Defiance Daily Target 2X Long PLPC ETF,Defiance Daily Target 2X Long PLPC ETF,Tidal Trust V,0002081107,,,2026,2026,2.0,number,daily,PLPC,ticker token,single_stock,True,False
S000098427,Defiance Daily Target 3X Short PLTR ETF,Defiance Daily Target 3X Short PLTR ETF,ETF Series Solutions,0001540305,,,2026,2026,-3.0,number,daily,PLTR,ticker token,single_stock,True,False
S000099537,GraniteShares 3x Short PLTR Daily ETF,GraniteShares 3x Short PLTR Daily ETF,GraniteShares ETF Trust,0001689873,,,2026,2026,-3.0,number,daily,PLTR,ticker token,single_stock,True,False
S000087450,T-REX 2X INVERSE PLTR DAILY TARGET ETF,T-REX 2X INVERSE PLTR DAILY TARGET ETF,ETF Opportunities Trust,0001771146,PLTD,PLTD,2025,2026,-2.0,number,daily,PLTR,ticker token,single_stock,True,True
S000092367,Defiance Daily Target 2X Short PLTR ETF,Defiance Daily Target 2X Short PLTR ETF,Tidal Trust II,0001924868,,,2025,2026,-2.0,number,daily,PLTR,ticker token,single_stock,True,False
S000088055,Direxion Daily PLTR Bear 1X ETF,Direxion Daily PLTR Bear 1X Shares | Direxion Daily PLTR Bear 1X ETF,Direxion Shares ETF Trust,0001424958,PLTD,PLTD,2025,2026,-1.0,number,daily,PLTR,ticker token,single_stock,True,True
S000076345,GraniteShares 2x Long PLTR Daily ETF,GraniteShares 2x Long Palantir Daily ETF | GraniteShares 1.25x Long PLTR Daily ETF | GraniteShares 2x Long PLTR Daily ETF,GraniteShares ETF Trust,0001689873,PTIR,PTIR,2022,2026,2.0,number,daily,PLTR,ticker token,single_stock,True,True
S000088054,Direxion Daily PLTR Bull 2X ETF,Direxion Daily PLTR Bull 2X Shares | Direxion Daily PLTR Bull 2X ETF,Direxion Shares ETF Trust,0001424958,PLTU,PLTU,2025,2026,2.0,number,daily,PLTR,ticker token,single_stock,True,True
S000091226,Leverage Shares 2X Long PLTR Daily ETF,Leverage Shares 2X Long PLTR Daily ETF,Themes ETF Trust,0001976322,PLTG,PLTG,2025,2026,2.0,number,daily,PLTR,ticker token,single_stock,True,True
S000094858,ProShares Ultra PLTR,ProShares Ultra PLTR,PROSHARES TRUST,0001174610,PLTA,PLTA,2026,2026,2.0,proshares ultra,daily,PLTR,ticker token,single_stock,True,True
S000104819,Corgi PLTR 2x Daily ETF,Corgi PLTR 2x Daily ETF,Corgi ETF Trust I,0002078265,,,2026,2026,2.0,number,daily,PLTR,ticker token,single_stock,True,False
S000098454,Defiance Daily Target 3X Long PLTR ETF,Defiance Daily Target 3X Long PLTR ETF,ETF Series Solutions,0001540305,,,2026,2026,3.0,number,daily,PLTR,ticker token,single_stock,True,False
S000098561,Direxion Daily PLTR Bull 3X ETF,Direxion Daily PLTR Bull 3X ETF,Direxion Shares ETF Trust,0001424958,,,2026,2026,3.0,number,daily,PLTR,ticker token,single_stock,True,False
S000098594,Leverage Shares 3X Long PLTR Daily ETF,Leverage Shares 3X Long PLTR Daily ETF,Themes ETF Trust,0001976322,,,2026,2026,3.0,number,daily,PLTR,ticker token,single_stock,True,False
S000098732,ProShares Daily Target 3x PLTR,ProShares Daily Target 3x PLTR,PROSHARES TRUST,0001174610,,,2026,2026,3.0,number,daily,PLTR,ticker token,single_stock,True,False
S000098828,T-REX 3X Long PLTR Daily Target ETF,T-REX 3X Long PLTR Daily Target ETF,ETF Opportunities Trust,0001771146,,,2026,2026,3.0,number,daily,PLTR,ticker token,single_stock,True,False
S000099517,GraniteShares 3x Long PLTR Daily ETF,GraniteShares 3x Long PLTR Daily ETF,GraniteShares ETF Trust,0001689873,,,2026,2026,3.0,number,daily,PLTR,ticker token,single_stock,True,False
S000099657,Tradr 3X Long PLTR Daily ETF,Tradr 3X Long PLTR Daily ETF,Investment Managers Series Trust II,0001587982,,,2026,2026,3.0,number,daily,PLTR,ticker token,single_stock,True,False
S000099863,3x PLTR ETF,3x PLTR ETF,Volatility Shares Trust,0001884021,,,2026,2026,3.0,number,daily,PLTR,ticker token,single_stock,True,False
S000103719,T-REX 4X LONG PLTR DAILY TARGET ETF,T-REX 4X LONG PLTR DAILY TARGET ETF,ETF Opportunities Trust,0001771146,,,2026,2026,4.0,number,daily,PLTR,ticker token,single_stock,True,False
S000099879,5x PLTR ETF,5x PLTR ETF,Volatility Shares Trust,0001884021,,,2026,2026,5.0,number,daily,PLTR,ticker token,single_stock,True,False
S000100550,Leverage Shares 2X Long PLUG Daily ETF,Leverage Shares 2X Long PLUG Daily ETF,Themes ETF Trust,0001976322,PLUL,PLUL,2026,2026,2.0,number,daily,PLUG,ticker token,single_stock,True,True
S000100997,Defiance Daily Target 2X Long PLUG ETF,Defiance Daily Target 2X Long PLUG ETF,Tidal Trust II,0001924868,,,2026,2026,2.0,number,daily,PLUG,ticker token,single_stock,True,False
S000092418,Defiance Daily Target 2X Long PM ETF,Defiance Daily Target 2X Long PM ETF,Tidal Trust II,0001924868,XPM,XPM,2025,2026,2.0,number,daily,PM,ticker token,single_stock,True,True
S000094375,GraniteShares 2x Long PM Daily ETF,GraniteShares 2x Long PM Daily ETF,GraniteShares ETF Trust,0001689873,,,2025,2026,2.0,number,daily,PM,ticker token,single_stock,True,False
S000100551,Leverage Shares 2X Long POET Daily ETF,Leverage Shares 2X Long POET Daily ETF,Themes ETF Trust,0001976322,,,2026,2026,2.0,number,daily,POET,ticker token,single_stock,True,False
S000100919,Tradr 2X Long POET Daily ETF,Tradr 2X Long POET Daily ETF,Investment Managers Series Trust II,0001587982,POEX,POEX,2026,2026,2.0,number,daily,POET,ticker token,single_stock,True,True
S000100998,Defiance Daily Target 2X Long POET ETF,Defiance Daily Target 2X Long POET ETF,Tidal Trust II,0001924868,POEL,POEL,2026,2026,2.0,number,daily,POET,ticker token,single_stock,True,True
S000095059,Tradr 2X Long PONY Daily ETF,Tradr 2X Long PONY Daily ETF,Investment Managers Series Trust II,0001587982,PONX,PONX,2026,2026,2.0,number,daily,PONY,ticker token,single_stock,True,True
S000095538,Defiance Daily Target 2X Long PONY ETF,Defiance Daily Target 2X Long PONY ETF,Tidal Trust II,0001924868,,,2026,2026,2.0,number,daily,PONY,ticker token,single_stock,True,False
S000097432,T-REX 2X LONG POOL DAILY TARGET ETF,T-REX 2X LONG POOL DAILY TARGET ETF,ETF Opportunities Trust,0001771146,,,2026,2026,2.0,number,daily,POOL,ticker token,single_stock,True,False
S000103273,Defiance Daily Target 2X Long PRME ETF,Defiance Daily Target 2X Long PRME ETF,Tidal Trust II,0001924868,,,2026,2026,2.0,number,daily,PRME,ticker token,single_stock,True,False
S000107394,T-REX 2X LONG PSIX DAILY TARGET ETF,T-REX 2X LONG PSIX DAILY TARGET ETF,ETF Opportunities Trust,0001771146,,,2026,2026,2.0,number,daily,PSIX,ticker token,single_stock,True,False
S000078254,REX Short PTON ETF,REX Short PTON ETF,Tidal Trust II,0001924868,,,2023,2024,-1.0,inverse no number,daily,PTON,ticker token,single_stock,False,False
S000079030,REX 2X PTON ETF,REX 2X PTON ETF,Tidal Trust II,0001924868,,,2023,2024,2.0,number,daily,PTON,ticker token,single_stock,False,False
S000097433,T-REX 2X LONG PTON DAILY TARGET ETF,T-REX 2X LONG PTON DAILY TARGET ETF,ETF Opportunities Trust,0001771146,,,2026,2026,2.0,number,daily,PTON,ticker token,single_stock,True,False
S000107395,T-REX 2X LONG PUMP DAILY TARGET ETF,T-REX 2X LONG PUMP DAILY TARGET ETF,ETF Opportunities Trust,0001771146,,,2026,2026,2.0,number,daily,PUMP,ticker token,single_stock,True,False
S000105972,Defiance Daily Target 2X Long PURR ETF,Defiance Daily Target 2X Long PURR ETF,Tidal Trust II,0001924868,,,2026,2026,2.0,number,daily,PURR,ticker token,single_stock,True,False
S000106578,T-REX 2X LONG PURR DAILY TARGET ETF,T-REX 2X LONG PURR DAILY TARGET ETF,ETF Opportunities Trust,0001771146,,,2026,2026,2.0,number,daily,PURR,ticker token,single_stock,True,False
S000107412,Leverage Shares 2X Long PURR Daily ETF,Leverage Shares 2X Long PURR Daily ETF,Themes ETF Trust,0001976322,,,2026,2026,2.0,number,daily,PURR,ticker token,single_stock,True,False
S000076094,AXS 1.5X PYPL Bear Daily ETF,AXS 2X PYPL Bear Daily ETF | AXS 1.5X PYPL Bear Daily ETF,Investment Managers Series Trust II,0001587982,PYPS,PYPS,2022,2025,-1.5,number,daily,PYPL,ticker token,single_stock,False,True
S000092898,Direxion Daily PYPL Bear 1X ETF,Direxion Daily PYPL Bear 1X Shares | Direxion Daily PYPL Bear 1X ETF,Direxion Shares ETF Trust,0001424958,,,2025,2026,-1.0,number,daily,PYPL,ticker token,single_stock,True,False
S000076095,AXS 1.5X PYPL Bull Daily ETF,AXS 2X PYPL Bull Daily ETF | AXS 1.5X PYPL Bull Daily ETF,Investment Managers Series Trust II,0001587982,PYPT,PYPT,2022,2025,1.5,number,daily,PYPL,ticker token,single_stock,False,True
S000091227,Leverage Shares 2X Long PYPL Daily ETF,Leverage Shares 2X Long PYPL Daily ETF,Themes ETF Trust,0001976322,PYPG,PYPG,2025,2026,2.0,number,daily,PYPL,ticker token,single_stock,True,True
S000092897,Direxion Daily PYPL Bull 2X ETF,Direxion Daily PYPL Bull 2X Shares | Direxion Daily PYPL Bull 2X ETF,Direxion Shares ETF Trust,0001424958,PYPU,PYPU,2025,2026,2.0,number,daily,PYPL,ticker token,single_stock,True,True
S000098829,T-REX 3X Long PYPL Daily Target ETF,T-REX 3X Long PYPL Daily Target ETF,ETF Opportunities Trust,0001771146,,,2026,2026,3.0,number,daily,PYPL,ticker token,single_stock,True,False
S000086141,Tradr 1.75X Short Triple Q Quarterly ETF,Tradr 2X Short QQQ Quarterly ETF | Tradr 1.75X Short Triple Q Quarterly ETF,Investment Managers Series Trust II,0001587982,SQQ,SQQ,2024,2025,-1.75,number,quarterly,Q,ticker token,single_stock,False,True
S000086113,Tradr 2X Long Triple Q Weekly ETF,Tradr 2X Long QQQ Weekly ETF | Tradr 2X Long Triple Q Weekly ETF,Investment Managers Series Trust II,0001587982,QQQW,QQQW,2024,2026,2.0,number,weekly,Q,ticker token,single_stock,True,True
S000105754,Tradr 2X Long Q Daily ETF,Tradr 2X Long Q Daily ETF,Investment Managers Series Trust II,0001587982,,,2026,2026,2.0,number,daily,Q,ticker token,single_stock,True,False
S000099661,Tradr 3X Short QBTS Daily ETF,Tradr 3X Short QBTS Daily ETF,Investment Managers Series Trust II,0001587982,,,2026,2026,-3.0,number,daily,QBTS,ticker token,single_stock,True,False
S000093245,Defiance Daily Target 2X Short QBTS ETF,Defiance Daily Target 2X Short QBTS ETF,Tidal Trust II,0001924868,QBTZ,QBTZ,2025,2026,-2.0,number,daily,QBTS,ticker token,single_stock,True,True
S000091896,Tradr 2X Long QBTS Daily ETF,Tradr 2X Long QBTS Daily ETF,Investment Managers Series Trust II,0001587982,QBTX,QBTX,2025,2026,2.0,number,daily,QBTS,ticker token,single_stock,True,True
S000093244,Defiance Daily Target 2X Long QBTS ETF,Defiance Daily Target 2X Long QBTS ETF,Tidal Trust II,0001924868,,,2025,2026,2.0,number,daily,QBTS,ticker token,single_stock,True,False
S000104853,Corgi QBTS 2x Daily ETF,Corgi QBTS 2x Daily ETF,Corgi ETF Trust I,0002078265,,,2026,2026,2.0,number,daily,QBTS,ticker token,single_stock,True,False
S000098830,T-REX 3X Long QBTS Daily Target ETF,T-REX 3X Long QBTS Daily Target ETF,ETF Opportunities Trust,0001771146,,,2026,2026,3.0,number,daily,QBTS,ticker token,single_stock,True,False
S000099260,Tradr 3X Long QBTS Daily ETF,Tradr 3X Long QBTS Daily ETF,Investment Managers Series Trust II,0001587982,,,2026,2026,3.0,number,daily,QBTS,ticker token,single_stock,True,False
S000100311,Defiance Daily Target 3X Long QBTS ETF,Defiance Daily Target 3X Long QBTS ETF,ETF Series Solutions,0001540305,,,2026,2026,3.0,number,daily,QBTS,ticker token,single_stock,True,False
S000104585,Leverage Shares 3X Long QBTS Daily ETF,Leverage Shares 3X Long QBTS Daily ETF,Themes ETF Trust,0001976322,,,2026,2026,3.0,number,daily,QBTS,ticker token,single_stock,True,False
S000104698,Leverage Shares 4x Long QBTS Daily ETF,Leverage Shares 4x Long QBTS Daily ETF,Themes ETF Trust,0001976322,,,2026,2026,4.0,number,daily,QBTS,ticker token,single_stock,True,False
S000088309,GraniteShares 2x Short QCOM Daily ETF,GraniteShares 2x Short QCOM Daily ETF,GraniteShares ETF Trust,0001689873,QCS,QCS,2025,2026,-2.0,number,daily,QCOM,ticker token,single_stock,True,True
S000090370,Direxion Daily QCOM Bear 1X ETF,Direxion Daily QCOM Bear 1X ETF,Direxion Shares ETF Trust,0001424958,QCMD,QCMD,2025,2026,-1.0,number,daily,QCOM,ticker token,single_stock,True,True
S000088293,GraniteShares 2x Long QCOM Daily ETF,GraniteShares 2x Long QCOM Daily ETF,GraniteShares ETF Trust,0001689873,QCML,QCML,2025,2026,2.0,number,daily,QCOM,ticker token,single_stock,True,True
S000090369,Direxion Daily QCOM Bull 2X ETF,Direxion Daily QCOM Bull 2X ETF,Direxion Shares ETF Trust,0001424958,QCMU,QCMU,2025,2026,2.0,number,daily,QCOM,ticker token,single_stock,True,True
S000091228,Leverage Shares 2X Long QCOM Daily ETF,Leverage Shares 2X Long QCOM Daily ETF,Themes ETF Trust,0001976322,,,2025,2026,2.0,number,daily,QCOM,ticker token,single_stock,True,False
S000095060,Tradr 2X Long QCOM Daily ETF,Tradr 2X Long QCOM Daily ETF,Investment Managers Series Trust II,0001587982,,,2026,2026,2.0,number,daily,QCOM,ticker token,single_stock,True,False
S000099261,Tradr 3X Long QCOM Daily ETF,Tradr 3X Long QCOM Daily ETF,Investment Managers Series Trust II,0001587982,,,2026,2026,3.0,number,daily,QCOM,ticker token,single_stock,True,False
S000105180,GraniteShares 2x Short QLYS Daily ETF,GraniteShares 2x Short QLYS Daily ETF,GraniteShares ETF Trust,0001689873,,,2026,2026,-2.0,number,daily,QLYS,ticker token,single_stock,True,False
S000105154,GraniteShares 2x Long QLYS Daily ETF,GraniteShares 2x Long QLYS Daily ETF,GraniteShares ETF Trust,0001689873,,,2026,2026,2.0,number,daily,QLYS,ticker token,single_stock,True,False
S000100920,Tradr 2X Long QMCO Daily ETF,Tradr 2X Long QMCO Daily ETF,Investment Managers Series Trust II,0001587982,QMCX,QMCX,2026,2026,2.0,number,daily,QMCO,ticker token,single_stock,True,True
S000106637,Leverage Shares 2X Short QNT Daily ETF,Leverage Shares 2X Short QNT Daily ETF,Themes ETF Trust,0001976322,,,2026,2026,-2.0,number,daily,QNT,ticker token,single_stock,True,False
S000106854,GraniteShares 2x Short QNT Daily ETF,GraniteShares 2x Short QNT Daily ETF,GraniteShares ETF Trust,0001689873,,,2026,2026,-2.0,number,daily,QNT,ticker token,single_stock,True,False
S000106635,Leverage Shares 1X Short QNT Daily ETF,Leverage Shares 1X Short QNT Daily ETF,Themes ETF Trust,0001976322,,,2026,2026,-1.0,number,daily,QNT,ticker token,single_stock,True,False
S000106636,Leverage Shares 2X Long QNT Daily ETF,Leverage Shares 2X Long QNT Daily ETF,Themes ETF Trust,0001976322,,,2026,2026,2.0,number,daily,QNT,ticker token,single_stock,True,False
S000106853,GraniteShares 2x Long QNT Daily ETF,GraniteShares 2x Long QNT Daily ETF,GraniteShares ETF Trust,0001689873,,,2026,2026,2.0,number,daily,QNT,ticker token,single_stock,True,False
S000100819,Tradr 2X Short QS Daily ETF,Tradr 2X Short QS Daily ETF,Investment Managers Series Trust II,0001587982,QSZ,QSZ,2026,2026,-2.0,number,daily,QS,ticker token,single_stock,True,True
S000095916,Defiance Daily Target 2X Long QS ETF,Defiance Daily Target 2X Long QS ETF,Tidal Trust II,0001924868,QSU,QSU,2026,2026,2.0,number,daily,QS,ticker token,single_stock,True,True
S000096124,Tradr 2X Long QS Daily ETF,Tradr 2X Long QS Daily ETF,Investment Managers Series Trust II,0001587982,,,2026,2026,2.0,number,daily,QS,ticker token,single_stock,True,False
S000096443,T-REX 2X Long QS Daily Target ETF,T-REX 2X Long QS Daily Target ETF,ETF Opportunities Trust,0001771146,,,2026,2026,2.0,number,daily,QS,ticker token,single_stock,True,False
S000100327,T-REX 2X LONG QSI DAILY TARGET ETF,T-REX 2X LONG QSI DAILY TARGET ETF,ETF Opportunities Trust,0001771146,,,2026,2026,2.0,number,daily,QSI,ticker token,single_stock,True,False
S000100821,Tradr 2X Short QUBT Daily ETF,Tradr 2X Short QUBT Daily ETF,Investment Managers Series Trust II,0001587982,QUBZ,QUBZ,2026,2026,-2.0,number,daily,QUBT,ticker token,single_stock,True,True
S000091897,Tradr 2X Long QUBT Daily ETF,Tradr 2X Long QUBT Daily ETF,Investment Managers Series Trust II,0001587982,QUBX,QUBX,2025,2026,2.0,number,daily,QUBT,ticker token,single_stock,True,True
S000093880,T-REX 2X LONG QUBT DAILY TARGET ETF,T-REX 2X LONG QUBT DAILY TARGET ETF,ETF Opportunities Trust,0001771146,QBTU,QBTU,2025,2026,2.0,number,daily,QUBT,ticker token,single_stock,True,True
S000098831,T-REX 3X Long QUBT Daily Target ETF,T-REX 3X Long QUBT Daily Target ETF,ETF Opportunities Trust,0001771146,,,2026,2026,3.0,number,daily,QUBT,ticker token,single_stock,True,False
S000100306,Defiance Daily Target 3X Long QUBT ETF,Defiance Daily Target 3X Long QUBT ETF,ETF Series Solutions,0001540305,,,2026,2026,3.0,number,daily,QUBT,ticker token,single_stock,True,False
S000100581,Tradr 2X Long QURE Daily ETF,Tradr 2X Long QURE Daily ETF,Investment Managers Series Trust II,0001587982,QURX,QURX,2026,2026,2.0,number,daily,QURE,ticker token,single_stock,True,True
S000101168,Innovator Growth-100 X% Uncapped Accelerated 30 Barrier ETF(R) - 3 Yr to 2028,Innovator Growth-100 X% Uncapped Accelerated 30 Barrier ETF(R) - 3 Yr to 2028,Innovator ETFs Trust,0001415726,,,2026,2026,100.0,number,daily,R,ticker token,single_stock,True,False
S000101170,Innovator Growth-100 X% Uncapped Accelerated 30 Barrier ETF(R) - 5 Yr to 2030,Innovator Growth-100 X% Uncapped Accelerated 30 Barrier ETF(R) - 5 Yr to 2030,Innovator ETFs Trust,0001415726,,,2026,2026,100.0,number,daily,R,ticker token,single_stock,True,False
S000092900,Direxion Daily RBLX Bear 1X ETF,Direxion Daily RBLX Bear 1X Shares | Direxion Daily RBLX Bear 1X ETF,Direxion Shares ETF Trust,0001424958,,,2025,2026,-1.0,number,daily,RBLX,ticker token,single_stock,True,False
S000087475,T-REX 2X LONG RBLX DAILY TARGET ETF,T-REX 2X LONG RBLX DAILY TARGET ETF,ETF Opportunities Trust,0001771146,RBLU,RBLU,2025,2026,2.0,number,daily,RBLX,ticker token,single_stock,True,True
S000092899,Direxion Daily RBLX Bull 2X ETF,Direxion Daily RBLX Bull 2X Shares | Direxion Daily RBLX Bull 2X ETF,Direxion Shares ETF Trust,0001424958,,,2025,2026,2.0,number,daily,RBLX,ticker token,single_stock,True,False
S000095539,Defiance Daily Target 2X Long RBRK ETF,Defiance Daily Target 2X Long RBRK ETF,Tidal Trust II,0001924868,,,2026,2026,2.0,number,daily,RBRK,ticker token,single_stock,True,False
S000095540,Defiance Daily Target 2X Long RCAT ETF,Defiance Daily Target 2X Long RCAT ETF,Tidal Trust II,0001924868,,,2026,2026,2.0,number,daily,RCAT,ticker token,single_stock,True,False
S000100552,Leverage Shares 2X Long RCAT Daily ETF,Leverage Shares 2X Long RCAT Daily ETF,Themes ETF Trust,0001976322,,,2026,2026,2.0,number,daily,RCAT,ticker token,single_stock,True,False
S000102255,T-REX 2X LONG RCT DAILY TARGET ETF,T-REX 2X LONG RCT DAILY TARGET ETF,ETF Opportunities Trust,0001771146,,,2026,2026,2.0,number,daily,RCT,ticker token,single_stock,True,False
S000094254,Direxion Daily RDDT Bear 1X ETF,Direxion Daily RDDT Bear 1X ETF,Direxion Shares ETF Trust,0001424958,,,2025,2026,-1.0,number,daily,RDDT,ticker token,single_stock,True,False
S000090916,GraniteShares 2x Long RDDT Daily ETF,GraniteShares 2x Long RDDT Daily ETF,GraniteShares ETF Trust,0001689873,RDTL,RDTL,2025,2026,2.0,number,daily,RDDT,ticker token,single_stock,True,True
S000091671,Defiance Daily Target 2X Long RDDT ETF,Defiance Daily Target 2X Long RDDT ETF,Tidal Trust II,0001924868,RDDX,RDDX,2025,2026,2.0,number,daily,RDDT,ticker token,single_stock,True,True
S000094255,Direxion Daily RDDT Bull 2X ETF,Direxion Daily RDDT Bull 2X ETF,Direxion Shares ETF Trust,0001424958,,,2025,2026,2.0,number,daily,RDDT,ticker token,single_stock,True,False
S000104858,Corgi RDDT 2x Daily ETF,Corgi RDDT 2x Daily ETF,Corgi ETF Trust I,0002078265,,,2026,2026,2.0,number,daily,RDDT,ticker token,single_stock,True,False
S000098832,T-REX 3X Long RDDT Daily Target ETF,T-REX 3X Long RDDT Daily Target ETF,ETF Opportunities Trust,0001771146,,,2026,2026,3.0,number,daily,RDDT,ticker token,single_stock,True,False
S000099263,Tradr 3X Long RDDT Daily ETF,Tradr 3X Long RDDT Daily ETF,Investment Managers Series Trust II,0001587982,RDDU,RDDU,2026,2026,3.0,number,daily,RDDT,ticker token,single_stock,True,True
S000103011,Tradr 2X Short RDW Daily ETF,Tradr 2X Short RDW Daily ETF,Investment Managers Series Trust II,0001587982,,,2026,2026,-2.0,number,daily,RDW,ticker token,single_stock,True,False
S000095466,T-REX 2X LONG RDW DAILY TARGET ETF,T-REX 2X LONG RDW DAILY TARGET ETF,ETF Opportunities Trust,0001771146,,,2026,2026,2.0,number,daily,RDW,ticker token,single_stock,True,False
S000103137,Defiance Daily Target 2X Long RDW ETF,Defiance Daily Target 2X Long RDW ETF,Tidal Trust II,0001924868,,,2026,2026,2.0,number,daily,RDW,ticker token,single_stock,True,False
S000104017,Defiance Daily Target 2X Long REKR ETF,Defiance Daily Target 2X Long REKR ETF,Tidal Trust II,0001924868,,,2026,2026,2.0,number,daily,REKR,ticker token,single_stock,True,False
S000099538,GraniteShares 3x Short RGTI Daily ETF,GraniteShares 3x Short RGTI Daily ETF,GraniteShares ETF Trust,0001689873,,,2026,2026,-3.0,number,daily,RGTI,ticker token,single_stock,True,False
S000099662,Tradr 3X Short RGTI Daily ETF,Tradr 3X Short RGTI Daily ETF,Investment Managers Series Trust II,0001587982,,,2026,2026,-3.0,number,daily,RGTI,ticker token,single_stock,True,False
S000093246,Defiance Daily Target 2X Short RGTI ETF,Defiance Daily Target 2X Short RGTI ETF,Tidal Trust II,0001924868,,,2025,2026,-2.0,number,daily,RGTI,ticker token,single_stock,True,False
S000091058,Defiance Daily Target 2X Long RGTI ETF,Defiance Daily Target 2X Long RGTI ETF,Tidal Trust II,0001924868,RGTX,RGTX,2025,2026,2.0,number,daily,RGTI,ticker token,single_stock,True,True
S000091898,Tradr 2X Long RGTI Daily ETF,Tradr 2X Long RGTI Daily ETF,Investment Managers Series Trust II,0001587982,RGTU,RGTU,2025,2026,2.0,number,daily,RGTI,ticker token,single_stock,True,True
S000093818,Leverage Shares 2X Long RGTI Daily ETF,Leverage Shares 2X Long RGTI Daily ETF,Themes ETF Trust,0001976322,,,2025,2026,2.0,number,daily,RGTI,ticker token,single_stock,True,False
S000094377,GraniteShares 2x Long RGTI Daily ETF,GraniteShares 2x Long RGTI Daily ETF,GraniteShares ETF Trust,0001689873,,,2025,2026,2.0,number,daily,RGTI,ticker token,single_stock,True,False
S000104856,Corgi RGTI 2x Daily ETF,Corgi RGTI 2x Daily ETF,Corgi ETF Trust I,0002078265,,,2026,2026,2.0,number,daily,RGTI,ticker token,single_stock,True,False
S000098833,T-REX 3X Long RGTI Daily Target ETF,T-REX 3X Long RGTI Daily Target ETF,ETF Opportunities Trust,0001771146,,,2026,2026,3.0,number,daily,RGTI,ticker token,single_stock,True,False
S000099264,Tradr 3X Long RGTI Daily ETF,Tradr 3X Long RGTI Daily ETF,Investment Managers Series Trust II,0001587982,,,2026,2026,3.0,number,daily,RGTI,ticker token,single_stock,True,False
S000099518,GraniteShares 3x Long RGTI Daily ETF,GraniteShares 3x Long RGTI Daily ETF,GraniteShares ETF Trust,0001689873,,,2026,2026,3.0,number,daily,RGTI,ticker token,single_stock,True,False
S000100312,Defiance Daily Target 3X Long RGTI ETF,Defiance Daily Target 3X Long RGTI ETF,ETF Series Solutions,0001540305,,,2026,2026,3.0,number,daily,RGTI,ticker token,single_stock,True,False
S000102256,T-REX 2X LONG RIO DAILY TARGET ETF,T-REX 2X LONG RIO DAILY TARGET ETF,ETF Opportunities Trust,0001771146,,,2026,2026,2.0,number,daily,RIO,ticker token,single_stock,True,False
S000091502,Defiance Daily Target 2X Short RIOT ETF,Defiance Daily Target 2X Short RIOT ETF,Tidal Trust II,0001924868,,,2025,2026,-2.0,number,daily,RIOT,ticker token,single_stock,True,False
S000085120,Defiance Daily Target 2X Long RIOT ETF,Defiance Daily Target 2X Long Carbon ETF | Defiance Daily Target 2X Long RIOT ETF,Tidal Trust II,0001924868,RIOX,RIOX,2024,2026,2.0,number,daily,RIOT,ticker token,single_stock,True,True
S000090917,GraniteShares 2x Long RIOT Daily ETF,GraniteShares 2x Long RIOT Daily ETF,GraniteShares ETF Trust,0001689873,RIOL,RIOL,2025,2026,2.0,number,daily,RIOT,ticker token,single_stock,True,True
S000098834,T-REX 3X Long RIOT Daily Target ETF,T-REX 3X Long RIOT Daily Target ETF,ETF Opportunities Trust,0001771146,,,2026,2026,3.0,number,daily,RIOT,ticker token,single_stock,True,False
S000099265,Tradr 3X Long RIOT Daily ETF,Tradr 3X Long RIOT Daily ETF,Investment Managers Series Trust II,0001587982,RIOU,RIOU,2026,2026,3.0,number,daily,RIOT,ticker token,single_stock,True,True
S000081143,GraniteShares 2x Short RIVN Daily ETF,GraniteShares 1.5x Short RIVN Daily ETF | GraniteShares 2x Short RIVN Daily ETF,GraniteShares ETF Trust,0001689873,RVD,RVND | RVD,2023,2026,-2.0,number,daily,RIVN,ticker token,single_stock,True,True
S000081160,GraniteShares 1x Short RIVN Daily ETF,GraniteShares 1x Short RIVN Daily ETF,GraniteShares ETF Trust,0001689873,RI,RI,2023,2026,-1.0,number,daily,RIVN,ticker token,single_stock,True,True
S000081164,GraniteShares 2x Long RIVN Daily ETF,GraniteShares 1.5x Long RIVN Daily ETF | GraniteShares 2x Long RIVN Daily ETF,GraniteShares ETF Trust,0001689873,RVNL,RVNL,2023,2026,2.0,number,daily,RIVN,ticker token,single_stock,True,True
S000104867,Corgi RIVN 2x Daily ETF,Corgi RIVN 2x Daily ETF,Corgi ETF Trust I,0002078265,,,2026,2026,2.0,number,daily,RIVN,ticker token,single_stock,True,False
S000099539,GraniteShares 3x Short RKLB Daily ETF,GraniteShares 3x Short RKLB Daily ETF,GraniteShares ETF Trust,0001689873,,,2026,2026,-3.0,number,daily,RKLB,ticker token,single_stock,True,False
S000092368,Defiance Daily Target 2X Short RKLB ETF,Defiance Daily Target 2X Short RKLB ETF,Tidal Trust II,0001924868,RKLZ,RKLZ,2025,2026,-2.0,number,daily,RKLB,ticker token,single_stock,True,True
S000105181,GraniteShares 2x Short RKLB Daily ETF,GraniteShares 2x Short RKLB Daily ETF,GraniteShares ETF Trust,0001689873,,,2026,2026,-2.0,number,daily,RKLB,ticker token,single_stock,True,False
S000094256,Direxion Daily RKLB Bear 1X ETF,Direxion Daily RKLB Bear 1X ETF,Direxion Shares ETF Trust,0001424958,,,2025,2026,-1.0,number,daily,RKLB,ticker token,single_stock,True,False
S000091059,Defiance Daily Target 2X Long RKLB ETF,Defiance Daily Target 2X Long RKLB ETF,Tidal Trust II,0001924868,RKLX,RKLX,2025,2026,2.0,number,daily,RKLB,ticker token,single_stock,True,True
S000093819,Leverage Shares 2X Long RKLB Daily ETF,Leverage Shares 2X Long RKLB Daily ETF,Themes ETF Trust,0001976322,,,2025,2026,2.0,number,daily,RKLB,ticker token,single_stock,True,False
S000094258,Direxion Daily RKLB Bull 2X ETF,Direxion Daily RKLB Bull 2X ETF,Direxion Shares ETF Trust,0001424958,,,2025,2026,2.0,number,daily,RKLB,ticker token,single_stock,True,False
S000104831,Corgi RKLB 2x Daily ETF,Corgi RKLB 2x Daily ETF,Corgi ETF Trust I,0002078265,,,2026,2026,2.0,number,daily,RKLB,ticker token,single_stock,True,False
S000105155,GraniteShares 2x Long RKLB Daily ETF,GraniteShares 2x Long RKLB Daily ETF,GraniteShares ETF Trust,0001689873,,,2026,2026,2.0,number,daily,RKLB,ticker token,single_stock,True,False
S000098835,T-REX 3X Long RKLB Daily Target ETF,T-REX 3X Long RKLB Daily Target ETF,ETF Opportunities Trust,0001771146,,,2026,2026,3.0,number,daily,RKLB,ticker token,single_stock,True,False
S000098980,Leverage Shares 3X Long RKLB Daily ETF,Leverage Shares 3X Long RKLB Daily ETF,Themes ETF Trust,0001976322,,,2026,2026,3.0,number,daily,RKLB,ticker token,single_stock,True,False
S000099266,Tradr 3X Long RKLB Daily ETF,Tradr 3X Long RKLB Daily ETF,Investment Managers Series Trust II,0001587982,RKLU,RKLU,2026,2026,3.0,number,daily,RKLB,ticker token,single_stock,True,True
S000099519,GraniteShares 3x Long RKLB Daily ETF,GraniteShares 3x Long RKLB Daily ETF,GraniteShares ETF Trust,0001689873,,,2026,2026,3.0,number,daily,RKLB,ticker token,single_stock,True,False
S000100313,Defiance Daily Target 3X Long RKLB ETF,Defiance Daily Target 3X Long RKLB ETF,ETF Series Solutions,0001540305,,,2026,2026,3.0,number,daily,RKLB,ticker token,single_stock,True,False
S000101093,Defiance Daily Target 2X Short RKT ETF,Defiance Daily Target 2X Short RKT ETF,Tidal Trust II,0001924868,,,2026,2026,-2.0,number,daily,RKT,ticker token,single_stock,True,False
S000099449,Defiance Daily Target 2X Long RKT ETF,Defiance Daily Target 2X Long RKT ETF,Tidal Trust II,0001924868,RKTL,RKTL,2026,2026,2.0,number,daily,RKT,ticker token,single_stock,True,True
S000100088,Defiance Daily Target 2X Long RMBS ETF,Defiance Daily Target 2X Long RMBS ETF,Tidal Trust II,0001924868,LRMB,LRMB,2026,2026,2.0,number,daily,RMBS,ticker token,single_stock,True,True
S000104898,Corgi RMBS 2x Daily ETF,Corgi RMBS 2x Daily ETF,Corgi ETF Trust I,0002078265,,,2026,2026,2.0,number,daily,RMBS,ticker token,single_stock,True,False
S000105755,Tradr 2X Long RMBS Daily ETF,Tradr 2X Long RMBS Daily ETF,Investment Managers Series Trust II,0001587982,,,2026,2026,2.0,number,daily,RMBS,ticker token,single_stock,True,False
S000102157,Defiance Daily Target 2X Long ROKU ETF,Defiance Daily Target 2X Long ROKU ETF,Tidal Trust II,0001924868,ROKL,ROKL,2026,2026,2.0,number,daily,ROKU,ticker token,single_stock,True,True
S000107493,GraniteShares 2x Short ROZE Daily ETF,GraniteShares 2x Short ROZE Daily ETF,GraniteShares ETF Trust,0001689873,,,2026,2026,-2.0,number,daily,ROZE,ticker token,single_stock,True,False
S000107492,GraniteShares 2x Long ROZE Daily ETF,GraniteShares 2x Long ROZE Daily ETF,GraniteShares ETF Trust,0001689873,,,2026,2026,2.0,number,daily,ROZE,ticker token,single_stock,True,False
S000105078,Defiance Daily Target 2X Long RPID ETF,Defiance Daily Target 2X Long RPID ETF,Tidal Trust II,0001924868,,,2026,2026,2.0,number,daily,RPID,ticker token,single_stock,True,False
S000100553,Leverage Shares 2X Long RR Daily ETF,Leverage Shares 2X Long RR Daily ETF,Themes ETF Trust,0001976322,,,2026,2026,2.0,number,daily,RR,ticker token,single_stock,True,False
S000100921,Tradr 2X Long RR Daily ETF,Tradr 2X Long RR Daily ETF,Investment Managers Series Trust II,0001587982,RRXX,RRXX,2026,2026,2.0,number,daily,RR,ticker token,single_stock,True,True
S000091230,Leverage Shares 2X Long RTX Daily ETF,Leverage Shares 2X Long RTX Daily ETF,Themes ETF Trust,0001976322,RTXG,RTXG,2025,2026,2.0,number,daily,RTX,ticker token,single_stock,True,True
S000103138,Defiance Daily Target 2X Long RVMD ETF,Defiance Daily Target 2X Long RVMD ETF,Tidal Trust II,0001924868,,,2026,2026,2.0,number,daily,RVMD,ticker token,single_stock,True,False
S000106849,GraniteShares 2x Long RVMD Daily ETF,GraniteShares 2x Long RVMD Daily ETF,GraniteShares ETF Trust,0001689873,,,2026,2026,2.0,number,daily,RVMD,ticker token,single_stock,True,False
S000093881,T-REX 2X LONG RXRX DAILY TARGET ETF,T-REX 2X LONG RXRX DAILY TARGET ETF,ETF Opportunities Trust,0001771146,RXUP,RXUP,2025,2026,2.0,number,daily,RXRX,ticker token,single_stock,True,True
S000107464,Defiance Daily Target 2X Long RXT ETF,Defiance Daily Target 2X Long RXT ETF,Tidal Trust V,0002081107,,,2026,2026,2.0,number,daily,RXT,ticker token,single_stock,True,False
S000103274,Defiance Daily Target 2X Long RYAAY ETF,Defiance Daily Target 2X Long RYAAY ETF,Tidal Trust II,0001924868,,,2026,2026,2.0,number,daily,RYAAY,ticker token,single_stock,True,False
S000100582,Tradr 2X Long RZLV Daily ETF,Tradr 2X Long RZLV Daily ETF,Investment Managers Series Trust II,0001587982,RZLX,RZLX,2026,2026,2.0,number,daily,RZLV,ticker token,single_stock,True,True
S000104261,Leverage Shares 2X Long SAP Daily ETF,Leverage Shares 2X Long SAP Daily ETF,Themes ETF Trust,0001976322,,,2026,2026,2.0,number,daily,SAP,ticker token,single_stock,True,False
S000098112,Leverage Shares 2X Long SATS Daily ETF,Leverage Shares 2X Long SATS Daily ETF,Themes ETF Trust,0001976322,,,2026,2026,2.0,number,daily,SATS,ticker token,single_stock,True,False
S000102158,Defiance Daily Target 2X Long SATS ETF,Defiance Daily Target 2X Long SATS ETF,Tidal Trust II,0001924868,SATU,SATU,2026,2026,2.0,number,daily,SATS,ticker token,single_stock,True,True
S000102257,T-REX 2X LONG SATS DAILY TARGET ETF,T-REX 2X LONG SATS DAILY TARGET ETF,ETF Opportunities Trust,0001771146,,,2026,2026,2.0,number,daily,SATS,ticker token,single_stock,True,False
S000096886,Defiance Daily Target 2X Short SBET ETF,Defiance Daily Target 2X Short SBET ETF,Tidal Trust II,0001924868,,,2026,2026,-2.0,number,daily,SBET,ticker token,single_stock,True,False
S000095873,T-REX 2X LONG SBET DAILY TARGET ETF,T-REX 2X LONG SBET DAILY TARGET ETF,ETF Opportunities Trust,0001771146,SBTU,SBTU,2026,2026,2.0,number,daily,SBET,ticker token,single_stock,True,True
S000097921,Leverage Shares 2X Long SBET Daily ETF,Leverage Shares 2X Long SBET Daily ETF,Themes ETF Trust,0001976322,,,2026,2026,2.0,number,daily,SBET,ticker token,single_stock,True,False
S000098981,Leverage Shares 3X Long SBET Daily ETF,Leverage Shares 3X Long SBET Daily ETF,Themes ETF Trust,0001976322,,,2026,2026,3.0,number,daily,SBET,ticker token,single_stock,True,False
S000094259,Direxion Daily SBUX Bear 1X ETF,Direxion Daily SBUX Bear 1X ETF,Direxion Shares ETF Trust,0001424958,,,2025,2026,-1.0,number,daily,SBUX,ticker token,single_stock,True,False
S000094260,Direxion Daily SBUX Bull 2X ETF,Direxion Daily SBUX Bull 2X ETF,Direxion Shares ETF Trust,0001424958,,,2025,2026,2.0,number,daily,SBUX,ticker token,single_stock,True,False
S000094378,GraniteShares 2x Long SBUX Daily ETF,GraniteShares 2x Long SBUX Daily ETF,GraniteShares ETF Trust,0001689873,,,2025,2026,2.0,number,daily,SBUX,ticker token,single_stock,True,False
S000096602,Leverage Shares 2X Long SBUX Daily ETF,Leverage Shares 2X Long SBUX Daily ETF,Themes ETF Trust,0001976322,,,2026,2026,2.0,number,daily,SBUX,ticker token,single_stock,True,False
S000102258,T-REX 2X LONG SCCO DAILY TARGET ETF,T-REX 2X LONG SCCO DAILY TARGET ETF,ETF Opportunities Trust,0001771146,,,2026,2026,2.0,number,daily,SCCO,ticker token,single_stock,True,False
S000091102,KraneShares 2x Long SE Daily ETF,KraneShares 2x Long SE Daily ETF,Krane Shares Trust,0001547576,KSE,KSE,2025,2026,2.0,number,daily,SE,ticker token,single_stock,True,True
S000097178,Defiance Daily Target 2X Long SE ETF,Defiance Daily Target 2X Long SE ETF,Tidal Trust II,0001924868,,,2026,2026,2.0,number,daily,SE,ticker token,single_stock,True,False
S000100922,Tradr 2X Long SEDG Daily ETF,Tradr 2X Long SEDG Daily ETF,Investment Managers Series Trust II,0001587982,SEDX,SEDX,2026,2026,2.0,number,daily,SEDG,ticker token,single_stock,True,True
S000107413,Leverage Shares 2X Long SEDG Daily ETF,Leverage Shares 2X Long SEDG Daily ETF,Themes ETF Trust,0001976322,,,2026,2026,2.0,number,daily,SEDG,ticker token,single_stock,True,False
S000107396,T-REX 2X LONG SEI DAILY TARGET ETF,T-REX 2X LONG SEI DAILY TARGET ETF,ETF Opportunities Trust,0001771146,,,2026,2026,2.0,number,daily,SEI,ticker token,single_stock,True,False
S000100923,Tradr 2X Long SERV Daily ETF,Tradr 2X Long SERV Daily ETF,Investment Managers Series Trust II,0001587982,SERX,SERX,2026,2026,2.0,number,daily,SERV,ticker token,single_stock,True,True
S000107397,T-REX 2X LONG SHAZ DAILY TARGET ETF,T-REX 2X LONG SHAZ DAILY TARGET ETF,ETF Opportunities Trust,0001771146,,,2026,2026,2.0,number,daily,SHAZ,ticker token,single_stock,True,False
S000107465,Defiance Daily Target 2X Long SHAZ ETF,Defiance Daily Target 2X Long SHAZ ETF,Tidal Trust V,0002081107,,,2026,2026,2.0,number,daily,SHAZ,ticker token,single_stock,True,False
S000100583,Tradr 2X Long SHLS Daily ETF,Tradr 2X Long SHLS Daily ETF,Investment Managers Series Trust II,0001587982,SHXX,SHXX,2026,2026,2.0,number,daily,SHLS,ticker token,single_stock,True,True
S000106579,T-REX 2X LONG SHMD DAILY TARGET ETF,T-REX 2X LONG SHMD DAILY TARGET ETF,ETF Opportunities Trust,0001771146,,,2026,2026,2.0,number,daily,SHMD,ticker token,single_stock,True,False
S000087452,T-REX 2X INVERSE SHOP DAILY TARGET ETF,T-REX 2X INVERSE SHOP DAILY TARGET ETF,ETF Opportunities Trust,0001771146,SHOD,SHOD,2025,2026,-2.0,number,daily,SHOP,ticker token,single_stock,True,True
S000092902,Direxion Daily SHOP Bear 1X ETF,Direxion Daily SHOP Bear 1X Shares | Direxion Daily SHOP Bear 1X ETF,Direxion Shares ETF Trust,0001424958,SHPD,SHPD,2025,2026,-1.0,number,daily,SHOP,ticker token,single_stock,True,True
S000087476,T-REX 2X LONG SHOP DAILY TARGET ETF,T-REX 2X LONG SHOP DAILY TARGET ETF,ETF Opportunities Trust,0001771146,SHOU,SHOU,2025,2026,2.0,number,daily,SHOP,ticker token,single_stock,True,True
S000092901,Direxion Daily SHOP Bull 2X ETF,Direxion Daily SHOP Bull 2X Shares | Direxion Daily SHOP Bull 2X ETF,Direxion Shares ETF Trust,0001424958,SHPU,SHPU,2025,2026,2.0,number,daily,SHOP,ticker token,single_stock,True,True
S000096603,Leverage Shares 2X Long SHOP Daily ETF,Leverage Shares 2X Long SHOP Daily ETF,Themes ETF Trust,0001976322,,,2026,2026,2.0,number,daily,SHOP,ticker token,single_stock,True,False
S000103186,Tradr 2X Long SIDU Daily ETF,Tradr 2X Long SIDU Daily ETF,Investment Managers Series Trust II,0001587982,,,2026,2026,2.0,number,daily,SIDU,ticker token,single_stock,True,False
S000103894,Defiance Daily Target 2X Long SIDU ETF,Defiance Daily Target 2X Long SIDU ETF,Tidal Trust II,0001924868,,,2026,2026,2.0,number,daily,SIDU,ticker token,single_stock,True,False
S000107414,Leverage Shares 2X Long SIDU Daily ETF,Leverage Shares 2X Long SIDU Daily ETF,Themes ETF Trust,0001976322,,,2026,2026,2.0,number,daily,SIDU,ticker token,single_stock,True,False
S000104887,Corgi SIMO 2x Daily ETF,Corgi SIMO 2x Daily ETF,Corgi ETF Trust I,0002078265,,,2026,2026,2.0,number,daily,SIMO,ticker token,single_stock,True,False
S000107415,Leverage Shares 2X Long SIMO Daily ETF,Leverage Shares 2X Long SIMO Daily ETF,Themes ETF Trust,0001976322,,,2026,2026,2.0,number,daily,SIMO,ticker token,single_stock,True,False
S000107466,Defiance Daily Target 2X Long SIMO ETF,Defiance Daily Target 2X Long SIMO ETF,Tidal Trust V,0002081107,,,2026,2026,2.0,number,daily,SIMO,ticker token,single_stock,True,False
S000106993,Tradr 2X Long SITM Daily ETF,Tradr 2X Long SITM Daily ETF,Investment Managers Series Trust II,0001587982,,,2026,2026,2.0,number,daily,SITM,ticker token,single_stock,True,False
S000100556,Leverage Shares 2X Long SLB Daily ETF,Leverage Shares 2X Long SLB Daily ETF,Themes ETF Trust,0001976322,,,2026,2026,2.0,number,daily,SLB,ticker token,single_stock,True,False
S000098206,T-REX 2X LONG SLMT DAILY TARGET ETF,T-REX 2X LONG SLMT DAILY TARGET ETF,ETF Opportunities Trust,0001771146,,,2026,2026,2.0,number,daily,SLMT,ticker token,single_stock,True,False
S000098836,T-REX 3X Long SLV Daily Target ETF,T-REX 3X Long SLV Daily Target ETF,ETF Opportunities Trust,0001771146,,,2026,2026,3.0,number,daily,SLV,ticker token,single_stock,True,False
S000100119,3x SLV ETF,3x SLV ETF,Volatility Shares Trust,0001884021,,,2026,2026,3.0,number,daily,SLV,ticker token,single_stock,True,False
S000100123,5x SLV ETF,5x SLV ETF,Volatility Shares Trust,0001884021,,,2026,2026,5.0,number,daily,SLV,ticker token,single_stock,True,False
S000098416,Defiance Daily Target 3X Short SMCI ETF,Defiance Daily Target 3X Short SMCI ETF,ETF Series Solutions,0001540305,,,2026,2026,-3.0,number,daily,SMCI,ticker token,single_stock,True,False
S000099540,GraniteShares 3x Short SMCI Daily ETF,GraniteShares 3x Short SMCI Daily ETF,GraniteShares ETF Trust,0001689873,,,2026,2026,-3.0,number,daily,SMCI,ticker token,single_stock,True,False
S000088310,GraniteShares 2x Short SMCI Daily ETF,GraniteShares 2x Short SMCI Daily ETF,GraniteShares ETF Trust,0001689873,SMS,SMS,2025,2026,-2.0,number,daily,SMCI,ticker token,single_stock,True,True
S000091503,Defiance Daily Target 2X Short SMCI ETF,Defiance Daily Target 2X Short SMCI ETF,Tidal Trust II,0001924868,SMCZ,SMCZ,2025,2026,-2.0,number,daily,SMCI,ticker token,single_stock,True,True
S000085140,Defiance Daily Target 2X Long SMCI ETF,Defiance Daily Target 2X Long SMCI ETF,Tidal Trust II,0001924868,SMCX,SMCX,2024,2026,2.0,number,daily,SMCI,ticker token,single_stock,True,True
S000088294,GraniteShares 2x Long SMCI Daily ETF,GraniteShares 2x Long SMCI Daily ETF,GraniteShares ETF Trust,0001689873,SMCL,SMCL,2025,2026,2.0,number,daily,SMCI,ticker token,single_stock,True,True
S000104828,Corgi SMCI 2x Daily ETF,Corgi SMCI 2x Daily ETF,Corgi ETF Trust I,0002078265,,,2026,2026,2.0,number,daily,SMCI,ticker token,single_stock,True,False
S000098443,Defiance Daily Target 3X Long SMCI ETF,Defiance Daily Target 3X Long SMCI ETF,ETF Series Solutions,0001540305,,,2026,2026,3.0,number,daily,SMCI,ticker token,single_stock,True,False
S000098838,T-REX 3X Long SMCI Daily Target ETF,T-REX 3X Long SMCI Daily Target ETF,ETF Opportunities Trust,0001771146,,,2026,2026,3.0,number,daily,SMCI,ticker token,single_stock,True,False
S000098998,ProShares Daily Target 3x SMCI,ProShares Daily Target 3x SMCI,PROSHARES TRUST,0001174610,,,2026,2026,3.0,number,daily,SMCI,ticker token,single_stock,True,False
S000099520,GraniteShares 3x Long SMCI Daily ETF,GraniteShares 3x Long SMCI Daily ETF,GraniteShares ETF Trust,0001689873,,,2026,2026,3.0,number,daily,SMCI,ticker token,single_stock,True,False
S000100397,3x SMCI ETF,3x SMCI ETF,Volatility Shares Trust,0001884021,,,2026,2026,3.0,number,daily,SMCI,ticker token,single_stock,True,False
S000104586,Leverage Shares 3X Long SMCI Daily ETF,Leverage Shares 3X Long SMCI Daily ETF,Themes ETF Trust,0001976322,,,2026,2026,3.0,number,daily,SMCI,ticker token,single_stock,True,False
S000104699,Leverage Shares 4x Long SMCI Daily ETF,Leverage Shares 4x Long SMCI Daily ETF,Themes ETF Trust,0001976322,,,2026,2026,4.0,number,daily,SMCI,ticker token,single_stock,True,False
S000100398,5x SMCI ETF,5x SMCI ETF,Volatility Shares Trust,0001884021,,,2026,2026,5.0,number,daily,SMCI,ticker token,single_stock,True,False
S000093882,T-REX 2X LONG SMLR DAILY TARGET ETF,T-REX 2X LONG SMLR DAILY TARGET ETF,ETF Opportunities Trust,0001771146,SEMU,SEMU,2025,2026,2.0,number,daily,SMLR,ticker token,single_stock,True,True
S000099541,GraniteShares 3x Short SMR Daily ETF,GraniteShares 3x Short SMR Daily ETF,GraniteShares ETF Trust,0001689873,,,2026,2026,-3.0,number,daily,SMR,ticker token,single_stock,True,False
S000090958,Teucrium 2x Short SMR Daily ETF,Teucrium 2x Short SMR Daily ETF,Listed Funds Trust,0001683471,,,2025,2026,-2.0,number,daily,SMR,ticker token,single_stock,True,False
S000099412,Defiance Daily Target 2X Short SMR ETF,Defiance Daily Target 2X Short SMR ETF,Tidal Trust II,0001924868,DSMR,DSMR,2026,2026,-2.0,number,daily,SMR,ticker token,single_stock,True,True
S000100822,Tradr 2X Short SMR Daily ETF,Tradr 2X Short SMR Daily ETF,Investment Managers Series Trust II,0001587982,SMZ,SMZ,2026,2026,-2.0,number,daily,SMR,ticker token,single_stock,True,True
S000087466,T-REX 2X Long SMR Daily Target ETF,T-REX 2X LONG COIN DAILY TARGET ETF | T-REX 2X Long SMR Daily Target ETF,ETF Opportunities Trust,0001771146,SMUP,COIU | SMUP,2025,2026,2.0,number,daily,SMR,ticker token,single_stock,True,True
S000090957,Teucrium 2x Long SMR Daily ETF,Teucrium 2x Long SMR Daily ETF,Listed Funds Trust,0001683471,,,2025,2026,2.0,number,daily,SMR,ticker token,single_stock,True,False
S000093732,Tradr 2X Long SMR Daily ETF,Tradr 2X Long SMR Daily ETF,Investment Managers Series Trust II,0001587982,SMU,SMU,2025,2026,2.0,number,daily,SMR,ticker token,single_stock,True,True
S000104852,Corgi SMR 2x Daily ETF,Corgi SMR 2x Daily ETF,Corgi ETF Trust I,0002078265,,,2026,2026,2.0,number,daily,SMR,ticker token,single_stock,True,False
S000098839,T-REX 3X Long SMR Daily Target ETF,T-REX 3X Long SMR Daily Target ETF,ETF Opportunities Trust,0001771146,,,2026,2026,3.0,number,daily,SMR,ticker token,single_stock,True,False
S000099267,Tradr 3X Long SMR Daily ETF,Tradr 3X Long SMR Daily ETF,Investment Managers Series Trust II,0001587982,,,2026,2026,3.0,number,daily,SMR,ticker token,single_stock,True,False
S000099521,GraniteShares 3x Long SMR Daily ETF,GraniteShares 3x Long SMR Daily ETF,GraniteShares ETF Trust,0001689873,,,2026,2026,3.0,number,daily,SMR,ticker token,single_stock,True,False
S000105559,Leverage Shares 2X Long SMTC Daily ETF,Leverage Shares 2X Long SMTC Daily ETF,Themes ETF Trust,0001976322,,,2026,2026,2.0,number,daily,SMTC,ticker token,single_stock,True,False
S000094379,GraniteShares 2x Long SNAP Daily ETF,GraniteShares 2x Long SNAP Daily ETF,GraniteShares ETF Trust,0001689873,,,2025,2026,2.0,number,daily,SNAP,ticker token,single_stock,True,False
S000098113,Leverage Shares 2X Long SNAP Daily ETF,Leverage Shares 2X Long SNAP Daily ETF,Themes ETF Trust,0001976322,,,2026,2026,2.0,number,daily,SNAP,ticker token,single_stock,True,False
S000103012,Tradr 2X Short SNDK Daily ETF,Tradr 2X Short SNDK Daily ETF,Investment Managers Series Trust II,0001587982,,,2026,2026,-2.0,number,daily,SNDK,ticker token,single_stock,True,False
S000105182,GraniteShares 2x Short SNDK Daily ETF,GraniteShares 2x Short SNDK Daily ETF,GraniteShares ETF Trust,0001689873,,,2026,2026,-2.0,number,daily,SNDK,ticker token,single_stock,True,False
S000107349,Direxion Daily SNDK Bear 2X ETF,Direxion Daily SNDK Bear 2X ETF,Direxion Shares ETF Trust,0001424958,,,2026,2026,-2.0,number,daily,SNDK,ticker token,single_stock,True,False
S000100925,Tradr 2X Long SNDK Daily ETF,Tradr 2X Long SNDK Daily ETF,Investment Managers Series Trust II,0001587982,SNXX,SNXX,2026,2026,2.0,number,daily,SNDK,ticker token,single_stock,True,True
S000101637,T-REX 2X LONG SNDK DAILY TARGET ETF,T-REX 2X LONG SNDK DAILY TARGET ETF,ETF Opportunities Trust,0001771146,SNDU,SNDU,2026,2026,2.0,number,daily,SNDK,ticker token,single_stock,True,True
S000104262,Leverage Shares 2X Long SNDK Daily ETF,Leverage Shares 2X Long SNDK Daily ETF,Themes ETF Trust,0001976322,,,2026,2026,2.0,number,daily,SNDK,ticker token,single_stock,True,False
S000104851,Corgi SNDK 2x Daily ETF,Corgi SNDK 2x Daily ETF,Corgi ETF Trust I,0002078265,,,2026,2026,2.0,number,daily,SNDK,ticker token,single_stock,True,False
S000105156,GraniteShares 2x Long SNDK Daily ETF,GraniteShares 2x Long SNDK Daily ETF,GraniteShares ETF Trust,0001689873,,,2026,2026,2.0,number,daily,SNDK,ticker token,single_stock,True,False
S000107356,Direxion Daily SNDK Bull 2X ETF,Direxion Daily SNDK Bull 2X ETF,Direxion Shares ETF Trust,0001424958,,,2026,2026,2.0,number,daily,SNDK,ticker token,single_stock,True,False
S000103699,T-REX 3X LONG SNDK DAILY TARGET ETF,T-REX 3X LONG SNDK DAILY TARGET ETF,ETF Opportunities Trust,0001771146,,,2026,2026,3.0,number,daily,SNDK,ticker token,single_stock,True,False
S000104587,Leverage Shares 3X Long SNDK Daily ETF,Leverage Shares 3X Long SNDK Daily ETF,Themes ETF Trust,0001976322,,,2026,2026,3.0,number,daily,SNDK,ticker token,single_stock,True,False
S000104700,Leverage Shares 4x Long SNDK Daily ETF,Leverage Shares 4x Long SNDK Daily ETF,Themes ETF Trust,0001976322,,,2026,2026,4.0,number,daily,SNDK,ticker token,single_stock,True,False
S000102159,Defiance Daily Target 2X Long SNDL ETF,Defiance Daily Target 2X Long SNDL ETF,Tidal Trust II,0001924868,SNDY,SNDY,2026,2026,2.0,number,daily,SNDL,ticker token,single_stock,True,True
S000087454,T-REX 2X INVERSE SNOW DAILY TARGET ETF,T-REX 2X INVERSE SNOW DAILY TARGET ETF,ETF Opportunities Trust,0001771146,SNOD,SNOD,2025,2026,-2.0,number,daily,SNOW,ticker token,single_stock,True,True
S000099413,Defiance Daily Target 2X Short SNOW ETF,Defiance Daily Target 2X Short SNOW ETF,Tidal Trust II,0001924868,SSNO,SSNO,2026,2026,-2.0,number,daily,SNOW,ticker token,single_stock,True,True
S000087479,T-REX 2X LONG SNOW DAILY TARGET ETF,T-REX 2X LONG SNOW DAILY TARGET ETF,ETF Opportunities Trust,0001771146,SNOU,SNOU,2025,2026,2.0,number,daily,SNOW,ticker token,single_stock,True,True
S000090918,GraniteShares 2x Long SNOW Daily ETF,GraniteShares 2x Long SNOW Daily ETF,GraniteShares ETF Trust,0001689873,SNWL,SNWL,2025,2026,2.0,number,daily,SNOW,ticker token,single_stock,True,True
S000099268,Tradr 3X Long SNOW Daily ETF,Tradr 3X Long SNOW Daily ETF,Investment Managers Series Trust II,0001587982,,,2026,2026,3.0,number,daily,SNOW,ticker token,single_stock,True,False
S000096125,Tradr 2X Long SNPS Daily ETF,Tradr 2X Long SNPS Daily ETF,Investment Managers Series Trust II,0001587982,SNPX,SNPX,2026,2026,2.0,number,daily,SNPS,ticker token,single_stock,True,True
S000092905,Direxion Daily SOFI Bear 1X ETF,Direxion Daily SOFI Bear 1X Shares | Direxion Daily SOFI Bear 1X ETF,Direxion Shares ETF Trust,0001424958,,,2025,2026,-1.0,number,daily,SOFI,ticker token,single_stock,True,False
S000089804,Defiance Daily Target 2X Long SOFI ETF,Defiance Daily Target 2X Long SOFI ETF,Tidal Trust II,0001924868,SOFX,SOFX,2025,2026,2.0,number,daily,SOFI,ticker token,single_stock,True,True
S000092904,Direxion Daily SOFI Bull 2X ETF,Direxion Daily SOFI Bull 2X Shares | Direxion Daily SOFI Bull 2X ETF,Direxion Shares ETF Trust,0001424958,SOFA,SOFA,2025,2026,2.0,number,daily,SOFI,ticker token,single_stock,True,True
S000104854,Corgi SOFI 2x Daily ETF,Corgi SOFI 2x Daily ETF,Corgi ETF Trust I,0002078265,,,2026,2026,2.0,number,daily,SOFI,ticker token,single_stock,True,False
S000098840,T-REX 3X Long SOFI Daily Target ETF,T-REX 3X Long SOFI Daily Target ETF,ETF Opportunities Trust,0001771146,,,2026,2026,3.0,number,daily,SOFI,ticker token,single_stock,True,False
S000099269,Tradr 3X Long SOFI Daily ETF,Tradr 3X Long SOFI Daily ETF,Investment Managers Series Trust II,0001587982,,,2026,2026,3.0,number,daily,SOFI,ticker token,single_stock,True,False
S000100315,Defiance Daily Target 3X Long SOFI ETF,Defiance Daily Target 3X Long SOFI ETF,ETF Series Solutions,0001540305,,,2026,2026,3.0,number,daily,SOFI,ticker token,single_stock,True,False
S000094261,Direxion Daily SONY Bear 1X ETF,Direxion Daily SONY Bear 1X ETF,Direxion Shares ETF Trust,0001424958,,,2025,2026,-1.0,number,daily,SONY,ticker token,single_stock,True,False
S000094262,Direxion Daily SONY Bull 2X ETF,Direxion Daily SONY Bull 2X ETF,Direxion Shares ETF Trust,0001424958,,,2025,2026,2.0,number,daily,SONY,ticker token,single_stock,True,False
S000105183,GraniteShares 2x Short SOUN Daily ETF,GraniteShares 2x Short SOUN Daily ETF,GraniteShares ETF Trust,0001689873,,,2026,2026,-2.0,number,daily,SOUN,ticker token,single_stock,True,False
S000091050,Defiance Daily Target 2X Long SOUN ETF,Defiance Daily Target 2X Long SOUN ETF,Tidal Trust II,0001924868,SOUX,SOUX,2025,2026,2.0,number,daily,SOUN,ticker token,single_stock,True,True
S000093820,Leverage Shares 2X Long SOUN Daily ETF,Leverage Shares 2X Long SOUN Daily ETF,Themes ETF Trust,0001976322,,,2025,2026,2.0,number,daily,SOUN,ticker token,single_stock,True,False
S000093884,T-REX 2X LONG SOUN DAILY TARGET ETF,T-REX 2X LONG SOUN DAILY TARGET ETF,ETF Opportunities Trust,0001771146,,,2025,2026,2.0,number,daily,SOUN,ticker token,single_stock,True,False
S000105158,GraniteShares 2x Long SOUN Daily ETF,GraniteShares 2x Long SOUN Daily ETF,GraniteShares ETF Trust,0001689873,,,2026,2026,2.0,number,daily,SOUN,ticker token,single_stock,True,False
S000098841,T-REX 3X Long SOUN Daily Target ETF,T-REX 3X Long SOUN Daily Target ETF,ETF Opportunities Trust,0001771146,,,2026,2026,3.0,number,daily,SOUN,ticker token,single_stock,True,False
S000099270,Tradr 3X Long SOUN Daily ETF,Tradr 3X Long SOUN Daily ETF,Investment Managers Series Trust II,0001587982,,,2026,2026,3.0,number,daily,SOUN,ticker token,single_stock,True,False
S000103276,Defiance Daily Target 2X Long SPCE ETF,Defiance Daily Target 2X Long SPCE ETF,Tidal Trust II,0001924868,,,2026,2026,2.0,number,daily,SPCE,ticker token,single_stock,True,False
S000107647,Leverage Shares 3X Long SPCX Daily ETF,Leverage Shares 3X Long SPCX Daily ETF,Themes ETF Trust,0001976322,,,2026,2026,3.0,number,daily,SPCX,ticker token,single_stock,True,False
S000107706,Defiance Daily Target 3X Long SPCX ETF,Defiance Daily Target 3X Long SPCX ETF,ETF Series Solutions,0001540305,,,2026,2026,3.0,number,daily,SPCX,ticker token,single_stock,True,False
S000094380,GraniteShares 2x Long SPOT Daily ETF,GraniteShares 2x Long SPOT Daily ETF,GraniteShares ETF Trust,0001689873,,,2025,2026,2.0,number,daily,SPOT,ticker token,single_stock,True,False
S000095467,T-REX 2X LONG SPOT DAILY TARGET ETF,T-REX 2X LONG SPOT DAILY TARGET ETF,ETF Opportunities Trust,0001771146,SPOU,SPOU,2026,2026,2.0,number,daily,SPOT,ticker token,single_stock,True,True
S000096604,Leverage Shares 2X Long SPOT Daily ETF,Leverage Shares 2X Long SPOT Daily ETF,Themes ETF Trust,0001976322,,,2026,2026,2.0,number,daily,SPOT,ticker token,single_stock,True,False
S000103338,GraniteShares 4x Short SPY Daily ETF,GraniteShares 4x Short SPY Daily ETF,GraniteShares ETF Trust,0001689873,,,2026,2026,-4.0,number,daily,SPY,ticker token,single_stock,True,False
S000086146,Tradr 2X Short SPY Monthly ETF,Tradr 2X Short SPY Monthly ETF,Investment Managers Series Trust II,0001587982,MSPY,MSPY,2024,2026,-2.0,number,monthly,SPY,ticker token,single_stock,True,True
S000086147,Tradr 1.75X Short SPY Quarterly ETF,Tradr 2X Short SPY Quarterly ETF | Tradr 1.75X Short SPY Quarterly ETF,Investment Managers Series Trust II,0001587982,QSPY,QSPY,2024,2025,-1.75,number,quarterly,SPY,ticker token,single_stock,False,True
S000086148,Tradr 1X Short SPY Monthly ETF,Tradr 2X Short SPY Weekly ETF | Tradr 1X Short SPY Monthly ETF,Investment Managers Series Trust II,0001587982,WSPY,WSPY,2024,2026,-1.0,number,monthly,SPY,ticker token,single_stock,True,True
S000086117,Tradr 2X Long SPY Monthly ETF,Tradr 2X Long SPY Monthly ETF,Investment Managers Series Trust II,0001587982,SPYM,SPYM,2024,2026,2.0,number,monthly,SPY,ticker token,single_stock,True,True
S000086119,Tradr 2X Long SPY Quarterly ETF,Tradr 2X Long SPY Quarterly ETF,Investment Managers Series Trust II,0001587982,SPYQ,SPYQ,2024,2026,2.0,number,quarterly,SPY,ticker token,single_stock,True,True
S000086120,Tradr 2X Long SPY Weekly ETF,Tradr 2X Long SPY Weekly ETF,Investment Managers Series Trust II,0001587982,SPYB,SPYB,2024,2026,2.0,number,weekly,SPY,ticker token,single_stock,True,True
S000095101,GraniteShares YieldBOOST SPY 3x Income ETF,GraniteShares YieldBOOST SPY 3x Income ETF,GraniteShares ETF Trust,0001689873,,,2026,2026,3.0,number,daily,SPY,ticker token,single_stock,True,False
S000102005,VegaShares 4x Long SPY Daily Target ETF,VegaShares 4x Long SPY Daily Target ETF,VegaShares ETF Trust,0002068712,,,2026,2026,4.0,number,daily,SPY,ticker token,single_stock,True,False
S000102463,Roundhill 4X SPY ETF,Roundhill 4X SPY ETF,Roundhill ETF Trust,0001976517,,,2026,2026,4.0,number,daily,SPY,ticker token,single_stock,True,False
S000103352,GraniteShares 4x Long SPY Daily ETF,GraniteShares 4x Long SPY Daily ETF,GraniteShares ETF Trust,0001689873,,,2026,2026,4.0,number,daily,SPY,ticker token,single_stock,True,False
S000099963,5x SPY ETF,5x SPY ETF,Volatility Shares Trust,0001884021,,,2026,2026,5.0,number,daily,SPY,ticker token,single_stock,True,False
S000098203,T-REX 2X LONG SRFM DAILY TARGET ETF,T-REX 2X LONG SRFM DAILY TARGET ETF,ETF Opportunities Trust,0001771146,,,2026,2026,2.0,number,daily,SRFM,ticker token,single_stock,True,False
S000096126,Tradr 2X Long SRPT Daily ETF,Tradr 2X Long SRPT Daily ETF,Investment Managers Series Trust II,0001587982,SRPU,SRPU,2026,2026,2.0,number,daily,SRPT,ticker token,single_stock,True,True
S000096444,T-REX 2X Long SRPT Daily Target ETF,T-REX 2X Long SRPT Daily Target ETF,ETF Opportunities Trust,0001771146,,,2026,2026,2.0,number,daily,SRPT,ticker token,single_stock,True,False
S000106801,Defiance Daily Target 2X Long STM ETF,Defiance Daily Target 2X Long STM ETF,Tidal Trust V,0002081107,,,2026,2026,2.0,number,daily,STM,ticker token,single_stock,True,False
S000107416,Leverage Shares 2X Long STRL Daily ETF,Leverage Shares 2X Long STRL Daily ETF,Themes ETF Trust,0001976322,,,2026,2026,2.0,number,daily,STRL,ticker token,single_stock,True,False
S000096445,T-REX 2X Long STUB Daily Target ETF,T-REX 2X Long STUB Daily Target ETF,ETF Opportunities Trust,0001771146,SHUB,SHUB,2026,2026,2.0,number,daily,STUB,ticker token,single_stock,True,True
S000103013,Tradr 2X Short STX Daily ETF,Tradr 2X Short STX Daily ETF,Investment Managers Series Trust II,0001587982,,,2026,2026,-2.0,number,daily,STX,ticker token,single_stock,True,False
S000105184,GraniteShares 2x Short STX Daily ETF,GraniteShares 2x Short STX Daily ETF,GraniteShares ETF Trust,0001689873,,,2026,2026,-2.0,number,daily,STX,ticker token,single_stock,True,False
S000103139,Defiance Daily Target 2X Long STX ETF,Defiance Daily Target 2X Long STX ETF,Tidal Trust II,0001924868,,,2026,2026,2.0,number,daily,STX,ticker token,single_stock,True,False
S000103187,Tradr 2X Long STX Daily ETF,Tradr 2X Long STX Daily ETF,Investment Managers Series Trust II,0001587982,,,2026,2026,2.0,number,daily,STX,ticker token,single_stock,True,False
S000104263,Leverage Shares 2X Long STX Daily ETF,Leverage Shares 2X Long STX Daily ETF,Themes ETF Trust,0001976322,,,2026,2026,2.0,number,daily,STX,ticker token,single_stock,True,False
S000105159,GraniteShares 2x Long STX Daily ETF,GraniteShares 2x Long STX Daily ETF,GraniteShares ETF Trust,0001689873,,,2026,2026,2.0,number,daily,STX,ticker token,single_stock,True,False
S000097434,T-REX 2X LONG SUIG DAILY TARGET ETF,T-REX 2X LONG SUIG DAILY TARGET ETF,ETF Opportunities Trust,0001771146,,,2026,2026,2.0,number,daily,SUIG,ticker token,single_stock,True,False
S000100557,Leverage Shares 2X Long SUIG Daily ETF,Leverage Shares 2X Long SUIG Daily ETF,Themes ETF Trust,0001976322,,,2026,2026,2.0,number,daily,SUIG,ticker token,single_stock,True,False
S000105756,Tradr 2X Long SWMR Daily ETF,Tradr 2X Long SWMR Daily ETF,Investment Managers Series Trust II,0001587982,,,2026,2026,2.0,number,daily,SWMR,ticker token,single_stock,True,False
S000095468,T-REX 2X LONG SYM DAILY TARGET ETF,T-REX 2X LONG SYM DAILY TARGET ETF,ETF Opportunities Trust,0001771146,,,2026,2026,2.0,number,daily,SYM,ticker token,single_stock,True,False
S000106802,Defiance Daily Target 2X Long SYM ETF,Defiance Daily Target 2X Long SYM ETF,Tidal Trust V,0002081107,,,2026,2026,2.0,number,daily,SYM,ticker token,single_stock,True,False
S000105185,GraniteShares 2x Short TDC Daily ETF,GraniteShares 2x Short TDC Daily ETF,GraniteShares ETF Trust,0001689873,,,2026,2026,-2.0,number,daily,TDC,ticker token,single_stock,True,False
S000105160,GraniteShares 2x Long TDC Daily ETF,GraniteShares 2x Long TDC Daily ETF,GraniteShares ETF Trust,0001689873,,,2026,2026,2.0,number,daily,TDC,ticker token,single_stock,True,False
S000107417,Leverage Shares 2X Long TDG Daily ETF,Leverage Shares 2X Long TDG Daily ETF,Themes ETF Trust,0001976322,,,2026,2026,2.0,number,daily,TDG,ticker token,single_stock,True,False
S000102260,T-REX 2X LONG TE DAILY TARGET ETF,T-REX 2X LONG TE DAILY TARGET ETF,ETF Opportunities Trust,0001771146,,,2026,2026,2.0,number,daily,TE,ticker token,single_stock,True,False
S000105757,Tradr 2X Long TE Daily ETF,Tradr 2X Long TE Daily ETF,Investment Managers Series Trust II,0001587982,,,2026,2026,2.0,number,daily,TE,ticker token,single_stock,True,False
S000107418,Leverage Shares 2X Long TE Daily ETF,Leverage Shares 2X Long TE Daily ETF,Themes ETF Trust,0001976322,,,2026,2026,2.0,number,daily,TE,ticker token,single_stock,True,False
S000106580,T-REX 2X LONG TEAM DAILY TARGET ETF,T-REX 2X LONG TEAM DAILY TARGET ETF,ETF Opportunities Trust,0001771146,,,2026,2026,2.0,number,daily,TEAM,ticker token,single_stock,True,False
S000102261,T-REX 2X LONG TECK DAILY TARGET ETF,T-REX 2X LONG TECK DAILY TARGET ETF,ETF Opportunities Trust,0001771146,,,2026,2026,2.0,number,daily,TECK,ticker token,single_stock,True,False
S000104052,Corgi TEL 2x Daily ETF,Corgi TEL 2x Daily ETF,Corgi ETF Trust I,0002078265,,,2026,2026,2.0,number,daily,TEL,ticker token,single_stock,True,False
S000105561,Leverage Shares 2X Long TEL Daily ETF,Leverage Shares 2X Long TEL Daily ETF,Themes ETF Trust,0001976322,,,2026,2026,2.0,number,daily,TEL,ticker token,single_stock,True,False
S000100823,Tradr 2X Short TEM Daily ETF,Tradr 2X Short TEM Daily ETF,Investment Managers Series Trust II,0001587982,TEMZ,TEMZ,2026,2026,-2.0,number,daily,TEM,ticker token,single_stock,True,True
S000091899,Tradr 2X Long TEM Daily ETF,Tradr 2X Long TEM Daily ETF,Investment Managers Series Trust II,0001587982,TEMT,TEMT,2025,2026,2.0,number,daily,TEM,ticker token,single_stock,True,True
S000093885,T-REX 2X LONG TEM DAILY TARGET ETF,T-REX 2X LONG TEM DAILY TARGET ETF,ETF Opportunities Trust,0001771146,TEMM,TEMM,2025,2026,2.0,number,daily,TEM,ticker token,single_stock,True,True
S000096605,Leverage Shares 2X Long TEM Daily ETF,Leverage Shares 2X Long TEM Daily ETF,Themes ETF Trust,0001976322,,,2026,2026,2.0,number,daily,TEM,ticker token,single_stock,True,False
S000104847,Corgi TEM 2x Daily ETF,Corgi TEM 2x Daily ETF,Corgi ETF Trust I,0002078265,,,2026,2026,2.0,number,daily,TEM,ticker token,single_stock,True,False
S000098842,T-REX 3X Long TEM Daily Target ETF,T-REX 3X Long TEM Daily Target ETF,ETF Opportunities Trust,0001771146,,,2026,2026,3.0,number,daily,TEM,ticker token,single_stock,True,False
S000099271,Tradr 3X Long TEM Daily ETF,Tradr 3X Long TEM Daily ETF,Investment Managers Series Trust II,0001587982,,,2026,2026,3.0,number,daily,TEM,ticker token,single_stock,True,False
S000100314,Defiance Daily Target 3X Long TEM ETF,Defiance Daily Target 3X Long TEM ETF,ETF Series Solutions,0001540305,,,2026,2026,3.0,number,daily,TEM,ticker token,single_stock,True,False
S000096192,Leverage Shares 2X Long TER Daily ETF,Leverage Shares 2X Long TER Daily ETF,Themes ETF Trust,0001976322,,,2026,2026,2.0,number,daily,TER,ticker token,single_stock,True,False
S000103188,Tradr 2X Long TER Daily ETF,Tradr 2X Long TER Daily ETF,Investment Managers Series Trust II,0001587982,,,2026,2026,2.0,number,daily,TER,ticker token,single_stock,True,False
S000104881,Corgi TER 2x Daily ETF,Corgi TER 2x Daily ETF,Corgi ETF Trust I,0002078265,,,2026,2026,2.0,number,daily,TER,ticker token,single_stock,True,False
S000105892,T-REX 2X LONG TER DAILY TARGET ETF,T-REX 2X LONG TER DAILY TARGET ETF,ETF Opportunities Trust,0001771146,,,2026,2026,2.0,number,daily,TER,ticker token,single_stock,True,False
S000094263,Direxion Daily TGT Bear 1X ETF,Direxion Daily TGT Bear 1X ETF,Direxion Shares ETF Trust,0001424958,,,2025,2026,-1.0,number,daily,TGT,ticker token,single_stock,True,False
S000094264,Direxion Daily TGT Bull 2X ETF,Direxion Daily TGT Bull 2X ETF,Direxion Shares ETF Trust,0001424958,,,2025,2026,2.0,number,daily,TGT,ticker token,single_stock,True,False
S000078246,REX Short TLRY ETF,REX Short TLRY ETF,Tidal Trust II,0001924868,,,2023,2024,-1.0,inverse no number,daily,TLRY,ticker token,single_stock,False,False
S000079022,REX 2X TLRY ETF,REX 2X TLRY ETF,Tidal Trust II,0001924868,,,2023,2024,2.0,number,daily,TLRY,ticker token,single_stock,False,False
S000102160,Defiance Daily Target 2X Long TLRY ETF,Defiance Daily Target 2X Long TLRY ETF,Tidal Trust II,0001924868,TRL,TRL,2026,2026,2.0,number,daily,TLRY,ticker token,single_stock,True,True
S000104264,Leverage Shares 2X Long TMC Daily ETF,Leverage Shares 2X Long TMC Daily ETF,Themes ETF Trust,0001976322,,,2026,2026,2.0,number,daily,TMC,ticker token,single_stock,True,False
S000100048,T-REX 2X LONG TMQ DAILY TARGET ETF,T-REX 2X LONG TMQ DAILY TARGET ETF,ETF Opportunities Trust,0001771146,TMQU,TMQU,2026,2026,2.0,number,daily,TMQ,ticker token,single_stock,True,True
S000097435,T-REX 2X LONG TMUS DAILY TARGET ETF,T-REX 2X LONG TMUS DAILY TARGET ETF,ETF Opportunities Trust,0001771146,,,2026,2026,2.0,number,daily,TMUS,ticker token,single_stock,True,False
S000097437,T-REX 2X LONG TONX DAILY TARGET ETF,T-REX 2X LONG TONX DAILY TARGET ETF,ETF Opportunities Trust,0001771146,,,2026,2026,2.0,number,daily,TONX,ticker token,single_stock,True,False
S000104900,Corgi TPL 2x Daily ETF,Corgi TPL 2x Daily ETF,Corgi ETF Trust I,0002078265,,,2026,2026,2.0,number,daily,TPL,ticker token,single_stock,True,False
S000095441,T-REX 2X Long TRON Daily Target ETF,T-REX 2X Long TRON Daily Target ETF,ETF Opportunities Trust,0001771146,,,2026,2026,2.0,number,daily,TRON,ticker token,single_stock,True,False
S000106476,Defiance Daily Target 2X Long TRT ETF,Defiance Daily Target 2X Long TRT ETF,Tidal Trust II,0001924868,,,2026,2026,2.0,number,daily,TRT,ticker token,single_stock,True,False
S000105562,Leverage Shares 2X Long TSEM Daily ETF,Leverage Shares 2X Long TSEM Daily ETF,Themes ETF Trust,0001976322,,,2026,2026,2.0,number,daily,TSEM,ticker token,single_stock,True,False
S000105758,Tradr 2X Long TSEM Daily ETF,Tradr 2X Long TSEM Daily ETF,Investment Managers Series Trust II,0001587982,,,2026,2026,2.0,number,daily,TSEM,ticker token,single_stock,True,False
S000105891,T-REX 2X LONG TSEM DAILY TARGET ETF,T-REX 2X LONG TSEM DAILY TARGET ETF,ETF Opportunities Trust,0001771146,,,2026,2026,2.0,number,daily,TSEM,ticker token,single_stock,True,False
S000098428,Defiance Daily Target 3X Short TSLA ETF,Defiance Daily Target 3X Short TSLA ETF,ETF Series Solutions,0001540305,,,2026,2026,-3.0,number,daily,TSLA,ticker token,single_stock,True,False
S000099131,GraniteShares 3x Short TSLA Daily ETF,GraniteShares 3x Short TSLA Daily ETF,GraniteShares ETF Trust,0001689873,,,2026,2026,-3.0,number,daily,TSLA,ticker token,single_stock,True,False
S000099277,Tradr 3X Short TSLA Daily ETF,Tradr 3X Short TSLA Daily ETF,Investment Managers Series Trust II,0001587982,TSLN,TSLN,2026,2026,-3.0,number,daily,TSLA,ticker token,single_stock,True,True
S000072484,Direxion Daily TSLA Bear 2X Shares,Direxion Daily TSLA Bear 2X Shares,Direxion Shares ETF Trust,0001424958,,,2022,2024,-2.0,number,daily,TSLA,ticker token,single_stock,False,False
S000076096,Tradr 2X Short TSLA Daily ETF,AXS 2X TSLA Bear Daily ETF | AXS TSLA Bear Daily ETF | Tradr TSLA Bear Daily ETF | Tradr 2X Short TSLA Daily ETF,Investment Managers Series Trust II,0001587982,TSLQ,TSLQ,2022,2026,-2.0,number,daily,TSLA,ticker token,single_stock,True,True
S000080898,T-REX 2X INVERSE TESLA DAILY TARGET ETF,T-REX 2X INVERSE TESLA DAILY TARGET ETF,ETF Opportunities Trust,0001771146,TSLZ,TSLZ,2023,2026,-2.0,number,daily,TSLA,company name,single_stock,True,True
S000081144,GraniteShares 2x Short TSLA Daily ETF,GraniteShares 1.5x Short TSLA Daily ETF | GraniteShares 2x Short TSLA Daily ETF,GraniteShares ETF Trust,0001689873,TSDD,TSDD,2023,2026,-2.0,number,daily,TSLA,ticker token,single_stock,True,True
S000086638,Leverage Shares 2X Short TSLA Daily ETF,Leverage Shares 2X Short TSLA Daily ETF,Themes ETF Trust,0001976322,,,2025,2026,-2.0,number,daily,TSLA,ticker token,single_stock,True,False
S000081149,GraniteShares 1.75x Short TSLA Daily ETF,GraniteShares 1.75x Short TSLA Daily ETF,GraniteShares ETF Trust,0001689873,,,2023,2026,-1.75,number,daily,TSLA,ticker token,single_stock,True,False
S000086150,Tradr 1.5X Short TSLA Monthly ETF,Tradr 2X Short TSLA Monthly ETF | Tradr 1.5X Short TSLA Monthly ETF,Investment Managers Series Trust II,0001587982,TSLF,TSLF,2024,2025,-1.5,number,monthly,TSLA,ticker token,single_stock,False,True
S000086152,Tradr 1.5X Short TSLA Weekly ETF,Tradr 2X Short TSLA Weekly ETF | Tradr 1.5X Short TSLA Weekly ETF,Investment Managers Series Trust II,0001587982,WTSL,WTSL,2024,2025,-1.5,number,weekly,TSLA,ticker token,single_stock,False,True
S000081147,GraniteShares 1.25x Short TSLA Daily ETF,GraniteShares 1.25x Short TSLA Daily ETF,GraniteShares ETF Trust,0001689873,,,2023,2026,-1.25,number,daily,TSLA,ticker token,single_stock,True,False
S000071019,Direxion Daily TSLA Bear 1X ETF,Direxion Daily TSLA Bear 1X Shares | Direxion Daily TSLA Bear 1X ETF,Direxion Shares ETF Trust,0001424958,TSLS,TSLS,2022,2026,-1.0,number,daily,TSLA,ticker token,single_stock,True,True
S000076339,GraniteShares 1x Short TSLA Daily ETF,GraniteShares 1x Short Tesla Daily ETF | GraniteShares 1x Short TSLA Daily ETF,GraniteShares ETF Trust,0001689873,TSS,TSLI | TSS,2022,2026,-1.0,number,daily,TSLA,ticker token,single_stock,True,True
S000076347,GraniteShares 1.25x Long TSLA Daily ETF,GraniteShares 2x Long Tesla Daily ETF | GraniteShares 1.25x Long TSLA Daily ETF,GraniteShares ETF Trust,0001689873,TSL,TSL,2022,2026,1.25,number,daily,TSLA,ticker token,single_stock,True,True
S000081165,GraniteShares 1.5x Long TSLA Daily ETF,GraniteShares 1.5x Long TSLA Daily ETF,GraniteShares ETF Trust,0001689873,,,2023,2026,1.5,number,daily,TSLA,ticker token,single_stock,True,False
S000086124,Tradr 1.5X Long TSLA Monthly ETF,Tradr 2X Long TSLA Monthly ETF | Tradr 1.5X Long TSLA Monthly ETF,Investment Managers Series Trust II,0001587982,TSLM,TSLM,2024,2025,1.5,number,monthly,TSLA,ticker token,single_stock,False,True
S000086125,Tradr 1.5X Long TSLA Quarterly ETF,Tradr 2X Long TSLA Quarterly ETF | Tradr 1.5X Long TSLA Quarterly ETF,Investment Managers Series Trust II,0001587982,QTSL,QTSL,2024,2025,1.5,number,quarterly,TSLA,ticker token,single_stock,False,True
S000086126,Tradr 1.5X Long TSLA Weekly ETF,Tradr 2X Long TSLA Weekly ETF | Tradr 1.5X Long TSLA Weekly ETF,Investment Managers Series Trust II,0001587982,TSLW,TSLW,2024,2026,1.5,number,weekly,TSLA,ticker token,single_stock,True,True
S000072483,Direxion Daily TSLA Bull 2X ETF,Direxion Daily TSLA Bull 2X Shares | Direxion Daily TSLA Bull 1.5X Shares | Direxion Daily TSLA Bull 2X ETF,Direxion Shares ETF Trust,0001424958,TSLL,TSLL,2022,2026,2.0,number,daily,TSLA,ticker token,single_stock,True,True
S000080900,T-REX 2X LONG TESLA DAILY TARGET ETF,T-REX 2X LONG TESLA DAILY TARGET ETF,ETF Opportunities Trust,0001771146,TSLT,TSLT,2023,2026,2.0,number,daily,TSLA,company name,single_stock,True,True
S000081146,GraniteShares 2x Long TSLA Daily ETF,GraniteShares 1.75x Long TSLA Daily ETF | GraniteShares 2x Long TSLA Daily ETF,GraniteShares ETF Trust,0001689873,TSLR,TSLR,2023,2026,2.0,number,daily,TSLA,ticker token,single_stock,True,True
S000086635,Leverage Shares 2X Long TSLA Daily ETF,Leverage Shares 2X Long TSLA Daily ETF,Themes ETF Trust,0001976322,TSLG,TSLG,2025,2026,2.0,number,daily,TSLA,ticker token,single_stock,True,True
S000094859,ProShares Ultra TSLA,ProShares Ultra TSLA,PROSHARES TRUST,0001174610,TSLI,TSLI,2026,2026,2.0,proshares ultra,daily,TSLA,ticker token,single_stock,True,True
S000095104,GraniteShares YieldBOOST TSLA 2x Income ETF,GraniteShares YieldBOOST TSLA 2x Income ETF,GraniteShares ETF Trust,0001689873,,,2026,2026,2.0,number,daily,TSLA,ticker token,single_stock,True,False
S000104829,Corgi TSLA 2x Daily ETF,Corgi TSLA 2x Daily ETF,Corgi ETF Trust I,0002078265,,,2026,2026,2.0,number,daily,TSLA,ticker token,single_stock,True,False
S000098455,Defiance Daily Target 3X Long TSLA ETF,Defiance Daily Target 3X Long TSLA ETF,ETF Series Solutions,0001540305,,,2026,2026,3.0,number,daily,TSLA,ticker token,single_stock,True,False
S000098562,Direxion Daily TSLA Bull 3X ETF,Direxion Daily TSLA Bull 3X ETF,Direxion Shares ETF Trust,0001424958,,,2026,2026,3.0,number,daily,TSLA,ticker token,single_stock,True,False
S000098595,Leverage Shares 3X Long TSLA Daily ETF,Leverage Shares 3X Long TSLA Daily ETF,Themes ETF Trust,0001976322,,,2026,2026,3.0,number,daily,TSLA,ticker token,single_stock,True,False
S000098733,ProShares Daily Target 3x TSLA,ProShares Daily Target 3x TSLA,PROSHARES TRUST,0001174610,,,2026,2026,3.0,number,daily,TSLA,ticker token,single_stock,True,False
S000098843,T-REX 3X Long TSLA Daily Target ETF,T-REX 3X Long TSLA Daily Target ETF,ETF Opportunities Trust,0001771146,,,2026,2026,3.0,number,daily,TSLA,ticker token,single_stock,True,False
S000099130,GraniteShares 3x Long TSLA Daily ETF,GraniteShares 3x Long TSLA Daily ETF,GraniteShares ETF Trust,0001689873,,,2026,2026,3.0,number,daily,TSLA,ticker token,single_stock,True,False
S000099658,Tradr 3X Long TSLA Daily ETF,Tradr 3X Long TSLA Daily ETF,Investment Managers Series Trust II,0001587982,TSLU,TSLU,2026,2026,3.0,number,daily,TSLA,ticker token,single_stock,True,True
S000099864,3x TSLA ETF,3x TSLA ETF,Volatility Shares Trust,0001884021,,,2026,2026,3.0,number,daily,TSLA,ticker token,single_stock,True,False
S000103711,T-REX 4X LONG TSLA DAILY TARGET ETF,T-REX 4X LONG TSLA DAILY TARGET ETF,ETF Opportunities Trust,0001771146,,,2026,2026,4.0,number,daily,TSLA,ticker token,single_stock,True,False
S000099880,5x TSLA ETF,5x TSLA ETF,Volatility Shares Trust,0001884021,,,2026,2026,5.0,number,daily,TSLA,ticker token,single_stock,True,False
S000098422,Defiance Daily Target 3X Short TSM ETF,Defiance Daily Target 3X Short TSM ETF,ETF Series Solutions,0001540305,,,2026,2026,-3.0,number,daily,TSM,ticker token,single_stock,True,False
S000087458,T-REX 2X INVERSE TSM DAILY TARGET ETF,T-REX 2X INVERSE TSM DAILY TARGET ETF,ETF Opportunities Trust,0001771146,TSMD,TSMD,2025,2026,-2.0,number,daily,TSM,ticker token,single_stock,True,True
S000088311,GraniteShares 2x Short TSM Daily ETF,GraniteShares 2x Short TSM Daily ETF,GraniteShares ETF Trust,0001689873,TSMS,TSMS,2025,2026,-2.0,number,daily,TSM,ticker token,single_stock,True,True
S000096887,Defiance Daily Target 2X Short TSM ETF,Defiance Daily Target 2X Short TSM ETF,Tidal Trust II,0001924868,STSM,STSM,2026,2026,-2.0,number,daily,TSM,ticker token,single_stock,True,True
S000088057,Direxion Daily TSM Bear 1X ETF,Direxion Daily TSM Bear 1X Shares | Direxion Daily TSM Bear 1X ETF,Direxion Shares ETF Trust,0001424958,TSMZ,TSMZ,2025,2026,-1.0,number,daily,TSM,ticker token,single_stock,True,True
S000086636,Leverage Shares 2X Long TSM Daily ETF,Leverage Shares 2X Long TSM Daily ETF,Themes ETF Trust,0001976322,TSMG,TSMG,2025,2026,2.0,number,daily,TSM,ticker token,single_stock,True,True
S000087482,T-REX 2X LONG TSM DAILY TARGET ETF,T-REX 2X LONG TSM DAILY TARGET ETF,ETF Opportunities Trust,0001771146,TSMU,TSMU,2025,2026,2.0,number,daily,TSM,ticker token,single_stock,True,True
S000088056,Direxion Daily TSM Bull 2X ETF,Direxion Daily TSM Bull 2X Shares | Direxion Daily TSM Bull 2X ETF,Direxion Shares ETF Trust,0001424958,TSMX,TSMX,2025,2026,2.0,number,daily,TSM,ticker token,single_stock,True,True
S000088295,GraniteShares 2x Long TSM Daily ETF,GraniteShares 2x Long TSM Daily ETF,GraniteShares ETF Trust,0001689873,TSMU,TSMU,2025,2026,2.0,number,daily,TSM,ticker token,single_stock,True,True
S000089272,KraneShares 2x Long TSM Daily ETF,KraneShares 2x Long TSM Daily ETF,Krane Shares Trust,0001547576,KTSM,KTSM,2025,2026,2.0,number,daily,TSM,ticker token,single_stock,True,True
S000104822,Corgi TSM 2x Daily ETF,Corgi TSM 2x Daily ETF,Corgi ETF Trust I,0002078265,,,2026,2026,2.0,number,daily,TSM,ticker token,single_stock,True,False
S000098450,Defiance Daily Target 3X Long TSM ETF,Defiance Daily Target 3X Long TSM ETF,ETF Series Solutions,0001540305,,,2026,2026,3.0,number,daily,TSM,ticker token,single_stock,True,False
S000098554,Direxion Daily TSM Bull 3X ETF,Direxion Daily TSM Bull 3X ETF,Direxion Shares ETF Trust,0001424958,,,2026,2026,3.0,number,daily,TSM,ticker token,single_stock,True,False
S000098844,T-REX 3X Long TSM Daily Target ETF,T-REX 3X Long TSM Daily Target ETF,ETF Opportunities Trust,0001771146,,,2026,2026,3.0,number,daily,TSM,ticker token,single_stock,True,False
S000098995,ProShares Daily Target 3x TSM,ProShares Daily Target 3x TSM,PROSHARES TRUST,0001174610,,,2026,2026,3.0,number,daily,TSM,ticker token,single_stock,True,False
S000099659,Tradr 3X Long TSM Daily ETF,Tradr 3X Long TSM Daily ETF,Investment Managers Series Trust II,0001587982,,,2026,2026,3.0,number,daily,TSM,ticker token,single_stock,True,False
S000100399,3x TSM ETF,3x TSM ETF,Volatility Shares Trust,0001884021,,,2026,2026,3.0,number,daily,TSM,ticker token,single_stock,True,False
S000104588,Leverage Shares 3X Long TSM Daily ETF,Leverage Shares 3X Long TSM Daily ETF,Themes ETF Trust,0001976322,,,2026,2026,3.0,number,daily,TSM,ticker token,single_stock,True,False
S000104701,Leverage Shares 4x Long TSM Daily ETF,Leverage Shares 4x Long TSM Daily ETF,Themes ETF Trust,0001976322,,,2026,2026,4.0,number,daily,TSM,ticker token,single_stock,True,False
S000100400,5x TSM ETF,5x TSM ETF,Volatility Shares Trust,0001884021,,,2026,2026,5.0,number,daily,TSM,ticker token,single_stock,True,False
S000093886,T-REX 2X LONG TTD DAILY TARGET ETF,T-REX 2X LONG TTD DAILY TARGET ETF,ETF Opportunities Trust,0001771146,TTDU,TTDU,2025,2026,2.0,number,daily,TTD,ticker token,single_stock,True,True
S000097923,Leverage Shares 2X Long TTD Daily ETF,Leverage Shares 2X Long TTD Daily ETF,Themes ETF Trust,0001976322,,,2026,2026,2.0,number,daily,TTD,ticker token,single_stock,True,False
S000103189,Tradr 2X Long TTMI Daily ETF,Tradr 2X Long TTMI Daily ETF,Investment Managers Series Trust II,0001587982,,,2026,2026,2.0,number,daily,TTMI,ticker token,single_stock,True,False
S000106581,T-REX 2X LONG TTMI DAILY TARGET ETF,T-REX 2X LONG TTMI DAILY TARGET ETF,ETF Opportunities Trust,0001771146,,,2026,2026,2.0,number,daily,TTMI,ticker token,single_stock,True,False
S000076349,GraniteShares 1.25x Long TWTR Daily ETF,GraniteShares 2x Long Twitter Daily ETF | GraniteShares 1.25x Long TWTR Daily ETF,GraniteShares ETF Trust,0001689873,TWTL,TWTL,2022,2026,1.25,number,daily,TWTR,ticker token,single_stock,True,True
S000094265,Direxion Daily TXN Bear 1X ETF,Direxion Daily TXN Bear 1X ETF,Direxion Shares ETF Trust,0001424958,,,2025,2026,-1.0,number,daily,TXN,ticker token,single_stock,True,False
S000094266,Direxion Daily TXN Bull 2X ETF,Direxion Daily TXN Bull 2X ETF,Direxion Shares ETF Trust,0001424958,TXNU,TXNU,2025,2026,2.0,number,daily,TXN,ticker token,single_stock,True,True
S000104265,Leverage Shares 2X Long TXN Daily ETF,Leverage Shares 2X Long TXN Daily ETF,Themes ETF Trust,0001976322,,,2026,2026,2.0,number,daily,TXN,ticker token,single_stock,True,False
S000099272,Tradr 3X Long TXN Daily ETF,Tradr 3X Long TXN Daily ETF,Investment Managers Series Trust II,0001587982,,,2026,2026,3.0,number,daily,TXN,ticker token,single_stock,True,False
S000095061,Tradr 2X Long U Daily ETF,Tradr 2X Long U Daily ETF,Investment Managers Series Trust II,0001587982,UNX,UNX,2026,2026,2.0,number,daily,U,ticker token,single_stock,True,True
S000094267,Direxion Daily UAL Bear 1X ETF,Direxion Daily UAL Bear 1X ETF,Direxion Shares ETF Trust,0001424958,,,2025,2026,-1.0,number,daily,UAL,ticker token,single_stock,True,False
S000094269,Direxion Daily UAL Bull 2X ETF,Direxion Daily UAL Bull 2X ETF,Direxion Shares ETF Trust,0001424958,,,2025,2026,2.0,number,daily,UAL,ticker token,single_stock,True,False
S000100558,Leverage Shares 2X Long UAMY Daily ETF,Leverage Shares 2X Long UAMY Daily ETF,Themes ETF Trust,0001976322,,,2026,2026,2.0,number,daily,UAMY,ticker token,single_stock,True,False
S000099542,GraniteShares 3x Short UBER Daily ETF,GraniteShares 3x Short UBER Daily ETF,GraniteShares ETF Trust,0001689873,,,2026,2026,-3.0,number,daily,UBER,ticker token,single_stock,True,False
S000092907,Direxion Daily UBER Bear 1X ETF,Direxion Daily UBER Bear 1X Shares | Direxion Daily UBER Bear 1X ETF,Direxion Shares ETF Trust,0001424958,,,2025,2026,-1.0,number,daily,UBER,ticker token,single_stock,True,False
S000076351,GraniteShares 2x Long UBER Daily ETF,GraniteShares 2x Long Uber Daily ETF | GraniteShares 1.5x Long UBER Daily ETF | GraniteShares 2x Long UBER Daily ETF,GraniteShares ETF Trust,0001689873,UBRL,UBRL,2022,2026,2.0,number,daily,UBER,ticker token,single_stock,True,True
S000091232,Leverage Shares 2X Long UBER Daily ETF,Leverage Shares 2X Long UBER Daily ETF,Themes ETF Trust,0001976322,,,2025,2026,2.0,number,daily,UBER,ticker token,single_stock,True,False
S000092419,Defiance Daily Target 2X Long UBER ETF,Defiance Daily Target 2X Long UBER ETF,Tidal Trust II,0001924868,,,2025,2026,2.0,number,daily,UBER,ticker token,single_stock,True,False
S000092906,Direxion Daily UBER Bull 2X ETF,Direxion Daily UBER Bull 2X Shares | Direxion Daily UBER Bull 2X ETF,Direxion Shares ETF Trust,0001424958,,,2025,2026,2.0,number,daily,UBER,ticker token,single_stock,True,False
S000098845,T-REX 3X Long UBER Daily Target ETF,T-REX 3X Long UBER Daily Target ETF,ETF Opportunities Trust,0001771146,,,2026,2026,3.0,number,daily,UBER,ticker token,single_stock,True,False
S000099274,Tradr 3X Long UBER Daily ETF,Tradr 3X Long UBER Daily ETF,Investment Managers Series Trust II,0001587982,,,2026,2026,3.0,number,daily,UBER,ticker token,single_stock,True,False
S000099522,GraniteShares 3x Long UBER Daily ETF,GraniteShares 3x Long UBER Daily ETF,GraniteShares ETF Trust,0001689873,,,2026,2026,3.0,number,daily,UBER,ticker token,single_stock,True,False
S000104883,Corgi UCTT 2x Daily ETF,Corgi UCTT 2x Daily ETF,Corgi ETF Trust I,0002078265,,,2026,2026,2.0,number,daily,UCTT,ticker token,single_stock,True,False
S000100049,T-REX 2X LONG UEC DAILY TARGET ETF,T-REX 2X LONG UEC DAILY TARGET ETF,ETF Opportunities Trust,0001771146,,,2026,2026,2.0,number,daily,UEC,ticker token,single_stock,True,False
S000100559,Leverage Shares 2X Long UEC Daily ETF,Leverage Shares 2X Long UEC Daily ETF,Themes ETF Trust,0001976322,,,2026,2026,2.0,number,daily,UEC,ticker token,single_stock,True,False
S000098205,T-REX 2X LONG UI DAILY TARGET ETF,T-REX 2X LONG UI DAILY TARGET ETF,ETF Opportunities Trust,0001771146,,,2026,2026,2.0,number,daily,UI,ticker token,single_stock,True,False
S000103277,Defiance Daily Target 2X Long UMAC ETF,Defiance Daily Target 2X Long UMAC ETF,Tidal Trust II,0001924868,,,2026,2026,2.0,number,daily,UMAC,ticker token,single_stock,True,False
S000104892,Corgi UMC 2x Daily ETF,Corgi UMC 2x Daily ETF,Corgi ETF Trust I,0002078265,,,2026,2026,2.0,number,daily,UMC,ticker token,single_stock,True,False
S000106477,Defiance Daily Target 2X Long UMC ETF,Defiance Daily Target 2X Long UMC ETF,Tidal Trust II,0001924868,,,2026,2026,2.0,number,daily,UMC,ticker token,single_stock,True,False
S000106994,Tradr 2X Long UMC Daily ETF,Tradr 2X Long UMC Daily ETF,Investment Managers Series Trust II,0001587982,,,2026,2026,2.0,number,daily,UMC,ticker token,single_stock,True,False
S000107419,Leverage Shares 2X Long UMC Daily ETF,Leverage Shares 2X Long UMC Daily ETF,Themes ETF Trust,0001976322,,,2026,2026,2.0,number,daily,UMC,ticker token,single_stock,True,False
S000096888,Defiance Daily Target 2X Short UNH ETF,Defiance Daily Target 2X Short UNH ETF,Tidal Trust II,0001924868,,,2026,2026,-2.0,number,daily,UNH,ticker token,single_stock,True,False
S000094270,Direxion Daily UNH Bear 1X ETF,Direxion Daily UNH Bear 1X ETF,Direxion Shares ETF Trust,0001424958,,,2025,2026,-1.0,number,daily,UNH,ticker token,single_stock,True,False
S000085493,Leverage Shares 2X Long UNH Daily ETF,Themes Waste & Recycling ETF | Leverage Shares 2X Long UNH Daily ETF,Themes ETF Trust,0001976322,UNHG,USED | UNHG,2024,2026,2.0,number,daily,UNH,ticker token,single_stock,True,True
S000094271,Direxion Daily UNH Bull 2X ETF,Direxion Daily UNH Bull 2X ETF,Direxion Shares ETF Trust,0001424958,UNHU,UNHU,2025,2026,2.0,number,daily,UNH,ticker token,single_stock,True,True
S000094381,GraniteShares 2x Long UNH Daily ETF,GraniteShares 2x Long UNH Daily ETF,GraniteShares ETF Trust,0001689873,,,2025,2026,2.0,number,daily,UNH,ticker token,single_stock,True,False
S000095469,T-REX 2X LONG UNH DAILY TARGET ETF,T-REX 2X LONG UNH DAILY TARGET ETF,ETF Opportunities Trust,0001771146,,,2026,2026,2.0,number,daily,UNH,ticker token,single_stock,True,False
S000104833,Corgi UNH 2x Daily ETF,Corgi UNH 2x Daily ETF,Corgi ETF Trust I,0002078265,,,2026,2026,2.0,number,daily,UNH,ticker token,single_stock,True,False
S000098596,Leverage Shares 3X Long UNH Daily ETF,Leverage Shares 3X Long UNH Daily ETF,Themes ETF Trust,0001976322,,,2026,2026,3.0,number,daily,UNH,ticker token,single_stock,True,False
S000098846,T-REX 3X Long UNH Daily Target ETF,T-REX 3X Long UNH Daily Target ETF,ETF Opportunities Trust,0001771146,,,2026,2026,3.0,number,daily,UNH,ticker token,single_stock,True,False
S000099692,Direxion Daily UNH Bull 3X ETF,Direxion Daily UNH Bull 3X ETF,Direxion Shares ETF Trust,0001424958,,,2026,2026,3.0,number,daily,UNH,ticker token,single_stock,True,False
S000100302,Defiance Daily Target 3X Long UNH ETF,Defiance Daily Target 3X Long UNH ETF,ETF Series Solutions,0001540305,,,2026,2026,3.0,number,daily,UNH,ticker token,single_stock,True,False
S000100401,3x UNH ETF,3x UNH ETF,Volatility Shares Trust,0001884021,,,2026,2026,3.0,number,daily,UNH,ticker token,single_stock,True,False
S000100402,5x UNH ETF,5x UNH ETF,Volatility Shares Trust,0001884021,,,2026,2026,5.0,number,daily,UNH,ticker token,single_stock,True,False
S000097179,Defiance Daily Target 2X Long UPS ETF,Defiance Daily Target 2X Long UPS ETF,Tidal Trust II,0001924868,,,2026,2026,2.0,number,daily,UPS,ticker token,single_stock,True,False
S000097924,Leverage Shares 2X Long UPS Daily ETF,Leverage Shares 2X Long UPS Daily ETF,Themes ETF Trust,0001976322,,,2026,2026,2.0,number,daily,UPS,ticker token,single_stock,True,False
S000099414,Defiance Daily Target 2X Short UPST ETF,Defiance Daily Target 2X Short UPST ETF,Tidal Trust II,0001924868,SUPS,SUPS,2026,2026,-2.0,number,daily,UPST,ticker token,single_stock,True,True
S000100824,Tradr 2X Short UPST Daily ETF,Tradr 2X Short UPST Daily ETF,Investment Managers Series Trust II,0001587982,UPSZ,UPSZ,2026,2026,-2.0,number,daily,UPST,ticker token,single_stock,True,True
S000091892,Tradr 2X Long UPST Daily ETF,Tradr 2X Long UPST Daily ETF,Investment Managers Series Trust II,0001587982,UPSX,UPSX,2025,2026,2.0,number,daily,UPST,ticker token,single_stock,True,True
S000093887,T-REX 2X LONG UPST DAILY TARGET ETF,T-REX 2X LONG UPST DAILY TARGET ETF,ETF Opportunities Trust,0001771146,UPUP,UPUP,2025,2026,2.0,number,daily,UPST,ticker token,single_stock,True,True
S000104848,Corgi UPST 2x Daily ETF,Corgi UPST 2x Daily ETF,Corgi ETF Trust I,0002078265,,,2026,2026,2.0,number,daily,UPST,ticker token,single_stock,True,False
S000098847,T-REX 3X Long UPST Daily Target ETF,T-REX 3X Long UPST Daily Target ETF,ETF Opportunities Trust,0001771146,,,2026,2026,3.0,number,daily,UPST,ticker token,single_stock,True,False
S000099275,Tradr 3X Long UPST Daily ETF,Tradr 3X Long UPST Daily ETF,Investment Managers Series Trust II,0001587982,,,2026,2026,3.0,number,daily,UPST,ticker token,single_stock,True,False
S000093888,T-REX 2X LONG UPXI DAILY TARGET ETF,T-REX 2X LONG UPXI DAILY TARGET ETF,ETF Opportunities Trust,0001771146,PXIU,PXIU,2025,2026,2.0,number,daily,UPXI,ticker token,single_stock,True,True
S000100560,Leverage Shares 2X Long UPXI Daily ETF,Leverage Shares 2X Long UPXI Daily ETF,Themes ETF Trust,0001976322,,,2026,2026,2.0,number,daily,UPXI,ticker token,single_stock,True,False
S000103014,Tradr 2X Short USAR Daily ETF,Tradr 2X Short USAR Daily ETF,Investment Managers Series Trust II,0001587982,,,2026,2026,-2.0,number,daily,USAR,ticker token,single_stock,True,False
S000100050,T-REX 2X LONG USAR DAILY TARGET ETF,T-REX 2X LONG USAR DAILY TARGET ETF,ETF Opportunities Trust,0001771146,,,2026,2026,2.0,number,daily,USAR,ticker token,single_stock,True,False
S000100561,Leverage Shares 2X Long USAR Daily ETF,Leverage Shares 2X Long USAR Daily ETF,Themes ETF Trust,0001976322,,,2026,2026,2.0,number,daily,USAR,ticker token,single_stock,True,False
S000100586,Tradr 2X Long USAR Daily ETF,Tradr 2X Long USAR Daily ETF,Investment Managers Series Trust II,0001587982,USAX,USAX,2026,2026,2.0,number,daily,USAR,ticker token,single_stock,True,True
S000100407,Tradr 2X Long USDE Daily ETF,Tradr 2X Long USDE Daily ETF,Investment Managers Series Trust II,0001587982,USXX,USXX,2026,2026,2.0,number,daily,USDE,ticker token,single_stock,True,True
S000100051,T-REX 2X LONG UUU DAILY TARGET ETF,T-REX 2X LONG UUU DAILY TARGET ETF,ETF Opportunities Trust,0001771146,,,2026,2026,2.0,number,daily,UUU,ticker token,single_stock,True,False
S000103015,Tradr 2X Short UUUU Daily ETF,Tradr 2X Short UUUU Daily ETF,Investment Managers Series Trust II,0001587982,,,2026,2026,-2.0,number,daily,UUUU,ticker token,single_stock,True,False
S000100562,Leverage Shares 2X Long UUUU Daily ETF,Leverage Shares 2X Long UUUU Daily ETF,Themes ETF Trust,0001976322,,,2026,2026,2.0,number,daily,UUUU,ticker token,single_stock,True,False
S000100926,Tradr 2X Long UUUU Daily ETF,Tradr 2X Long UUUU Daily ETF,Investment Managers Series Trust II,0001587982,UUUX,UUUX,2026,2026,2.0,number,daily,UUUU,ticker token,single_stock,True,True
S000100999,Defiance Daily Target 2X Long UUUU ETF,Defiance Daily Target 2X Long UUUU ETF,Tidal Trust II,0001924868,,,2026,2026,2.0,number,daily,UUUU,ticker token,single_stock,True,False
S000104850,Corgi UUUU 2x Daily ETF,Corgi UUUU 2x Daily ETF,Corgi ETF Trust I,0002078265,,,2026,2026,2.0,number,daily,UUUU,ticker token,single_stock,True,False
S000090372,Direxion Daily V Bear 1X ETF,Direxion Daily V Bear 1X Shares | Direxion Daily V Bear 1X ETF,Direxion Shares ETF Trust,0001424958,,,2025,2026,-1.0,number,daily,V,ticker token,single_stock,True,False
S000090371,Direxion Daily V Bull 2X ETF,Direxion Daily V Bull 2X Shares | Direxion Daily V Bull 2X ETF,Direxion Shares ETF Trust,0001424958,,,2025,2026,2.0,number,daily,V,ticker token,single_stock,True,False
S000097925,Leverage Shares 2X Long VALE Daily ETF,Leverage Shares 2X Long VALE Daily ETF,Themes ETF Trust,0001976322,,,2026,2026,2.0,number,daily,VALE,ticker token,single_stock,True,False
S000104917,Defiance Daily Target 2X Long VAVX ETF,Defiance Daily Target 2X Long VAVX ETF,Tidal Trust II,0001924868,VAVL,VAVL,2026,2026,2.0,number,daily,VAVX,ticker token,single_stock,True,True
S000106582,T-REX 2X LONG VECO DAILY TARGET ETF,T-REX 2X LONG VECO DAILY TARGET ETF,ETF Opportunities Trust,0001771146,,,2026,2026,2.0,number,daily,VECO,ticker token,single_stock,True,False
S000097438,T-REX 2X LONG VEEV DAILY TARGET ETF,T-REX 2X LONG VEEV DAILY TARGET ETF,ETF Opportunities Trust,0001771146,,,2026,2026,2.0,number,daily,VEEV,ticker token,single_stock,True,False
S000104018,Defiance Daily Target 2X Long VELO ETF,Defiance Daily Target 2X Long VELO ETF,Tidal Trust II,0001924868,VELL,VELL,2026,2026,2.0,number,daily,VELO,ticker token,single_stock,True,True
S000105564,Leverage Shares 2X Long VIAV Daily ETF,Leverage Shares 2X Long VIAV Daily ETF,Themes ETF Trust,0001976322,,,2026,2026,2.0,number,daily,VIAV,ticker token,single_stock,True,False
S000105890,T-REX 2X LONG VIAV DAILY TARGET ETF,T-REX 2X LONG VIAV DAILY TARGET ETF,ETF Opportunities Trust,0001771146,,,2026,2026,2.0,number,daily,VIAV,ticker token,single_stock,True,False
S000087483,T-REX 2X LONG VKTX DAILY TARGET ETF,T-REX 2X LONG VKTX DAILY TARGET ETF,ETF Opportunities Trust,0001771146,,,2026,2026,2.0,number,daily,VKTX,ticker token,single_stock,True,False
S000105759,Tradr 2X Long VLO Daily ETF,Tradr 2X Long VLO Daily ETF,Investment Managers Series Trust II,0001587982,,,2026,2026,2.0,number,daily,VLO,ticker token,single_stock,True,False
S000095063,Tradr 2X Long VOYG Daily ETF,Tradr 2X Long VOYG Daily ETF,Investment Managers Series Trust II,0001587982,VOYX,VOYX,2026,2026,2.0,number,daily,VOYG,ticker token,single_stock,True,True
S000095470,T-REX 2X LONG VOYG DAILY TARGET ETF,T-REX 2X LONG VOYG DAILY TARGET ETF,ETF Opportunities Trust,0001771146,,,2026,2026,2.0,number,daily,VOYG,ticker token,single_stock,True,False
S000107704,T-REX 2X LONG VPG DAILY TARGET ETF,T-REX 2X LONG VPG DAILY TARGET ETF,ETF Opportunities Trust,0001771146,,,2026,2026,2.0,number,daily,VPG,ticker token,single_stock,True,False
S000090909,GraniteShares 2x Long VRT Daily ETF,GraniteShares 2x Long VRT Daily ETF,GraniteShares ETF Trust,0001689873,VRTL,VRTL,2025,2026,2.0,number,daily,VRT,ticker token,single_stock,True,True
S000104865,Corgi VRT 2x Daily ETF,Corgi VRT 2x Daily ETF,Corgi ETF Trust I,0002078265,,,2026,2026,2.0,number,daily,VRT,ticker token,single_stock,True,False
S000100089,Defiance Daily Target 2X Long VRTX ETF,Defiance Daily Target 2X Long VRTX ETF,Tidal Trust II,0001924868,LVRT,LVRT,2026,2026,2.0,number,daily,VRTX,ticker token,single_stock,True,True
S000103140,Defiance Daily Target 2X Long VSAT ETF,Defiance Daily Target 2X Long VSAT ETF,Tidal Trust II,0001924868,,,2026,2026,2.0,number,daily,VSAT,ticker token,single_stock,True,False
S000104266,Leverage Shares 2X Long VSAT Daily ETF,Leverage Shares 2X Long VSAT Daily ETF,Themes ETF Trust,0001976322,,,2026,2026,2.0,number,daily,VSAT,ticker token,single_stock,True,False
S000105889,T-REX 2X LONG VSAT DAILY TARGET ETF,T-REX 2X LONG VSAT DAILY TARGET ETF,ETF Opportunities Trust,0001771146,,,2026,2026,2.0,number,daily,VSAT,ticker token,single_stock,True,False
S000091051,Defiance Daily Target 2X Long VST ETF,Defiance Daily Target 2X Long VST ETF,Tidal Trust II,0001924868,VSTL,VSTY | VSTL,2025,2026,2.0,number,daily,VST,ticker token,single_stock,True,True
S000093821,Leverage Shares 2X Long VST Daily ETF,Leverage Shares 2X Long VST Daily ETF,Themes ETF Trust,0001976322,,,2025,2026,2.0,number,daily,VST,ticker token,single_stock,True,False
S000102151,Defiance Daily Target 2X Long WBD ETF,Defiance Daily Target 2X Long WBD ETF,Tidal Trust II,0001924868,WBDL,WBDL,2026,2026,2.0,number,daily,WBD,ticker token,single_stock,True,True
S000103007,Tradr 2X Short WDC Daily ETF,Tradr 2X Short WDC Daily ETF,Investment Managers Series Trust II,0001587982,,,2026,2026,-2.0,number,daily,WDC,ticker token,single_stock,True,False
S000107350,Direxion Daily WDC Bear 2X ETF,Direxion Daily WDC Bear 2X ETF,Direxion Shares ETF Trust,0001424958,,,2026,2026,-2.0,number,daily,WDC,ticker token,single_stock,True,False
S000100587,Tradr 2X Long WDC Daily ETF,Tradr 2X Long WDC Daily ETF,Investment Managers Series Trust II,0001587982,WDCX,WDCX,2026,2026,2.0,number,daily,WDC,ticker token,single_stock,True,True
S000104268,Leverage Shares 2X Long WDC Daily ETF,Leverage Shares 2X Long WDC Daily ETF,Themes ETF Trust,0001976322,,,2026,2026,2.0,number,daily,WDC,ticker token,single_stock,True,False
S000104849,Corgi WDC 2x Daily ETF,Corgi WDC 2x Daily ETF,Corgi ETF Trust I,0002078265,,,2026,2026,2.0,number,daily,WDC,ticker token,single_stock,True,False
S000107357,Direxion Daily WDC Bull 2X ETF,Direxion Daily WDC Bull 2X ETF,Direxion Shares ETF Trust,0001424958,,,2026,2026,2.0,number,daily,WDC,ticker token,single_stock,True,False
S000104580,Leverage Shares 3X Long WDC Daily ETF,Leverage Shares 3X Long WDC Daily ETF,Themes ETF Trust,0001976322,,,2026,2026,3.0,number,daily,WDC,ticker token,single_stock,True,False
S000104693,Leverage Shares 4x Long WDC Daily ETF,Leverage Shares 4x Long WDC Daily ETF,Themes ETF Trust,0001976322,,,2026,2026,4.0,number,daily,WDC,ticker token,single_stock,True,False
S000076098,AXS 1.25X WFC Bear Daily ETF,AXS 2X WFC Bear Daily ETF | AXS 1.25X WFC Bear Daily ETF,Investment Managers Series Trust II,0001587982,WFCS,WFCS,2022,2023,-1.25,number,daily,WFC,ticker token,single_stock,False,True
S000076099,AXS 1.25X WFC Bull Daily ETF,AXS 2X WFC Bull Daily ETF | AXS 1.25X WFC Bull Daily ETF,Investment Managers Series Trust II,0001587982,WFCT,WFCT,2022,2023,1.25,number,daily,WFC,ticker token,single_stock,False,True
S000093889,T-REX 2X LONG WGS DAILY TARGET ETF,T-REX 2X LONG WGS DAILY TARGET ETF,ETF Opportunities Trust,0001771146,WGSU,WGSU,2025,2026,2.0,number,daily,WGS,ticker token,single_stock,True,True
S000100080,Defiance Daily Target 2X Long WING ETF,Defiance Daily Target 2X Long WING ETF,Tidal Trust II,0001924868,WINL,WINL,2026,2026,2.0,number,daily,WING,ticker token,single_stock,True,True
S000100260,Defiance Daily Target 2X Long WLTH ETF,Defiance Daily Target 2X Long WLTH ETF,Tidal Trust II,0001924868,,,2026,2026,2.0,number,daily,WLTH,ticker token,single_stock,True,False
S000101638,T-REX 2X LONG WLTH DAILY TARGET ETF,T-REX 2X LONG WLTH DAILY TARGET ETF,ETF Opportunities Trust,0001771146,,,2026,2026,2.0,number,daily,WLTH,ticker token,single_stock,True,False
S000094272,Direxion Daily WMT Bear 1X ETF,Direxion Daily WMT Bear 1X ETF,Direxion Shares ETF Trust,0001424958,,,2025,2026,-1.0,number,daily,WMT,ticker token,single_stock,True,False
S000094273,Direxion Daily WMT Bull 2X ETF,Direxion Daily WMT Bull 2X ETF,Direxion Shares ETF Trust,0001424958,,,2025,2026,2.0,number,daily,WMT,ticker token,single_stock,True,False
S000094382,GraniteShares 2x Long WMT Daily ETF,GraniteShares 2x Long WMT Daily ETF,GraniteShares ETF Trust,0001689873,,,2025,2026,2.0,number,daily,WMT,ticker token,single_stock,True,False
S000107497,GraniteShares 2x Short WOLF Daily ETF,GraniteShares 2x Short WOLF Daily ETF,GraniteShares ETF Trust,0001689873,,,2026,2026,-2.0,number,daily,WOLF,ticker token,single_stock,True,False
S000106583,T-REX 2X LONG WOLF DAILY TARGET ETF,T-REX 2X LONG WOLF DAILY TARGET ETF,ETF Opportunities Trust,0001771146,,,2026,2026,2.0,number,daily,WOLF,ticker token,single_stock,True,False
S000107496,GraniteShares 2x Long WOLF Daily ETF,GraniteShares 2x Long WOLF Daily ETF,GraniteShares ETF Trust,0001689873,,,2026,2026,2.0,number,daily,WOLF,ticker token,single_stock,True,False
S000100826,Tradr 2X Short WULF Daily ETF,Tradr 2X Short WULF Daily ETF,Investment Managers Series Trust II,0001587982,WULZ,WULZ,2026,2026,-2.0,number,daily,WULF,ticker token,single_stock,True,True
S000096128,Tradr 2X Long WULF Daily ETF,Tradr 2X Long WULF Daily ETF,Investment Managers Series Trust II,0001587982,WULX,WULX,2026,2026,2.0,number,daily,WULF,ticker token,single_stock,True,True
S000096446,T-REX 2X Long WULF Daily Target ETF,T-REX 2X Long WULF Daily Target ETF,ETF Opportunities Trust,0001771146,,,2026,2026,2.0,number,daily,WULF,ticker token,single_stock,True,False
S000100563,Leverage Shares 2X Long WULF Daily ETF,Leverage Shares 2X Long WULF Daily ETF,Themes ETF Trust,0001976322,,,2026,2026,2.0,number,daily,WULF,ticker token,single_stock,True,False
S000101639,T-REX 2X LONG WVE DAILY TARGET ETF,T-REX 2X LONG WVE DAILY TARGET ETF,ETF Opportunities Trust,0001771146,,,2026,2026,2.0,number,daily,WVE,ticker token,single_stock,True,False
S000100927,Tradr 2X Long WYFI Daily ETF,Tradr 2X Long WYFI Daily ETF,Investment Managers Series Trust II,0001587982,WYFX,WYFX,2026,2026,2.0,number,daily,WYFI,ticker token,single_stock,True,True
S000103269,Defiance Daily Target 2X Long WYFI ETF,Defiance Daily Target 2X Long WYFI ETF,Tidal Trust II,0001924868,WYFL,WYFL,2026,2026,2.0,number,daily,WYFI,ticker token,single_stock,True,True
S000096784,Defiance Daily Target 2X Long WYNN ETF,Defiance Daily Target 2X Long WYNN ETF,Tidal Trust II,0001924868,,,2026,2026,2.0,number,daily,WYNN,ticker token,single_stock,True,False
S000106850,GraniteShares 2x Long XE Daily ETF,GraniteShares 2x Long XE Daily ETF,GraniteShares ETF Trust,0001689873,,,2026,2026,2.0,number,daily,XE,ticker token,single_stock,True,False
S000106995,Tradr 2X Long XMTR Daily ETF,Tradr 2X Long XMTR Daily ETF,Investment Managers Series Trust II,0001587982,,,2026,2026,2.0,number,daily,XMTR,ticker token,single_stock,True,False
S000102579,Leverage Shares 3X Short [XNDU] Daily Target ETF,Leverage Shares 3X Short [XNDU] Daily Target ETF,Themes ETF Trust,0001976322,,,2026,2026,-3.0,number,daily,XNDU,ticker token,single_stock,True,False
S000102426,Leverage Shares 2X Short XNDU Daily ETF,Leverage Shares 2X Short XNDU Daily ETF,Themes ETF Trust,0001976322,,,2026,2026,-2.0,number,daily,XNDU,ticker token,single_stock,True,False
S000106147,GraniteShares 2x Short XNDU Daily ETF,GraniteShares 2x Short XNDU Daily ETF,GraniteShares ETF Trust,0001689873,,,2026,2026,-2.0,number,daily,XNDU,ticker token,single_stock,True,False
S000100946,Tradr 2X Long XNDU Daily ETF,Tradr 2X Long XNDU Daily ETF,Investment Managers Series Trust II,0001587982,XNDX,XNDX,2026,2026,2.0,number,daily,XNDU,ticker token,single_stock,True,True
S000102423,Leverage Shares 2X Long XNDU Daily ETF,Leverage Shares 2X Long XNDU Daily ETF,Themes ETF Trust,0001976322,,,2026,2026,2.0,number,daily,XNDU,ticker token,single_stock,True,False
S000106146,GraniteShares 2x Long XNDU Daily ETF,GraniteShares 2x Long XNDU Daily ETF,GraniteShares ETF Trust,0001689873,,,2026,2026,2.0,number,daily,XNDU,ticker token,single_stock,True,False
S000102576,Leverage Shares 3X Long [XNDU] Daily Target ETF,Leverage Shares 3X Long [XNDU] Daily Target ETF,Themes ETF Trust,0001976322,,,2026,2026,3.0,number,daily,XNDU,ticker token,single_stock,True,False
S000081145,GraniteShares 2x Short XOM Daily ETF,GraniteShares 1.5x Short XOM Daily ETF | GraniteShares 2x Short XOM Daily ETF,GraniteShares ETF Trust,0001689873,XMII,XOMD | XMII,2023,2026,-2.0,number,daily,XOM,ticker token,single_stock,True,True
S000077595,Kurv ExxonMobil (XOM) 1.5x Short Daily ETF,Kurv ExxonMobil (XOM) 1.5x Short Daily ETF,NEOS ETF Trust,0001848758,SXOM,SXOM,2023,2024,-1.5,number,daily,XOM,ticker token,single_stock,False,True
S000078223,Direxion Daily XOM Bear 1X Shares,Direxion Daily XOM Bear 1X Shares,Direxion Shares ETF Trust,0001424958,,,2023,2024,-1.0,number,daily,XOM,ticker token,single_stock,False,False
S000081161,GraniteShares 1x Short XOM Daily ETF,GraniteShares 1x Short XOM Daily ETF,GraniteShares ETF Trust,0001689873,XMI,XMI,2023,2026,-1.0,number,daily,XOM,ticker token,single_stock,True,True
S000090374,Direxion Daily XOM Bear 1X ETF,Direxion Daily XOM Bear 1X Shares | Direxion Daily XOM Bear 1X ETF,Direxion Shares ETF Trust,0001424958,XOMZ,XOMZ,2025,2026,-1.0,number,daily,XOM,ticker token,single_stock,True,True
S000077594,Kurv ExxonMobil (XOM) 1.5x Long Daily ETF,Kurv ExxonMobil (XOM) 1.5x Long Daily ETF,NEOS ETF Trust,0001848758,LXOM,LXOM,2023,2024,1.5,number,daily,XOM,ticker token,single_stock,False,True
S000078219,Direxion Daily XOM Bull 1.5X Shares,Direxion Daily XOM Bull 1.5X Shares,Direxion Shares ETF Trust,0001424958,,,2023,2024,1.5,number,daily,XOM,ticker token,single_stock,False,False
S000081166,GraniteShares 2x Long XOM Daily ETF,GraniteShares 1.5x Long XOM Daily ETF | GraniteShares 2x Long XOM Daily ETF,GraniteShares ETF Trust,0001689873,XML,XOML | XML,2023,2026,2.0,number,daily,XOM,ticker token,single_stock,True,True
S000090373,Direxion Daily XOM Bull 2X ETF,Direxion Daily XOM Bull 2X Shares | Direxion Daily XOM Bull 2X ETF,Direxion Shares ETF Trust,0001424958,XOMX,XOMX,2025,2026,2.0,number,daily,XOM,ticker token,single_stock,True,True
S000100564,Leverage Shares 2X Long XPEV Daily ETF,Leverage Shares 2X Long XPEV Daily ETF,Themes ETF Trust,0001976322,,,2026,2026,2.0,number,daily,XPEV,ticker token,single_stock,True,False
S000087462,T-REX 2X Long XXI Daily Target ETF,T-REX 2X LONG AMD DAILY TARGET ETF | T-REX 2X Long XXI Daily Target ETF,ETF Opportunities Trust,0001771146,XXIU,AMDU | XXIU,2025,2026,2.0,number,daily,XXI,ticker token,single_stock,True,True
S000087455,T-REX 2X INVERSE XYZ DAILY TARGET ETF,T-REX 2X INVERSE SQ DAILY TARGET ETF | T-REX 2X INVERSE XYZ DAILY TARGET ETF,ETF Opportunities Trust,0001771146,SQD,SQD,2025,2026,-2.0,number,daily,XYZ,ticker token,single_stock,True,True
S000092909,Direxion Daily XYZ Bear 1X ETF,Direxion Daily XYZ Bear 1X Shares | Direxion Daily XYZ Bear 1X ETF,Direxion Shares ETF Trust,0001424958,,,2025,2026,-1.0,number,daily,XYZ,ticker token,single_stock,True,False
S000102048,Portfolio Building Block 1X Inverse US Growth Daily Target ETF,Portfolio Building Block 1X Inverse US Growth Daily Target ETF,Tidal Trust II,0001924868,,,2026,2026,-1.0,number,daily,XYZ,company name,single_stock,True,False
S000104523,Portfolio Building Block 1X Inverse Developed Markets Ex US Daily Target ETF,Portfolio Building Block 1X Inverse Developed Markets Ex US Daily Target ETF,Tidal Trust II,0001924868,,,2026,2026,-1.0,number,daily,XYZ,company name,single_stock,True,False
S000104524,Portfolio Building Block 1X Inverse US Value Daily Target ETF,Portfolio Building Block 1X Inverse US Value Daily Target ETF,Tidal Trust II,0001924868,,,2026,2026,-1.0,number,daily,XYZ,company name,single_stock,True,False
S000106414,Portfolio Building Block 1X Inverse Developed Markets Ex US Daily Target ETF,Portfolio Building Block 1X Inverse Developed Markets Ex US Daily Target ETF,Tidal Trust IV,0002043390,,,2026,2026,-1.0,number,daily,XYZ,company name,single_stock,True,False
S000106415,Portfolio Building Block 1X Inverse US Growth Daily Target ETF,Portfolio Building Block 1X Inverse US Growth Daily Target ETF,Tidal Trust IV,0002043390,,,2026,2026,-1.0,number,daily,XYZ,company name,single_stock,True,False
S000106417,Portfolio Building Block 1X Inverse US Value Daily Target ETF,Portfolio Building Block 1X Inverse US Value Daily Target ETF,Tidal Trust IV,0002043390,,,2026,2026,-1.0,number,daily,XYZ,company name,single_stock,True,False
S000087480,T-REX 2X LONG XYZ DAILY TARGET ETF,T-REX 2X LONG SQ DAILY TARGET ETF | T-REX 2X LONG XYZ DAILY TARGET ETF,ETF Opportunities Trust,0001771146,SQU,SQU,2025,2026,2.0,number,daily,XYZ,ticker token,single_stock,True,True
S000090908,GraniteShares 2x Long XYZ Daily ETF,GraniteShares 2x Long XYZ Daily ETF,GraniteShares ETF Trust,0001689873,XYZL,XYZL,2025,2026,2.0,number,daily,XYZ,ticker token,single_stock,True,True
S000091231,Leverage Shares 2X Long XYZ Daily ETF,Leverage Shares 2X Long XYZ Daily ETF,Themes ETF Trust,0001976322,XYZG,XYZG,2025,2026,2.0,number,daily,XYZ,ticker token,single_stock,True,True
S000092908,Direxion Daily XYZ Bull 2X ETF,Direxion Daily XYZ Bull 2X Shares | Direxion Daily XYZ Bull 2X ETF,Direxion Shares ETF Trust,0001424958,,,2025,2026,2.0,number,daily,XYZ,ticker token,single_stock,True,False
S000103257,Leverage Shares 2X Short YSS Daily ETF,Leverage Shares 2X Short YSS Daily ETF,Themes ETF Trust,0001976322,,,2026,2026,-2.0,number,daily,YSS,ticker token,single_stock,True,False
S000103181,Tradr 2X Long YSS Daily ETF,Tradr 2X Long YSS Daily ETF,Investment Managers Series Trust II,0001587982,,,2026,2026,2.0,number,daily,YSS,ticker token,single_stock,True,False
S000103256,Leverage Shares 2X Long YSS Daily ETF,Leverage Shares 2X Long YSS Daily ETF,Themes ETF Trust,0001976322,,,2026,2026,2.0,number,daily,YSS,ticker token,single_stock,True,False
S000104020,Defiance Daily Target 2X Long YSS ETF,Defiance Daily Target 2X Long YSS ETF,Tidal Trust II,0001924868,,,2026,2026,2.0,number,daily,YSS,ticker token,single_stock,True,False
S000095541,Defiance Daily Target 2X Long ZETA ETF,Defiance Daily Target 2X Long ZETA ETF,Tidal Trust II,0001924868,ZETX,ZETX,2026,2026,2.0,number,daily,ZETA,ticker token,single_stock,True,True
S000102262,T-REX 2X LONG ZETA DAILY TARGET ETF,T-REX 2X LONG ZETA DAILY TARGET ETF,ETF Opportunities Trust,0001771146,,,2026,2026,2.0,number,daily,ZETA,ticker token,single_stock,True,False
S000100052,T-REX 2X LONG ZIM DAILY TARGET ETF,T-REX 2X LONG ZIM DAILY TARGET ETF,ETF Opportunities Trust,0001771146,,,2026,2026,2.0,number,daily,ZIM,ticker token,single_stock,True,False
S000100081,Defiance Daily Target 2X Long ZIM ETF,Defiance Daily Target 2X Long ZIM ETF,Tidal Trust II,0001924868,ZIML,ZIML,2026,2026,2.0,number,daily,ZIM,ticker token,single_stock,True,True
S000097926,Leverage Shares 2X Long ZM Daily ETF,Leverage Shares 2X Long ZM Daily ETF,Themes ETF Trust,0001976322,,,2026,2026,2.0,number,daily,ZM,ticker token,single_stock,True,False
S000091900,Tradr 2X Long ZS Daily ETF,Tradr 2X Long ZS Daily ETF,Investment Managers Series Trust II,0001587982,ZSX,ZSX,2025,2026,2.0,number,daily,ZS,ticker token,single_stock,True,True
S000100565,Leverage Shares 2X Long ZS Daily ETF,Leverage Shares 2X Long ZS Daily ETF,Themes ETF Trust,0001976322,,,2026,2026,2.0,number,daily,ZS,ticker token,single_stock,True,False
S000103335,GraniteShares 4x Short IEMG Daily ETF,GraniteShares 4x Short IEMG Daily ETF,GraniteShares ETF Trust,0001689873,,,2026,2026,-4.0,number,daily,,unresolved,unresolved,True,False
S000103336,GraniteShares 4x Short IWM Daily ETF,GraniteShares 4x Short IWM Daily ETF,GraniteShares ETF Trust,0001689873,,,2026,2026,-4.0,number,daily,,unresolved,unresolved,True,False
S000103340,GraniteShares 4x Short XLB Daily ETF,GraniteShares 4x Short XLB Daily ETF,GraniteShares ETF Trust,0001689873,,,2026,2026,-4.0,number,daily,,unresolved,unresolved,True,False
S000103341,GraniteShares 4x Short XLC Daily ETF,GraniteShares 4x Short XLC Daily ETF,GraniteShares ETF Trust,0001689873,,,2026,2026,-4.0,number,daily,,unresolved,unresolved,True,False
S000103342,GraniteShares 4x Short XLE Daily ETF,GraniteShares 4x Short XLE Daily ETF,GraniteShares ETF Trust,0001689873,,,2026,2026,-4.0,number,daily,,unresolved,unresolved,True,False
S000103343,GraniteShares 4x Short XLF Daily ETF,GraniteShares 4x Short XLF Daily ETF,GraniteShares ETF Trust,0001689873,,,2026,2026,-4.0,number,daily,,unresolved,unresolved,True,False
S000103344,GraniteShares 4x Short XLI Daily ETF,GraniteShares 4x Short XLI Daily ETF,GraniteShares ETF Trust,0001689873,,,2026,2026,-4.0,number,daily,,unresolved,unresolved,True,False
S000103345,GraniteShares 4x Short XLK Daily ETF,GraniteShares 4x Short XLK Daily ETF,GraniteShares ETF Trust,0001689873,,,2026,2026,-4.0,number,daily,,unresolved,unresolved,True,False
S000103346,GraniteShares 4x Short XLP Daily ETF,GraniteShares 4x Short XLP Daily ETF,GraniteShares ETF Trust,0001689873,,,2026,2026,-4.0,number,daily,,unresolved,unresolved,True,False
S000103347,GraniteShares 4x Short XLRE Daily ETF,GraniteShares 4x Short XLRE Daily ETF,GraniteShares ETF Trust,0001689873,,,2026,2026,-4.0,number,daily,,unresolved,unresolved,True,False
S000103348,GraniteShares 4x Short XLU Daily ETF,GraniteShares 4x Short XLU Daily ETF,GraniteShares ETF Trust,0001689873,,,2026,2026,-4.0,number,daily,,unresolved,unresolved,True,False
S000103349,GraniteShares 4x Short XLV Daily ETF,GraniteShares 4x Short XLV Daily ETF,GraniteShares ETF Trust,0001689873,,,2026,2026,-4.0,number,daily,,unresolved,unresolved,True,False
S000103351,GraniteShares 4x Short XLY Daily ETF,GraniteShares 4x Short XLY Daily ETF,GraniteShares ETF Trust,0001689873,,,2026,2026,-4.0,number,daily,,unresolved,unresolved,True,False
S000103491,GraniteShares 4x Short AI Daily ETF,GraniteShares 4x Short AI Daily ETF,GraniteShares ETF Trust,0001689873,,,2026,2026,-4.0,number,daily,,unresolved,unresolved,True,False
S000103492,GraniteShares 4x Short Blockchain Daily ETF,GraniteShares 4x Short Blockchain Daily ETF,GraniteShares ETF Trust,0001689873,,,2026,2026,-4.0,number,daily,,unresolved,unresolved,True,False
S000103497,GraniteShares 4x Short IVES Daily ETF,GraniteShares 4x Short IVES Daily ETF,GraniteShares ETF Trust,0001689873,,,2026,2026,-4.0,number,daily,,unresolved,unresolved,True,False
S000103500,GraniteShares 4x Short Lithium and Battery Daily ETF,GraniteShares 4x Short Lithium and Battery Daily ETF,GraniteShares ETF Trust,0001689873,,,2026,2026,-4.0,number,daily,,unresolved,unresolved,True,False
S000103501,GraniteShares 4x Short Mag 7 Daily ETF,GraniteShares 4x Short Mag 7 Daily ETF,GraniteShares ETF Trust,0001689873,,,2026,2026,-4.0,number,daily,,unresolved,unresolved,True,False
S000057168,Direxion Daily Metals & Mining Bear 3X Shares,Direxion Daily Metals & Mining Bear 3X Shares,Direxion Shares ETF Trust,0001424958,,,2022,2022,-3.0,number,daily,,unresolved,unresolved,False,False
S000098413,Defiance Daily Target 3X Short MAGS ETF,Defiance Daily Target 3X Short MAGS ETF,ETF Series Solutions,0001540305,,,2026,2026,-3.0,number,daily,,unresolved,unresolved,True,False
S000098424,Defiance Daily Target 3X Short GDX ETF,Defiance Daily Target 3X Short GDX ETF,ETF Series Solutions,0001540305,,,2026,2026,-3.0,number,daily,,unresolved,unresolved,True,False
S000098446,Defiance Daily Target 3X Short SOLZ ETF,Defiance Daily Target 3X Short SOLZ ETF,ETF Series Solutions,0001540305,,,2026,2026,-3.0,number,daily,,unresolved,unresolved,True,False
S000102578,Leverage Shares 3X Short MTVE Daily Target ETF,Leverage Shares 3X Short MTVE Daily Target ETF,Themes ETF Trust,0001976322,,,2026,2026,-3.0,number,daily,,unresolved,unresolved,True,False
S000103754,GraniteShares 3x Short AI Daily ETF,GraniteShares 3x Short AI Daily ETF,GraniteShares ETF Trust,0001689873,,,2026,2026,-3.0,number,daily,,unresolved,unresolved,True,False
S000103755,GraniteShares 3x Short Blockchain Daily ETF,GraniteShares 3x Short Blockchain Daily ETF,GraniteShares ETF Trust,0001689873,,,2026,2026,-3.0,number,daily,,unresolved,unresolved,True,False
S000103759,GraniteShares 3x Short IVES Daily ETF,GraniteShares 3x Short IVES Daily ETF,GraniteShares ETF Trust,0001689873,,,2026,2026,-3.0,number,daily,,unresolved,unresolved,True,False
S000103762,GraniteShares 3x Short Lithium and Battery Daily ETF,GraniteShares 3x Short Lithium and Battery Daily ETF,GraniteShares ETF Trust,0001689873,,,2026,2026,-3.0,number,daily,,unresolved,unresolved,True,False
S000103764,GraniteShares 3x Short Mag 7 Daily ETF,GraniteShares 3x Short Mag 7 Daily ETF,GraniteShares ETF Trust,0001689873,,,2026,2026,-3.0,number,daily,,unresolved,unresolved,True,False
S000003913,Nomura Ultrashort Fund,Delaware Investments Ultrashort Fund | Macquarie Ultrashort Fund | Nomura Ultrashort Fund,DELAWARE GROUP CASH RESERVE,0000230173,DULTX,DLTCX | DULTX | DLTLX | DLTAX,2022,2026,-2.0,proshares ultra,daily,,unresolved,unresolved,True,True
S000008850,ULTRASHORT INTERNATIONAL PROFUND,ULTRASHORT INTERNATIONAL PROFUND,ProFunds,0001039803,UXPSX,UXPIX | UXPSX,2022,2026,-2.0,proshares ultra,daily,,unresolved,unresolved,True,True
S000012863,ULTRASHORT LATIN AMERICA PROFUND,ULTRASHORT LATIN AMERICA PROFUND,ProFunds,0001039803,UFPSX,UFPIX | UFPSX,2022,2026,-2.0,proshares ultra,daily,,unresolved,unresolved,True,True
S000029778,ProShares UltraShort TIPs,ProShares UltraShort TIPs,PROSHARES TRUST,0001174610,TPS,TPS,2022,2022,-2.0,proshares ultra,daily,,unresolved,unresolved,False,True
S000055293,AAAMCO Ultrashort Financing Fund,AAAMCO Ultrashort Financing Fund,ASSET MANAGEMENT FUND,0000705318,REPYX,REPOX | REPYX,2022,2026,-2.0,proshares ultra,daily,,unresolved,unresolved,True,True
S000072080,Direxion Daily 5G Communications Bear 2X Shares,Direxion Daily 5G Communications Bear 2X Shares,Direxion Shares ETF Trust,0001424958,,,2022,2024,-2.0,number,daily,,unresolved,unresolved,False,False
S000073455,ETFMG 2X Daily Inverse Alternative Harvest ETF,ETFMG 2X Daily Inverse Alternative Harvest ETF,ETF Managers Trust,0001467831,MJIN,MJIN,2022,2023,-2.0,number,daily,,unresolved,unresolved,False,True
S000073590,Direxion Daily US Infrastructure Bear 2X Shares,Direxion Daily US Infrastructure Bear 2X Shares,Direxion Shares ETF Trust,0001424958,,,2022,2024,-2.0,number,daily,,unresolved,unresolved,False,False
S000073592,Direxion Daily FinTech Bear 2X Shares,Direxion Daily FinTech Bear 2X Shares,Direxion Shares ETF Trust,0001424958,,,2022,2024,-2.0,number,daily,,unresolved,unresolved,False,False
S000074235,Direxion Daily Aviation Bear 2X Shares,Direxion Daily Aviation Bear 2X Shares,Direxion Shares ETF Trust,0001424958,,,2022,2026,-2.0,number,daily,,unresolved,unresolved,True,False
S000074239,Direxion Daily Rare Earth/Strategic Metals Bear 2X Shares,Direxion Daily Rare Earth/Strategic Metals Bear 2X Shares,Direxion Shares ETF Trust,0001424958,,,2022,2024,-2.0,number,daily,,unresolved,unresolved,False,False
S000075768,Direxion Daily Electric and Autonomous Vehicles Bear 2X Shares,Direxion Daily Electric and Autonomous Vehicles Bear 2X Shares,Direxion Shares ETF Trust,0001424958,,,2022,2026,-2.0,number,daily,,unresolved,unresolved,True,False
S000075772,Direxion Daily TIPS Bear 2X Shares,Direxion Daily TIPS Bear 2X Shares,Direxion Shares ETF Trust,0001424958,TIPD,TIPD,2022,2026,-2.0,number,daily,,unresolved,unresolved,True,True
S000078173,Direxion Daily Transformative Tech 100 Bear 2X Shares,Direxion Daily Transformative Tech 100 Bear 2X Shares,Direxion Shares ETF Trust,0001424958,,,2023,2024,-2.0,number,daily,,unresolved,unresolved,False,False
S000082339,Tuttle Capital Daily 2X Inverse AI ETF,Tuttle Capital Daily 2X Inverse AI ETF,ETF Opportunities Trust,0001771146,XXAI,XXAI,2024,2024,-2.0,number,daily,,unresolved,unresolved,False,True
S000083880,Direxion Daily AI and Big Data Bear 2X ETF,Direxion Daily AI and Big Data Bear 2X Shares | Direxion Daily AI and Big Data Bear 2X ETF,Direxion Shares ETF Trust,0001424958,AIBD,AIBD,2024,2026,-2.0,number,daily,,unresolved,unresolved,True,True
S000086143,Tradr 2X Short SOXX Monthly ETF,Tradr 2X Short SOXX Monthly ETF,Investment Managers Series Trust II,0001587982,BSOX,BSOX,2024,2025,-2.0,number,monthly,,unresolved,unresolved,False,True
S000086144,Tradr 2X Short SOXX Quarterly ETF,Tradr 2X Short SOXX Quarterly ETF,Investment Managers Series Trust II,0001587982,QSOX,QSOX,2024,2025,-2.0,number,quarterly,,unresolved,unresolved,False,True
S000086145,Tradr 2X Short SOXX Weekly ETF,Tradr 2X Short SOXX Weekly ETF,Investment Managers Series Trust II,0001587982,WSOX,WSOX,2024,2025,-2.0,number,weekly,,unresolved,unresolved,False,True
S000086149,Tradr 2X Short TLT Monthly ETF,Tradr 2X Short TLT Monthly ETF,Investment Managers Series Trust II,0001587982,MTLT,MTLT,2024,2025,-2.0,number,monthly,,unresolved,unresolved,False,True
S000092881,Direxion Daily Next Gen Bear 2X ETF,Direxion Daily Quantum Computing Bear 2X Shares | Direxion Daily Next Gen Bear 2X ETF,Direxion Shares ETF Trust,0001424958,,,2025,2026,-2.0,number,daily,,unresolved,unresolved,True,False
S000092916,Direxion Daily Communication Services Top 5 Bear 2X ETF,Direxion Daily Super Sector Communication Services Bear 1X Shares | Direxion Daily Communication Services Top 5 Bear 2X ETF,Direxion Shares ETF Trust,0001424958,,,2025,2026,-2.0,number,daily,,unresolved,unresolved,True,False
S000100936,Tradr 2X Short Databricks Daily ETF,Tradr 2X Short Databricks Daily ETF,Investment Managers Series Trust II,0001587982,DBRQ,DBRQ,2026,2026,-2.0,number,daily,,unresolved,unresolved,True,True
S000102425,Leverage Shares 2X Short MTVE Daily ETF,Leverage Shares 2X Short MTVE Daily ETF,Themes ETF Trust,0001976322,,,2026,2026,-2.0,number,daily,,unresolved,unresolved,True,False
S000103209,Leverage Shares 2X Short Discord Daily ETF,Leverage Shares 2X Short Discord Daily ETF,Themes ETF Trust,0001976322,,,2026,2026,-2.0,number,daily,,unresolved,unresolved,True,False
S000103279,Leverage Shares 2X Short Strava Daily ETF,Leverage Shares 2X Short Strava Daily ETF,Themes ETF Trust,0001976322,,,2026,2026,-2.0,number,daily,,unresolved,unresolved,True,False
S000103283,Leverage Shares 2X Short Anthropic Daily ETF,Leverage Shares 2X Short Anthropic Daily ETF,Themes ETF Trust,0001976322,,,2026,2026,-2.0,number,daily,,unresolved,unresolved,True,False
S000103380,Leverage Shares 2X Short Databricks Daily ETF,Leverage Shares 2X Short Databricks Daily ETF,Themes ETF Trust,0001976322,,,2026,2026,-2.0,number,daily,,unresolved,unresolved,True,False
S000103399,Leverage Shares 2X Short Lambda Daily ETF,Leverage Shares 2X Short Lambda Daily ETF,Themes ETF Trust,0001976322,,,2026,2026,-2.0,number,daily,,unresolved,unresolved,True,False
S000103433,Leverage Shares 2X Short Stripe Daily ETF,Leverage Shares 2X Short Stripe Daily ETF,Themes ETF Trust,0001976322,,,2026,2026,-2.0,number,daily,,unresolved,unresolved,True,False
S000103451,Leverage Shares 2X Short Dataiku Daily ETF,Leverage Shares 2X Short Dataiku Daily ETF,Themes ETF Trust,0001976322,,,2026,2026,-2.0,number,daily,,unresolved,unresolved,True,False
S000103524,Leverage Shares 2X Short OpenAI Daily ETF,Leverage Shares 2X Short OpenAI Daily ETF,Themes ETF Trust,0001976322,,,2026,2026,-2.0,number,daily,,unresolved,unresolved,True,False
S000104062,GraniteShares 2x Short Databricks Daily ETF,GraniteShares 2x Short Databricks Daily ETF,GraniteShares ETF Trust,0001689873,,,2026,2026,-2.0,number,daily,,unresolved,unresolved,True,False
S000104064,GraniteShares 2x Short Anthropic Daily ETF,GraniteShares 2x Short Anthropic Daily ETF,GraniteShares ETF Trust,0001689873,,,2026,2026,-2.0,number,daily,,unresolved,unresolved,True,False
S000104068,GraniteShares 2x Short OpenAI Daily ETF,GraniteShares 2x Short OpenAI Daily ETF,GraniteShares ETF Trust,0001689873,,,2026,2026,-2.0,number,daily,,unresolved,unresolved,True,False
S000104143,Tradr 2X Short OpenAI Daily ETF,Tradr 2X Short OpenAI Daily ETF,Investment Managers Series Trust II,0001587982,,,2026,2026,-2.0,number,daily,,unresolved,unresolved,True,False
S000104147,Tradr 2X Short Quantinuum Daily ETF,Tradr 2X Short Quantinuum Daily ETF,Investment Managers Series Trust II,0001587982,,,2026,2026,-2.0,number,daily,,unresolved,unresolved,True,False
S000104151,Tradr 2X Short Kraken Daily ETF,Tradr 2X Short Kraken Daily ETF,Investment Managers Series Trust II,0001587982,,,2026,2026,-2.0,number,daily,,unresolved,unresolved,True,False
S000104630,Tradr 2X Short Anthropic Daily ETF,Tradr 2X Short Anthropic Daily ETF,Investment Managers Series Trust II,0001587982,,,2026,2026,-2.0,number,daily,,unresolved,unresolved,True,False
S000104634,Tradr 2X Short Ledger Daily ETF,Tradr 2X Short Ledger Daily ETF,Investment Managers Series Trust II,0001587982,,,2026,2026,-2.0,number,daily,,unresolved,unresolved,True,False
S000104636,Tradr 2X Short Revolut Daily ETF,Tradr 2X Short Revolut Daily ETF,Investment Managers Series Trust II,0001587982,,,2026,2026,-2.0,number,daily,,unresolved,unresolved,True,False
S000104655,Defiance Daily Target 2X Short [Discord] ETF,Defiance Daily Target 2X Short [Discord] ETF,Tidal Trust II,0001924868,,,2026,2026,-2.0,number,daily,,unresolved,unresolved,True,False
S000104941,Direxion Daily Anthropic Bear 2X ETF,Direxion Daily Anthropic Bear 2X ETF,Direxion Shares ETF Trust,0001424958,,,2026,2026,-2.0,number,daily,,unresolved,unresolved,True,False
S000104944,Direxion Daily OpenAI Bear 2X ETF,Direxion Daily OpenAI Bear 2X ETF,Direxion Shares ETF Trust,0001424958,,,2026,2026,-2.0,number,daily,,unresolved,unresolved,True,False
S000104990,Direxion Daily Databricks Bear 2X ETF,Direxion Daily Databricks Bear 2X ETF,Direxion Shares ETF Trust,0001424958,,,2026,2026,-2.0,number,daily,,unresolved,unresolved,True,False
S000104992,Direxion Daily Anduril Bear 2X ETF,Direxion Daily Anduril Bear 2X ETF,Direxion Shares ETF Trust,0001424958,,,2026,2026,-2.0,number,daily,,unresolved,unresolved,True,False
S000105161,GraniteShares 2x Short AI Daily ETF,GraniteShares 2x Short AI Daily ETF,GraniteShares ETF Trust,0001689873,,,2026,2026,-2.0,number,daily,,unresolved,unresolved,True,False
S000105170,GraniteShares 2x Short ETN Daily ETF,GraniteShares 2x Short ETN Daily ETF,GraniteShares ETF Trust,0001689873,,,2026,2026,-2.0,number,daily,,unresolved,unresolved,True,False
S000105236,Tradr 2X Short Anduril Daily ETF,Tradr 2X Short Anduril Daily ETF,Investment Managers Series Trust II,0001587982,,,2026,2026,-2.0,number,daily,,unresolved,unresolved,True,False
S000105243,Tradr 2X Short Plaid Daily ETF,Tradr 2X Short Plaid Daily ETF,Investment Managers Series Trust II,0001587982,,,2026,2026,-2.0,number,daily,,unresolved,unresolved,True,False
S000105245,Tradr 2X Short Stripe Daily ETF,Tradr 2X Short Stripe Daily ETF,Investment Managers Series Trust II,0001587982,,,2026,2026,-2.0,number,daily,,unresolved,unresolved,True,False
S000105317,Defiance Daily Target 2X Short [Anthropic] ETF,Defiance Daily Target 2X Short [Anthropic] ETF,Tidal Trust II,0001924868,,,2026,2026,-2.0,number,daily,,unresolved,unresolved,True,False
S000105386,Defiance Daily Target 2X Short [Anduril] ETF,Defiance Daily Target 2X Short [Anduril] ETF,Tidal Trust II,0001924868,,,2026,2026,-2.0,number,daily,,unresolved,unresolved,True,False
S000105525,GraniteShares 2x Short SK Hynix Daily ETF,GraniteShares 2x Short SK Hynix Daily ETF,GraniteShares ETF Trust,0001689873,,,2026,2026,-2.0,number,daily,,unresolved,unresolved,True,False
S000105551,Defiance Daily Target 2X Short [OpenAI] ETF,Defiance Daily Target 2X Short [OpenAI] ETF,Tidal Trust II,0001924868,,,2026,2026,-2.0,number,daily,,unresolved,unresolved,True,False
S000105632,GraniteShares 2x Short Anduril Daily ETF,GraniteShares 2x Short Anduril Daily ETF,GraniteShares ETF Trust,0001689873,,,2026,2026,-2.0,number,daily,,unresolved,unresolved,True,False
S000105658,Defiance 2X Daily Short Taiwan ETF,Defiance 2X Daily Short Taiwan ETF,Tidal Trust II,0001924868,,,2026,2026,-2.0,number,daily,,unresolved,unresolved,True,False
S000105714,Defiance Daily Target 2X Short [Cohere] ETF,Defiance Daily Target 2X Short [Cohere] ETF,Tidal Trust II,0001924868,,,2026,2026,-2.0,number,daily,,unresolved,unresolved,True,False
S000105852,Leverage Shares 2X Short Viva Republica Daily ETF,Leverage Shares 2X Short Viva Republica Daily ETF,Themes ETF Trust,0001976322,,,2026,2026,-2.0,number,daily,,unresolved,unresolved,True,False
S000106009,Defiance Daily Target 2X Short [Cerebras] ETF,Defiance Daily Target 2X Short [Cerebras] ETF,Tidal Trust II,0001924868,,,2026,2026,-2.0,number,daily,,unresolved,unresolved,True,False
S000106042,Defiance Daily Target 2X Short [Kraken] ETF,Defiance Daily Target 2X Short [Kraken] ETF,Tidal Trust II,0001924868,,,2026,2026,-2.0,number,daily,,unresolved,unresolved,True,False
S000106080,Defiance Daily Target 2X Short [Databricks] ETF,Defiance Daily Target 2X Short [Databricks] ETF,Tidal Trust II,0001924868,,,2026,2026,-2.0,number,daily,,unresolved,unresolved,True,False
S000106175,Defiance Daily Target 2X Short [Stripe] ETF,Defiance Daily Target 2X Short [Stripe] ETF,Tidal Trust II,0001924868,,,2026,2026,-2.0,number,daily,,unresolved,unresolved,True,False
S000106204,GraniteShares 2x Short [Lambda] Daily ETF,GraniteShares 2x Short [Lambda] Daily ETF,GraniteShares ETF Trust,0001689873,,,2026,2026,-2.0,number,daily,,unresolved,unresolved,True,False
S000106216,GraniteShares 2x Short [Nscale] Daily ETF,GraniteShares 2x Short [Nscale] Daily ETF,GraniteShares ETF Trust,0001689873,,,2026,2026,-2.0,number,daily,,unresolved,unresolved,True,False
S000106228,GraniteShares 2x Short [Scale AI] Daily ETF,GraniteShares 2x Short [Scale AI] Daily ETF,GraniteShares ETF Trust,0001689873,,,2026,2026,-2.0,number,daily,,unresolved,unresolved,True,False
S000106232,GraniteShares 2x Short [Croq] Daily ETF,GraniteShares 2x Short [Croq] Daily ETF,GraniteShares ETF Trust,0001689873,,,2026,2026,-2.0,number,daily,,unresolved,unresolved,True,False
S000106236,GraniteShares 2x Short [SambaNova] Daily ETF,GraniteShares 2x Short [SambaNova] Daily ETF,GraniteShares ETF Trust,0001689873,,,2026,2026,-2.0,number,daily,,unresolved,unresolved,True,False
S000106246,Defiance Daily Target 2X Short [Toss] ETF,Defiance Daily Target 2X Short [Toss] ETF,Tidal Trust II,0001924868,,,2026,2026,-2.0,number,daily,,unresolved,unresolved,True,False
S000106285,Leverage Shares 2X Short Scale AI Daily ETF,Leverage Shares 2X Short Scale AI Daily ETF,Themes ETF Trust,0001976322,,,2026,2026,-2.0,number,daily,,unresolved,unresolved,True,False
S000106291,Leverage Shares 2X Short NScale Daily ETF,Leverage Shares 2X Short NScale Daily ETF,Themes ETF Trust,0001976322,,,2026,2026,-2.0,number,daily,,unresolved,unresolved,True,False
S000106294,Leverage Shares 2X Short Groq Daily ETF,Leverage Shares 2X Short Groq Daily ETF,Themes ETF Trust,0001976322,,,2026,2026,-2.0,number,daily,,unresolved,unresolved,True,False
S000106309,Leverage Shares 2X Short SambaNova Daily ETF,Leverage Shares 2X Short SambaNova Daily ETF,Themes ETF Trust,0001976322,,,2026,2026,-2.0,number,daily,,unresolved,unresolved,True,False
S000106467,Tradr 2X Short Applied Intuition Daily ETF,Tradr 2X Short Applied Intuition Daily ETF,Investment Managers Series Trust II,0001587982,,,2026,2026,-2.0,number,daily,,unresolved,unresolved,True,False
S000106512,Tradr 2X Short Celonis Daily ETF,Tradr 2X Short Celonis Daily ETF,Investment Managers Series Trust II,0001587982,,,2026,2026,-2.0,number,daily,,unresolved,unresolved,True,False
S000106642,Tradr 2X Short SK Hynix Daily ETF,Tradr 2X Short SK Hynix Daily ETF,Investment Managers Series Trust II,0001587982,,,2026,2026,-2.0,number,daily,,unresolved,unresolved,True,False
S000106651,Leverage Shares 2X Short Applied Intuition Daily ETF,Leverage Shares 2X Short Applied Intuition Daily ETF,Themes ETF Trust,0001976322,,,2026,2026,-2.0,number,daily,,unresolved,unresolved,True,False
S000106654,Leverage Shares 2X Short Revolut Daily ETF,Leverage Shares 2X Short Revolut Daily ETF,Themes ETF Trust,0001976322,,,2026,2026,-2.0,number,daily,,unresolved,unresolved,True,False
S000106657,Leverage Shares 2X Short Anduril Daily ETF,Leverage Shares 2X Short Anduril Daily ETF,Themes ETF Trust,0001976322,,,2026,2026,-2.0,number,daily,,unresolved,unresolved,True,False
S000106660,Leverage Shares 2X Short Roze Daily ETF,Leverage Shares 2X Short Roze Daily ETF,Themes ETF Trust,0001976322,,,2026,2026,-2.0,number,daily,,unresolved,unresolved,True,False
S000106723,T-REX 2X INVERSE DRAM DAILY TARGET ETF,T-REX 2X INVERSE DRAM DAILY TARGET ETF,ETF Opportunities Trust,0001771146,,,2026,2026,-2.0,number,daily,,unresolved,unresolved,True,False
S000106739,Tradr 2X Short Dataiku Daily ETF,Tradr 2X Short Dataiku Daily ETF,Investment Managers Series Trust II,0001587982,,,2026,2026,-2.0,number,daily,,unresolved,unresolved,True,False
S000106965,GraniteShares 2x Short Kioxia Daily ETF,GraniteShares 2x Short Kioxia Daily ETF,GraniteShares ETF Trust,0001689873,,,2026,2026,-2.0,number,daily,,unresolved,unresolved,True,False
S000106999,Tradr 2X Short DRAM Daily ETF,Tradr 2X Short DRAM Daily ETF,Investment Managers Series Trust II,0001587982,,,2026,2026,-2.0,number,daily,,unresolved,unresolved,True,False
S000107351,Direxion Daily DRAM Bear 2X ETF,Direxion Daily DRAM Bear 2X ETF,Direxion Shares ETF Trust,0001424958,,,2026,2026,-2.0,number,daily,,unresolved,unresolved,True,False
S000000849,LEUTHOLD GRIZZLY SHORT FUND,GRIZZLY SHORT FUND | LEUTHOLD GRIZZLY SHORT FUND,LEUTHOLD FUNDS INC,0001000351,GRZZX,GRZZX,2022,2025,-1.0,inverse no number,daily,,unresolved,unresolved,False,True
S000002165,"T. Rowe Price Tax-Free Short-Intermediate Fund, Inc.","T. Rowe Price Tax-Free Short-Intermediate Fund, Inc.","T. Rowe Price Tax-Free Short-Intermediate Fund, Inc.",0000730200,TTSIX,PATIX | PRFSX | TTSIX,2022,2026,-1.0,inverse no number,daily,,unresolved,unresolved,True,True
S000003076,BEAR PROFUND,BEAR PROFUND,ProFunds,0001039803,BRPSX,BRPIX | BRPSX,2022,2026,-1.0,inverse no number,daily,,unresolved,unresolved,True,True
S000003959,PROFUND VP BEAR,PROFUND VP BEAR,ProFunds,0001039803,,,2022,2026,-1.0,inverse no number,daily,,unresolved,unresolved,True,False
S000004469,SHORT PRECIOUS METALS PROFUND,SHORT PRECIOUS METALS PROFUND,ProFunds,0001039803,SPPSX,SPPIX | SPPSX,2022,2026,-1.0,inverse no number,daily,,unresolved,unresolved,True,True
S000008660,Transamerica Asset Allocation-Short Horizon Subaccount,Transamerica Asset Allocation-Short Horizon Subaccount,TRANSAMERICA ASSET ALLOCATION VARIABLE FUNDS,0001018953,,,2022,2022,-1.0,inverse no number,daily,,unresolved,unresolved,False,False
S000008842,PROFUND VP SHORT INTERNATIONAL,PROFUND VP SHORT INTERNATIONAL,ProFunds,0001039803,,,2022,2026,-1.0,inverse no number,daily,,unresolved,unresolved,True,False
S000009706,PIMCO StocksPLUS Short Fund,PIMCO StocksPLUS Short Fund,PIMCO FUNDS,0000810893,PSNNX,PSTIX | PSSAX | PSSCX | PSPLX | PSNNX,2022,2026,-1.0,inverse no number,daily,,unresolved,unresolved,True,True
S000012000,Kentucky Tax-Free Short-to-Medium Series,Kentucky Tax-Free Short-to-Medium Series,DUPREE MUTUAL FUNDS,0000311101,KYSMX,KYSMX,2022,2026,-1.0,inverse no number,daily,,unresolved,unresolved,True,True
S000012003,North Carolina Tax-Free Short-to-Medium Series,North Carolina Tax-Free Short-to-Medium Series,DUPREE MUTUAL FUNDS,0000311101,NTSMX,NTSMX,2022,2026,-1.0,inverse no number,daily,,unresolved,unresolved,True,True
S000012005,Tennessee Tax-Free Short-to-Medium Series,Tennessee Tax-Free Short-to-Medium Series,DUPREE MUTUAL FUNDS,0000311101,TTSMX,TTSMX,2022,2026,-1.0,inverse no number,daily,,unresolved,unresolved,True,True
S000023465,Federated Hermes Prudent Bear Fund,Federated Hermes Prudent Bear Fund,Federated Hermes Equity Funds,0000745968,PBRIX,PBRIX | BEARX | PBRCX,2022,2026,-1.0,inverse no number,daily,,unresolved,unresolved,True,True
S000026751,PIMCO Enhanced Short Maturity Active Exchange-Traded Fund,PIMCO Enhanced Short Maturity Active Exchange-Traded Fund,PIMCO ETF Trust,0001450011,MINT,MINT,2022,2026,-1.0,inverse no number,daily,,unresolved,unresolved,True,True
S000029048,Pacific Capital Tax-Free Short Intermediate Securities Fund,Pacific Capital Tax-Free Short Intermediate Securities Fund,FundVantage Trust,0001388485,PTFSX,PTFSX,2024,2026,-1.0,inverse no number,daily,,unresolved,unresolved,True,True
S000030090,AdvisorShares Ranger Equity Bear ETF,AdvisorShares Ranger Equity Bear ETF,AdvisorShares Trust,0001408970,HDGE,HDGE,2022,2026,-1.0,inverse no number,daily,,unresolved,unresolved,True,True
S000037098,PIMCO Short Asset Investment Fund,PIMCO Short Asset Investment Fund,PIMCO FUNDS,0000810893,PANDX,PAIDX | PAIPX | PAIQX | PAIAX | PAMSX | PANDX,2022,2026,-1.0,inverse no number,daily,,unresolved,unresolved,True,True
S000038550,BlackRock Short Obligations Fund,BlackRock Short Obligations Fund,BLACKROCK FUNDS,0000844779,,,2022,2026,-1.0,inverse no number,daily,,unresolved,unresolved,True,False
S000042173,DFA Short-Duration Real Return Portfolio,DFA Short-Duration Real Return Portfolio,DFA INVESTMENT DIMENSIONS GROUP INC,0000355437,,,2022,2026,-1.0,inverse no number,daily,,unresolved,unresolved,True,False
S000045797,First Trust Enhanced Short Maturity ETF,First Trust Enhanced Short Maturity ETF,FIRST TRUST EXCHANGE-TRADED FUND IV,0001517936,FTSM,FTSM,2022,2026,-1.0,inverse no number,daily,,unresolved,unresolved,True,True
S000054677,Transamerica Asset Allocation Short Horizon,Transamerica Asset Allocation Short Horizon,TRANSAMERICA FUNDS,0000787623,TSHFX,TSHRX | TSHFX,2022,2026,-1.0,inverse no number,daily,,unresolved,unresolved,True,True
S000057874,PIMCO Short Asset Portfolio,PIMCO Short Asset Portfolio,PIMCO FUNDS,0000810893,,,2022,2026,-1.0,inverse no number,daily,,unresolved,unresolved,True,False
S000058282,Gotham Short Strategies Fund,Gotham Short Strategies Fund,FundVantage Trust,0001388485,GSSFX,GSSFX,2024,2026,-1.0,inverse no number,daily,,unresolved,unresolved,True,True
S000062084,AdvisorShares Dorsey Wright Short ETF,AdvisorShares Dorsey Wright Short ETF,AdvisorShares Trust,0001408970,DWSH,DWSH,2022,2026,-1.0,inverse no number,daily,,unresolved,unresolved,True,True
S000066452,Merlyn.AI Bull-Rider Bear-Fighter ETF,Merlyn.AI Bull-Rider Bear-Fighter ETF,EA Series Trust,0001592900,WIZ,WIZ,2022,2025,-1.0,inverse no number,daily,,unresolved,unresolved,False,True
S000066983,PIMCO Enhanced Short Maturity Active ESG Exchange-Traded Fund,PIMCO Enhanced Short Maturity Active ESG Exchange-Traded Fund,PIMCO ETF Trust,0001450011,EMNT,EMNT,2022,2026,-1.0,inverse no number,daily,,unresolved,unresolved,True,True
S000069548,PIMCO All Asset: Multi-Short PLUS Fund,PIMCO All Asset: Multi-Short PLUS Fund,PIMCO FUNDS,0000810893,,,2022,2024,-1.0,inverse no number,daily,,unresolved,unresolved,False,False
S000071842,The Short De-SPAC ETF,The Short De-SPAC ETF,Collaborative Investment Series Trust,0001719812,SOGU,SOGU,2022,2023,-1.0,inverse no number,daily,,unresolved,unresolved,False,True
S000074675,Elevate Shares Inverse Daily Blockchain ETF,Elevate Shares Inverse Daily Blockchain ETF,Tidal ETF Trust,0001742912,,,2022,2023,-1.0,inverse no number,daily,,unresolved,unresolved,False,False
S000076275,Constrained Capital ESG Orphans Daily Inverse ETF,Constrained Capital ESG Orphans Daily Inverse ETF,Tidal ETF Trust,0001742912,SRFN,SRFN,2022,2024,-1.0,inverse no number,daily,,unresolved,unresolved,False,True
S000076584,AXS Short De-SPAC Daily ETF,AXS Short De-SPAC Daily ETF,Investment Managers Series Trust II,0001587982,SOGU,SOGU,2022,2025,-1.0,inverse no number,daily,,unresolved,unresolved,False,True
S000076789,Defiance Daily Short Digitizing the Economy ETF,Defiance Short Blockchain and Digital Assets Industry ETF | Defiance Daily Short Digitizing the Economy ETF,ETF Series Solutions,0001540305,IBIT,IBIT,2022,2025,-1.0,inverse no number,daily,,unresolved,unresolved,False,True
S000078252,REX Short NKLA ETF,REX Short NKLA ETF,Tidal Trust II,0001924868,,,2023,2024,-1.0,inverse no number,daily,,unresolved,unresolved,False,False
S000079166,WisdomTree Short-Duration Income Digital Fund,WisdomTree Short-Duration Income Digital Fund,WisdomTree Digital Trust,0001859001,WTSIX,WTSIX,2023,2026,-1.0,inverse no number,daily,,unresolved,unresolved,True,True
S000079232,Inverse Cramer Tracker ETF,Inverse Cramer Tracker ETF,Northern Lights Fund Trust IV,0001644419,SJIM,SJIM,2023,2026,-1.0,inverse no number,daily,,unresolved,unresolved,True,True
S000080333,Strive Enhanced Income Short Maturity ETF,Strive Enhanced Income Short Maturity ETF,EA Series Trust,0001592900,BUXX,BUXX,2023,2026,-1.0,inverse no number,daily,,unresolved,unresolved,True,True
S000080785,Roundhill Short Non-Profitable Tech ETF,Roundhill Short Non-Profitable Tech ETF,Listed Funds Trust,0001683471,,,2023,2024,-1.0,inverse no number,daily,,unresolved,unresolved,False,False
S000082296,Gotham Short Strategies ETF,Gotham Short Strategies ETF,Tidal Trust I,0001742912,SHRT,SHRT,2024,2026,-1.0,inverse no number,daily,,unresolved,unresolved,True,True
S000083041,Tuttle Capital Inverse ESG ETF,Tuttle Capital Inverse ESG ETF,Spinnaker ETF Series,0001484018,GWGB,GWGB,2024,2025,-1.0,inverse no number,daily,,unresolved,unresolved,False,True
S000083371,Leuthold Grizzly Short Fund,Leuthold Grizzly Short Fund | LEUTHOLD GRIZZLY SHORT FUND,Managed Portfolio Series,0001511699,GRZZX,GRZZX,2024,2026,-1.0,inverse no number,daily,,unresolved,unresolved,True,True
S000085345,Kurv Enhanced Short Maturity ETF,Kurv Enhanced Short Maturity ETF,Kurv ETF Trust,0001782952,LQID,LQID,2024,2026,-1.0,inverse no number,daily,,unresolved,unresolved,True,True
S000085520,TrueShares Quarterly Bear Hedge ETF,TrueShares Quarterly Bear Hedge ETF,Elevation Series Trust,0001936157,QBER,QBER,2024,2026,-1.0,inverse no number,quarterly,,unresolved,unresolved,True,True
S000092892,Direxion Daily Next Gen Bear 1X ETF,Direxion Daily Quantum Computing Bear 1X Shares | Direxion Daily Next Gen Bear 1X ETF,Direxion Shares ETF Trust,0001424958,,,2025,2026,-1.0,number,daily,,unresolved,unresolved,True,False
S000093650,Defiance Enhanced Short Vol ETF,Defiance Enhanced Short Vol ETF,Tidal Trust II,0001924868,,,2025,2026,-1.0,inverse no number,daily,,unresolved,unresolved,True,False
S000094268,Direxion Daily Qs Top 30 Stocks Bear 1X ETF,Direxion Daily Qs Top 30 Stocks Bear 1X ETF,Direxion Shares ETF Trust,0001424958,,,2025,2026,-1.0,number,daily,,unresolved,unresolved,True,False
S000096561,Defiance Short Squeeze ETF,Defiance Short Squeeze ETF,ETF Series Solutions,0001540305,,,2026,2026,-1.0,inverse no number,daily,,unresolved,unresolved,True,False
S000105653,Leverage Shares 1X Short SK Hynix Daily ETF,Leverage Shares 1X Short SK Hynix Daily ETF,Themes ETF Trust,0001976322,,,2026,2026,-1.0,number,daily,,unresolved,unresolved,True,False
S000106283,Leverage Shares 1X Short Scale AI Daily ETF,Leverage Shares 1X Short Scale AI Daily ETF,Themes ETF Trust,0001976322,,,2026,2026,-1.0,number,daily,,unresolved,unresolved,True,False
S000106289,Leverage Shares 1X Short NScale Daily ETF,Leverage Shares 1X Short NScale Daily ETF,Themes ETF Trust,0001976322,,,2026,2026,-1.0,number,daily,,unresolved,unresolved,True,False
S000106292,Leverage Shares 1X Short Groq Daily ETF,Leverage Shares 1X Short Groq Daily ETF,Themes ETF Trust,0001976322,,,2026,2026,-1.0,number,daily,,unresolved,unresolved,True,False
S000106307,Leverage Shares 1X Short SambaNova Daily ETF,Leverage Shares 1X Short SambaNova Daily ETF,Themes ETF Trust,0001976322,,,2026,2026,-1.0,number,daily,,unresolved,unresolved,True,False
S000106649,Leverage Shares 1X Short Applied Intuition Daily ETF,Leverage Shares 1X Short Applied Intuition Daily ETF,Themes ETF Trust,0001976322,,,2026,2026,-1.0,number,daily,,unresolved,unresolved,True,False
S000106652,Leverage Shares 1X Short Revolut Daily ETF,Leverage Shares 1X Short Revolut Daily ETF,Themes ETF Trust,0001976322,,,2026,2026,-1.0,number,daily,,unresolved,unresolved,True,False
S000106655,Leverage Shares 1X Short Anduril Daily ETF,Leverage Shares 1X Short Anduril Daily ETF,Themes ETF Trust,0001976322,,,2026,2026,-1.0,number,daily,,unresolved,unresolved,True,False
S000106658,Leverage Shares 1X Short Roze Daily ETF,Leverage Shares 1X Short Roze Daily ETF,Themes ETF Trust,0001976322,,,2026,2026,-1.0,number,daily,,unresolved,unresolved,True,False
S000086107,Tradr 1.75X Long FXI Monthly ETF,Tradr 2X Long FXI Monthly ETF | Tradr 1.75X Long FXI Monthly ETF,Investment Managers Series Trust II,0001587982,FXIM,FXIM,2024,2025,1.75,number,monthly,,unresolved,unresolved,False,True
S000086118,Tradr 1.75X Long FXI Quarterly ETF,Tradr 2X Long FXI Quarterly ETF | Tradr 1.75X Long FXI Quarterly ETF,Investment Managers Series Trust II,0001587982,FXIQ,FXIQ,2024,2025,1.75,number,quarterly,,unresolved,unresolved,False,True
S000086122,Tradr 1.75X Long TLT Quarterly ETF,Tradr 2X Long TLT Quarterly ETF | Tradr 1.75X Long TLT Quarterly ETF,Investment Managers Series Trust II,0001587982,TLTQ,TLTQ,2024,2026,1.75,number,quarterly,,unresolved,unresolved,True,True
S000086128,Tradr 1.75X Long XBI Quarterly ETF,Tradr 2X Long XBI Quarterly ETF | Tradr 1.75X Long XBI Quarterly ETF,Investment Managers Series Trust II,0001587982,XBIQ,XBIQ,2024,2025,1.75,number,quarterly,,unresolved,unresolved,False,True
S000086129,Tradr 1.75X Long FXI Weekly ETF,Tradr 2X Long FXI Weekly ETF | Tradr 1.75X Long FXI Weekly ETF,Investment Managers Series Trust II,0001587982,FXIW,FXIW,2024,2025,1.75,number,weekly,,unresolved,unresolved,False,True
S000000859,Perritt Ultra MicroCap Fund,Perritt Ultra MicroCap Fund,PERRITT FUNDS INC,0001286087,PREOX,PREOX,2022,2026,2.0,proshares ultra,daily,,unresolved,unresolved,True,True
S000000879,Wasatch Ultra Growth Fund,Wasatch Ultra Growth Fund,WASATCH FUNDS TRUST,0000806633,WGMCX,WAMCX | WGMCX,2022,2026,2.0,proshares ultra,daily,,unresolved,unresolved,True,True
S000004423,Ultra-Small Company Fund,Ultra-Small Company Fund,BRIDGEWAY FUNDS INC,0000916006,BRUSX,BRUSX,2022,2026,2.0,proshares ultra,daily,,unresolved,unresolved,True,True
S000004424,Ultra-Small Company Market Fund,Ultra-Small Company Market Fund,BRIDGEWAY FUNDS INC,0000916006,BRSIX,BRSIX,2022,2026,2.0,proshares ultra,daily,,unresolved,unresolved,True,True
S000006195,ULTRA FUND,ULTRA FUND,"AMERICAN CENTURY MUTUAL FUNDS, INC.",0000100334,AULNX,TWCUX | TWUAX | TWUIX | TWCCX | AULRX | AULDX | AULGX | AULYX | AULNX,2022,2026,2.0,proshares ultra,daily,,unresolved,unresolved,True,True
S000006717,VP ULTRA FUND,VP ULTRA FUND,AMERICAN CENTURY VARIABLE PORTFOLIOS INC,0000814680,AVPSX,AVPSX | AVPUX,2022,2024,2.0,proshares ultra,daily,,unresolved,unresolved,False,True
S000014261,ProShares Ultra Communication Services,ProShares Ultra Telecommunications | ProShares Ultra Communication Services,PROSHARES TRUST,0001174610,LTL,LTL,2022,2026,2.0,proshares ultra,daily,,unresolved,unresolved,True,True
S000022758,Direxion Daily Latin America Bull 2X Shares,Direxion Daily Latin America Bull 2X Shares,Direxion Shares ETF Trust,0001424958,LBJ,LBJ,2022,2023,2.0,number,daily,,unresolved,unresolved,False,True
S000028365,AllianzGI Ultra Micro Cap Fund,AllianzGI Ultra Micro Cap Fund,Virtus Strategy Trust,0001423227,GUCAX,AUMIX | AAUPX | GUCAX,2022,2022,2.0,proshares ultra,daily,,unresolved,unresolved,False,True
S000029357,Direxion Daily Russia Bull 2X Shares,Direxion Daily Russia Bull 2X Shares,Direxion Shares ETF Trust,0001424958,RUSL,RUSL,2022,2023,2.0,number,daily,,unresolved,unresolved,False,True
S000072017,ETFMG 2x Daily Video Game Tech ETF,ETFMG 2x Daily Video Game Tech ETF,ETF Managers Trust,0001467831,GAMX,GAMX,2022,2022,2.0,number,daily,,unresolved,unresolved,False,True
S000072019,ETFMG 2X Daily Alternative Harvest ETF,ETFMG 2X Daily Alternative Harvest ETF,ETF Managers Trust,0001467831,MJXL,MJXL,2022,2023,2.0,number,daily,,unresolved,unresolved,False,True
S000072079,Direxion Daily 5G Communications Bull 2X Shares,Direxion Daily 5G Communications Bull 2X Shares,Direxion Shares ETF Trust,0001424958,TENG,TENG,2022,2024,2.0,number,daily,,unresolved,unresolved,False,True
S000073589,Direxion Daily US Infrastructure Bull 2X Shares,Direxion Daily US Infrastructure Bull 2X Shares,Direxion Shares ETF Trust,0001424958,DOZR,DOZR,2022,2026,2.0,number,daily,,unresolved,unresolved,True,True
S000073591,Direxion Daily FinTech Bull 2X Shares,Direxion Daily FinTech Bull 2X Shares,Direxion Shares ETF Trust,0001424958,FNTC,FNTC,2022,2026,2.0,number,daily,,unresolved,unresolved,True,True
S000074234,Direxion Daily Aviation Bull 2X Shares,Direxion Daily Aviation Bull 2X Shares,Direxion Shares ETF Trust,0001424958,FLYY,FLYY,2022,2026,2.0,number,daily,,unresolved,unresolved,True,True
S000074238,Direxion Daily Rare Earth/Strategic Metals Bull 2X Shares,Direxion Daily Rare Earth/Strategic Metals Bull 2X Shares,Direxion Shares ETF Trust,0001424958,,,2022,2024,2.0,number,daily,,unresolved,unresolved,False,False
S000074674,Elevate Shares 2X Daily BLOK ETF,Elevate Shares 2X Daily BLOK ETF,Tidal ETF Trust,0001742912,BLOC,BLOC,2022,2023,2.0,number,daily,,unresolved,unresolved,False,True
S000074863,UPAR Ultra Risk Parity ETF,UPAR Ultra Risk Parity ETF,Tidal Trust I,0001742912,UPAR,UPAR,2022,2026,2.0,proshares ultra,daily,,unresolved,unresolved,True,True
S000075767,Direxion Daily Electric and Autonomous Vehicles Bull 2X Shares,Direxion Daily Electric and Autonomous Vehicles Bull 2X Shares,Direxion Shares ETF Trust,0001424958,EVAV,EVAV,2022,2026,2.0,number,daily,,unresolved,unresolved,True,True
S000075771,Direxion Daily TIPS Bull 2X Shares,Direxion Daily TIPS Bull 2X Shares,Direxion Shares ETF Trust,0001424958,TIPL,TIPL,2022,2026,2.0,number,daily,,unresolved,unresolved,True,True
S000076346,GraniteShares 2x Long Peloton Daily ETF,GraniteShares 2x Long Peloton Daily ETF,GraniteShares ETF Trust,0001689873,,,2022,2022,2.0,number,daily,,unresolved,unresolved,False,False
S000076348,GraniteShares 2x Long Tilray Daily ETF,GraniteShares 2x Long Tilray Daily ETF,GraniteShares ETF Trust,0001689873,,,2022,2022,2.0,number,daily,,unresolved,unresolved,False,False
S000076700,Elevate Shares 2X Daily METV ETF,Elevate Shares 2X Daily METV ETF,Tidal ETF Trust,0001742912,FBFB,FBFB,2022,2023,2.0,number,daily,,unresolved,unresolved,False,True
S000076701,Elevate Shares 2X Daily BETZ ETF,Elevate Shares 2X Daily BETZ ETF,Tidal ETF Trust,0001742912,BETX,BETX,2022,2023,2.0,number,daily,,unresolved,unresolved,False,True
S000078172,Direxion Daily Transformative Tech 100 Bull 2X Shares,Direxion Daily Transformative Tech 100 Bull 2X Shares,Direxion Shares ETF Trust,0001424958,,,2023,2024,2.0,number,daily,,unresolved,unresolved,False,False
S000079028,REX 2X NKLA ETF,REX 2X NKLA ETF,Tidal Trust II,0001924868,,,2023,2024,2.0,number,daily,,unresolved,unresolved,False,False
S000079354,Defiance Pure 2x Bull Tech Daily ETF,Defiance Pure 2x Bull Tech Daily ETF,ETF Series Solutions,0001540305,QQQZ,QQQZ,2023,2025,2.0,number,daily,,unresolved,unresolved,False,True
S000080193,TUTTLE CAPITAL 2X DBMF ETF,TUTTLE CAPITAL 2X DBMF ETF,ETF Opportunities Trust,0001771146,,,2023,2026,2.0,number,daily,,unresolved,unresolved,True,False
S000081022,Leverage Shares 2X Long BULL Daily ETF,Themes Industry 4.0 ETF | Leverage Shares 2X Long BULL Daily ETF,Themes ETF Trust,0001976322,BULG,NEWW | BULG,2023,2026,2.0,number,daily,,unresolved,unresolved,True,True
S000082340,Tuttle Capital Daily 2X Long AI ETF,Tuttle Capital Daily 2X Long AI ETF,ETF Opportunities Trust,0001771146,AIXX,AIXX,2024,2024,2.0,number,daily,,unresolved,unresolved,False,True
S000083650,LVIP American Century Ultra Fund,LVIP American Century Ultra Fund,LINCOLN VARIABLE INSURANCE PRODUCTS TRUST,0000914036,,,2024,2026,2.0,proshares ultra,daily,,unresolved,unresolved,True,False
S000083878,Direxion Daily MAGMA Bull 2X Shares,Direxion Daily MAGMA Bull 2X Shares,Direxion Shares ETF Trust,0001424958,,,2024,2026,2.0,number,daily,,unresolved,unresolved,True,False
S000083879,Direxion Daily AI and Big Data Bull 2X ETF,Direxion Daily AI and Big Data Bull 2X Shares | Direxion Daily AI and Big Data Bull 2X ETF,Direxion Shares ETF Trust,0001424958,AIBU,AIBU,2024,2026,2.0,number,daily,,unresolved,unresolved,True,True
S000086114,Tradr 2X Long SOXX Monthly ETF,Tradr 2X Long SOXX Monthly ETF,Investment Managers Series Trust II,0001587982,SOXM,SOXM,2024,2026,2.0,number,monthly,,unresolved,unresolved,True,True
S000086115,Tradr 2X Long SOXX Quarterly ETF,Tradr 2X Long SOXX Quarterly ETF,Investment Managers Series Trust II,0001587982,SEMQ,SEMQ,2024,2025,2.0,number,quarterly,,unresolved,unresolved,False,True
S000086116,Tradr 2X Long SOXX Weekly ETF,Tradr 2X Long SOXX Weekly ETF,Investment Managers Series Trust II,0001587982,SOXW,SOXW,2024,2026,2.0,number,weekly,,unresolved,unresolved,True,True
S000086121,Tradr 2X Long TLT Monthly ETF,Tradr 2X Long TLT Monthly ETF,Investment Managers Series Trust II,0001587982,TLTM,TLTM,2024,2026,2.0,number,monthly,,unresolved,unresolved,True,True
S000086123,Tradr 2X Long TLT Weekly ETF,Tradr 2X Long TLT Weekly ETF,Investment Managers Series Trust II,0001587982,TLTA,TLTA,2024,2025,2.0,number,weekly,,unresolved,unresolved,False,True
S000086127,Tradr 2X Long XBI Monthly ETF,Tradr 2X Long XBI Monthly ETF,Investment Managers Series Trust II,0001587982,XBIM,XBIM,2024,2025,2.0,number,monthly,,unresolved,unresolved,False,True
S000086130,Tradr 2X Long XBI Weekly ETF,Tradr 2X Long XBI Weekly ETF,Investment Managers Series Trust II,0001587982,XBIW,XBIW,2024,2025,2.0,number,weekly,,unresolved,unresolved,False,True
S000086131,Tradr 2X Long XLF Monthly ETF,Tradr 2X Long XLF Monthly ETF,Investment Managers Series Trust II,0001587982,XLFM,XLFM,2024,2025,2.0,number,monthly,,unresolved,unresolved,False,True
S000086132,Tradr 2X Long XLF Quarterly ETF,Tradr 2X Long XLF Quarterly ETF,Investment Managers Series Trust II,0001587982,XLFQ,XLFQ,2024,2025,2.0,number,quarterly,,unresolved,unresolved,False,True
S000086133,Tradr 2X Long XLF Weekly ETF,Tradr 2X Long XLF Weekly ETF,Investment Managers Series Trust II,0001587982,XLFW,XLFW,2024,2025,2.0,number,weekly,,unresolved,unresolved,False,True
S000086134,Tradr 2X Long XLK Monthly ETF,Tradr 2X Long XLK Monthly ETF,Investment Managers Series Trust II,0001587982,XLKM,XLKM,2024,2025,2.0,number,monthly,,unresolved,unresolved,False,True
S000086135,Tradr 2X Long XLK Quarterly ETF,Tradr 2X Long XLK Quarterly ETF,Investment Managers Series Trust II,0001587982,XLKQ,XLKQ,2024,2025,2.0,number,quarterly,,unresolved,unresolved,False,True
S000086136,Tradr 2X Long XLK Weekly ETF,Tradr 2X Long XLK Weekly ETF,Investment Managers Series Trust II,0001587982,XLKW,XLKW,2024,2025,2.0,number,weekly,,unresolved,unresolved,False,True
S000086154,Tradr 2X Long IWM Monthly ETF,Tradr 2X Long IWM Monthly ETF,Investment Managers Series Trust II,0001587982,IWMM,IWMM,2024,2025,2.0,number,monthly,,unresolved,unresolved,False,True
S000086155,Tradr 2X Long IWM Quarterly ETF,Tradr 2X Long IWM Quarterly ETF,Investment Managers Series Trust II,0001587982,IWMQ,IWMQ,2024,2025,2.0,number,quarterly,,unresolved,unresolved,False,True
S000086156,Tradr 2X Long IWM Weekly ETF,Tradr 2X Long IWM Weekly ETF,Investment Managers Series Trust II,0001587982,IWMD,IWMD,2024,2025,2.0,number,weekly,,unresolved,unresolved,False,True
S000087474,T-REX 2X Long BULL Daily Target ETF,T-REX 2X LONG PLTR DAILY TARGET ETF | T-REX 2X Long BULL Daily Target ETF,ETF Opportunities Trust,0001771146,BULU,PLTU | BULU,2025,2026,2.0,number,daily,,unresolved,unresolved,True,True
S000089646,Kick BRK 2X Long Daily Target ETF,Kick BRK 2X Long Daily Target ETF,Tidal Trust III,0001722388,,,2025,2025,2.0,number,daily,,unresolved,unresolved,False,False
S000091709,Innovator U.S. Equity Monthly 2x ETF,Innovator U.S. Equity Monthly 2x ETF,Innovator ETFs Trust,0001415726,,,2025,2026,2.0,number,monthly,,unresolved,unresolved,True,False
S000091725,T-REX 2X Long Bonk Daily Target ETF,Tuttle Capital 2X Long Bonk Daily Target ETF | T-REX 2X Long Bonk Daily Target ETF,ETF Opportunities Trust,0001771146,,,2025,2026,2.0,number,daily,,unresolved,unresolved,True,False
S000091726,T-REX 2X Long ADA Daily Target ETF,Tuttle Capital 2X Long Cardano Daily Target ETF | T-REX 2X Long ADA Daily Target ETF,ETF Opportunities Trust,0001771146,,,2025,2026,2.0,number,daily,,unresolved,unresolved,True,False
S000091729,T-REX 2X Long DOGE Daily Target ETF,Tuttle Capital 2X Long Melania Daily Target ETF | T-REX 2X Long DOGE Daily Target ETF,ETF Opportunities Trust,0001771146,,,2025,2026,2.0,number,daily,,unresolved,unresolved,True,False
S000091731,T-REX 2X Long SOL Daily Target ETF,Tuttle Capital 2X Long Solana Daily Target ETF | T-REX 2X Long SOL Daily Target ETF,ETF Opportunities Trust,0001771146,SOLX,SOLX,2025,2026,2.0,number,daily,,unresolved,unresolved,True,True
S000091732,T-REX 2X Long Trump Daily Target ETF,Tuttle Capital 2X Long Trump Daily Target ETF | T-REX 2X Long Trump Daily Target ETF,ETF Opportunities Trust,0001771146,,,2025,2026,2.0,number,daily,,unresolved,unresolved,True,False
S000092870,Direxion Daily Next Gen Bull 2X ETF,Direxion Daily Quantum Computing Bull 2X Shares | Direxion Daily Next Gen Bull 2X ETF,Direxion Shares ETF Trust,0001424958,,,2025,2026,2.0,number,daily,,unresolved,unresolved,True,False
S000092915,Direxion Daily Communication Services Top 5 Bull 2X ETF,Direxion Daily Super Sector Communication Services Bull 2X Shares | Direxion Daily Communication Services Top 5 Bull 2X ETF,Direxion Shares ETF Trust,0001424958,,,2025,2026,2.0,number,daily,,unresolved,unresolved,True,False
S000093734,Tradr 2X Long CEP Daily ETF,Tradr 2X Long CEP Daily ETF,Investment Managers Series Trust II,0001587982,,,2025,2025,2.0,number,daily,,unresolved,unresolved,False,False
S000093992,T-REX 2X LONG BYDDY DAILY TARGET ETF,T-REX 2X LONG BYDDY DAILY TARGET ETF,ETF Opportunities Trust,0001771146,,,2025,2026,2.0,number,daily,,unresolved,unresolved,True,False
S000094257,Direxion Daily Qs Top 30 Stocks Bull 2X ETF,Direxion Daily Qs Top 30 Stocks Bull 2X ETF,Direxion Shares ETF Trust,0001424958,,,2025,2026,2.0,number,daily,,unresolved,unresolved,True,False
S000094292,Leverage Shares 2X Long BYDDY Daily ETF,Leverage Shares 2X Long BYDDY Daily ETF,Themes ETF Trust,0001976322,,,2025,2026,2.0,number,daily,,unresolved,unresolved,True,False
S000094383,GraniteShares 2x Long BULL Daily ETF,GraniteShares 2x Long BULL Daily ETF,GraniteShares ETF Trust,0001689873,,,2025,2026,2.0,number,daily,,unresolved,unresolved,True,False
S000096615,Roundhill Daily 2X Long Memory ETF,Roundhill Daily 2X Long Memory ETF,Roundhill ETF Trust,0001976517,RAM,RAM,2026,2026,2.0,number,daily,,unresolved,unresolved,True,True
S000096626,Founder-Led 2x Daily ETF,Founder-Led 2x Daily ETF,Corgi ETF Trust I,0002078265,,,2026,2026,2.0,number,daily,,unresolved,unresolved,True,False
S000097419,T-REX 2X LONG ETHM DAILY TARGET ETF,T-REX 2X LONG ETHM DAILY TARGET ETF,ETF Opportunities Trust,0001771146,,,2026,2026,2.0,number,daily,,unresolved,unresolved,True,False
S000097422,T-REX 2X LONG GTLS DAILY TARGET ETF,T-REX 2X LONG GTLS DAILY TARGET ETF,ETF Opportunities Trust,0001771146,,,2026,2026,2.0,number,daily,,unresolved,unresolved,True,False
S000098131,T-REX 2X Long GRNY Daily Target ETF,T-REX 2X Long GRNY Daily Target ETF,ETF Opportunities Trust,0001771146,GIGI,GIGI,2026,2026,2.0,number,daily,,unresolved,unresolved,True,True
S000098204,T-REX 2X LONG STSS DAILY TARGET ETF,T-REX 2X LONG STSS DAILY TARGET ETF,ETF Opportunities Trust,0001771146,,,2026,2026,2.0,number,daily,,unresolved,unresolved,True,False
S000098208,T-REX 2X LONG FLGC DAILY TARGET ETF,T-REX 2X LONG FLGC DAILY TARGET ETF,ETF Opportunities Trust,0001771146,,,2026,2026,2.0,number,daily,,unresolved,unresolved,True,False
S000099153,2x DOGE ETF,2x DOGE ETF,Volatility Shares Trust,0001884021,,,2026,2026,2.0,number,daily,,unresolved,unresolved,True,False
S000099957,21Shares 2x Long HYPE ETF,21Shares 2x Long HYPE ETF,Listed Funds Trust,0001683471,TXXH,TXXH,2026,2026,2.0,number,daily,,unresolved,unresolved,True,True
S000100047,T-REX 2X LONG TBH DAILY TARGET ETF,T-REX 2X LONG TBH DAILY TARGET ETF,ETF Opportunities Trust,0001771146,,,2026,2026,2.0,number,daily,,unresolved,unresolved,True,False
S000100055,T-REX 2X LONG BLBX DAILY TARGET ETF,T-REX 2X LONG BLBX DAILY TARGET ETF,ETF Opportunities Trust,0001771146,,,2026,2026,2.0,number,daily,,unresolved,unresolved,True,False
S000100056,T-REX 2X LONG FTEL DAILY TARGET ETF,T-REX 2X LONG FTEL DAILY TARGET ETF,ETF Opportunities Trust,0001771146,,,2026,2026,2.0,number,daily,,unresolved,unresolved,True,False
S000100060,T-REX 2X LONG PCH DAILY TARGET ETF,T-REX 2X LONG PCH DAILY TARGET ETF,ETF Opportunities Trust,0001771146,,,2026,2026,2.0,number,daily,,unresolved,unresolved,True,False
S000100084,Defiance Daily Target 2X Long ETHM ETF,Defiance Daily Target 2X Long ETHM ETF,Tidal Trust II,0001924868,ETTL,ETTL,2026,2026,2.0,number,daily,,unresolved,unresolved,True,True
S000100325,T-REX 2X LONG LYSDY DAILY TARGET ETF,T-REX 2X LONG LYSDY DAILY TARGET ETF,ETF Opportunities Trust,0001771146,,,2026,2026,2.0,number,daily,,unresolved,unresolved,True,False
S000100406,Tradr 2X Long PlusAI Daily ETF,Tradr 2X Long PlusAI Daily ETF,Investment Managers Series Trust II,0001587982,PLAX,PLAX,2026,2026,2.0,number,daily,,unresolved,unresolved,True,True
S000100418,T-REX 2X Long HYPE Daily Target ETF,T-REX 2X Long HYPE Daily Target ETF,ETF Opportunities Trust,0001771146,,,2026,2026,2.0,number,daily,,unresolved,unresolved,True,False
S000100554,Leverage Shares 2X Long SKYT Daily ETF,Leverage Shares 2X Long SKYT Daily ETF,Themes ETF Trust,0001976322,,,2026,2026,2.0,number,daily,,unresolved,unresolved,True,False
S000100609,Leverage Shares 2X Long World Stock Daily ETF,Leverage Shares 2X Long World Stock Daily ETF,Themes ETF Trust,0001976322,,,2026,2026,2.0,number,daily,,unresolved,unresolved,True,False
S000100935,Tradr 2X Long Databricks Daily ETF,Tradr 2X Long Databricks Daily ETF,Investment Managers Series Trust II,0001587982,DBRK,DBRK,2026,2026,2.0,number,daily,,unresolved,unresolved,True,True
S000101002,Defiance Daily Target 2X Long COMM ETF,Defiance Daily Target 2X Long COMM ETF,Tidal Trust II,0001924868,,,2026,2026,2.0,number,daily,,unresolved,unresolved,True,False
S000101018,Data Center Power & Cooling 2x Daily ETF,Data Center Power & Cooling 2x Daily ETF,Corgi ETF Trust II,0002096087,,,2026,2026,2.0,number,daily,,unresolved,unresolved,True,False
S000101020,AI Data Center REIT & Infrastructure 2x Daily ETF,AI Data Center REIT & Infrastructure 2x Daily ETF,Corgi ETF Trust II,0002096087,,,2026,2026,2.0,number,daily,,unresolved,unresolved,True,False
S000101081,Leverage Shares 2X Long GRAY Daily ETF,Leverage Shares 2X Long GRAY Daily ETF,Themes ETF Trust,0001976322,,,2026,2026,2.0,number,daily,,unresolved,unresolved,True,False
S000101158,Leverage Shares 2X Long KRKN Daily ETF,Leverage Shares 2X Long KRKN Daily ETF,Themes ETF Trust,0001976322,,,2026,2026,2.0,number,daily,,unresolved,unresolved,True,False
S000101634,T-REX 2X LONG IWC DAILY TARGET ETF,T-REX 2X LONG IWC DAILY TARGET ETF,ETF Opportunities Trust,0001771146,,,2026,2026,2.0,number,daily,,unresolved,unresolved,True,False
S000102055,Tuttle Capital Ultra Income Blast ETF,Tuttle Capital Ultra Income Blast ETF,ETF Opportunities Trust,0001771146,,,2026,2026,2.0,proshares ultra,daily,,unresolved,unresolved,True,False
S000102152,Defiance Daily Target 2X Long XOVR ETF,Defiance Daily Target 2X Long XOVR ETF,Tidal Trust II,0001924868,XOVL,XOVL,2026,2026,2.0,number,daily,,unresolved,unresolved,True,True
S000102259,T-REX 2X LONG SIL DAILY TARGET ETF,T-REX 2X LONG SIL DAILY TARGET ETF,ETF Opportunities Trust,0001771146,,,2026,2026,2.0,number,daily,,unresolved,unresolved,True,False
S000102266,T-REX 2X LONG DISCORD DAILY TARGET ETF,T-REX 2X LONG DISCORD DAILY TARGET ETF,ETF Opportunities Trust,0001771146,,,2026,2026,2.0,number,daily,,unresolved,unresolved,True,False
S000102328,YC Alumni 2x Daily ETF,YC Alumni 2x Daily ETF,Corgi ETF Trust I,0002078265,,,2026,2026,2.0,number,daily,,unresolved,unresolved,True,False
S000102422,Leverage Shares 2X Long MTVE Daily ETF,Leverage Shares 2X Long MTVE Daily ETF,Themes ETF Trust,0001976322,,,2026,2026,2.0,number,daily,,unresolved,unresolved,True,False
S000102775,Corgi All World 2x Daily ETF,Corgi All World 2x Daily ETF,Corgi ETF Trust I,0002078265,,,2026,2026,2.0,number,daily,,unresolved,unresolved,True,False
S000102776,Corgi U.S. Large-Cap 2x Daily ETF,Corgi U.S. Large-Cap 2x Daily ETF,Corgi ETF Trust I,0002078265,,,2026,2026,2.0,number,daily,,unresolved,unresolved,True,False
S000102783,Corgi Taiwan 2x Daily ETF,Corgi Taiwan 2x Daily ETF,Corgi ETF Trust I,0002078265,,,2026,2026,2.0,number,daily,,unresolved,unresolved,True,False
S000102784,Corgi Total U.S. Market 2x Daily ETF,Corgi Total U.S. Market 2x Daily ETF,Corgi ETF Trust I,0002078265,,,2026,2026,2.0,number,daily,,unresolved,unresolved,True,False
S000102791,Corgi U.S. Growth 2x Daily ETF,Corgi U.S. Growth 2x Daily ETF,Corgi ETF Trust I,0002078265,,,2026,2026,2.0,number,daily,,unresolved,unresolved,True,False
S000102794,Corgi U.S. Infrastructure 2x Daily ETF,Corgi U.S. Infrastructure 2x Daily ETF,Corgi ETF Trust I,0002078265,,,2026,2026,2.0,number,daily,,unresolved,unresolved,True,False
S000102796,Corgi U.S. Micro-Cap 2x Daily ETF,Corgi U.S. Micro-Cap 2x Daily ETF,Corgi ETF Trust I,0002078265,,,2026,2026,2.0,number,daily,,unresolved,unresolved,True,False
S000102804,Corgi All Commodities 2x Daily ETF,Corgi All Commodities 2x Daily ETF,Corgi ETF Trust I,0002078265,,,2026,2026,2.0,number,daily,,unresolved,unresolved,True,False
S000102813,Corgi Bay Area Based 2x Daily ETF,Corgi Bay Area Based 2x Daily ETF,Corgi ETF Trust I,0002078265,,,2026,2026,2.0,number,daily,,unresolved,unresolved,True,False
S000102814,"Corgi Beauty, Skincare & Aesthetics 2x Daily ETF","Corgi Beauty, Skincare & Aesthetics 2x Daily ETF",Corgi ETF Trust I,0002078265,,,2026,2026,2.0,number,daily,,unresolved,unresolved,True,False
S000102817,Corgi Data & Surveillance 2x Daily ETF,Corgi Data & Surveillance 2x Daily ETF,Corgi ETF Trust I,0002078265,,,2026,2026,2.0,number,daily,,unresolved,unresolved,True,False
S000102818,Corgi Genomics & Precision Medicine 2x Daily ETF,Corgi Genomics & Precision Medicine 2x Daily ETF,Corgi ETF Trust I,0002078265,,,2026,2026,2.0,number,daily,,unresolved,unresolved,True,False
S000102820,Corgi High Voltage Grid Equipment 2x Daily ETF,Corgi High Voltage Grid Equipment 2x Daily ETF,Corgi ETF Trust I,0002078265,,,2026,2026,2.0,number,daily,,unresolved,unresolved,True,False
S000102821,Corgi Lifestyle Brands 2x Daily ETF,Corgi Lifestyle Brands 2x Daily ETF,Corgi ETF Trust I,0002078265,,,2026,2026,2.0,number,daily,,unresolved,unresolved,True,False
S000102825,"Corgi Ports, Rail & Freight 2x Daily ETF","Corgi Ports, Rail & Freight 2x Daily ETF",Corgi ETF Trust I,0002078265,,,2026,2026,2.0,number,daily,,unresolved,unresolved,True,False
S000102827,Corgi Robots & Humanoids 2x Daily ETF,Corgi Robots & Humanoids 2x Daily ETF,Corgi ETF Trust I,0002078265,,,2026,2026,2.0,number,daily,,unresolved,unresolved,True,False
S000102828,Corgi Shipping & Global Logistics 2x Daily ETF,Corgi Shipping & Global Logistics 2x Daily ETF,Corgi ETF Trust I,0002078265,,,2026,2026,2.0,number,daily,,unresolved,unresolved,True,False
S000102829,Corgi Sports Betting & Gambling 2x Daily ETF,Corgi Sports Betting & Gambling 2x Daily ETF,Corgi ETF Trust I,0002078265,,,2026,2026,2.0,number,daily,,unresolved,unresolved,True,False
S000102832,Venezuelan Liberation 2x Daily ETF,Venezuelan Liberation 2x Daily ETF,Corgi ETF Trust I,0002078265,,,2026,2026,2.0,number,daily,,unresolved,unresolved,True,False
S000102833,Corgi U.S. War Machine 2x Daily ETF,Corgi U.S. War Machine 2x Daily ETF,Corgi ETF Trust I,0002078265,,,2026,2026,2.0,number,daily,,unresolved,unresolved,True,False
S000102834,Corgi Buy Now Pay Later 2x Daily ETF,Corgi Buy Now Pay Later 2x Daily ETF,Corgi ETF Trust I,0002078265,,,2026,2026,2.0,number,daily,,unresolved,unresolved,True,False
S000102836,Corgi Mag 7 2x Daily ETF,Corgi Mag 7 2x Daily ETF,Corgi ETF Trust I,0002078265,,,2026,2026,2.0,number,daily,,unresolved,unresolved,True,False
S000102841,Corgi Ex-U.S. Equities 2x Daily ETF,Corgi Ex-U.S. Equities 2x Daily ETF,Corgi ETF Trust I,0002078265,,,2026,2026,2.0,number,daily,,unresolved,unresolved,True,False
S000102842,Corgi AGIX 2x Daily ETF,Corgi AGIX 2x Daily ETF,Corgi ETF Trust I,0002078265,,,2026,2026,2.0,number,daily,,unresolved,unresolved,True,False
S000102968,Defiance Daily Target 2X Long Discord ETF,Defiance Daily Target 2X Long Discord ETF,Tidal Trust II,0001924868,,,2026,2026,2.0,number,daily,,unresolved,unresolved,True,False
S000103208,Leverage Shares 2X Long Discord Daily ETF,Leverage Shares 2X Long Discord Daily ETF,Themes ETF Trust,0001976322,,,2026,2026,2.0,number,daily,,unresolved,unresolved,True,False
S000103275,Defiance Daily Target 2X Long RYCEY ETF,Defiance Daily Target 2X Long RYCEY ETF,Tidal Trust II,0001924868,,,2026,2026,2.0,number,daily,,unresolved,unresolved,True,False
S000103278,Leverage Shares 2X Long Strava Daily ETF,Leverage Shares 2X Long Strava Daily ETF,Themes ETF Trust,0001976322,,,2026,2026,2.0,number,daily,,unresolved,unresolved,True,False
S000103282,Leverage Shares 2X Long Anthropic Daily ETF,Leverage Shares 2X Long Anthropic Daily ETF,Themes ETF Trust,0001976322,,,2026,2026,2.0,number,daily,,unresolved,unresolved,True,False
S000103379,Leverage Shares 2X Long Databricks Daily ETF,Leverage Shares 2X Long Databricks Daily ETF,Themes ETF Trust,0001976322,,,2026,2026,2.0,number,daily,,unresolved,unresolved,True,False
S000103398,Leverage Shares 2X Long Lambda Daily ETF,Leverage Shares 2X Long Lambda Daily ETF,Themes ETF Trust,0001976322,,,2026,2026,2.0,number,daily,,unresolved,unresolved,True,False
S000103432,Leverage Shares 2X Long Stripe Daily ETF,Leverage Shares 2X Long Stripe Daily ETF,Themes ETF Trust,0001976322,,,2026,2026,2.0,number,daily,,unresolved,unresolved,True,False
S000103450,Leverage Shares 2X Long Dataiku Daily ETF,Leverage Shares 2X Long Dataiku Daily ETF,Themes ETF Trust,0001976322,,,2026,2026,2.0,number,daily,,unresolved,unresolved,True,False
S000103517,ProShares Ultra Anthropic,ProShares Ultra Anthropic,PROSHARES TRUST,0001174610,,,2026,2026,2.0,proshares ultra,daily,,unresolved,unresolved,True,False
S000103518,ProShares Ultra Databricks,ProShares Ultra Databricks,PROSHARES TRUST,0001174610,,,2026,2026,2.0,proshares ultra,daily,,unresolved,unresolved,True,False
S000103519,ProShares Ultra Discord,ProShares Ultra Discord,PROSHARES TRUST,0001174610,,,2026,2026,2.0,proshares ultra,daily,,unresolved,unresolved,True,False
S000103520,ProShares Ultra Kraken,ProShares Ultra Kraken,PROSHARES TRUST,0001174610,,,2026,2026,2.0,proshares ultra,daily,,unresolved,unresolved,True,False
S000103521,ProShares Ultra OpenAI,ProShares Ultra OpenAI,PROSHARES TRUST,0001174610,,,2026,2026,2.0,proshares ultra,daily,,unresolved,unresolved,True,False
S000103523,Leverage Shares 2X Long OpenAI Daily ETF,Leverage Shares 2X Long OpenAI Daily ETF,Themes ETF Trust,0001976322,,,2026,2026,2.0,number,daily,,unresolved,unresolved,True,False
S000103525,ProShares Ultra ByteDance,ProShares Ultra ByteDance,PROSHARES TRUST,0001174610,,,2026,2026,2.0,proshares ultra,daily,,unresolved,unresolved,True,False
S000103526,ProShares Ultra Lambda,ProShares Ultra Lambda,PROSHARES TRUST,0001174610,,,2026,2026,2.0,proshares ultra,daily,,unresolved,unresolved,True,False
S000103527,ProShares Ultra Revolut,ProShares Ultra Revolut,PROSHARES TRUST,0001174610,,,2026,2026,2.0,proshares ultra,daily,,unresolved,unresolved,True,False
S000103528,ProShares Ultra Shein,ProShares Ultra Shein,PROSHARES TRUST,0001174610,,,2026,2026,2.0,proshares ultra,daily,,unresolved,unresolved,True,False
S000103529,ProShares Ultra Stripe,ProShares Ultra Stripe,PROSHARES TRUST,0001174610,,,2026,2026,2.0,proshares ultra,daily,,unresolved,unresolved,True,False
S000103892,Defiance Daily Target 2X Long KRKNF ETF,Defiance Daily Target 2X Long KRKNF ETF,Tidal Trust II,0001924868,,,2026,2026,2.0,number,daily,,unresolved,unresolved,True,False
S000103895,Defiance Daily Target 2X Long SSNLF ETF,Defiance Daily Target 2X Long SSNLF ETF,Tidal Trust II,0001924868,,,2026,2026,2.0,number,daily,,unresolved,unresolved,True,False
S000104019,Defiance Daily Target 2X Long YALL ETF,Defiance Daily Target 2X Long YALL ETF,Tidal Trust II,0001924868,,,2026,2026,2.0,number,daily,,unresolved,unresolved,True,False
S000104027,2x Avalanche ETF,2x Avalanche ETF,Volatility Shares Trust,0001884021,,,2026,2026,2.0,number,daily,,unresolved,unresolved,True,False
S000104044,Corgi SK hynix 2x Daily ETF,Corgi SK hynix 2x Daily ETF,Corgi ETF Trust I,0002078265,,,2026,2026,2.0,number,daily,,unresolved,unresolved,True,False
S000104046,Corgi Hyundai 2x Daily ETF,Corgi Hyundai 2x Daily ETF,Corgi ETF Trust I,0002078265,,,2026,2026,2.0,number,daily,,unresolved,unresolved,True,False
S000104047,Corgi DISCO 2x Daily ETF,Corgi DISCO 2x Daily ETF,Corgi ETF Trust I,0002078265,,,2026,2026,2.0,number,daily,,unresolved,unresolved,True,False
S000104048,Corgi Lasertec 2x Daily ETF,Corgi Lasertec 2x Daily ETF,Corgi ETF Trust I,0002078265,,,2026,2026,2.0,number,daily,,unresolved,unresolved,True,False
S000104049,Corgi Samsung 2x Daily ETF,Corgi Samsung 2x Daily ETF,Corgi ETF Trust I,0002078265,,,2026,2026,2.0,number,daily,,unresolved,unresolved,True,False
S000104050,Corgi Kioxia 2x Daily ETF,Corgi Kioxia 2x Daily ETF,Corgi ETF Trust I,0002078265,,,2026,2026,2.0,number,daily,,unresolved,unresolved,True,False
S000104051,Corgi Besi 2x Daily ETF,Corgi Besi 2x Daily ETF,Corgi ETF Trust I,0002078265,,,2026,2026,2.0,number,daily,,unresolved,unresolved,True,False
S000104053,Corgi Advantest 2x Daily ETF,Corgi Advantest 2x Daily ETF,Corgi ETF Trust I,0002078265,,,2026,2026,2.0,number,daily,,unresolved,unresolved,True,False
S000104056,Corgi Delta Electronics 2x Daily ETF,Corgi Delta Electronics 2x Daily ETF,Corgi ETF Trust I,0002078265,,,2026,2026,2.0,number,daily,,unresolved,unresolved,True,False
S000104061,GraniteShares 2x Long Databricks Daily ETF,GraniteShares 2x Long Databricks Daily ETF,GraniteShares ETF Trust,0001689873,,,2026,2026,2.0,number,daily,,unresolved,unresolved,True,False
S000104063,GraniteShares 2x Long Anthropic Daily ETF,GraniteShares 2x Long Anthropic Daily ETF,GraniteShares ETF Trust,0001689873,,,2026,2026,2.0,number,daily,,unresolved,unresolved,True,False
S000104067,GraniteShares 2x Long OpenAI Daily ETF,GraniteShares 2x Long OpenAI Daily ETF,GraniteShares ETF Trust,0001689873,,,2026,2026,2.0,number,daily,,unresolved,unresolved,True,False
S000104142,Tradr 2X Long OpenAI Daily ETF,Tradr 2X Long OpenAI Daily ETF,Investment Managers Series Trust II,0001587982,,,2026,2026,2.0,number,daily,,unresolved,unresolved,True,False
S000104146,Tradr 2X Long Quantinuum Daily ETF,Tradr 2X Long Quantinuum Daily ETF,Investment Managers Series Trust II,0001587982,,,2026,2026,2.0,number,daily,,unresolved,unresolved,True,False
S000104150,Tradr 2X Long Kraken Daily ETF,Tradr 2X Long Kraken Daily ETF,Investment Managers Series Trust II,0001587982,,,2026,2026,2.0,number,daily,,unresolved,unresolved,True,False
S000104249,Leverage Shares 2X Long ETN Daily ETF,Leverage Shares 2X Long ETN Daily ETF,Themes ETF Trust,0001976322,,,2026,2026,2.0,number,daily,,unresolved,unresolved,True,False
S000104267,Leverage Shares 2X Long AI Daily ETF,Leverage Shares 2X Long AI Daily ETF,Themes ETF Trust,0001976322,,,2026,2026,2.0,number,daily,,unresolved,unresolved,True,False
S000104603,EA Bridgeway Ultra-Small Company Market ETF,EA Bridgeway Ultra-Small Company Market ETF,EA Series Trust,0001592900,BUSM,BUSM,2026,2026,2.0,proshares ultra,daily,,unresolved,unresolved,True,True
S000104629,Tradr 2X Long Anthropic Daily ETF,Tradr 2X Long Anthropic Daily ETF,Investment Managers Series Trust II,0001587982,,,2026,2026,2.0,number,daily,,unresolved,unresolved,True,False
S000104633,Tradr 2X Long Ledger Daily ETF,Tradr 2X Long Ledger Daily ETF,Investment Managers Series Trust II,0001587982,,,2026,2026,2.0,number,daily,,unresolved,unresolved,True,False
S000104635,Tradr 2X Long Revolut Daily ETF,Tradr 2X Long Revolut Daily ETF,Investment Managers Series Trust II,0001587982,,,2026,2026,2.0,number,daily,,unresolved,unresolved,True,False
S000104716,Defiance Daily Target 2X Long SIL ETF,Defiance Daily Target 2X Long SIL ETF,Tidal Trust II,0001924868,SLL,SLL,2026,2026,2.0,number,daily,,unresolved,unresolved,True,True
S000104717,Defiance Daily Target 2X Long SILJ ETF,Defiance Daily Target 2X Long SILJ ETF,Tidal Trust II,0001924868,SLVJ,SLVJ,2026,2026,2.0,number,daily,,unresolved,unresolved,True,True
S000104940,Direxion Daily Anthropic Bull 2X ETF,Direxion Daily Anthropic Bull 2X ETF,Direxion Shares ETF Trust,0001424958,,,2026,2026,2.0,number,daily,,unresolved,unresolved,True,False
S000104943,Direxion Daily OpenAI Bull 2X ETF,Direxion Daily OpenAI Bull 2X ETF,Direxion Shares ETF Trust,0001424958,,,2026,2026,2.0,number,daily,,unresolved,unresolved,True,False
S000104989,Direxion Daily Databricks Bull 2X ETF,Direxion Daily Databricks Bull 2X ETF,Direxion Shares ETF Trust,0001424958,,,2026,2026,2.0,number,daily,,unresolved,unresolved,True,False
S000104991,Direxion Daily Anduril Bull 2X ETF,Direxion Daily Anduril Bull 2X ETF,Direxion Shares ETF Trust,0001424958,,,2026,2026,2.0,number,daily,,unresolved,unresolved,True,False
S000105146,GraniteShares 2x Long AI Daily ETF,GraniteShares 2x Long AI Daily ETF,GraniteShares ETF Trust,0001689873,,,2026,2026,2.0,number,daily,,unresolved,unresolved,True,False
S000105189,GraniteShares 2x Long ETN Daily ETF,GraniteShares 2x Long ETN Daily ETF,GraniteShares ETF Trust,0001689873,,,2026,2026,2.0,number,daily,,unresolved,unresolved,True,False
S000105235,Tradr 2X Long Anduril Daily ETF,Tradr 2X Long Anduril Daily ETF,Investment Managers Series Trust II,0001587982,,,2026,2026,2.0,number,daily,,unresolved,unresolved,True,False
S000105242,Tradr 2X Long Plaid Daily ETF,Tradr 2X Long Plaid Daily ETF,Investment Managers Series Trust II,0001587982,,,2026,2026,2.0,number,daily,,unresolved,unresolved,True,False
S000105244,Tradr 2X Long Stripe Daily ETF,Tradr 2X Long Stripe Daily ETF,Investment Managers Series Trust II,0001587982,,,2026,2026,2.0,number,daily,,unresolved,unresolved,True,False
S000105316,Defiance Daily Target 2X Long [Anthropic] ETF,Defiance Daily Target 2X Long [Anthropic] ETF,Tidal Trust II,0001924868,,,2026,2026,2.0,number,daily,,unresolved,unresolved,True,False
S000105385,Defiance Daily Target 2X Long [Anduril] ETF,Defiance Daily Target 2X Long [Anduril] ETF,Tidal Trust II,0001924868,,,2026,2026,2.0,number,daily,,unresolved,unresolved,True,False
S000105475,T-REX 2X LONG SK HYNIX DAILY TARGET ETF,T-REX 2X LONG SK HYNIX DAILY TARGET ETF,ETF Opportunities Trust,0001771146,,,2026,2026,2.0,number,daily,,unresolved,unresolved,True,False
S000105495,T-REX 2X Long Anduril Daily Target ETF,T-REX 2X Long Anduril Daily Target ETF,ETF Opportunities Trust,0001771146,,,2026,2026,2.0,number,daily,,unresolved,unresolved,True,False
S000105497,T-REX 2X Long Anthropic Daily Target ETF,T-REX 2X Long Anthropic Daily Target ETF,ETF Opportunities Trust,0001771146,,,2026,2026,2.0,number,daily,,unresolved,unresolved,True,False
S000105499,T-REX 2X Long Figure AI Daily Target ETF,T-REX 2X Long Figure AI Daily Target ETF,ETF Opportunities Trust,0001771146,,,2026,2026,2.0,number,daily,,unresolved,unresolved,True,False
S000105524,GraniteShares 2x Long SK Hynix Daily ETF,GraniteShares 2x Long SK Hynix Daily ETF,GraniteShares ETF Trust,0001689873,,,2026,2026,2.0,number,daily,,unresolved,unresolved,True,False
S000105550,Defiance Daily Target 2X Long [OpenAI] ETF,Defiance Daily Target 2X Long [OpenAI] ETF,Tidal Trust II,0001924868,,,2026,2026,2.0,number,daily,,unresolved,unresolved,True,False
S000105560,Leverage Shares 2X Long SMWR Daily ETF,Leverage Shares 2X Long SMWR Daily ETF,Themes ETF Trust,0001976322,,,2026,2026,2.0,number,daily,,unresolved,unresolved,True,False
S000105631,GraniteShares 2x Long Anduril Daily ETF,GraniteShares 2x Long Anduril Daily ETF,GraniteShares ETF Trust,0001689873,,,2026,2026,2.0,number,daily,,unresolved,unresolved,True,False
S000105654,Leverage Shares 2X Long SK Hynix Daily ETF,Leverage Shares 2X Long SK Hynix Daily ETF,Themes ETF Trust,0001976322,,,2026,2026,2.0,number,daily,,unresolved,unresolved,True,False
S000105713,Defiance Daily Target 2X Long [Cohere] ETF,Defiance Daily Target 2X Long [Cohere] ETF,Tidal Trust II,0001924868,,,2026,2026,2.0,number,daily,,unresolved,unresolved,True,False
S000105816,T-REX 2X Long Viva Republica Daily Target ETF,T-REX 2X Long Viva Republica Daily Target ETF,ETF Opportunities Trust,0001771146,,,2026,2026,2.0,number,daily,,unresolved,unresolved,True,False
S000105851,Leverage Shares 2X Long Viva Republica Daily ETF,Leverage Shares 2X Long Viva Republica Daily ETF,Themes ETF Trust,0001976322,,,2026,2026,2.0,number,daily,,unresolved,unresolved,True,False
S000105956,T-REX 2X LONG XOVR DAILY TARGET ETF,T-REX 2X LONG XOVR DAILY TARGET ETF,ETF Opportunities Trust,0001771146,,,2026,2026,2.0,number,daily,,unresolved,unresolved,True,False
S000105957,T-REX 2X LONG ROBO DAILY TARGET ETF,T-REX 2X LONG ROBO DAILY TARGET ETF,ETF Opportunities Trust,0001771146,,,2026,2026,2.0,number,daily,,unresolved,unresolved,True,False
S000105958,T-REX 2X LONG KOID DAILY TARGET ETF,T-REX 2X LONG KOID DAILY TARGET ETF,ETF Opportunities Trust,0001771146,,,2026,2026,2.0,number,daily,,unresolved,unresolved,True,False
S000105959,T-REX 2X LONG EUAD DAILY TARGET ETF,T-REX 2X LONG EUAD DAILY TARGET ETF,ETF Opportunities Trust,0001771146,,,2026,2026,2.0,number,daily,,unresolved,unresolved,True,False
S000105960,T-REX 2X LONG DRNZ DAILY TARGET ETF,T-REX 2X LONG DRNZ DAILY TARGET ETF,ETF Opportunities Trust,0001771146,,,2026,2026,2.0,number,daily,,unresolved,unresolved,True,False
S000105961,T-REX 2X LONG DRAM DAILY TARGET ETF,T-REX 2X LONG DRAM DAILY TARGET ETF,ETF Opportunities Trust,0001771146,,,2026,2026,2.0,number,daily,,unresolved,unresolved,True,False
S000105968,Defiance Daily Target 2X Long DRAM ETF,Defiance Daily Target 2X Long DRAM ETF,Tidal Trust II,0001924868,,,2026,2026,2.0,number,daily,,unresolved,unresolved,True,False
S000105973,Defiance Daily Target 2X Long SIVEF ETF,Defiance Daily Target 2X Long SIVEF ETF,Tidal Trust II,0001924868,,,2026,2026,2.0,number,daily,,unresolved,unresolved,True,False
S000106008,Defiance Daily Target 2X Long [Cerebras] ETF,Defiance Daily Target 2X Long [Cerebras] ETF,Tidal Trust II,0001924868,,,2026,2026,2.0,number,daily,,unresolved,unresolved,True,False
S000106041,Defiance Daily Target 2X Long [Kraken] ETF,Defiance Daily Target 2X Long [Kraken] ETF,Tidal Trust II,0001924868,,,2026,2026,2.0,number,daily,,unresolved,unresolved,True,False
S000106079,Defiance Daily Target 2X Long [Databricks] ETF,Defiance Daily Target 2X Long [Databricks] ETF,Tidal Trust II,0001924868,,,2026,2026,2.0,number,daily,,unresolved,unresolved,True,False
S000106174,Defiance Daily Target 2X Long [Stripe] ETF,Defiance Daily Target 2X Long [Stripe] ETF,Tidal Trust II,0001924868,,,2026,2026,2.0,number,daily,,unresolved,unresolved,True,False
S000106190,ProShares Ultra Cerebras,ProShares Ultra Cerebras,PROSHARES TRUST,0001174610,,,2026,2026,2.0,proshares ultra,daily,,unresolved,unresolved,True,False
S000106191,ProShares Ultra SK hynix,ProShares Ultra SK hynix,PROSHARES TRUST,0001174610,,,2026,2026,2.0,proshares ultra,daily,,unresolved,unresolved,True,False
S000106192,ProShares Ultra Anduril,ProShares Ultra Anduril,PROSHARES TRUST,0001174610,,,2026,2026,2.0,proshares ultra,daily,,unresolved,unresolved,True,False
S000106203,GraniteShares 2x Long [Lambda] Daily ETF,GraniteShares 2x Long [Lambda] Daily ETF,GraniteShares ETF Trust,0001689873,,,2026,2026,2.0,number,daily,,unresolved,unresolved,True,False
S000106215,GraniteShares 2x Long [Nscale] Daily ETF,GraniteShares 2x Long [Nscale] Daily ETF,GraniteShares ETF Trust,0001689873,,,2026,2026,2.0,number,daily,,unresolved,unresolved,True,False
S000106224,Defiance Daily 2X Long Israel ETF,Defiance Daily 2X Long Israel ETF,Tidal Trust II,0001924868,,,2026,2026,2.0,number,daily,,unresolved,unresolved,True,False
S000106226,Defiance Daily 2X Long Taiwan ETF,Defiance Daily 2X Long Taiwan ETF,Tidal Trust II,0001924868,,,2026,2026,2.0,number,daily,,unresolved,unresolved,True,False
S000106227,GraniteShares 2x Long [Scale AI] Daily ETF,GraniteShares 2x Long [Scale AI] Daily ETF,GraniteShares ETF Trust,0001689873,,,2026,2026,2.0,number,daily,,unresolved,unresolved,True,False
S000106231,GraniteShares 2x Long [Croq] Daily ETF,GraniteShares 2x Long [Croq] Daily ETF,GraniteShares ETF Trust,0001689873,,,2026,2026,2.0,number,daily,,unresolved,unresolved,True,False
S000106235,GraniteShares 2x Long [SambaNova] Daily ETF,GraniteShares 2x Long [SambaNova] Daily ETF,GraniteShares ETF Trust,0001689873,,,2026,2026,2.0,number,daily,,unresolved,unresolved,True,False
S000106245,Defiance Daily Target 2X Long [Toss] ETF,Defiance Daily Target 2X Long [Toss] ETF,Tidal Trust II,0001924868,,,2026,2026,2.0,number,daily,,unresolved,unresolved,True,False
S000106284,Leverage Shares 2X Long Scale AI Daily ETF,Leverage Shares 2X Long Scale AI Daily ETF,Themes ETF Trust,0001976322,,,2026,2026,2.0,number,daily,,unresolved,unresolved,True,False
S000106290,Leverage Shares 2X Long NScale Daily ETF,Leverage Shares 2X Long NScale Daily ETF,Themes ETF Trust,0001976322,,,2026,2026,2.0,number,daily,,unresolved,unresolved,True,False
S000106293,Leverage Shares 2X Long Groq Daily ETF,Leverage Shares 2X Long Groq Daily ETF,Themes ETF Trust,0001976322,,,2026,2026,2.0,number,daily,,unresolved,unresolved,True,False
S000106308,Leverage Shares 2X Long SambaNova Daily ETF,Leverage Shares 2X Long SambaNova Daily ETF,Themes ETF Trust,0001976322,,,2026,2026,2.0,number,daily,,unresolved,unresolved,True,False
S000106377,Kodex SK Hynix 2x Long Daily ETF,Kodex SK Hynix 2x Long Daily ETF,Amplify ETF Trust,0001633061,,,2026,2026,2.0,number,daily,,unresolved,unresolved,True,False
S000106437,Direxion Daily SK Hynix Bull 2X ETF,Direxion Daily SK Hynix Bull 2X ETF,Direxion Shares ETF Trust,0001424958,,,2026,2026,2.0,number,daily,,unresolved,unresolved,True,False
S000106466,Tradr 2X Long Applied Intuition Daily ETF,Tradr 2X Long Applied Intuition Daily ETF,Investment Managers Series Trust II,0001587982,,,2026,2026,2.0,number,daily,,unresolved,unresolved,True,False
S000106489,Defiance Daily Target 2X Long [Quantinuum] ETF,Defiance Daily Target 2X Long [Quantinuum] ETF,Tidal Trust II,0001924868,,,2026,2026,2.0,number,daily,,unresolved,unresolved,True,False
S000106506,Defiance Daily Target 2X Long SK Hynix ETF,Defiance Daily Target 2X Long SK Hynix ETF,Tidal Trust II,0001924868,,,2026,2026,2.0,number,daily,,unresolved,unresolved,True,False
S000106511,Tradr 2X Long Celonis Daily ETF,Tradr 2X Long Celonis Daily ETF,Investment Managers Series Trust II,0001587982,,,2026,2026,2.0,number,daily,,unresolved,unresolved,True,False
S000106592,T-REX 2X LONG SIVE DAILY TARGET ETF,T-REX 2X LONG SIVE DAILY TARGET ETF,ETF Opportunities Trust,0001771146,,,2026,2026,2.0,number,daily,,unresolved,unresolved,True,False
S000106594,T-REX 2X LONG HYUNDAI DAILY TARGET ETF,T-REX 2X LONG HYUNDAI DAILY TARGET ETF,ETF Opportunities Trust,0001771146,,,2026,2026,2.0,number,daily,,unresolved,unresolved,True,False
S000106595,T-REX 2X LONG SAMSUNG DAILY TARGET ETF,T-REX 2X LONG SAMSUNG DAILY TARGET ETF,ETF Opportunities Trust,0001771146,,,2026,2026,2.0,number,daily,,unresolved,unresolved,True,False
S000106596,T-REX 2X LONG METAPLANET DAILY TARGET ETF,T-REX 2X LONG METAPLANET DAILY TARGET ETF,ETF Opportunities Trust,0001771146,,,2026,2026,2.0,number,daily,,unresolved,unresolved,True,False
S000106597,T-REX 2X LONG NINTENDO DAILY TARGET ETF,T-REX 2X LONG NINTENDO DAILY TARGET ETF,ETF Opportunities Trust,0001771146,,,2026,2026,2.0,number,daily,,unresolved,unresolved,True,False
S000106598,T-REX 2X LONG SOFTBANK DAILY TARGET ETF,T-REX 2X LONG SOFTBANK DAILY TARGET ETF,ETF Opportunities Trust,0001771146,,,2026,2026,2.0,number,daily,,unresolved,unresolved,True,False
S000106601,Leverage Shares 2X Long Memory Daily ETF,Leverage Shares 2X Long Memory Daily ETF,Themes ETF Trust,0001976322,,,2026,2026,2.0,number,daily,,unresolved,unresolved,True,False
S000106641,Tradr 2X Long SK Hynix Daily ETF,Tradr 2X Long SK Hynix Daily ETF,Investment Managers Series Trust II,0001587982,,,2026,2026,2.0,number,daily,,unresolved,unresolved,True,False
S000106650,Leverage Shares 2X Long Applied Intuition Daily ETF,Leverage Shares 2X Long Applied Intuition Daily ETF,Themes ETF Trust,0001976322,,,2026,2026,2.0,number,daily,,unresolved,unresolved,True,False
S000106653,Leverage Shares 2X Long Revolut Daily ETF,Leverage Shares 2X Long Revolut Daily ETF,Themes ETF Trust,0001976322,,,2026,2026,2.0,number,daily,,unresolved,unresolved,True,False
S000106656,Leverage Shares 2X Long Anduril Daily ETF,Leverage Shares 2X Long Anduril Daily ETF,Themes ETF Trust,0001976322,,,2026,2026,2.0,number,daily,,unresolved,unresolved,True,False
S000106659,Leverage Shares 2X Long Roze Daily ETF,Leverage Shares 2X Long Roze Daily ETF,Themes ETF Trust,0001976322,,,2026,2026,2.0,number,daily,,unresolved,unresolved,True,False
S000106738,Tradr 2X Long Dataiku Daily ETF,Tradr 2X Long Dataiku Daily ETF,Investment Managers Series Trust II,0001587982,,,2026,2026,2.0,number,daily,,unresolved,unresolved,True,False
S000106964,GraniteShares 2x Long Kioxia Daily ETF,GraniteShares 2x Long Kioxia Daily ETF,GraniteShares ETF Trust,0001689873,,,2026,2026,2.0,number,daily,,unresolved,unresolved,True,False
S000107009,Tradr 2X Long IVES Daily ETF,Tradr 2X Long IVES Daily ETF,Investment Managers Series Trust II,0001587982,,,2026,2026,2.0,number,daily,,unresolved,unresolved,True,False
S000107174,REX 2x AI Compute Power ETF,REX 2x AI Compute Power ETF,REX ETF Trust,0002043954,,,2026,2026,2.0,number,daily,,unresolved,unresolved,True,False
S000107358,Direxion Daily DRAM Bull 2X ETF,Direxion Daily DRAM Bull 2X ETF,Direxion Shares ETF Trust,0001424958,,,2026,2026,2.0,number,daily,,unresolved,unresolved,True,False
S000107398,Leverage Shares 2X Long Advantest Daily ETF,Leverage Shares 2X Long Advantest Daily ETF,Themes ETF Trust,0001976322,,,2026,2026,2.0,number,daily,,unresolved,unresolved,True,False
S000107399,Leverage Shares 2X Long Tencent Daily ETF,Leverage Shares 2X Long Tencent Daily ETF,Themes ETF Trust,0001976322,,,2026,2026,2.0,number,daily,,unresolved,unresolved,True,False
S000107400,Leverage Shares 2X Long Tokyo Electron Daily ETF,Leverage Shares 2X Long Tokyo Electron Daily ETF,Themes ETF Trust,0001976322,,,2026,2026,2.0,number,daily,,unresolved,unresolved,True,False
S000107401,Leverage Shares 2X Long Xiaomi Daily ETF,Leverage Shares 2X Long Xiaomi Daily ETF,Themes ETF Trust,0001976322,,,2026,2026,2.0,number,daily,,unresolved,unresolved,True,False
S000107402,Leverage Shares 2X Long Disco Daily ETF,Leverage Shares 2X Long Disco Daily ETF,Themes ETF Trust,0001976322,,,2026,2026,2.0,number,daily,,unresolved,unresolved,True,False
S000107403,Leverage Shares 2X Long Fujikura Daily ETF,Leverage Shares 2X Long Fujikura Daily ETF,Themes ETF Trust,0001976322,,,2026,2026,2.0,number,daily,,unresolved,unresolved,True,False
S000107404,Leverage Shares 2X Long Infineon Technologies Daily ETF,Leverage Shares 2X Long Infineon Technologies Daily ETF,Themes ETF Trust,0001976322,,,2026,2026,2.0,number,daily,,unresolved,unresolved,True,False
S000107405,Leverage Shares 2X Long Kioxia Daily ETF,Leverage Shares 2X Long Kioxia Daily ETF,Themes ETF Trust,0001976322,,,2026,2026,2.0,number,daily,,unresolved,unresolved,True,False
S000107406,Leverage Shares 2X Long Lasertec Daily ETF,Leverage Shares 2X Long Lasertec Daily ETF,Themes ETF Trust,0001976322,,,2026,2026,2.0,number,daily,,unresolved,unresolved,True,False
S000107407,Leverage Shares 2X Long Samsung Daily ETF,Leverage Shares 2X Long Samsung Daily ETF,Themes ETF Trust,0001976322,,,2026,2026,2.0,number,daily,,unresolved,unresolved,True,False
S000107408,Leverage Shares 2X Long Schneider Electric Daily ETF,Leverage Shares 2X Long Schneider Electric Daily ETF,Themes ETF Trust,0001976322,,,2026,2026,2.0,number,daily,,unresolved,unresolved,True,False
S000107409,Leverage Shares 2X Long Softbank Daily ETF,Leverage Shares 2X Long Softbank Daily ETF,Themes ETF Trust,0001976322,,,2026,2026,2.0,number,daily,,unresolved,unresolved,True,False
S000107428,ProShares Ultra Kioxia,ProShares Ultra Kioxia,PROSHARES TRUST,0001174610,,,2026,2026,2.0,proshares ultra,daily,,unresolved,unresolved,True,False
S000107429,T-REX 2X LONG OPENAI DAILY TARGET ETF,T-REX 2X LONG OPENAI DAILY TARGET ETF,ETF Opportunities Trust,0001771146,,,2026,2026,2.0,number,daily,,unresolved,unresolved,True,False
S000107430,T-REX 2X LONG QUANTINUUM DAILY TARGET ETF,T-REX 2X LONG QUANTINUUM DAILY TARGET ETF,ETF Opportunities Trust,0001771146,,,2026,2026,2.0,number,daily,,unresolved,unresolved,True,False
S000107431,ProShares Ultra Roze,ProShares Ultra Roze,PROSHARES TRUST,0001174610,,,2026,2026,2.0,proshares ultra,daily,,unresolved,unresolved,True,False
S000107433,T-REX 2X LONG KIOXIA DAILY TARGET ETF,T-REX 2X LONG KIOXIA DAILY TARGET ETF,ETF Opportunities Trust,0001771146,,,2026,2026,2.0,number,daily,,unresolved,unresolved,True,False
S000107513,Leverage Shares 2X Long MiniMax Daily ETF,Leverage Shares 2X Long MiniMax Daily ETF,Themes ETF Trust,0001976322,,,2026,2026,2.0,number,daily,,unresolved,unresolved,True,False
S000107514,Leverage Shares 2X Long SK Square Daily ETF,Leverage Shares 2X Long SK Square Daily ETF,Themes ETF Trust,0001976322,,,2026,2026,2.0,number,daily,,unresolved,unresolved,True,False
S000107515,Leverage Shares 2X Long Simens Daily ETF,Leverage Shares 2X Long Simens Daily ETF,Themes ETF Trust,0001976322,,,2026,2026,2.0,number,daily,,unresolved,unresolved,True,False
S000107550,ProShares Ultra Crusoe,ProShares Ultra Crusoe,PROSHARES TRUST,0001174610,,,2026,2026,2.0,proshares ultra,daily,,unresolved,unresolved,True,False
S000107551,ProShares Ultra Nscale,ProShares Ultra Nscale,PROSHARES TRUST,0001174610,,,2026,2026,2.0,proshares ultra,daily,,unresolved,unresolved,True,False
S000107552,ProShares Ultra VAST Data,ProShares Ultra VAST Data,PROSHARES TRUST,0001174610,,,2026,2026,2.0,proshares ultra,daily,,unresolved,unresolved,True,False
S000107636,Leverage Shares 2X Long Crusoe Daily ETF,Leverage Shares 2X Long Crusoe Daily ETF,Themes ETF Trust,0001976322,,,2026,2026,2.0,number,daily,,unresolved,unresolved,True,False
S000107638,Leverage Shares 2X Long VAST Data Daily ETF,Leverage Shares 2X Long VAST Data Daily ETF,Themes ETF Trust,0001976322,,,2026,2026,2.0,number,daily,,unresolved,unresolved,True,False
S000107688,ProShares Ultra Oura,ProShares Ultra Oura,PROSHARES TRUST,0001174610,,,2026,2026,2.0,proshares ultra,daily,,unresolved,unresolved,True,False
S000107719,Leverage Shares 2X Long Computing Power Daily ETF,Leverage Shares 2X Long Computing Power Daily ETF,Themes ETF Trust,0001976322,,,2026,2026,2.0,number,daily,,unresolved,unresolved,True,False
S000022778,Direxion Daily Mid Cap Bull 3X ETF,Direxion Daily Mid Cap Bull 3X Shares | Direxion Daily Mid Cap Bull 3X ETF,Direxion Shares ETF Trust,0001424958,MIDU,MIDU,2022,2026,3.0,number,daily,,unresolved,unresolved,True,True
S000057189,Direxion Daily Metals & Mining Bull 3X Shares,Direxion Daily Metals & Mining Bull 3X Shares,Direxion Shares ETF Trust,0001424958,,,2022,2022,3.0,number,daily,,unresolved,unresolved,False,False
S000098430,Defiance Daily Target 3X Long GRNY ETF,Defiance Daily Target 3X Long GRNY ETF,ETF Series Solutions,0001540305,,,2026,2026,3.0,number,daily,,unresolved,unresolved,True,False
S000098431,Defiance Daily Target 3X Long MAGS ETF,Defiance Daily Target 3X Long MAGS ETF,ETF Series Solutions,0001540305,,,2026,2026,3.0,number,daily,,unresolved,unresolved,True,False
S000098432,Defiance Daily Target 3X Long GDX ETF,Defiance Daily Target 3X Long GDX ETF,ETF Series Solutions,0001540305,,,2026,2026,3.0,number,daily,,unresolved,unresolved,True,False
S000098434,Defiance Daily Target 3X Long SOLZ ETF,Defiance Daily Target 3X Long SOLZ ETF,ETF Series Solutions,0001540305,,,2026,2026,3.0,number,daily,,unresolved,unresolved,True,False
S000098806,T-REX 3X Long GRNY Daily Target ETF,T-REX 3X Long GRNY Daily Target ETF,ETF Opportunities Trust,0001771146,,,2026,2026,3.0,number,daily,,unresolved,unresolved,True,False
S000098813,T-REX 3X Long MAGS Daily Target ETF,T-REX 3X Long MAGS Daily Target ETF,ETF Opportunities Trust,0001771146,,,2026,2026,3.0,number,daily,,unresolved,unresolved,True,False
S000098848,T-REX 3X Long ARKK Daily Target ETF,T-REX 3X Long ARKK Daily Target ETF,ETF Opportunities Trust,0001771146,,,2026,2026,3.0,number,daily,,unresolved,unresolved,True,False
S000099663,Tradr 3X Long ARKK Daily ETF,Tradr 3X Long ARKK Daily ETF,Investment Managers Series Trust II,0001587982,,,2026,2026,3.0,number,daily,,unresolved,unresolved,True,False
S000099715,Direxion Daily MAG7+ Bull 3X ETF,Direxion Daily MAG7+ Bull 3X ETF,Direxion Shares ETF Trust,0001424958,,,2026,2026,3.0,number,daily,,unresolved,unresolved,True,False
S000099717,Direxion Daily Qs Bull 3X ETF,Direxion Daily Qs Bull 3X ETF,Direxion Shares ETF Trust,0001424958,,,2026,2026,3.0,number,daily,,unresolved,unresolved,True,False
S000099918,ProShares Daily Target 3x Mag7,ProShares Daily Target 3x Mag7,PROSHARES TRUST,0001174610,,,2026,2026,3.0,number,daily,,unresolved,unresolved,True,False
S000100116,3x GDX ETF,3x GDX ETF,Volatility Shares Trust,0001884021,,,2026,2026,3.0,number,daily,,unresolved,unresolved,True,False
S000100117,3x MAGS ETF,3x MAGS ETF,Volatility Shares Trust,0001884021,,,2026,2026,3.0,number,daily,,unresolved,unresolved,True,False
S000100318,Defiance Daily Target 3X Long BULL ETF,Defiance Daily Target 3X Long BULL ETF,ETF Series Solutions,0001540305,,,2026,2026,3.0,number,daily,,unresolved,unresolved,True,False
S000100673,GraniteShares 3x Long AI Daily ETF,GraniteShares 3x Long AI Daily ETF,GraniteShares ETF Trust,0001689873,,,2026,2026,3.0,number,daily,,unresolved,unresolved,True,False
S000100680,GraniteShares 3x Long Data Centers and Digital Infrastructure Daily ETF,GraniteShares 3x Long Data Centers and Digital Infrastructure Daily ETF,GraniteShares ETF Trust,0001689873,,,2026,2026,3.0,number,daily,,unresolved,unresolved,True,False
S000101255,Leverage Shares 3X Target Long Artificial Intelligence Daily ETF,Leverage Shares 3X Target Long Artificial Intelligence Daily ETF,Themes ETF Trust,0001976322,,,2026,2026,3.0,number,daily,,unresolved,unresolved,True,False
S000101263,Leverage Shares 3X Target Long World Markets Daily ETF,Leverage Shares 3X Target Long World Markets Daily ETF,Themes ETF Trust,0001976322,,,2026,2026,3.0,number,daily,,unresolved,unresolved,True,False
S000102001,VegaShares 3x Long GDX Daily Target ETF,VegaShares 3x Long GDX Daily Target ETF,VegaShares ETF Trust,0002068712,,,2026,2026,3.0,number,daily,,unresolved,unresolved,True,False
S000102009,VegaShares 3x Long GDXJ Daily Target ETF,VegaShares 3x Long GDXJ Daily Target ETF,VegaShares ETF Trust,0002068712,,,2026,2026,3.0,number,daily,,unresolved,unresolved,True,False
S000102010,VegaShares 3x Long MAGS Daily Target ETF,VegaShares 3x Long MAGS Daily Target ETF,VegaShares ETF Trust,0002068712,,,2026,2026,3.0,number,daily,,unresolved,unresolved,True,False
S000102011,VegaShares 3x Long VT Daily Target ETF,VegaShares 3x Long VT Daily Target ETF,VegaShares ETF Trust,0002068712,,,2026,2026,3.0,number,daily,,unresolved,unresolved,True,False
S000102012,VegaShares 3x Long VTI Daily Target ETF,VegaShares 3x Long VTI Daily Target ETF,VegaShares ETF Trust,0002068712,,,2026,2026,3.0,number,daily,,unresolved,unresolved,True,False
S000102575,Leverage Shares 3X Long MTVE Daily Target ETF,Leverage Shares 3X Long MTVE Daily Target ETF,Themes ETF Trust,0001976322,,,2026,2026,3.0,number,daily,,unresolved,unresolved,True,False
S000103752,GraniteShares 3x Long Blockchain Daily ETF,GraniteShares 3x Long Blockchain Daily ETF,GraniteShares ETF Trust,0001689873,,,2026,2026,3.0,number,daily,,unresolved,unresolved,True,False
S000103770,GraniteShares 3x Long IVES Daily ETF,GraniteShares 3x Long IVES Daily ETF,GraniteShares ETF Trust,0001689873,,,2026,2026,3.0,number,daily,,unresolved,unresolved,True,False
S000103773,GraniteShares 3x Long Lithium and Battery Daily ETF,GraniteShares 3x Long Lithium and Battery Daily ETF,GraniteShares ETF Trust,0001689873,,,2026,2026,3.0,number,daily,,unresolved,unresolved,True,False
S000103774,GraniteShares 3x Long Mag 7 Daily ETF,GraniteShares 3x Long Mag 7 Daily ETF,GraniteShares ETF Trust,0001689873,,,2026,2026,3.0,number,daily,,unresolved,unresolved,True,False
S000107654,Leverage Shares 3X Long Anthropic Daily ETF,Leverage Shares 3X Long Anthropic Daily ETF,Themes ETF Trust,0001976322,,,2026,2026,3.0,number,daily,,unresolved,unresolved,True,False
S000107656,Leverage Shares 3X Long OpenAI Daily ETF,Leverage Shares 3X Long OpenAI Daily ETF,Themes ETF Trust,0001976322,,,2026,2026,3.0,number,daily,,unresolved,unresolved,True,False
S000102002,VegaShares 4x Long MAGS Daily Target ETF,VegaShares 4x Long MAGS Daily Target ETF,VegaShares ETF Trust,0002068712,,,2026,2026,4.0,number,daily,,unresolved,unresolved,True,False
S000102004,VegaShares 4x Long SOXX Daily Target ETF,VegaShares 4x Long SOXX Daily Target ETF,VegaShares ETF Trust,0002068712,,,2026,2026,4.0,number,daily,,unresolved,unresolved,True,False
S000102006,VegaShares 4x Long TLT Daily Target ETF,VegaShares 4x Long TLT Daily Target ETF,VegaShares ETF Trust,0002068712,,,2026,2026,4.0,number,daily,,unresolved,unresolved,True,False
S000102007,VegaShares 4x Long XLF Daily Target ETF,VegaShares 4x Long XLF Daily Target ETF,VegaShares ETF Trust,0002068712,,,2026,2026,4.0,number,daily,,unresolved,unresolved,True,False
S000102008,VegaShares 4x Long XLK Daily Target ETF,VegaShares 4x Long XLK Daily Target ETF,VegaShares ETF Trust,0002068712,,,2026,2026,4.0,number,daily,,unresolved,unresolved,True,False
S000102013,VegaShares 4x Long FXI Daily Target ETF,VegaShares 4x Long FXI Daily Target ETF,VegaShares ETF Trust,0002068712,,,2026,2026,4.0,number,daily,,unresolved,unresolved,True,False
S000102014,VegaShares 4x Long GDX Daily Target ETF,VegaShares 4x Long GDX Daily Target ETF,VegaShares ETF Trust,0002068712,,,2026,2026,4.0,number,daily,,unresolved,unresolved,True,False
S000102015,VegaShares 4x Long GDXJ Daily Target ETF,VegaShares 4x Long GDXJ Daily Target ETF,VegaShares ETF Trust,0002068712,,,2026,2026,4.0,number,daily,,unresolved,unresolved,True,False
S000102016,VegaShares 4x Long IWM Daily Target ETF,VegaShares 4x Long IWM Daily Target ETF,VegaShares ETF Trust,0002068712,,,2026,2026,4.0,number,daily,,unresolved,unresolved,True,False
S000103328,GraniteShares 4x Long IEMG Daily ETF,GraniteShares 4x Long IEMG Daily ETF,GraniteShares ETF Trust,0001689873,,,2026,2026,4.0,number,daily,,unresolved,unresolved,True,False
S000103329,GraniteShares 4x Long XLK Daily ETF,GraniteShares 4x Long XLK Daily ETF,GraniteShares ETF Trust,0001689873,,,2026,2026,4.0,number,daily,,unresolved,unresolved,True,False
S000103330,GraniteShares 4x Long XLP Daily ETF,GraniteShares 4x Long XLP Daily ETF,GraniteShares ETF Trust,0001689873,,,2026,2026,4.0,number,daily,,unresolved,unresolved,True,False
S000103331,GraniteShares 4x Long XLRE Daily ETF,GraniteShares 4x Long XLRE Daily ETF,GraniteShares ETF Trust,0001689873,,,2026,2026,4.0,number,daily,,unresolved,unresolved,True,False
S000103332,GraniteShares 4x Long XLU Daily ETF,GraniteShares 4x Long XLU Daily ETF,GraniteShares ETF Trust,0001689873,,,2026,2026,4.0,number,daily,,unresolved,unresolved,True,False
S000103333,GraniteShares 4x Long XLV Daily ETF,GraniteShares 4x Long XLV Daily ETF,GraniteShares ETF Trust,0001689873,,,2026,2026,4.0,number,daily,,unresolved,unresolved,True,False
S000103334,GraniteShares 4x Long XLY Daily ETF,GraniteShares 4x Long XLY Daily ETF,GraniteShares ETF Trust,0001689873,,,2026,2026,4.0,number,daily,,unresolved,unresolved,True,False
S000103339,GraniteShares 4x Long IWM Daily ETF,GraniteShares 4x Long IWM Daily ETF,GraniteShares ETF Trust,0001689873,,,2026,2026,4.0,number,daily,,unresolved,unresolved,True,False
S000103353,GraniteShares 4x Long XLB Daily ETF,GraniteShares 4x Long XLB Daily ETF,GraniteShares ETF Trust,0001689873,,,2026,2026,4.0,number,daily,,unresolved,unresolved,True,False
S000103354,GraniteShares 4x Long XLC Daily ETF,GraniteShares 4x Long XLC Daily ETF,GraniteShares ETF Trust,0001689873,,,2026,2026,4.0,number,daily,,unresolved,unresolved,True,False
S000103355,GraniteShares 4x Long XLE Daily ETF,GraniteShares 4x Long XLE Daily ETF,GraniteShares ETF Trust,0001689873,,,2026,2026,4.0,number,daily,,unresolved,unresolved,True,False
S000103356,GraniteShares 4x Long XLF Daily ETF,GraniteShares 4x Long XLF Daily ETF,GraniteShares ETF Trust,0001689873,,,2026,2026,4.0,number,daily,,unresolved,unresolved,True,False
S000103357,GraniteShares 4x Long XLI Daily ETF,GraniteShares 4x Long XLI Daily ETF,GraniteShares ETF Trust,0001689873,,,2026,2026,4.0,number,daily,,unresolved,unresolved,True,False
S000103484,GraniteShares 4x Long AI Daily ETF,GraniteShares 4x Long AI Daily ETF,GraniteShares ETF Trust,0001689873,,,2026,2026,4.0,number,daily,,unresolved,unresolved,True,False
S000103485,GraniteShares 4x Long Mag 7 Daily ETF,GraniteShares 4x Long Mag 7 Daily ETF,GraniteShares ETF Trust,0001689873,,,2026,2026,4.0,number,daily,,unresolved,unresolved,True,False
S000103495,GraniteShares 4x Long Blockchain Daily ETF,GraniteShares 4x Long Blockchain Daily ETF,GraniteShares ETF Trust,0001689873,,,2026,2026,4.0,number,daily,,unresolved,unresolved,True,False
S000103510,GraniteShares 4x Long IVES Daily ETF,GraniteShares 4x Long IVES Daily ETF,GraniteShares ETF Trust,0001689873,,,2026,2026,4.0,number,daily,,unresolved,unresolved,True,False
S000103513,GraniteShares 4x Long Lithium and Battery Daily ETF,GraniteShares 4x Long Lithium and Battery Daily ETF,GraniteShares ETF Trust,0001689873,,,2026,2026,4.0,number,daily,,unresolved,unresolved,True,False
S000103843,Leverage Shares 4X Long US Growth 100 Daily ETF,Leverage Shares 4X Long US Growth 100 Daily ETF,Themes ETF Trust,0001976322,,,2026,2026,4.0,number,daily,,unresolved,unresolved,True,False
S000103848,Leverage Shares 4X Long World Stock Daily ETF,Leverage Shares 4X Long World Stock Daily ETF,Themes ETF Trust,0001976322,,,2026,2026,4.0,number,daily,,unresolved,unresolved,True,False
S000103849,Leverage Shares 4X Long Artificial Intelligence Daily ETF,Leverage Shares 4X Long Artificial Intelligence Daily ETF,Themes ETF Trust,0001976322,,,2026,2026,4.0,number,daily,,unresolved,unresolved,True,False
S000103852,Leverage Shares 4X Long Developed Markets Daily ETF,Leverage Shares 4X Long Developed Markets Daily ETF,Themes ETF Trust,0001976322,,,2026,2026,4.0,number,daily,,unresolved,unresolved,True,False
S000104189,Direxion Daily Communication Services Bull 4X ETF,Direxion Daily Communication Services Bull 4X ETF,Direxion Shares ETF Trust,0001424958,,,2026,2026,4.0,number,daily,,unresolved,unresolved,True,False
S000104200,Direxion Daily MAG 7 Bull 4X ETF,Direxion Daily MAG 7 Bull 4X ETF,Direxion Shares ETF Trust,0001424958,,,2026,2026,4.0,number,daily,,unresolved,unresolved,True,False
S000099959,5x IWM ETF,5x IWM ETF,Volatility Shares Trust,0001884021,,,2026,2026,5.0,number,daily,,unresolved,unresolved,True,False
S000100120,5x GDX ETF,5x GDX ETF,Volatility Shares Trust,0001884021,,,2026,2026,5.0,number,daily,,unresolved,unresolved,True,False
S000100122,5x MAGS ETF,5x MAGS ETF,Volatility Shares Trust,0001884021,,,2026,2026,5.0,number,daily,,unresolved,unresolved,True,False
S000100124,5x SOXQ ETF,5x SOXQ ETF,Volatility Shares Trust,0001884021,,,2026,2026,5.0,number,daily,,unresolved,unresolved,True,False
S000101250,5x TLT ETF,5x TLT ETF,Volatility Shares Trust,0001884021,,,2026,2026,5.0,number,daily,,unresolved,unresolved,True,False
S000101251,5x XLF ETF,5x XLF ETF,Volatility Shares Trust,0001884021,,,2026,2026,5.0,number,daily,,unresolved,unresolved,True,False
S000101253,5x FAANG ETF,5x FAANG ETF,Volatility Shares Trust,0001884021,,,2026,2026,5.0,number,daily,,unresolved,unresolved,True,False
S000104505,Leverage Shares 5X Long US Growth 100 Daily ETF,Leverage Shares 5X Long US Growth 100 Daily ETF,Themes ETF Trust,0001976322,,,2026,2026,5.0,number,daily,,unresolved,unresolved,True,False
S000104510,Leverage Shares 5X Long World Stock Daily ETF,Leverage Shares 5X Long World Stock Daily ETF,Themes ETF Trust,0001976322,,,2026,2026,5.0,number,daily,,unresolved,unresolved,True,False
S000104511,Leverage Shares 5X Long Artificial Intelligence Daily ETF,Leverage Shares 5X Long Artificial Intelligence Daily ETF,Themes ETF Trust,0001976322,,,2026,2026,5.0,number,daily,,unresolved,unresolved,True,False
S000104514,Leverage Shares 5X Long Developed Markets Daily ETF,Leverage Shares 5X Long Developed Markets Daily ETF,Themes ETF Trust,0001976322,,,2026,2026,5.0,number,daily,,unresolved,unresolved,True,False
