series_id,series_name,all_names,trust,cik,ticker,all_tickers,first_year,last_year,leverage_parsed,leverage_note,reset,underlying,underlying_note,category,active_2026,has_ticker,n_obs,beta,r2,resid_sd,beta_first60,beta_last60,beta_roll_min,beta_roll_max,price_ticker,first_date,last_date,med_dollar_vol,lev_check
S000081167,GraniteShares 2x Short AAL Daily ETF,GraniteShares 1.5x Short AAL Daily ETF | GraniteShares 2x Short AAL Daily ETF,GraniteShares ETF Trust,1689873,AIRD,ALSD | AIRD,2023,2026,-2.0,number,daily,AAL,ticker token,single_stock,True,True,,,,,,,,,,,,,no_prices
S000081150,GraniteShares 1x Short AAL Daily ETF,GraniteShares 1x Short AAL Daily ETF,GraniteShares ETF Trust,1689873,LAS,LAS,2023,2026,-1.0,number,daily,AAL,ticker token,single_stock,True,True,,,,,,,,,,,,,no_prices
S000081158,GraniteShares 2x Long AAL Daily ETF,GraniteShares 1.5x Long AAL Daily ETF | GraniteShares 2x Long AAL Daily ETF,GraniteShares ETF Trust,1689873,AIRL,AALL | AIRL,2023,2026,2.0,number,daily,AAL,ticker token,single_stock,True,True,,,,,,,,,,,,,no_prices
S000091218,Leverage Shares 2X Long AAL Daily ETF,Leverage Shares 2X Long AAL Daily ETF,Themes ETF Trust,1976322,AALG,AALG,2025,2026,2.0,number,daily,AAL,ticker token,single_stock,True,True,301.0,1.9896611654210208,0.9955131384557503,0.003973057446157069,1.9835993673370838,1.988571084253726,1.9598483939154605,2.0278485322183,AALG,2025-07-11,2026-09-23,362279.84828948975,ok
S000100913,Tradr 2X Long AAOI Daily ETF,Tradr 2X Long AAOI Daily ETF,Investment Managers Series Trust II,1587982,AAOX,AAOX,2026,2026,2.0,number,daily,AAOI,ticker token,single_stock,True,True,125.0,1.9840027910310585,0.9989060680918982,0.0055888086433070775,1.9808937281508237,1.9918608573188243,1.9791170399521707,1.992472983740621,AAOX,2026-03-24,2026-09-23,93950059.25312042,ok
S000081148,GraniteShares 2x Short AAPL Daily ETF,GraniteShares 1.75x Short AAPL Daily ETF | GraniteShares 2x Short AAPL Daily ETF,GraniteShares ETF Trust,1689873,APII,APSD | APII,2023,2026,-2.0,number,daily,AAPL,ticker token,single_stock,True,True,,,,,,,,,,,,,no_prices
S000077588,Kurv Apple (AAPL) 1.75x Short Daily ETF,Kurv Apple (AAPL) 1.75x Short Daily ETF,NEOS ETF Trust,1848758,ZAAP,ZAAP,2023,2024,-1.75,number,daily,AAPL,ticker token,single_stock,False,True,,,,,,,,,,,,,no_prices
S000076244,Direxion Daily AAPL Bear 1X ETF,Direxion Daily AAPL Bear 1X Shares | Direxion Daily AAPL Bear 1X ETF,Direxion Shares ETF Trust,1424958,AAPD,AAPD,2022,2026,-1.0,number,daily,AAPL,ticker token,single_stock,True,True,1032.0,-0.9965122812555534,0.9963928670571883,0.0009929193178756233,-0.9929210159733004,-0.9913811115271093,-1.0225572112897081,-0.9707381601944297,AAPD,2022-08-10,2026-09-23,87169255.42721748,ok
S000081151,GraniteShares 1x Short AAPL Daily ETF,GraniteShares 1x Short AAPL Daily ETF,GraniteShares ETF Trust,1689873,PHS,PHS,2023,2026,-1.0,number,daily,AAPL,ticker token,single_stock,True,True,,,,,,,,,,,,,no_prices
S000077577,Kurv Apple (AAPL) 1.75x Long Daily ETF,Kurv Apple (AAPL) 1.75x Long Daily ETF,NEOS ETF Trust,1848758,LAAP,LAAP,2023,2024,1.75,number,daily,AAPL,ticker token,single_stock,False,True,,,,,,,,,,,,,no_prices
S000076233,Direxion Daily AAPL Bull 2X ETF,Direxion Daily AAPL Bull 2X Shares | Direxion Daily AAPL Bull 1.5X Shares | Direxion Daily AAPL Bull 2X ETF,Direxion Shares ETF Trust,1424958,AAPU,AAPU,2022,2026,2.0,number,daily,AAPL,ticker token,single_stock,True,True,1033.0,1.8098544298696506,0.9816237398786248,0.004248940080650941,1.4735071011513579,1.9887411597537508,1.4701650365801022,2.0184800319944918,AAPU,2022-08-09,2026-09-23,57062124.003219604,ok+beta_varies
S000076355,GraniteShares 2x Long AAPL Daily ETF,GraniteShares 2x Long Apple Daily ETF | GraniteShares 1.75x Long AAPL Daily ETF | GraniteShares 2x Long AAPL Daily ETF,GraniteShares ETF Trust,1689873,AAPB,AAPB,2022,2026,2.0,number,daily,AAPL,ticker token,single_stock,True,True,1032.0,1.9061514504078674,0.9916692118133237,0.0029823421858116606,1.7269399420381912,2.0228825519806604,1.6787982311747789,2.0690243867802844,AAPB,2022-08-10,2026-09-23,1889935.447692871,ok
S000083676,T-REX 2X LONG APPLE DAILY TARGET ETF,T-REX 2X LONG APPLE DAILY TARGET ETF,ETF Opportunities Trust,1771146,AAPX,AAPX,2024,2026,2.0,number,daily,AAPL,company name,single_stock,True,True,675.0,1.9878780659108441,0.9942290982087094,0.002602806951910339,1.9482827641300828,1.9844517172296465,1.9412101831130422,2.0400312802248317,AAPX,2024-01-11,2026-09-23,1702227.9062271118,ok
S000102150,Defiance Daily Target 2X Long ABTC ETF,Defiance Daily Target 2X Long ABTC ETF,Tidal Trust II,1924868,ABTL,ABTL,2026,2026,2.0,number,daily,ABTC,ticker token,single_stock,True,True,,,,,,,,,,,,,no_prices
S000091891,Tradr 2X Long ACHR Daily ETF,Tradr 2X Long ACHR Daily ETF,Investment Managers Series Trust II,1587982,ARCX,ARCX,2025,2026,2.0,number,daily,ACHR,ticker token,single_stock,True,True,322.0,1.987358221541581,0.9928747609246654,0.007727943685446022,1.9979934909618984,2.0082941121543394,1.9276303514112338,2.0169056520206756,ARCX,2025-06-10,2026-09-23,300257.0022583008,ok
S000093872,T-REX 2X LONG ACHR DAILY TARGET ETF,T-REX 2X LONG ACHR DAILY TARGET ETF,ETF Opportunities Trust,1771146,ACHU,ACHU,2025,2026,2.0,number,daily,ACHR,ticker token,single_stock,True,True,,,,,,,,,,,,,no_prices
S000088296,GraniteShares 2x Short ADBE Daily ETF,GraniteShares 2x Short ADBE Daily ETF,GraniteShares ETF Trust,1689873,ADS,ADS,2025,2026,-2.0,number,daily,ADBE,ticker token,single_stock,True,True,,,,,,,,,,,,,no_prices
S000088313,GraniteShares 2x Long ADBE Daily ETF,GraniteShares 2x Long ADBE Daily ETF,GraniteShares ETF Trust,1689873,ADL,ADL,2025,2026,2.0,number,daily,ADBE,ticker token,single_stock,True,True,,,,,,,,,,,,,no_prices
S000091233,Leverage Shares 2X Long ADBE Daily ETF,Leverage Shares 2X Long ADBE Daily ETF,Themes ETF Trust,1976322,ADBG,ADBG,2025,2026,2.0,number,daily,ADBE,ticker token,single_stock,True,True,377.0,1.9965683713129159,0.9954450001677029,0.0031182721278638554,1.9967615934737357,2.004207896361313,1.963667421051588,2.0290556609216073,ADBG,2025-03-21,2026-09-23,16534183.695173264,ok
S000094236,Direxion Daily ADBE Bull 2X ETF,Direxion Daily ADBE Bull 2X ETF,Direxion Shares ETF Trust,1424958,ADBU,ADBU,2025,2026,2.0,number,daily,ADBE,ticker token,single_stock,True,True,123.0,2.011097233411915,0.9972739512787607,0.003111873056426963,2.021473002463265,2.0015580000575777,1.9999918379115864,2.0257379232788337,ADBU,2026-03-25,2026-09-23,638350.4984855652,ok
S000093883,T-REX 2X LONG AFRM DAILY TARGET ETF,T-REX 2X LONG AFRM DAILY TARGET ETF,ETF Opportunities Trust,1771146,AFRU,AFRU,2025,2026,2.0,number,daily,AFRM,ticker token,single_stock,True,True,254.0,1.9772247831171081,0.9880832611220064,0.008050792510246972,1.9764507622840457,1.9747199888288034,1.925816065540153,2.0529491895634377,AFRU,2025-09-16,2026-09-23,172715.40207862854,ok
S000100827,Tradr 2X Short ALAB Daily ETF,Tradr 2X Short ALAB Daily ETF,Investment Managers Series Trust II,1587982,ALAQ,ALAQ,2026,2026,-2.0,number,daily,ALAB,ticker token,single_stock,True,True,,,,,,,,,,,,,no_prices
S000091893,Tradr 2X Long ALAB Daily ETF,Tradr 2X Long ALAB Daily ETF,Investment Managers Series Trust II,1587982,LABX,LABX,2025,2026,2.0,number,daily,ALAB,ticker token,single_stock,True,True,279.0,2.003781053710702,0.9976280974222334,0.005951764596239935,2.0203785031990793,2.0151173865200946,1.9656519925026017,2.0318947291935703,LABX,2025-08-12,2026-09-23,14946087.672996521,ok
S000089799,Defiance Daily Target 2X Long AMAT ETF,Defiance Daily Target 2X Long AMAT ETF,Tidal Trust II,1924868,AMA,AMAX | AMA,2025,2026,2.0,number,daily,AMAT,ticker token,single_stock,True,True,1215.0,0.09440629586754828,0.18257575524761938,0.005987959414034815,0.08730630673952194,0.029586231179690194,0.010091119277587457,0.2348239265067124,AMAX,2021-11-15,2026-09-23,210076.2012720108,MISMATCH
S000090802,GraniteShares 2x Long AMC Daily ETF,GraniteShares 2x Long AMC Daily ETF,GraniteShares ETF Trust,1689873,AML,AML,2025,2026,2.0,number,daily,AMC,ticker token,single_stock,True,True,,,,,,,,,,,,,no_prices
S000081136,GraniteShares 2x Short AMD Daily ETF,GraniteShares 1.25x Short AMD Daily ETF | GraniteShares 2x Short AMD Daily ETF,GraniteShares ETF Trust,1689873,AMDS,AMSS | AMDS,2023,2026,-2.0,number,daily,AMD,ticker token,single_stock,True,True,85.0,0.09855479776091325,-0.041639778712830644,0.11787785433728465,0.06836105778503544,0.3594117926661738,0.06836105778503544,0.4431239628615216,AMSS,2026-05-20,2026-09-23,64462.99989819527,MISMATCH
S000087467,T-REX 2X INVERSE AMD DAILY TARGET ETF,T-REX 2X INVERSE AMD DAILY TARGET ETF,ETF Opportunities Trust,1771146,AMDD,AMDD,2025,2026,-2.0,number,daily,AMD,ticker token,single_stock,True,True,397.0,-1.0054438169001767,0.9962303782550794,0.0025994207117927114,-1.006683390527265,-1.0234270404621515,-1.0269932991657744,-0.9915314138804134,AMDD,2025-02-12,2026-09-23,16841489.369010925,MISMATCH
S000088058,Direxion Daily AMD Bear 1X ETF,Direxion Daily AMD Bear 1X Shares | Direxion Daily AMD Bear 1X ETF,Direxion Shares ETF Trust,1424958,AMDD,AMDD,2025,2026,-1.0,number,daily,AMD,ticker token,single_stock,True,True,397.0,-1.0054438169001767,0.9962303782550794,0.0025994207117927114,-1.006683390527265,-1.0234270404621515,-1.0269932991657744,-0.9915314138804134,AMDD,2025-02-12,2026-09-23,16841489.369010925,ok
S000076350,GraniteShares 2x Long AMD Daily ETF,GraniteShares 2x Long AMD Daily ETF | GraniteShares 1.25x Long AMD Daily ETF,GraniteShares ETF Trust,1689873,AMDL,AMDL,2022,2026,2.0,number,daily,AMD,ticker token,single_stock,True,True,630.0,2.001651437407386,0.9987717661622818,0.0026292571892385652,2.0131981825216236,2.030087874214998,1.9808297886911062,2.037501477990263,AMDL,2024-03-18,2026-09-23,161131999.7657776,ok
S000086639,Leverage Shares 2X Long AMD Daily ETF,Leverage Shares 2X Long AMD Daily ETF,Themes ETF Trust,1976322,AMDG,AMDG,2025,2026,2.0,number,daily,AMD,ticker token,single_stock,True,True,416.0,2.0048772183683945,0.998026459231334,0.003724588355475876,1.9995993839045323,2.047083336252781,1.9803840661527312,2.051017676038244,AMDG,2025-01-24,2026-09-23,5093941.212081909,ok
S000088048,Direxion Daily AMD Bull 2X ETF,Direxion Daily AMD Bull 2X Shares | Direxion Daily AMD Bull 2X ETF,Direxion Shares ETF Trust,1424958,AMUU,AMUU,2025,2026,2.0,number,daily,AMD,ticker token,single_stock,True,True,368.0,2.003913685951673,0.9987373082021214,0.0030554688631497127,2.011977941956375,2.025100051833662,1.9707856142289804,2.027346940954636,AMUU,2025-04-03,2026-09-23,14710803.590393066,ok
S000101614,Defiance Daily Target 2X Long AMTM ETF,Defiance Daily Target 2X Long AMTM ETF,Tidal Trust II,1924868,AMTL,AMTL,2026,2026,2.0,number,daily,AMTM,ticker token,single_stock,True,True,,,,,,,,,,,,,no_prices
S000100828,Tradr 2X Short AMZN Daily ETF,Tradr 2X Short AMZN Daily ETF,Investment Managers Series Trust II,1587982,AMZO,AMZO,2026,2026,-2.0,number,daily,AMZN,ticker token,single_stock,True,True,124.0,-1.9841476597616556,0.9968221251397498,0.0026413419507349046,-1.9850604060005292,-1.9904506089379703,-2.0004695406437474,-1.9651531917061424,AMZO,2026-03-24,2026-09-23,339136.00368499756,ok
S000076246,Direxion Daily AMZN Bear 1X ETF,Direxion Daily AMZN Bear 1X Shares | Direxion Daily AMZN Bear 1X ETF,Direxion Shares ETF Trust,1424958,AMZD,AMZD,2022,2026,-1.0,number,daily,AMZN,ticker token,single_stock,True,True,1012.0,-0.9965517197770029,0.9973434466958834,0.0010745161773056304,-0.9926382695798509,-1.0090038216362847,-1.023295366123636,-0.9774422557396053,AMZD,2022-09-08,2026-09-23,97942129.11763191,ok
S000076237,Direxion Daily AMZN Bull 2X ETF,Direxion Daily AMZN Bull 2X Shares | Direxion Daily AMZN Bull 1.5X Shares | Direxion Daily AMZN Bull 2X ETF,Direxion Shares ETF Trust,1424958,AMZU,AMZU,2022,2026,2.0,number,daily,AMZN,ticker token,single_stock,True,True,1013.0,1.7719387677635874,0.9788303054297731,0.00559549310762991,1.47202924617638,1.9856946685465846,1.4701334544375877,2.0114959341879226,AMZU,2022-09-07,2026-09-23,73676428.27129364,ok+beta_varies
S000076354,GraniteShares 2x Long AMZN Daily ETF,GraniteShares 2x Long Amazon Daily ETF | GraniteShares 1.5x Long AMZN Daily ETF | GraniteShares 2x Long AMZN Daily ETF,GraniteShares ETF Trust,1689873,AMZZ,AMZZ,2022,2026,2.0,number,daily,AMZN,ticker token,single_stock,True,True,630.0,1.9896748170396854,0.9966585737909587,0.0023639329510061324,1.9300644367354847,1.9885853078881954,1.9300644367354847,2.04513490475025,AMZZ,2024-03-18,2026-09-23,3345641.8224334717,ok
S000098202,T-REX 2X LONG APH DAILY TARGET ETF,T-REX 2X LONG APH DAILY TARGET ETF,ETF Opportunities Trust,1771146,APHU,APHU,2026,2026,2.0,number,daily,APH,ticker token,single_stock,True,True,149.0,1.9916085213695638,0.9898472237658535,0.005793201324824271,2.0085901957906946,2.0227966583760444,1.948451909507296,2.0374346462890505,APHU,2026-02-18,2026-09-23,130363.50355148315,ok
S000099408,Defiance Daily Target 2X Short APLD ETF,Defiance Daily Target 2X Short APLD ETF,Tidal Trust II,1924868,SAPL,SAPL,2026,2026,-2.0,number,daily,APLD,ticker token,single_stock,True,True,,,,,,,,,,,,,no_prices
S000100830,Tradr 2X Short APLD Daily ETF,Tradr 2X Short APLD Daily ETF,Investment Managers Series Trust II,1587982,APLZ,APLZ,2026,2026,-2.0,number,daily,APLD,ticker token,single_stock,True,True,167.0,-1.9965790011674338,0.9986134601663403,0.00482336991944239,-1.9856904566557065,-2.0162608869404797,-2.0162608869404797,-1.9856904566557065,APLZ,2026-01-22,2026-09-23,3296787.981414795,ok
S000095051,Tradr 2X Long APLD Daily ETF,Tradr 2X Long APLD Daily ETF,Investment Managers Series Trust II,1587982,APLX,APLX,2026,2026,2.0,number,daily,APLD,ticker token,single_stock,True,True,260.0,1.988670507536305,0.9983989885714973,0.005135258709179421,2.0011294477262274,1.9890197774988991,1.9729646406586194,2.012214061230831,APLX,2025-09-09,2026-09-23,13953744.741296768,ok
S000091894,Tradr 2X Long APP Daily ETF,Tradr 2X Long APP Daily ETF,Investment Managers Series Trust II,1587982,APPX,APPX,2025,2026,2.0,number,daily,APP,ticker token,single_stock,True,True,353.0,1.985681765254609,0.9986586280219365,0.003193206272322489,1.9465850807500706,1.9885700413624805,1.924275146922987,2.0125303402869767,APPX,2025-04-25,2026-09-23,14635504.896879196,ok
S000100054,T-REX 2X LONG AREC DAILY TARGET ETF,T-REX 2X LONG AREC DAILY TARGET ETF,ETF Opportunities Trust,1771146,ARCU,ARCU,2026,2026,2.0,number,daily,AREC,ticker token,single_stock,True,True,,,,,,,,,,,,,no_prices
S000099415,Defiance Daily Target 2X Short ARM ETF,Defiance Daily Target 2X Short ARM ETF,Tidal Trust II,1924868,SARM,SARM,2026,2026,-2.0,number,daily,ARM,ticker token,single_stock,True,True,,,,,,,,,,,,,no_prices
S000086640,Leverage Shares 2X Long ARM Daily ETF,Leverage Shares 2X Long ARM Daily ETF,Themes ETF Trust,1976322,ARMG,ARMG,2025,2026,2.0,number,daily,ARM,ticker token,single_stock,True,True,423.0,1.9991960936389863,0.9990316892238992,0.0028519472215986787,1.9993753950292694,2.0092486334459605,1.967563525935463,2.0230837937222805,ARMG,2025-01-14,2026-09-23,16263814.857387543,ok
S000087463,T-REX 2X LONG ARM DAILY TARGET ETF,T-REX 2X LONG ARM DAILY TARGET ETF,ETF Opportunities Trust,1771146,ARMU,ARMU,2025,2026,2.0,number,daily,ARM,ticker token,single_stock,True,True,,,,,,,,,,,,,no_prices
S000100573,Tradr 2X Long ARQQ Daily ETF,Tradr 2X Long ARQQ Daily ETF,Investment Managers Series Trust II,1587982,ARQX,ARQX,2026,2026,2.0,number,daily,ARQQ,ticker token,single_stock,True,True,,,,,,,,,,,,,no_prices
S000086641,Leverage Shares 2X Long ASML Daily ETF,Leverage Shares 2X Long ASML Daily ETF,Themes ETF Trust,1976322,ASMG,ASMG,2025,2026,2.0,number,daily,ASML,ticker token,single_stock,True,True,423.0,1.9863971556499147,0.9966193933562904,0.0032140161382412345,1.9736313872133304,1.9915319602628605,1.9018134883150146,2.013773146829533,ASMG,2025-01-14,2026-09-23,2269871.9020843506,ok
S000091099,KraneShares 2x Long ASML Daily ETF,KraneShares 2x Long ASML Daily ETF,Krane Shares Trust,1547576,KASM,KASM,2025,2026,2.0,number,daily,ASML,ticker token,single_stock,True,True,,,,,,,,,,,,,no_prices
S000092925,Direxion Daily ASML Bull 2X ETF,Direxion Daily ASML Bull 2X Shares | Direxion Daily ASML Bull 2X ETF,Direxion Shares ETF Trust,1424958,ASMU,ASMU,2025,2026,2.0,number,daily,ASML,ticker token,single_stock,True,True,153.0,1.9897452954752777,0.9959112053300908,0.004016307475775158,1.9846107282685046,1.9974024624549453,1.9754277381207208,1.9987498380716493,ASMU,2026-02-11,2026-09-23,2649100.5586624146,ok
S000093731,Tradr 2X Long ASTS Daily ETF,Tradr 2X Long ASTS Daily ETF,Investment Managers Series Trust II,1587982,ASTX,ASTX,2025,2026,2.0,number,daily,ASTS,ticker token,single_stock,True,True,301.0,1.988364864369996,0.9989964733364464,0.004114397861624146,1.9962400742148037,1.9836188082133013,1.9772811767110143,1.9977378561712162,ASTX,2025-07-11,2026-09-23,46973039.121866226,ok
S000096439,T-REX 2X Long ASTS Daily Target ETF,T-REX 2X Long ASTS Daily Target ETF,ETF Opportunities Trust,1771146,ASTU,ASTU,2026,2026,2.0,number,daily,ASTS,ticker token,single_stock,True,True,,,,,,,,,,,,,no_prices
S000103136,Defiance Daily Target 2X Long ASTS ETF,Defiance Daily Target 2X Long ASTS ETF,Tidal Trust II,1924868,ASTY,ASTY,2026,2026,2.0,number,daily,ASTS,ticker token,single_stock,True,True,84.0,1.9953044145798626,0.9988813433923568,0.004412095383859871,1.9921657546852016,1.988775587345328,1.9822515444751523,1.9947987875132516,ASTY,2026-05-21,2026-09-23,1016112.4774217606,ok
S000093890,T-REX 2X LONG AUR DAILY TARGET ETF,T-REX 2X LONG AUR DAILY TARGET ETF,ETF Opportunities Trust,1771146,AURL,AURL,2025,2026,2.0,number,daily,AUR,ticker token,single_stock,True,True,,,,,,,,,,,,,no_prices
S000093891,T-REX 2X LONG AVAV DAILY TARGET ETF,T-REX 2X LONG AVAV DAILY TARGET ETF,ETF Opportunities Trust,1771146,AVUP,AVUP,2025,2026,2.0,number,daily,AVAV,ticker token,single_stock,True,True,,,,,,,,,,,,,no_prices
S000087484,T-REX 2X INVERSE AVGO DAILY TARGET ETF,T-REX 2X INVERSE AVGO DAILY TARGET ETF,ETF Opportunities Trust,1771146,AVGD,AVGD,2025,2026,-2.0,number,daily,AVGO,ticker token,single_stock,True,True,,,,,,,,,,,,,no_prices
S000088298,GraniteShares 2x Short AVGO Daily ETF,GraniteShares 2x Short AVGO Daily ETF,GraniteShares ETF Trust,1689873,AVGS,AVGS,2025,2026,-2.0,number,daily,AVGO,ticker token,single_stock,True,True,,,,,,,,,,,,,no_prices
S000088060,Direxion Daily AVGO Bear 1X ETF,Direxion Daily AVGO Bear 1X Shares | Direxion Daily AVGO Bear 1X ETF,Direxion Shares ETF Trust,1424958,AVS,AVS,2025,2026,-1.0,number,daily,AVGO,ticker token,single_stock,True,True,470.0,-0.9929135790715125,0.9832060928889322,0.004344847827783472,-0.9786653076194267,-1.0006177029741765,-1.0117850319544093,-0.9769994343621308,AVS,2024-10-10,2026-09-23,91859676.86493397,ok
S000085139,Defiance Daily Target 2X Long AVGO ETF,Defiance Daily Target 2X Long PANW ETF | Defiance Daily Target 2X Long AVGO ETF,Tidal Trust II,1924868,AVGX,PANX | AVGX,2024,2026,2.0,number,daily,AVGO,ticker token,single_stock,True,True,521.0,1.981312679496787,0.9988976557805734,0.0020961444414840293,2.010222048372786,2.0178950270085236,1.9359621251128794,2.022146725993253,AVGX,2024-08-22,2026-09-23,23758967.858314514,ok
S000087464,T-REX 2X LONG AVGO DAILY TARGET ETF,T-REX 2X LONG AVGO DAILY TARGET ETF,ETF Opportunities Trust,1771146,AVGU,AVGU,2025,2026,2.0,number,daily,AVGO,ticker token,single_stock,True,True,299.0,1.9994659592163115,0.9964178580818546,0.0034390125035915946,1.99046390765015,2.007743019757057,1.9614905592779728,2.026652096051403,AVGU,2025-07-15,2026-09-23,2904445.69644928,ok
S000088059,Direxion Daily AVGO Bull 2X ETF,Direxion Daily AVGO Bull 2X Shares | Direxion Daily AVGO Bull 2X ETF,Direxion Shares ETF Trust,1424958,AVL,AVL,2025,2026,2.0,number,daily,AVGO,ticker token,single_stock,True,True,487.0,1.9882081381719814,0.9986309934919815,0.0024042523165075983,1.9931116026624576,1.997698669337302,1.9537939475115853,2.011469804521085,AVL,2024-10-10,2026-09-23,18690652.096939087,ok
S000088314,GraniteShares 2x Long AVGO Daily ETF,GraniteShares 2x Long AVGO Daily ETF,GraniteShares ETF Trust,1689873,AVGU,AVGU,2025,2026,2.0,number,daily,AVGO,ticker token,single_stock,True,True,299.0,1.9994659592163115,0.9964178580818546,0.0034390125035915946,1.99046390765015,2.007743019757057,1.9614905592779728,2.026652096051403,AVGU,2025-07-15,2026-09-23,2904445.69644928,ok
S000091235,Leverage Shares 2X Long AVGO Daily ETF,Leverage Shares 2X Long AVGO Daily ETF,Themes ETF Trust,1976322,AVGG,AVGG,2025,2026,2.0,number,daily,AVGO,ticker token,single_stock,True,True,338.0,1.9979214521571882,0.9974736260412531,0.00276977200625951,2.002610369344615,1.998677597899221,1.9724071305029502,2.043267293457427,AVGG,2025-05-16,2026-09-23,4950447.212600708,ok
S000093892,T-REX 2X LONG AXON DAILY TARGET ETF,T-REX 2X LONG AXON DAILY TARGET ETF,ETF Opportunities Trust,1771146,AXUP,AXUP,2025,2026,2.0,number,daily,AXON,ticker token,single_stock,True,True,,,,,,,,,,,,,no_prices
S000089802,Defiance Daily Target 2X Long B ETF,Defiance Daily Target 2X Long GOLD ETF | Defiance Daily Target 2X Long B ETF,Tidal Trust II,1924868,BU,GOLX | BU,2025,2026,2.0,number,daily,B,ticker token,single_stock,True,True,,,,,,,,,,,,,no_prices
S000093877,T-REX 2X LONG B DAILY TARGET ETF,T-REX 2X LONG GOLD DAILY TARGET ETF | T-REX 2X LONG B DAILY TARGET ETF,ETF Opportunities Trust,1771146,GLDU,GLDU,2025,2026,2.0,number,daily,B,ticker token,single_stock,True,True,,,,,,,,,,,,,no_prices
S000087485,T-REX 2X INVERSE BA DAILY TARGET ETF,T-REX 2X INVERSE BA DAILY TARGET ETF,ETF Opportunities Trust,1771146,BAD,BAD,2025,2026,-2.0,number,daily,BA,ticker token,single_stock,True,True,,,,,,,,,,,,,no_prices
S000076090,AXS 1.25X BA Bear Daily ETF,AXS 2X BA Bear Daily ETF | AXS 1.25X BA Bear Daily ETF,Investment Managers Series Trust II,1587982,BAS,BAS,2022,2023,-1.25,number,daily,BA,ticker token,single_stock,False,True,,,,,,,,,,,,,no_prices
S000088062,Direxion Daily BA Bear 1X ETF,Direxion Daily BA Bear 1X Shares | Direxion Daily BA Bear 1X ETF,Direxion Shares ETF Trust,1424958,BOED,BOED,2025,2026,-1.0,number,daily,BA,ticker token,single_stock,True,True,,,,,,,,,,,,,no_prices
S000076100,AXS 1.25X BA Bull Daily ETF,AXS 2X BA Bull Daily ETF | AXS 1.25X BA Bull Daily ETF,Investment Managers Series Trust II,1587982,BAT,BAT,2022,2023,1.25,number,daily,BA,ticker token,single_stock,False,True,,,,,,,,,,,,,no_prices
S000086642,Leverage Shares 2X Long BA Daily ETF,Leverage Shares 2X Long BA Daily ETF,Themes ETF Trust,1976322,BOEG,BOEG,2025,2026,2.0,number,daily,BA,ticker token,single_stock,True,True,318.0,1.9895773042515863,0.9896536262856096,0.00411325293951106,2.016442499917489,1.9957772364543094,1.9489267726671635,2.016442499917489,BOEG,2025-06-13,2026-09-23,421070.8547592163,ok
S000088061,Direxion Daily BA Bull 2X ETF,Direxion Daily BA Bull 2X Shares | Direxion Daily BA Bull 2X ETF,Direxion Shares ETF Trust,1424958,BOEU,BOEU,2025,2026,2.0,number,daily,BA,ticker token,single_stock,True,True,354.0,1.984874948829131,0.9942334130497735,0.0029910527792202006,1.9842028520879265,1.976201677602174,1.9321519923842845,2.0407906129134052,BOEU,2025-04-23,2026-09-23,818394.021987915,ok
S000076352,GraniteShares 2x Long BABA Daily ETF,GraniteShares 2x Long Alibaba Daily ETF | GraniteShares 1.75x Long BABA Daily ETF | GraniteShares 2x Long BABA Daily ETF,GraniteShares ETF Trust,1689873,BABX,BABX,2022,2026,2.0,number,daily,BABA,ticker token,single_stock,True,True,945.0,1.93846072035304,0.9949539038911006,0.003714887258608645,1.7369248418404217,2.0050227784084402,1.7241528030879059,2.0258931094493566,BABX,2022-12-13,2026-09-23,12965513.978767395,ok
S000089268,KraneShares 2x Long BABA Daily ETF,KraneShares 2x Long BABA Daily ETF,Krane Shares Trust,1547576,KBAB,KBAB,2025,2026,2.0,number,daily,BABA,ticker token,single_stock,True,True,384.0,2.007879871402166,0.998093249067115,0.002436695912764809,2.018603401979486,2.0015389340611565,1.9808456485720958,2.0281540094062245,KBAB,2025-03-12,2026-09-23,95652.70042419434,ok
S000092939,Direxion Daily BABA Bull 2X ETF,Direxion Daily BABA Bull 2X Shares | Direxion Daily BABA Bull 2X ETF,Direxion Shares ETF Trust,1424958,BABU,BABU,2025,2026,2.0,number,daily,BABA,ticker token,single_stock,True,True,152.0,2.016334384429415,0.9971715753781342,0.0027584586045676235,2.0355494003348773,2.0115034560900633,1.996816241569958,2.0355494003348773,BABU,2026-02-12,2026-09-23,998471.5268135071,ok
S000093823,Leverage Shares 2X Long BBAI Daily ETF,Leverage Shares 2X Long BBAI Daily ETF,Themes ETF Trust,1976322,BAIG,BAIG,2025,2026,2.0,number,daily,BBAI,ticker token,single_stock,True,True,272.0,2.0055544410428987,0.9930258635158408,0.008653304731312414,1.9984842064470028,2.011417493557191,1.977489084386869,2.0403676708586502,BAIG,2025-08-21,2026-09-23,331615.4043197632,ok
S000093893,T-REX 2X LONG BBAI DAILY TARGET ETF,T-REX 2X LONG BBAI DAILY TARGET ETF,ETF Opportunities Trust,1771146,BBUP,BBUP,2025,2026,2.0,number,daily,BBAI,ticker token,single_stock,True,True,,,,,,,,,,,,,no_prices
S000099416,Defiance Daily Target 2X Short BE ETF,Defiance Daily Target 2X Short BE ETF,Tidal Trust II,1924868,BES,BES,2026,2026,-2.0,number,daily,BE,ticker token,single_stock,True,True,,,,,,,,,,,,,no_prices
S000100831,Tradr 2X Short BE Daily ETF,Tradr 2X Short BE Daily ETF,Investment Managers Series Trust II,1587982,BEZ,BEZ,2026,2026,-2.0,number,daily,BE,ticker token,single_stock,True,True,153.0,-1.9986102732199995,0.998423821430876,0.005669896842834289,-1.9886364801354248,-2.012900651455311,-2.012900651455311,-1.9880733607250707,BEZ,2026-02-11,2026-09-23,18065893.433856964,ok
S000096127,Tradr 2X Long BE Daily ETF,Tradr 2X Long BE Daily ETF,Investment Managers Series Trust II,1587982,BEX,BEX,2026,2026,2.0,number,daily,BE,ticker token,single_stock,True,True,213.0,1.9870357087392638,0.9983638065247521,0.005635731919111935,1.985921540920954,2.0022211969457424,1.9621581716928802,2.0022211969457424,BEX,2025-11-13,2026-09-23,65351194.358730316,ok
S000100079,Defiance Daily Target 2X Long BE ETF,Defiance Daily Target 2X Long BE ETF,Tidal Trust II,1924868,LBE,LBE,2026,2026,2.0,number,daily,BE,ticker token,single_stock,True,True,,,,,,,,,,,,,no_prices
S000100584,Tradr 2X Long BETR Daily ETF,Tradr 2X Long BETR Daily ETF,Investment Managers Series Trust II,1587982,BETU,BETU,2026,2026,2.0,number,daily,BETR,ticker token,single_stock,True,True,,,,,,,,,,,,,no_prices
S000089269,KraneShares 2x Long BIDU Daily ETF,KraneShares 2x Long BIDU Daily ETF,Krane Shares Trust,1547576,KBDU,KBDU,2025,2026,2.0,number,daily,BIDU,ticker token,single_stock,True,True,207.0,2.0059708797720637,0.9983814273175727,0.0024505378141556817,2.0077592626054765,1.988674213257341,1.975536564600597,2.0285723745248605,KBDU,2025-11-21,2026-09-23,16105.149936676025,ok
S000100082,Defiance Daily Target 2X Long BIIB ETF,Defiance Daily Target 2X Long BIIB ETF,Tidal Trust II,1924868,LBII,LBII,2026,2026,2.0,number,daily,BIIB,ticker token,single_stock,True,True,,,,,,,,,,,,,no_prices
S000099417,Defiance Daily Target 2X Short BITF ETF,Defiance Daily Target 2X Short BITF ETF,Tidal Trust II,1924868,BTSS,BTSS,2026,2026,-2.0,number,daily,BITF,ticker token,single_stock,True,True,,,,,,,,,,,,,no_prices
S000100588,Tradr 2X Long BKKT Daily ETF,Tradr 2X Long BKKT Daily ETF,Investment Managers Series Trust II,1587982,BKKX,BKKX,2026,2026,2.0,number,daily,BKKT,ticker token,single_stock,True,True,,,,,,,,,,,,,no_prices
S000093894,T-REX 2X LONG BKNG DAILY TARGET ETF,T-REX 2X LONG BKNG DAILY TARGET ETF,ETF Opportunities Trust,1771146,BKNU,BKNU,2025,2026,2.0,number,daily,BKNG,ticker token,single_stock,True,True,,,,,,,,,,,,,no_prices
S000096129,Tradr 2X Long BLSH Daily ETF,Tradr 2X Long BLSH Daily ETF,Investment Managers Series Trust II,1587982,BLSX,BLSX,2026,2026,2.0,number,daily,BLSH,ticker token,single_stock,True,True,,,,,,,,,,,,,no_prices
S000096298,Leverage Shares 2X Long BLSH Daily ETF,Leverage Shares 2X Long BLSH Daily ETF,Themes ETF Trust,1976322,BLSG,BLSG,2026,2026,2.0,number,daily,BLSH,ticker token,single_stock,True,True,226.0,1.999646338195968,0.99486625835537,0.00680679854076891,2.041224832615819,2.001476052180692,1.964128939746547,2.048041914438046,BLSG,2025-10-27,2026-09-23,223569.003200531,ok
S000096350,T-REX 2X LONG BLSH DAILY TARGET ETF,T-REX 2X LONG BLSH DAILY TARGET ETF,ETF Opportunities Trust,1771146,BLHU,BLHU,2026,2026,2.0,number,daily,BLSH,ticker token,single_stock,True,True,,,,,,,,,,,,,no_prices
S000095473,T-REX 2X LONG BMNR DAILY TARGET ETF,T-REX 2X LONG BMNR DAILY TARGET ETF,ETF Opportunities Trust,1771146,BMNU,BMNU,2026,2026,2.0,number,daily,BMNR,ticker token,single_stock,True,True,247.0,1.9477283679829345,0.9960246559200121,0.006973618973882579,1.9429281543284487,1.947399472673486,1.9094069328672378,1.9819674263474905,BMNU,2025-09-26,2026-09-23,47833646.23994827,ok
S000096186,Leverage Shares 2X Long BMNR Daily ETF,Leverage Shares 2X Long BMNR Daily ETF,Themes ETF Trust,1976322,BMNG,BMNG,2026,2026,2.0,number,daily,BMNR,ticker token,single_stock,True,True,226.0,1.98765163541573,0.9980808464024461,0.004918341664024596,1.9963719243186107,1.9721744504173973,1.9642933315950406,2.0018800131167036,BMNG,2025-10-27,2026-09-23,9345158.574962616,ok
S000088064,Direxion Daily BRKB Bear 1X ETF,Direxion Daily&nbsp;BRKB Bear 1X Shares | Direxion Daily BRKB Bear 1X ETF,Direxion Shares ETF Trust,1424958,BRKD,BRKD,2025,2026,-1.0,number,daily,BRK-B,ticker token,single_stock,True,True,,,,,,,,,,,,,no_prices
S000088063,Direxion Daily BRKB Bull 2X ETF,Direxion Daily BRKB Bull 2X Shares | Direxion Daily BRKB Bull 2X ETF,Direxion Shares ETF Trust,1424958,BRKU,BRKU,2025,2026,2.0,number,daily,BRK-B,ticker token,single_stock,True,True,444.0,1.9450154867713694,0.9890569590006939,0.0021779826649043262,1.9766510415899714,1.9596453660912836,1.8820306892935348,1.9878467431641038,BRKU,2024-12-11,2026-09-23,1784772.9598999023,ok
S000096440,T-REX 2X Long BTBT Daily Target ETF,T-REX 2X Long BTBT Daily Target ETF,ETF Opportunities Trust,1771146,BTOO,BTOO,2026,2026,2.0,number,daily,BTBT,ticker token,single_stock,True,True,,,,,,,,,,,,,no_prices
S000100924,Tradr 2X Long BTBT Daily ETF,Tradr 2X Long BTBT Daily ETF,Investment Managers Series Trust II,1587982,BTBX,BTBX,2026,2026,2.0,number,daily,BTBT,ticker token,single_stock,True,True,,,,,,,,,,,,,no_prices
S000100928,Tradr 2X Long BTDR Daily ETF,Tradr 2X Long BTDR Daily ETF,Investment Managers Series Trust II,1587982,BTDX,BTDX,2026,2026,2.0,number,daily,BTDR,ticker token,single_stock,True,True,,,,,,,,,,,,,no_prices
S000100083,Defiance Daily Target 2X Long BTQ ETF,Defiance Daily Target 2X Long BTQ ETF,Tidal Trust II,1924868,BTQL,BTQL,2026,2026,2.0,number,daily,BTQ,ticker token,single_stock,True,True,,,,,,,,,,,,,no_prices
S000105240,Tradr 2X Short CBRS Daily ETF,Tradr 2X Short CBRS Daily ETF,Investment Managers Series Trust II,1587982,CBRZ,CBRZ,2026,2026,-2.0,number,daily,CBRS,ticker token,single_stock,True,True,79.0,-1.9960505242628064,0.9985679785656575,0.005803722258915785,-1.996948151588145,-1.9805772388687102,-1.9990891084234563,-1.9805772388687102,CBRZ,2026-05-29,2026-09-23,5693130.0265312195,ok
S000105239,Tradr 2X Long CBRS Daily ETF,Tradr 2X Long CBRS Daily ETF,Investment Managers Series Trust II,1587982,CBRX,CBRX,2026,2026,2.0,number,daily,CBRS,ticker token,single_stock,True,True,79.0,2.005698110433552,0.9981917153509738,0.006548309833682626,2.01155977848982,2.0028896961270535,2.0028896961270535,2.013660292947307,CBRX,2026-05-29,2026-09-23,3658605.9827804565,ok
S000100930,Tradr 2X Long CCJ Daily ETF,Tradr 2X Long CCJ Daily ETF,Investment Managers Series Trust II,1587982,CCJX,CCJX,2026,2026,2.0,number,daily,CCJ,ticker token,single_stock,True,True,,,,,,,,,,,,,no_prices
S000088299,GraniteShares 2x Short CCL Daily ETF,GraniteShares 2x Short CCL Daily ETF,GraniteShares ETF Trust,1689873,CCLS,CCLS,2025,2026,-2.0,number,daily,CCL,ticker token,single_stock,True,True,,,,,,,,,,,,,no_prices
S000088315,GraniteShares 2x Long CCL Daily ETF,GraniteShares 2x Long CCL Daily ETF,GraniteShares ETF Trust,1689873,CCLU,CCLU,2025,2026,2.0,number,daily,CCL,ticker token,single_stock,True,True,,,,,,,,,,,,,no_prices
S000100931,Tradr 2X Long CDE Daily ETF,Tradr 2X Long CDE Daily ETF,Investment Managers Series Trust II,1587982,CDEX,CDEX,2026,2026,2.0,number,daily,CDE,ticker token,single_stock,True,True,,,,,,,,,,,,,no_prices
S000093733,Tradr 2X Long CEG Daily ETF,Tradr 2X Long CEG Daily ETF,Investment Managers Series Trust II,1587982,CEGX,CEGX,2025,2026,2.0,number,daily,CEG,ticker token,single_stock,True,True,301.0,1.990013955977647,0.9924360501681502,0.004955283910228406,2.0078723912972487,1.9867165231418282,1.9291122244173555,2.0337748772247544,CEGX,2025-07-11,2026-09-23,1057088.5029315948,ok
S000093895,T-REX 2X LONG CEG DAILY TARGET ETF,T-REX 2X LONG CEG DAILY TARGET ETF,ETF Opportunities Trust,1771146,CEGU,CEGU,2025,2026,2.0,number,daily,CEG,ticker token,single_stock,True,True,,,,,,,,,,,,,no_prices
S000095065,Tradr 2X Long CELH Daily ETF,Tradr 2X Long CELH Daily ETF,Investment Managers Series Trust II,1587982,CELT,CELT,2026,2026,2.0,number,daily,CELH,ticker token,single_stock,True,True,,,,,,,,,,,,,no_prices
S000096441,T-REX 2X Long CIFR Daily Target ETF,T-REX 2X Long CIFR Daily Target ETF,ETF Opportunities Trust,1771146,CIFU,CIFU,2026,2026,2.0,number,daily,CIFR,ticker token,single_stock,True,True,206.0,1.9869734857871866,0.9959741310291422,0.008876036027029318,1.982267880283835,1.9847972402061704,1.9680300409530935,2.006230565139951,CIFU,2025-11-21,2026-09-23,6372923.486185074,ok
S000100932,Tradr 2X Long CLF Daily ETF,Tradr 2X Long CLF Daily ETF,Investment Managers Series Trust II,1587982,CLFX,CLFX,2026,2026,2.0,number,daily,CLF,ticker token,single_stock,True,True,,,,,,,,,,,,,no_prices
S000096130,Tradr 2X Long CLS Daily ETF,Tradr 2X Long CLS Daily ETF,Investment Managers Series Trust II,1587982,CSEX,CSEX,2026,2026,2.0,number,daily,CLS,ticker token,single_stock,True,True,213.0,2.00087618870526,0.9969313004828573,0.005510684147463993,2.006113759676209,1.9966436300425148,1.9850040568616598,2.018088161739212,CSEX,2025-11-13,2026-09-23,1575855.9811592102,ok
S000099418,Defiance Daily Target 2X Short CLSK ETF,Defiance Daily Target 2X Short CLSK ETF,Tidal Trust II,1924868,CLSS,CLSS,2026,2026,-2.0,number,daily,CLSK,ticker token,single_stock,True,True,,,,,,,,,,,,,no_prices
S000100810,Tradr 2X Short CLSK Daily ETF,Tradr 2X Short CLSK Daily ETF,Investment Managers Series Trust II,1587982,CLSZ,CLSZ,2026,2026,-2.0,number,daily,CLSK,ticker token,single_stock,True,True,,,,,,,,,,,,,no_prices
S000095066,Tradr 2X Long CLSK Daily ETF,Tradr 2X Long CLSK Daily ETF,Investment Managers Series Trust II,1587982,CLSX,CLSX,2026,2026,2.0,number,daily,CLSK,ticker token,single_stock,True,True,255.0,1.9958597743269615,0.9974352824211467,0.005991290103888683,2.0246019900193444,1.9806447004439023,1.9574261467654213,2.0385796821898983,CLSX,2025-09-16,2026-09-23,4477184.355401993,ok
S000100933,Tradr 2X Long COHR Daily ETF,Tradr 2X Long COHR Daily ETF,Investment Managers Series Trust II,1587982,COHX,COHX,2026,2026,2.0,number,daily,COHR,ticker token,single_stock,True,True,148.0,2.0184134408407948,0.9975272756524408,0.006067953042479943,2.0483574884814404,2.004599682007696,2.004599682007696,2.0540793911785524,COHX,2026-02-19,2026-09-23,19885418.910121918,ok
S000081138,GraniteShares 2x Short COIN Daily ETF,GraniteShares 1.5x Short COIN Daily ETF | GraniteShares 2x Short COIN Daily ETF,GraniteShares ETF Trust,1689873,CONI,CONS | CONI,2023,2026,-2.0,number,daily,COIN,ticker token,single_stock,True,True,513.0,-1.5895431626431786,0.9119766848609793,0.024605801567326207,-1.0006933184199156,-1.9955322371456146,-2.0174641358599987,-0.9970192800366462,CONI,2024-09-04,2026-09-23,6432790.681266785,MISMATCH+beta_varies
S000087486,T-REX 2X INVERSE COIN DAILY TARGET ETF,T-REX 2X INVERSE COIN DAILY TARGET ETF,ETF Opportunities Trust,1771146,COID,COID,2025,2026,-2.0,number,daily,COIN,ticker token,single_stock,True,True,,,,,,,,,,,,,no_prices
S000087810,Proshares UltraShort COIN ETF,Proshares UltraShort COIN ETF,PROSHARES TRUST,1174610,COND,COND,2025,2025,-2.0,proshares ultra,daily,COIN,ticker token,single_stock,False,True,,,,,,,,,,,,,no_prices
S000076356,GraniteShares 2x Long COIN Daily ETF,GraniteShares 2x Long Coinbase Daily ETF | GraniteShares 1.5x Long COIN Daily ETF | GraniteShares 2x Long COIN Daily ETF,GraniteShares ETF Trust,1689873,CONL,CONL,2022,2026,2.0,number,daily,COIN,ticker token,single_stock,True,True,1032.0,1.7838873336765533,0.9815173708146513,0.012833819469063725,1.4879382529798646,1.9841067855011651,1.4864120392418765,1.9977564848269294,CONL,2022-08-10,2026-09-23,91616607.39233494,ok+beta_varies
S000086643,Leverage Shares 2X Long COIN Daily ETF,Leverage Shares 2X Long COIN Daily ETF,Themes ETF Trust,1976322,COIG,COIG,2025,2026,2.0,number,daily,COIN,ticker token,single_stock,True,True,381.0,1.993962875051366,0.9979605961513054,0.004135775981896824,2.030670230826243,1.9941322721193164,1.9406192553523942,2.031331312312587,COIG,2025-03-17,2026-09-23,744803.0366182327,ok
S000087811,ProShares Ultra COIN,ProShares Ultra COIN ETF | ProShares Ultra COIN,PROSHARES TRUST,1174610,COIA,COIA,2025,2026,2.0,proshares ultra,daily,COIN,ticker token,single_stock,True,True,259.0,2.0002723742401782,0.9982250964409147,0.0037231538821029717,1.9909795802952275,1.9963027237372184,1.9817915168527638,2.0242502019509563,COIA,2025-09-10,2026-09-23,472350.01072883606,ok
S000092873,Direxion Daily COIN Bull 2X ETF,Direxion Daily COIN Bull 2X Shares | Direxion Daily COIN Bull 2X ETF,Direxion Shares ETF Trust,1424958,CONX,CONX,2025,2026,2.0,number,daily,COIN,ticker token,single_stock,True,True,209.0,1.9961655920863546,0.999410243751411,0.0021839462748799343,1.994221864549005,1.9813856162715198,1.981041831055501,2.014976131608957,CONX,2025-11-19,2026-09-23,668499.9936342239,ok
S000099665,Tradr 3X Long COIN Daily ETF,Tradr 3X Long COIN Daily ETF,Investment Managers Series Trust II,1587982,COIF,COIF,2026,2026,3.0,number,daily,COIN,ticker token,single_stock,True,True,,,,,,,,,,,,,no_prices
S000076101,AXS 2X COP Bear Daily ETF,AXS 2X COP Bear Daily ETF,Investment Managers Series Trust II,1587982,COPQ,COPQ,2022,2023,-2.0,number,daily,COP,ticker token,single_stock,False,True,,,,,,,,,,,,,no_prices
S000076102,AXS 2X COP Bull Daily ETF,AXS 2X COP Bull Daily ETF,Investment Managers Series Trust II,1587982,COPL,COPL,2022,2023,2.0,number,daily,COP,ticker token,single_stock,False,True,237.0,0.0012654252376434925,-0.013153413267052327,0.001980187680937149,0.0022266370013655093,-0.006812328223280248,-0.025666931951685457,0.03293488676746641,COPL,2025-06-02,2026-09-23,20493.749618530273,MISMATCH
S000095067,Tradr 2X Long CORZ Daily ETF,Tradr 2X Long CORZ Daily ETF,Investment Managers Series Trust II,1587982,COZX,COZX,2026,2026,2.0,number,daily,CORZ,ticker token,single_stock,True,True,219.0,2.0076762136419832,0.9952927924389189,0.006337543806624412,2.046263821163978,1.9832084748760834,1.9814222123467493,2.046263821163978,COZX,2025-11-05,2026-09-23,416224.00283813477,ok
S000093824,Leverage Shares 2X Long COST Daily ETF,Leverage Shares 2X Long COST Daily ETF,Themes ETF Trust,1976322,COTG,COTG,2025,2026,2.0,number,daily,COST,ticker token,single_stock,True,True,253.0,1.9944061503015789,0.970068894617713,0.004343956910444791,1.8923948002223712,2.011040846096749,1.8497729577967112,2.055897320656396,COTG,2025-09-18,2026-09-23,1017323.4258518219,ok
S000095464,T-REX 2X INVERSE CRCL DAILY TARGET ETF,T-REX 2X INVERSE CRCL DAILY TARGET ETF,ETF Opportunities Trust,1771146,CRCD,CRCD,2026,2026,-2.0,number,daily,CRCL,ticker token,single_stock,True,True,247.0,-2.002248585372299,0.9982015786117278,0.0052737437932511766,-2.0218361284291633,-1.9831266968681187,-2.035866504881658,-1.9831266968681187,CRCD,2025-09-26,2026-09-23,8781737.74702549,ok
S000081035,Leverage Shares 2X Long CRCL Daily ETF,Themes Wind Energy ETF | Leverage Shares 2X Long CRCL Daily ETF,Themes ETF Trust,1976322,CRCG,KAZE | CRCG,2023,2026,2.0,number,daily,CRCL,ticker token,single_stock,True,True,280.0,1.99245956015659,0.9988903019203859,0.003997329559530528,1.9657399571090064,1.9891848008310837,1.9657399571090064,2.00823561001315,CRCG,2025-08-11,2026-09-23,39332360.30936241,ok
S000087460,T-REX 2X LONG CRCL DAILY TARGET ETF,T-REX 2X LONG AI DAILY TARGET ETF | T-REX 2X LONG CRCL DAILY TARGET ETF,ETF Opportunities Trust,1771146,CCUP,AIU | CCUP,2025,2026,2.0,number,daily,CRCL,ticker token,single_stock,True,True,280.0,1.9834877111659248,0.9983022236599363,0.004963734617289735,1.9609490210763465,1.98209473579928,1.95971332460606,2.0009841971738163,CCUP,2025-08-11,2026-09-23,7011930.482273102,ok
S000094784,ProShares Ultra CRCL,ProShares Ultra CRCL,PROSHARES TRUST,1174610,CRCA,CRCA,2026,2026,2.0,proshares ultra,daily,CRCL,ticker token,single_stock,True,True,282.0,1.9883961841037516,0.9988057587674372,0.004083592180591083,1.9704065333712757,2.002162833742024,1.9644104928004582,2.0041644571601824,CRCA,2025-08-07,2026-09-23,17376853.49369049,ok
S000100811,Tradr 2X Short CRDO Daily ETF,Tradr 2X Short CRDO Daily ETF,Investment Managers Series Trust II,1587982,CRDZ,CRDZ,2026,2026,-2.0,number,daily,CRDO,ticker token,single_stock,True,True,,,,,,,,,,,,,no_prices
S000095068,Tradr 2X Long CRDO Daily ETF,Tradr 2X Long CRDO Daily ETF,Investment Managers Series Trust II,1587982,CRDU,CRDU,2026,2026,2.0,number,daily,CRDO,ticker token,single_stock,True,True,255.0,1.994854494463465,0.9968062929833976,0.006769641153650361,1.9725406116750517,2.006418695968796,1.9720294297197474,2.0119768933592703,CRDU,2025-09-16,2026-09-23,22411544.68975067,ok
S000076103,AXS 1.5X CRM Bear Daily ETF,AXS 2X CRM Bear Daily ETF | AXS 1.5X CRM Bear Daily ETF,Investment Managers Series Trust II,1587982,CRMS,CRMS,2022,2023,-1.5,number,daily,CRM,ticker token,single_stock,False,True,,,,,,,,,,,,,no_prices
S000076104,AXS 1.5X CRM Bull Daily ETF,AXS 2X CRM Bull Daily ETF | AXS 1.5X CRM Bull Daily ETF,Investment Managers Series Trust II,1587982,CRML,CRML,2022,2023,1.5,number,daily,CRM,ticker token,single_stock,False,True,970.0,0.16889032963489115,0.0019862246411899154,0.08291641007650145,-0.0028464933610911334,-0.20975365886243644,-1.4687612796012832,1.8638755877623334,CRML,2022-02-07,2026-09-23,38725600.63562393,MISMATCH+beta_varies
S000091238,Leverage Shares 2X Long CRM Daily ETF,Leverage Shares 2X Long CRM Daily ETF,Themes ETF Trust,1976322,CRMG,CRMG,2025,2026,2.0,number,daily,CRM,ticker token,single_stock,True,True,367.0,1.98012425501986,0.9978159813525648,0.0024567813646517596,1.9809465307867278,1.9699814946236411,1.9678809475121293,2.0312133726046415,CRMG,2025-04-04,2026-09-23,18212324.197101593,ok
S000100590,Tradr 2X Long CRML Daily ETF,Tradr 2X Long CRML Daily ETF,Investment Managers Series Trust II,1587982,CRMX,CRMX,2026,2026,2.0,number,daily,CRML,ticker token,single_stock,True,True,172.0,1.9600788843481292,0.9978163201519246,0.007868477151121524,1.9403985860036934,1.9686606964859727,1.9403985860036934,1.9882292684200749,CRMX,2026-01-13,2026-09-23,797803.2177686691,ok
S000088300,GraniteShares 2x Short CRWD Daily ETF,GraniteShares 2x Short CRWD Daily ETF,GraniteShares ETF Trust,1689873,CRWQ,CRWQ,2025,2026,-2.0,number,daily,CRWD,ticker token,single_stock,True,True,,,,,,,,,,,,,no_prices
S000088316,GraniteShares 2x Long CRWD Daily ETF,GraniteShares 2x Long CRWD Daily ETF,GraniteShares ETF Trust,1689873,CRWL,CRWL,2025,2026,2.0,number,daily,CRWD,ticker token,single_stock,True,True,464.0,1.9921508848341591,0.997343585839652,0.0033013162118272804,1.9836457112180377,1.9802161792423663,1.9268089841307767,2.077860266621426,CRWL,2024-11-12,2026-09-23,6890987.393768311,ok
S000095471,T-REX 2X INVERSE CRWV DAILY TARGET ETF,T-REX 2X INVERSE CRWV DAILY TARGET ETF,ETF Opportunities Trust,1771146,CORD,CORD,2026,2026,-2.0,number,daily,CRWV,ticker token,single_stock,True,True,247.0,-2.0029439995993457,0.9989179077365714,0.003980881191779342,-2.003608381496425,-1.9985420669814282,-2.0185074513795964,-1.9945112704947556,CORD,2025-09-26,2026-09-23,26932695.014178753,ok
S000099419,Defiance Daily Target 2X Short CRWV ETF,Defiance Daily Target 2X Short CRWV ETF,Tidal Trust II,1924868,SCRW,SCRW,2026,2026,-2.0,number,daily,CRWV,ticker token,single_stock,True,True,,,,,,,,,,,,,no_prices
S000081029,Leverage Shares 2X Long CRWV Daily ETF,Themes Solar Energy ETF | Leverage Shares 2X Long CRWV Daily ETF,Themes ETF Trust,1976322,CRWG,SOLP | CRWG,2023,2026,2.0,number,daily,CRWV,ticker token,single_stock,True,True,280.0,1.9931297486616761,0.99945418523536,0.0027657134108902246,1.983708113772231,1.9820863393832369,1.9805595587491853,2.0078268748374195,CRWG,2025-08-11,2026-09-23,26016594.36864853,ok
S000087465,T-REX 2X Long CRWV Daily Target ETF,T-REX 2X LONG BA DAILY TARGET ETF | T-REX 2X Long CRWV Daily Target ETF,ETF Opportunities Trust,1771146,CRWU,BAU | CRWU,2025,2026,2.0,number,daily,CRWV,ticker token,single_stock,True,True,290.0,1.9916406112670613,0.999042360420413,0.0037554042568935693,1.9857427567041972,1.9909881736209165,1.9787581031523354,2.006461226790917,CRWU,2025-07-28,2026-09-23,17130300.83199501,ok
S000093735,Tradr 2X Long CRWV Daily ETF,Tradr 2X Long CRWV Daily ETF,Investment Managers Series Trust II,1587982,CWVX,CWVX,2025,2026,2.0,number,daily,CRWV,ticker token,single_stock,True,True,301.0,1.9900364626176805,0.9987488527854383,0.004299133719861403,1.9739837213050966,1.986722147936027,1.9739837213050966,2.002505721477257,CWVX,2025-07-11,2026-09-23,15699577.981376648,ok
S000099242,Tradr 3X Long CRWV Daily ETF,Tradr 3X Long CRWV Daily ETF,Investment Managers Series Trust II,1587982,CRW,CRW,2026,2026,3.0,number,daily,CRWV,ticker token,single_stock,True,True,,,,,,,,,,,,,no_prices
S000090379,Direxion Daily CSCO Bear 1X ETF,Direxion Daily CSCO Bear 1X ETF,Direxion Shares ETF Trust,1424958,CSCS,CSCS,2025,2026,-1.0,number,daily,CSCO,ticker token,single_stock,True,True,303.0,-1.000887960101828,0.9926836789275924,0.0017345323565635957,-1.0324153128000224,-1.0021970213143934,-1.0324153128000224,-0.977163572056138,CSCS,2025-06-25,2026-09-21,69739.3491268158,ok
S000090378,Direxion Daily CSCO Bull 2X ETF,Direxion Daily CSCO Bull 2X ETF,Direxion Shares ETF Trust,1424958,CSCL,CSCL,2025,2026,2.0,number,daily,CSCO,ticker token,single_stock,True,True,312.0,1.9989399515603439,0.9969701012246308,0.002197923648379605,2.0272980917203927,2.0130362401409143,1.948263747107115,2.0354011849069615,CSCL,2025-06-25,2026-09-23,1110669.7443008423,ok
S000091049,Defiance Daily Target 2X Long CVNA ETF,Defiance Daily Target 2X Long CVNA ETF,Tidal Trust II,1924868,CVNX,CVNX,2025,2026,2.0,number,daily,CVNA,ticker token,single_stock,True,True,,,,,,,,,,,,,no_prices
S000093896,T-REX 2X LONG CVNA DAILY TARGET ETF,T-REX 2X LONG CVNA DAILY TARGET ETF,ETF Opportunities Trust,1771146,CVNU,CVNU,2025,2026,2.0,number,daily,CVNA,ticker token,single_stock,True,True,,,,,,,,,,,,,no_prices
S000096131,Tradr 2X Long DASH Daily ETF,Tradr 2X Long DASH Daily ETF,Investment Managers Series Trust II,1587982,DASX,DASX,2026,2026,2.0,number,daily,DASH,ticker token,single_stock,True,True,,,,,,,,,,,,,no_prices
S000093736,Tradr 2X Long DDOG Daily ETF,Tradr 2X Long DDOG Daily ETF,Investment Managers Series Trust II,1587982,DOGD,DOGD,2025,2026,2.0,number,daily,DDOG,ticker token,single_stock,True,True,,,,,,,,,,,,,no_prices
S000093873,T-REX 2X LONG DDOG DAILY TARGET ETF,T-REX 2X LONG DDOG DAILY TARGET ETF,ETF Opportunities Trust,1771146,DOGU,DOGU,2025,2026,2.0,number,daily,DDOG,ticker token,single_stock,True,True,,,,,,,,,,,,,no_prices
S000088301,GraniteShares 2x Short DELL Daily ETF,GraniteShares 2x Short DELL Daily ETF,GraniteShares ETF Trust,1689873,DLLS,DLLS,2025,2026,-2.0,number,daily,DELL,ticker token,single_stock,True,True,,,,,,,,,,,,,no_prices
S000088317,GraniteShares 2x Long DELL Daily ETF,GraniteShares 2x Long DELL Daily ETF,GraniteShares ETF Trust,1689873,DLLL,DLLL,2025,2026,2.0,number,daily,DELL,ticker token,single_stock,True,True,401.0,1.9909732680151315,0.997557430560768,0.004222407190039956,1.987088721805142,2.0121974861127105,1.9149567822507843,2.0331071086993595,DLLL,2025-02-14,2026-09-23,37775236.88735962,ok
S000095069,Tradr 2X Long DHI Daily ETF,Tradr 2X Long DHI Daily ETF,Investment Managers Series Trust II,1587982,DHIX,DHIX,2026,2026,2.0,number,daily,DHI,ticker token,single_stock,True,True,,,,,,,,,,,,,no_prices
S000076357,GraniteShares 2x Long DIS Daily ETF,GraniteShares 2x Long Disney Daily ETF | GraniteShares 1.5x Long DIS Daily ETF | GraniteShares 2x Long DIS Daily ETF,GraniteShares ETF Trust,1689873,DISL,DISL,2022,2026,2.0,number,daily,DIS,ticker token,single_stock,True,True,,,,,,,,,,,,,no_prices
S000087468,T-REX 2X LONG DJT DAILY TARGET ETF,T-REX 2X LONG DJT DAILY TARGET ETF,ETF Opportunities Trust,1771146,DJTU,DJTU,2025,2026,2.0,number,daily,DJT,ticker token,single_stock,True,True,389.0,2.011234571718589,0.9933215997599154,0.006108252886280906,2.021828568543795,2.0141648226635738,1.9593353332584993,2.041691496918426,DJTU,2025-03-04,2026-09-23,417642.50720977783,ok
S000091670,Defiance Daily Target 2X Long DJT ETF,Defiance Daily Target 2X Long DJT ETF,Tidal Trust II,1924868,DJTZ,DJTZ,2025,2026,2.0,number,daily,DJT,ticker token,single_stock,True,True,,,,,,,,,,,,,no_prices
S000087477,T-REX 2X Long DKNG Daily Target ETF,T-REX 2X LONG SMCI DAILY TARGET ETF | T-REX 2X Long DKNG Daily Target ETF,ETF Opportunities Trust,1771146,DKUP,SMCU | DKUP,2025,2026,2.0,number,daily,DKNG,ticker token,single_stock,True,True,,,,,,,,,,,,,no_prices
S000089800,Defiance Daily Target 2X Long DKNG ETF,Defiance Daily Target 2X Long DKNG ETF,Tidal Trust II,1924868,DKNX,DKNX,2025,2026,2.0,number,daily,DKNG,ticker token,single_stock,True,True,29.0,1.9562986474337867,0.9973238867618839,0.0033744469308144543,,,,,DKNX,2026-07-17,2026-08-27,123280.89504241943,ok
S000093874,T-REX 2X LONG DNA DAILY TARGET ETF,T-REX 2X LONG DNA DAILY TARGET ETF,ETF Opportunities Trust,1771146,DNUP,DNUP,2025,2026,2.0,number,daily,DNA,ticker token,single_stock,True,True,,,,,,,,,,,,,no_prices
S000093875,T-REX 2X LONG DUOL DAILY TARGET ETF,T-REX 2X LONG DUOL DAILY TARGET ETF,ETF Opportunities Trust,1771146,DULU,DULU,2025,2026,2.0,number,daily,DUOL,ticker token,single_stock,True,True,,,,,,,,,,,,,no_prices
S000095070,Tradr 2X Long ENPH Daily ETF,Tradr 2X Long ENPH Daily ETF,Investment Managers Series Trust II,1587982,ENPX,ENPX,2026,2026,2.0,number,daily,ENPH,ticker token,single_stock,True,True,,,,,,,,,,,,,no_prices
S000097418,T-REX 2X LONG EOSE DAILY TARGET ETF,T-REX 2X LONG EOSE DAILY TARGET ETF,ETF Opportunities Trust,1771146,EOSU,EOSU,2026,2026,2.0,number,daily,EOSE,ticker token,single_stock,True,True,172.0,1.981692705849083,0.995123630279661,0.010477477780370961,1.9697501145027434,1.9897046419335076,1.9486539235219489,2.0052501157191953,EOSU,2026-01-14,2026-09-23,1434200.988960266,ok
S000081039,Leverage Shares 2X Long ETOR Daily ETF,Themes Future of Farming ETF | Leverage Shares 2X Long ETOR Daily ETF,Themes ETF Trust,1976322,CROP,CROP,2023,2026,2.0,number,daily,ETOR,ticker token,single_stock,True,True,,,,,,,,,,,,,no_prices
S000095476,T-REX 2X LONG ETOR DAILY TARGET ETF,T-REX 2X LONG ETOR DAILY TARGET ETF,ETF Opportunities Trust,1771146,ETOU,ETOU,2026,2026,2.0,number,daily,ETOR,ticker token,single_stock,True,True,,,,,,,,,,,,,no_prices
S000092883,Direxion Daily F Bear 1X ETF,Direxion Daily F Bear 1X Shares | Direxion Daily F Bear 1X ETF,Direxion Shares ETF Trust,1424958,FRDD,FRDD,2025,2026,-1.0,number,daily,F,ticker token,single_stock,True,True,,,,,,,,,,,,,no_prices
S000076358,GraniteShares 2x Long F Daily ETF,GraniteShares 2x Long Ford Daily ETF | GraniteShares 1.25x Long F Daily ETF | GraniteShares 2x Long F Daily ETF,GraniteShares ETF Trust,1689873,FRDL,FORL | FRDL,2022,2026,2.0,number,daily,F,ticker token,single_stock,True,True,361.0,0.006547176762412287,-0.0007050311947525145,0.007263970354532732,0.017935325271469894,0.05240086431082684,-0.05971668208522146,0.05240086431082684,FORL,2023-05-16,2026-09-21,0.0,MISMATCH
S000092882,Direxion Daily F Bull 2X ETF,Direxion Daily F Bull 2X Shares | Direxion Daily F Bull 2X ETF,Direxion Shares ETF Trust,1424958,FRDU,FRDU,2025,2026,2.0,number,daily,F,ticker token,single_stock,True,True,,,,,,,,,,,,,no_prices
S000095962,T-REX 2X Inverse FIG Daily Target ETF,T-REX 2X Inverse FIG Daily Target ETF,ETF Opportunities Trust,1771146,FIGQ,FIGQ,2026,2026,-2.0,number,daily,FIG,ticker token,single_stock,True,True,,,,,,,,,,,,,no_prices
S000095872,T-REX 2X LONG FIG DAILY TARGET ETF,T-REX 2X LONG FIG DAILY TARGET ETF,ETF Opportunities Trust,1771146,FIGO,FIGO,2026,2026,2.0,number,daily,FIG,ticker token,single_stock,True,True,,,,,,,,,,,,,no_prices
S000099667,Tradr 3X Long FIG Daily ETF,Tradr 3X Long FIG Daily ETF,Investment Managers Series Trust II,1587982,FIGU,FIGU,2026,2026,3.0,number,daily,FIG,ticker token,single_stock,True,True,,,,,,,,,,,,,no_prices
S000097514,T-REX 2X LONG FIGR DAILY TARGET ETF,T-REX 2X LONG FIGR DAILY TARGET ETF,ETF Opportunities Trust,1771146,FGRU,FGRU,2026,2026,2.0,number,daily,FIGR,ticker token,single_stock,True,True,148.0,1.9860603576760685,0.9952377486418513,0.0080150801272848,1.990969730983603,1.9623629829365883,1.9561531697499186,2.0145539158103274,FGRU,2026-02-18,2026-09-23,430917.4952030182,ok
S000095963,T-REX 2X Inverse FLY Daily Target ETF,T-REX 2X Inverse FLY Daily Target ETF,ETF Opportunities Trust,1771146,FLYQ,FLYQ,2026,2026,-2.0,number,daily,FLY,ticker token,single_stock,True,True,,,,,,,,,,,,,no_prices
S000100812,Tradr 2X Short FLY Daily ETF,Tradr 2X Short FLY Daily ETF,Investment Managers Series Trust II,1587982,FLYZ,FLYZ,2026,2026,-2.0,number,daily,FLY,ticker token,single_stock,True,True,,,,,,,,,,,,,no_prices
S000095964,T-REX 2X Long FLY Daily Target ETF,T-REX 2X Long FLY Daily Target ETF,ETF Opportunities Trust,1771146,FLIE,FLIE,2026,2026,2.0,number,daily,FLY,ticker token,single_stock,True,True,,,,,,,,,,,,,no_prices
S000096133,Tradr 2X Long FLY Daily ETF,Tradr 2X Long FLY Daily ETF,Investment Managers Series Trust II,1587982,FLYT,FLYT,2026,2026,2.0,number,daily,FLY,ticker token,single_stock,True,True,228.0,1.9914220618303557,0.9903694522360933,0.013754856961112017,1.994025981908729,1.993046874941642,1.9392225652288888,2.0257505789643693,FLYT,2025-10-23,2026-09-23,1026158.5037469864,ok
S000100593,Tradr 2X Long FRMI Daily ETF,Tradr 2X Long FRMI Daily ETF,Investment Managers Series Trust II,1587982,FRMX,FRMX,2026,2026,2.0,number,daily,FRMI,ticker token,single_stock,True,True,,,,,,,,,,,,,no_prices
S000089801,Defiance Daily Target 2X Long FSLR ETF,Defiance Daily Target 2X Long FSLR ETF,Tidal Trust II,1924868,FSLX,FSLX,2025,2026,2.0,number,daily,FSLR,ticker token,single_stock,True,True,,,,,,,,,,,,,no_prices
S000093825,Leverage Shares 2X Long FUTU Daily ETF,Leverage Shares 2X Long FUTU Daily ETF,Themes ETF Trust,1976322,FUTG,FUTG,2025,2026,2.0,number,daily,FUTU,ticker token,single_stock,True,True,235.0,2.033751691541096,0.9977461592020743,0.003685289648951555,1.9906381298707034,2.0110741604598155,1.9906381298707034,2.092134134702576,FUTG,2025-10-14,2026-09-23,2440525.996494293,ok
S000100538,Leverage Shares 2X Long FWDI Daily ETF,Leverage Shares 2X Long FWDI Daily ETF,Themes ETF Trust,1976322,FOGG,FOGG,2026,2026,2.0,number,daily,FWDI,ticker token,single_stock,True,True,,,,,,,,,,,,,no_prices
S000102153,Defiance Daily Target 2X Long GCT ETF,Defiance Daily Target 2X Long GCT ETF,Tidal Trust II,1924868,GCTL,GCTL,2026,2026,2.0,number,daily,GCT,ticker token,single_stock,True,True,,,,,,,,,,,,,no_prices
S000093737,Tradr 2X Long GEV Daily ETF,Tradr 2X Long GEV Daily ETF,Investment Managers Series Trust II,1587982,GEVX,GEVX,2025,2026,2.0,number,daily,GEV,ticker token,single_stock,True,True,301.0,1.9975403141237018,0.9952218658358951,0.0045225020966662656,1.999890160488729,2.0162111336087407,1.9637529198468984,2.027725497325469,GEVX,2025-07-11,2026-09-23,2799004.4869422913,ok
S000081031,Leverage Shares 2X Long GLXY Daily ETF,Themes US Internet ETF | Leverage Shares 2X Long GLXY Daily ETF,Themes ETF Trust,1976322,GLGG,AWEB | GLGG,2023,2026,2.0,number,daily,GLXY,ticker token,single_stock,True,True,272.0,1.9941613578681392,0.9985056126129684,0.0043674804228860725,2.0071927163992096,1.992206203708205,1.9744675526124218,2.014227008289992,GLGG,2025-08-21,2026-09-23,343609.6039533615,ok
S000093876,T-REX 2X LONG GLXY DAILY TARGET ETF,T-REX 2X LONG GLXY DAILY TARGET ETF,ETF Opportunities Trust,1771146,GLXU,GLXU,2025,2026,2.0,number,daily,GLXY,ticker token,single_stock,True,True,280.0,1.9994935603918322,0.9977290903189155,0.005425489331861122,1.9855705385273927,1.9897418724545937,1.9702927903631662,2.030687496156808,GLXU,2025-08-08,2026-09-23,992538.0277633667,ok
S000099245,Tradr 3X Long GLXY Daily ETF,Tradr 3X Long GLXY Daily ETF,Investment Managers Series Trust II,1587982,GLXA,GLXA,2026,2026,3.0,number,daily,GLXY,ticker token,single_stock,True,True,,,,,,,,,,,,,no_prices
S000087469,T-REX 2X LONG GME DAILY TARGET ETF,T-REX 2X LONG GME DAILY TARGET ETF,ETF Opportunities Trust,1771146,GMEU,GMEU,2025,2026,2.0,number,daily,GME,ticker token,single_stock,True,True,353.0,1.9743864224185201,0.9906267069767183,0.005020358648813503,1.9615449584660478,2.0097152698734018,1.8890597867891668,2.0411439960880338,GMEU,2025-04-24,2026-09-23,2372226.0120868683,ok
S000090804,GraniteShares 2x Long GME Daily ETF,GraniteShares 2x Long GME Daily ETF,GraniteShares ETF Trust,1689873,GML,GML,2025,2026,2.0,number,daily,GME,ticker token,single_stock,True,True,,,,,,,,,,,,,no_prices
S000077582,Kurv Google (GOOGL) 1.75x Short Daily ETF,Kurv Google (GOOGL) 1.75x Short Daily ETF,NEOS ETF Trust,1848758,DGOO,DGOO,2023,2024,-1.75,number,daily,GOOGL,ticker token,single_stock,False,True,,,,,,,,,,,,,no_prices
S000076247,Direxion Daily GOOGL Bear 1X ETF,Direxion Daily GOOGL Bear 1X Shares | Direxion Daily GOOGL Bear 1X ETF,Direxion Shares ETF Trust,1424958,GGLS,GGLS,2022,2026,-1.0,number,daily,GOOGL,ticker token,single_stock,True,True,1006.0,-0.9986352379592655,0.9976534331053433,0.0009257318671282493,-0.9845909437364072,-1.006253072698203,-1.0191242434934946,-0.9749635057588698,GGLS,2022-09-16,2026-09-23,5673112.938499451,ok
S000077581,Kurv Google (GOOGL) 1.75x Long Daily ETF,Kurv Google (GOOGL) 1.75x Long Daily ETF,NEOS ETF Trust,1848758,UGOO,UGOO,2023,2024,1.75,number,daily,GOOGL,ticker token,single_stock,False,True,,,,,,,,,,,,,no_prices
S000076239,Direxion Daily GOOGL Bull 2X ETF,Direxion Daily GOOGL Bull 2X Shares | Direxion Daily GOOGL Bull 1.5X Shares | Direxion Daily GOOGL Bull 2X ETF,Direxion Shares ETF Trust,1424958,GGLL,GGLL,2022,2026,2.0,number,daily,GOOGL,ticker token,single_stock,True,True,1013.0,1.793932332226752,0.9804678438751265,0.00503401934915751,1.479338665710156,2.0174634003625145,1.4765599493040857,2.020261444079973,GGLL,2022-09-07,2026-09-23,119839252.85561371,ok+beta_varies
S000076353,GraniteShares 2x Long GOOGL Daily ETF,GraniteShares 2x Long Alphabet Daily ETF | GraniteShares 1.75x Long GOOGL Daily ETF | GraniteShares 2x Long GOOGL Daily ETF,GraniteShares ETF Trust,1689873,GOU,GOOL | GOU,2022,2026,2.0,number,daily,GOOGL,ticker token,single_stock,True,True,201.0,1.9949591553157107,0.9917118331625204,0.0036196171201975267,2.054288012898571,2.0092852829758368,1.9523783300042672,2.054288012898571,GOU,2025-12-02,2026-09-23,2156458.768939972,ok
S000083675,T-REX 2X LONG ALPHABET DAILY TARGET ETF,T-REX 2X LONG ALPHABET DAILY TARGET ETF,ETF Opportunities Trust,1771146,GOOX,GOOX,2024,2026,2.0,number,daily,GOOGL,company name,single_stock,True,True,674.0,1.971135821127689,0.9897853698031547,0.0038776678730885056,1.9398901717635493,1.956898617101556,1.852353705278988,2.072279933431183,GOOX,2024-01-11,2026-09-23,5757998.574447632,ok
S000091100,KraneShares 2x Long GRAB Daily ETF,KraneShares 2x Long GRAB Daily ETF,Krane Shares Trust,1547576,KGRB,KGRB,2025,2026,2.0,number,daily,GRAB,ticker token,single_stock,True,True,,,,,,,,,,,,,no_prices
S000091052,Defiance Daily Target 2X Long HIMS ETF,Defiance Daily Target 2X Long HIMS ETF,Tidal Trust II,1924868,HIMZ,HIMZ,2025,2026,2.0,number,daily,HIMS,ticker token,single_stock,True,True,382.0,1.997601630979528,0.9981850727327116,0.004787277972575015,2.0015952121399603,1.990852669479764,1.9778403175011172,2.0397372293103495,HIMZ,2025-03-13,2026-09-23,10198407.5091362,ok
S000100914,Tradr 2X Long HL Daily ETF,Tradr 2X Long HL Daily ETF,Investment Managers Series Trust II,1587982,HLXX,HLXX,2026,2026,2.0,number,daily,HL,ticker token,single_stock,True,True,,,,,,,,,,,,,no_prices
S000087470,T-REX 2X LONG HOOD DAILY TARGET ETF,T-REX 2X LONG HOOD DAILY TARGET ETF,ETF Opportunities Trust,1771146,ROBN,ROBN,2025,2026,2.0,number,daily,HOOD,ticker token,single_stock,True,True,410.0,2.0070538601162036,0.9980907411929855,0.0041173325610194276,2.0168312803786685,1.989098359700713,1.9783712864402478,2.0232469289983004,ROBN,2025-01-31,2026-09-23,23028341.08543396,ok
S000090907,GraniteShares 2x Long HOOD Daily ETF,GraniteShares 2x Long HOOD Daily ETF,GraniteShares ETF Trust,1689873,HOOL,HOOL,2025,2026,2.0,number,daily,HOOD,ticker token,single_stock,True,True,,,,,,,,,,,,,no_prices
S000091053,Defiance Daily Target 2X Long HOOD ETF,Defiance Daily Target 2X Long HOOD ETF,Tidal Trust II,1924868,HOOX,HOOX,2025,2026,2.0,number,daily,HOOD,ticker token,single_stock,True,True,379.0,1.999181178431392,0.9980815158469435,0.003928335959640871,1.9859590834162362,1.9992545826469215,1.9734599519730818,2.01947193250384,HOOX,2025-03-19,2026-09-23,1365903.311920166,ok
S000091219,Leverage Shares 2X Long HOOD Daily ETF,Leverage Shares 2X Long HOOD Daily ETF,Themes ETF Trust,1976322,HOOG,HOOG,2025,2026,2.0,number,daily,HOOD,ticker token,single_stock,True,True,377.0,2.0045858416743036,0.9986833390341348,0.003258515581112,2.0269552209227024,2.0057087109215868,1.979438930707205,2.030578080463077,HOOG,2025-03-21,2026-09-23,11248251.733398438,ok
S000092884,Direxion Daily HOOD Bull 2X ETF,Direxion Daily HOOD Bull 2X Shares | Direxion Daily HOOD Bull 2X ETF,Direxion Shares ETF Trust,1424958,HODU,HODU,2025,2026,2.0,number,daily,HOOD,ticker token,single_stock,True,True,209.0,2.0028225354123967,0.9994488736931774,0.002070849955681507,2.0088277958098724,1.9910083357020794,1.9910083357020794,2.009551974324918,HODU,2025-11-19,2026-09-23,1512614.9582862854,ok
S000099669,Tradr 3X Long HOOD Daily ETF,Tradr 3X Long HOOD Daily ETF,Investment Managers Series Trust II,1587982,HOOO,HOOO,2026,2026,3.0,number,daily,HOOD,ticker token,single_stock,True,True,,,,,,,,,,,,,no_prices
S000095053,Tradr 2X Long IBM Daily ETF,Tradr 2X Long IBM Daily ETF,Investment Managers Series Trust II,1587982,IBX,IBX,2026,2026,2.0,number,daily,IBM,ticker token,single_stock,True,True,125.0,2.020997018826156,0.9954339726825361,0.004995939618390501,2.04734419822555,2.003414297100586,1.9980082616338055,2.04794289795821,IBX,2026-03-24,2026-09-23,7728290.790081024,ok
S000100403,Tradr 2X Long IMSR Daily ETF,Tradr 2X Long IMSR Daily ETF,Investment Managers Series Trust II,1587982,IMSX,IMSX,2026,2026,2.0,number,daily,IMSR,ticker token,single_stock,True,True,,,,,,,,,,,,,no_prices
S000100916,Tradr 2X Long INDI Daily ETF,Tradr 2X Long INDI Daily ETF,Investment Managers Series Trust II,1587982,INXX,INXX,2026,2026,2.0,number,daily,INDI,ticker token,single_stock,True,True,,,,,,,,,,,,,no_prices
S000100594,Tradr 2X Long INOD Daily ETF,Tradr 2X Long INOD Daily ETF,Investment Managers Series Trust II,1587982,INOX,INOX,2026,2026,2.0,number,daily,INOD,ticker token,single_stock,True,True,,,,,,,,,,,,,no_prices
S000088302,GraniteShares 2x Short INTC Daily ETF,GraniteShares 2x Short INTC Daily ETF,GraniteShares ETF Trust,1689873,INS,INS,2025,2026,-2.0,number,daily,INTC,ticker token,single_stock,True,True,,,,,,,,,,,,,no_prices
S000088287,GraniteShares 2x Long INTC Daily ETF,GraniteShares 2x Long INTC Daily ETF,GraniteShares ETF Trust,1689873,INTW,INTW,2025,2026,2.0,number,daily,INTC,ticker token,single_stock,True,True,402.0,1.9933011171624626,0.9993366285226339,0.002380316551910734,1.9766159426884795,2.0061287783947304,1.965230689594305,2.0154999741275947,INTW,2025-02-13,2026-09-23,100934804.8116684,ok
S000092886,Direxion Daily INTC Bull 2X ETF,Direxion Daily INTC Bull 2X Shares | Direxion Daily INTC Bull 2X ETF,Direxion Shares ETF Trust,1424958,LINT,LINT,2025,2026,2.0,number,daily,INTC,ticker token,single_stock,True,True,209.0,2.005926707301607,0.9989247995169103,0.0033640199126417224,1.9889555895679591,1.9970304470167957,1.9812752276560202,2.0298195685683424,LINT,2025-11-19,2026-09-23,13812968.432617188,ok
S000099660,Tradr 3X Short IONQ Daily ETF,Tradr 3X Short IONQ Daily ETF,Investment Managers Series Trust II,1587982,IONT,IONT,2026,2026,-3.0,number,daily,IONQ,ticker token,single_stock,True,True,,,,,,,,,,,,,no_prices
S000090911,GraniteShares 2x Long IONQ Daily ETF,GraniteShares 2x Long IONQ Daily ETF,GraniteShares ETF Trust,1689873,IONL,IONL,2025,2026,2.0,number,daily,IONQ,ticker token,single_stock,True,True,374.0,1.9882998494674682,0.9988617581263979,0.003987157494043019,2.0001463625977953,1.9922272555189582,1.960622395978733,2.0023585082998694,IONL,2025-03-26,2026-09-23,8857101.336288452,ok
S000091054,Defiance Daily Target 2X Long IONQ ETF,Defiance Daily Target 2X Long IONQ ETF,Tidal Trust II,1924868,IONX,IONX,2025,2026,2.0,number,daily,IONQ,ticker token,single_stock,True,True,384.0,1.9889307688300695,0.9991709464709656,0.0033364591188650614,2.0029676454517467,2.005607781576494,1.9673563628131066,2.008446157067813,IONX,2025-03-12,2026-09-23,24448118.930625916,ok
S000099247,Tradr 3X Long IONQ Daily ETF,Tradr 3X Long IONQ Daily ETF,Investment Managers Series Trust II,1587982,IONU,IONU,2026,2026,3.0,number,daily,IONQ,ticker token,single_stock,True,True,,,,,,,,,,,,,no_prices
S000099420,Defiance Daily Target 2X Short IREN ETF,Defiance Daily Target 2X Short IREN ETF,Tidal Trust II,1924868,IRES,IRES,2026,2026,-2.0,number,daily,IREN,ticker token,single_stock,True,True,,,,,,,,,,,,,no_prices
S000100813,Tradr 2X Short IREN Daily ETF,Tradr 2X Short IREN Daily ETF,Investment Managers Series Trust II,1587982,IREZ,IREZ,2026,2026,-2.0,number,daily,IREN,ticker token,single_stock,True,True,167.0,-2.0042757313330655,0.9993719564386205,0.0034617750929015626,-2.008732009074878,-1.9998386692246235,-2.008732009074878,-1.997438376587615,IREZ,2026-01-22,2026-09-23,27632806.02798462,ok
S000095914,Defiance Daily Target 2X Long IREN ETF,Defiance Daily Target 2X Long IREN ETF,Tidal Trust II,1924868,IRE,IRE,2026,2026,2.0,number,daily,IREN,ticker token,single_stock,True,True,230.0,1.9886702276816008,0.9992236179253259,0.003490552902440445,1.9933600642957763,1.9819879442073693,1.9802434174080588,1.9985156058531954,IRE,2025-10-21,2026-09-23,75213920.85056305,ok
S000096134,Tradr 2X Long IREN Daily ETF,Tradr 2X Long IREN Daily ETF,Investment Managers Series Trust II,1587982,IREX,IREX,2026,2026,2.0,number,daily,IREN,ticker token,single_stock,True,True,228.0,1.989595657066239,0.9989209458326727,0.004428264830358834,1.9773160597974238,1.9994720781260993,1.9676559176165902,2.0019551088232483,IREX,2025-10-23,2026-09-23,19013086.307287216,ok
S000099248,Tradr 3X Long IREN Daily ETF,Tradr 3X Long IREN Daily ETF,Investment Managers Series Trust II,1587982,IREE,IREE,2026,2026,3.0,number,daily,IREN,ticker token,single_stock,True,True,,,,,,,,,,,,,no_prices
S000100085,Defiance Daily Target 2X Long JBLU ETF,Defiance Daily Target 2X Long JBLU ETF,Tidal Trust II,1924868,JBLL,JBLL,2026,2026,2.0,number,daily,JBLU,ticker token,single_stock,True,True,,,,,,,,,,,,,no_prices
S000089270,KraneShares 2x Long JD Daily ETF,KraneShares 2x Long JD Daily ETF,Krane Shares Trust,1547576,KJD,KJD,2025,2026,2.0,number,daily,JD,ticker token,single_stock,True,True,234.0,2.000486981666928,0.9967322739060974,0.002126071406071146,2.042490192648057,1.9885206375852034,1.9687295759714774,2.0532740333556916,KJD,2025-10-15,2026-09-23,39252.25019454956,ok
S000099421,Defiance Daily Target 2X Short JOBY ETF,Defiance Daily Target 2X Short JOBY ETF,Tidal Trust II,1924868,SJOB,SJOB,2026,2026,-2.0,number,daily,JOBY,ticker token,single_stock,True,True,,,,,,,,,,,,,no_prices
S000095054,Tradr 2X Long JOBY Daily ETF,Tradr 2X Long JOBY Daily ETF,Investment Managers Series Trust II,1587982,JOBX,JOBX,2026,2026,2.0,number,daily,JOBY,ticker token,single_stock,True,True,259.0,1.9682720230957949,0.9919418554912066,0.007924642362817026,1.9814025021638684,1.9510054453569217,1.9179106188017585,1.9929369182638015,JOBX,2025-09-09,2026-09-23,751959.9022865295,ok
S000081139,GraniteShares 2x Short JPM Daily ETF,GraniteShares 1.5x Short JPM Daily ETF | GraniteShares 2x Short JPM Daily ETF,GraniteShares ETF Trust,1689873,JMS,JPMS | JMS,2023,2026,-2.0,number,daily,JPM,ticker token,single_stock,True,True,,,,,,,,,,,,,no_prices
S000081154,GraniteShares 1x Short JPM Daily ETF,GraniteShares 1x Short JPM Daily ETF,GraniteShares ETF Trust,1689873,JMI,JMI,2023,2026,-1.0,number,daily,JPM,ticker token,single_stock,True,True,,,,,,,,,,,,,no_prices
S000081162,GraniteShares 2x Long JPM Daily ETF,GraniteShares 1.5x Long JPM Daily ETF | GraniteShares 2x Long JPM Daily ETF,GraniteShares ETF Trust,1689873,JPL,JPML | JPL,2023,2026,2.0,number,daily,JPM,ticker token,single_stock,True,True,,,,,,,,,,,,,no_prices
S000091055,Defiance Daily Target 2X Long JPM ETF,Defiance Daily Target 2X Long JPM ETF,Tidal Trust II,1924868,JPX,JPMX | JPX,2025,2026,2.0,number,daily,JPM,ticker token,single_stock,True,True,,,,,,,,,,,,,no_prices
S000099441,Defiance Daily Target 2x Long KEEL ETF,Defiance Daily Target 2x Long KEEL ETF,Tidal Trust II,1924868,KEEX,KEEX,2026,2026,2.0,number,daily,KEEL,ticker token,single_stock,True,True,182.0,2.012699907560543,0.9911489023402221,0.012709857673467297,2.0238204776235342,1.9881269598800337,1.9830633768567503,2.0818447797069126,KEEX,2025-12-30,2026-09-23,913030.0743103027,ok
S000093878,T-REX 2X LONG KTOS DAILY TARGET ETF,T-REX 2X LONG KTOS DAILY TARGET ETF,ETF Opportunities Trust,1771146,KTUP,KTUP,2025,2026,2.0,number,daily,KTOS,ticker token,single_stock,True,True,255.0,2.0186032207634352,0.9953063748409752,0.0061772523081873405,2.0100201065478833,1.9866716120424721,1.9792544345815806,2.061245738794506,KTUP,2025-09-16,2026-09-23,1272815.1612362862,ok
S000100577,Tradr 2X Long LAC Daily ETF,Tradr 2X Long LAC Daily ETF,Investment Managers Series Trust II,1587982,LACX,LACX,2026,2026,2.0,number,daily,LAC,ticker token,single_stock,True,True,,,,,,,,,,,,,no_prices
S000081140,GraniteShares 2x Short LCID Daily ETF,GraniteShares 1.5x Short LCID Daily ETF | GraniteShares 2x Short LCID Daily ETF,GraniteShares ETF Trust,1689873,LDD,LCDD | LDD,2023,2026,-2.0,number,daily,LCID,ticker token,single_stock,True,True,,,,,,,,,,,,,no_prices
S000100815,Tradr 2X Short LCID Daily ETF,Tradr 2X Short LCID Daily ETF,Investment Managers Series Trust II,1587982,LCIZ,LCIZ,2026,2026,-2.0,number,daily,LCID,ticker token,single_stock,True,True,,,,,,,,,,,,,no_prices
S000081155,GraniteShares 1x Short LCID Daily ETF,GraniteShares 1x Short LCID Daily ETF,GraniteShares ETF Trust,1689873,LCI,LCI,2023,2026,-1.0,number,daily,LCID,ticker token,single_stock,True,True,,,,,,,,,,,,,no_prices
S000081163,GraniteShares 2x Long LCID Daily ETF,GraniteShares 1.5x Long LCID Daily ETF | GraniteShares 2x Long LCID Daily ETF,GraniteShares ETF Trust,1689873,LCDL,LCDL,2023,2026,2.0,number,daily,LCID,ticker token,single_stock,True,True,,,,,,,,,,,,,no_prices
S000100917,Tradr 2X Long LEU Daily ETF,Tradr 2X Long LEU Daily ETF,Investment Managers Series Trust II,1587982,LEUX,LEUX,2026,2026,2.0,number,daily,LEU,ticker token,single_stock,True,True,148.0,2.001162494919934,0.990884640604899,0.009659996542243188,1.9667455257280892,2.0291090800801626,1.9385310956092612,2.0376748770289588,LEUX,2026-02-19,2026-09-23,673735.9936714172,ok
S000100918,Tradr 2X Long LITE Daily ETF,Tradr 2X Long LITE Daily ETF,Investment Managers Series Trust II,1587982,LITX,LITX,2026,2026,2.0,number,daily,LITE,ticker token,single_stock,True,True,164.0,1.9893359089226295,0.9969336177364818,0.0068215182961006105,1.9803140379908644,1.9910710792948638,1.971622816361802,2.006256617915785,LITX,2026-01-27,2026-09-23,80113854.07123566,ok
S000101635,T-REX 2X LONG LITE DAILY TARGET ETF,T-REX 2X LONG LITE DAILY TARGET ETF,ETF Opportunities Trust,1771146,LITU,LITU,2026,2026,2.0,number,daily,LITE,ticker token,single_stock,True,True,84.0,2.0000414035880496,0.9986773817820229,0.0043893519414330544,2.0012209208592653,2.0008144143138704,1.999298832542606,2.0077674076202197,LITU,2026-05-21,2026-09-23,2179748.0464935303,ok
S000088303,GraniteShares 2x Short LLY Daily ETF,GraniteShares 2x Short LLY Daily ETF,GraniteShares ETF Trust,1689873,LY,LY,2025,2026,-2.0,number,daily,LLY,ticker token,single_stock,True,True,,,,,,,,,,,,,no_prices
S000088049,Direxion Daily LLY Bear 1X ETF,Direxion Daily LLY Bear 1X Shares | Direxion Daily LLY Bear 1X ETF,Direxion Shares ETF Trust,1424958,ELIS,ELIS,2025,2026,-1.0,number,daily,LLY,ticker token,single_stock,True,True,,,,,,,,,,,,,no_prices
S000085136,Defiance Daily Target 2X Long LLY ETF,Defiance Daily Target 2X Long LLY ETF,Tidal Trust II,1924868,LLYX,LLYX,2024,2026,2.0,number,daily,LLY,ticker token,single_stock,True,True,531.0,1.9842988811153428,0.9959868446451917,0.002917215420931723,2.0152945927530834,1.9807998156375444,1.9221073898233738,2.038051080484732,LLYX,2024-08-08,2026-09-23,7120463.7550354,ok
S000088065,Direxion Daily LLY Bull 2X ETF,Direxion Daily LLY Bull 2X Shares | Direxion Daily LLY Bull 2X ETF,Direxion Shares ETF Trust,1424958,ELIL,ELIL,2025,2026,2.0,number,daily,LLY,ticker token,single_stock,True,True,373.0,1.9825871080445692,0.9960342865205104,0.003122446029914434,2.0031450854526325,1.9423942605301516,1.9141086394055453,2.009801916869935,ELIL,2025-03-27,2026-09-23,2442596.6148376465,ok
S000088288,GraniteShares 2x Long LLY Daily ETF,GraniteShares 2x Long LLY Daily ETF,GraniteShares ETF Trust,1689873,LLL,LLL,2025,2026,2.0,number,daily,LLY,ticker token,single_stock,True,True,,,,,,,,,,,,,no_prices
S000090381,Direxion Daily LMT Bear 1X ETF,Direxion Daily LMT Bear 1X Shares | Direxion Daily LMT Bear 1X ETF,Direxion Shares ETF Trust,1424958,LMTS,LMTS,2025,2026,-1.0,number,daily,LMT,ticker token,single_stock,True,True,,,,,,,,,,,,,no_prices
S000090380,Direxion Daily LMT Bull 2X ETF,Direxion Daily LMT Bull 2X Shares | Direxion Daily LMT Bull 2X ETF,Direxion Shares ETF Trust,1424958,LMTL,LMTL,2025,2026,2.0,number,daily,LMT,ticker token,single_stock,True,True,283.0,1.9811874556840467,0.9932483821116695,0.0027647580334486475,1.941813813235616,1.9706439358114587,1.9363875955950256,2.050521651883883,LMTL,2025-08-06,2026-09-23,405283.261013031,ok
S000093739,Tradr 2X Long LRCX Daily ETF,Tradr 2X Long LRCX Daily ETF,Investment Managers Series Trust II,1587982,LRCU,LRCU,2025,2026,2.0,number,daily,LRCX,ticker token,single_stock,True,True,274.0,2.024460655237381,0.9956612010849302,0.005302043359946442,2.0299341531073347,2.020405962083817,1.9865665992282278,2.0636758525892085,LRCU,2025-08-19,2026-09-23,4224276.93157196,ok
S000102154,Defiance Daily Target 2X Long LUMN ETF,Defiance Daily Target 2X Long LUMN ETF,Tidal Trust II,1924868,LUML,LUML,2026,2026,2.0,number,daily,LUMN,ticker token,single_stock,True,True,,,,,,,,,,,,,no_prices
S000087447,T-REX 2X INVERSE MARA DAILY TARGET ETF,T-REX 2X INVERSE MARA DAILY TARGET ETF,ETF Opportunities Trust,1771146,MARD,MARD,2025,2026,-2.0,number,daily,MARA,ticker token,single_stock,True,True,,,,,,,,,,,,,no_prices
S000087471,T-REX 2X LONG MARA DAILY TARGET ETF,T-REX 2X LONG MARA DAILY TARGET ETF,ETF Opportunities Trust,1771146,MARU,MARU,2025,2026,2.0,number,daily,MARA,ticker token,single_stock,True,True,339.0,0.07275874556394099,0.2530936875689308,0.00675201507813798,0.11845561246727682,0.030669380964390973,0.030191691430901734,0.1235579819312707,MARU,2025-03-03,2026-09-21,6033.80012512207,MISMATCH
S000090912,GraniteShares 2x Long MARA Daily ETF,GraniteShares 2x Long MARA Daily ETF,GraniteShares ETF Trust,1689873,MRAL,MRAL,2025,2026,2.0,number,daily,MARA,ticker token,single_stock,True,True,387.0,1.9745891998717164,0.9968564759747257,0.00587854492440426,1.9868185952465607,1.9598075341229029,1.9510467666754452,2.0068725296658645,MRAL,2025-03-07,2026-09-23,4497384.984016418,ok
S000099252,Tradr 3X Long MARA Daily ETF,Tradr 3X Long MARA Daily ETF,Investment Managers Series Trust II,1587982,MARX,MARX,2026,2026,3.0,number,daily,MARA,ticker token,single_stock,True,True,,,,,,,,,,,,,no_prices
S000096117,Tradr 2X Long MCHP Daily ETF,Tradr 2X Long MCHP Daily ETF,Investment Managers Series Trust II,1587982,MCHU,MCHU,2026,2026,2.0,number,daily,MCHP,ticker token,single_stock,True,True,80.0,1.9627647776500154,0.9887894632429092,0.007711145943724265,1.9608545828397137,1.971258104937249,1.948359981469637,1.971258104937249,MCHU,2026-05-28,2026-09-23,30574.0008354187,ok
S000091895,Tradr 2X Long MDB Daily ETF,Tradr 2X Long MDB Daily ETF,Investment Managers Series Trust II,1587982,MDBX,MDBX,2025,2026,2.0,number,daily,MDB,ticker token,single_stock,True,True,,,,,,,,,,,,,no_prices
S000102155,Defiance Daily Target 2X Long MDLN ETF,Defiance Daily Target 2X Long MDLN ETF,Tidal Trust II,1924868,MDLL,MDLL,2026,2026,2.0,number,daily,MDLN,ticker token,single_stock,True,True,,,,,,,,,,,,,no_prices
S000091101,KraneShares 2x Long MELI Daily ETF,KraneShares 2x Long MELI Daily ETF,Krane Shares Trust,1547576,KMLI,KMLI,2025,2026,2.0,number,daily,MELI,ticker token,single_stock,True,True,320.0,1.991129358798121,0.9920390722846962,0.004317193295311627,2.0045355137508487,2.018076515284601,1.9318790150792577,2.0604847846428465,KMLI,2025-06-12,2026-09-23,464720.7606315613,ok
S000081141,GraniteShares 2x Short META Daily ETF,GraniteShares 1.5x Short META Daily ETF | GraniteShares 2x Short META Daily ETF,GraniteShares ETF Trust,1689873,FBSS,FBIS | FBSS,2023,2026,-2.0,number,daily,META,ticker token,single_stock,True,True,,,,,,,,,,,,,no_prices
S000076230,Direxion Daily META Bear 1X ETF,Direxion Daily META Bear 1X Shares | Direxion Daily META Bear 1X ETF,Direxion Shares ETF Trust,1424958,METD,METD,2022,2026,-1.0,number,daily,META,ticker token,single_stock,True,True,571.0,-1.0048381125768564,0.99700741324354,0.0012929041604694044,-0.988643821077093,-1.0031874041722777,-1.0317827352175064,-0.9864461738977991,METD,2024-06-11,2026-09-23,8350562.351799011,ok
S000081156,GraniteShares 1x Short META Daily ETF,GraniteShares 1x Short META Daily ETF,GraniteShares ETF Trust,1689873,MTI,MTI,2023,2026,-1.0,number,daily,META,ticker token,single_stock,True,True,,,,,,,,,,,,,no_prices
S000076340,GraniteShares 2x Long META Daily ETF,GraniteShares 2x Long Meta Platforms Daily ETF | GraniteShares 1.5x Long META Daily ETF | GraniteShares 2x Long META Daily ETF,GraniteShares ETF Trust,1689873,FBL,FBL,2022,2026,2.0,number,daily,META,ticker token,single_stock,True,True,942.0,1.854808259474164,0.9816032209829582,0.006286601251299297,1.5215752051212161,2.006002142767741,1.453384897915878,2.0286899434323455,FBL,2022-12-13,2026-09-23,23732009.84954834,ok+beta_varies
S000085276,Direxion Daily META Bull 2X ETF,Direxion Daily META Bull 2X Shares | Direxion Daily META Bull 2X ETF,Direxion Shares ETF Trust,1424958,METU,METU,2024,2026,2.0,number,daily,META,ticker token,single_stock,True,True,574.0,1.9980724553805809,0.9990674940766178,0.0014021333168160953,1.9867538489034728,1.9992816986032167,1.9684300934523906,2.0265359565144183,METU,2024-06-06,2026-09-23,127477254.80384827,ok
S000095915,Defiance Daily Target 2X Long MP ETF,Defiance Daily Target 2X Long MP ETF,Tidal Trust II,1924868,MPL,MPL,2026,2026,2.0,number,daily,MP,ticker token,single_stock,True,True,4.0,,,,,,,,MPL,2026-07-17,2026-09-04,0.0,no_prices
S000096190,Leverage Shares 2X Long MP Daily ETF,Leverage Shares 2X Long MP Daily ETF,Themes ETF Trust,1976322,MPG,MPG,2026,2026,2.0,number,daily,MP,ticker token,single_stock,True,True,226.0,1.996565305275571,0.9971119497196552,0.0048034290597571494,1.9799253368810166,2.017993412724072,1.965750186039438,2.024294047043612,MPG,2025-10-27,2026-09-23,864555.1984071732,ok
S000090913,GraniteShares 2x Long MRVL Daily ETF,GraniteShares 2x Long MRVL Daily ETF,GraniteShares ETF Trust,1689873,MVLL,MVLL,2025,2026,2.0,number,daily,MRVL,ticker token,single_stock,True,True,387.0,1.9974071211749518,0.9989490850786442,0.003013737174328935,2.0127649861465824,2.0087319020349916,1.9518828760968054,2.0181113890450977,MVLL,2025-03-07,2026-09-23,81092751.58195496,ok
S000091056,Defiance Daily Target 2X Long MRVL ETF,Defiance Daily Target 2X Long MRVL ETF,Tidal Trust II,1924868,MRVX,MRVX,2025,2026,2.0,number,daily,MRVL,ticker token,single_stock,True,True,48.0,1.9404774736877537,0.9926203133647595,0.008967106965527142,,,,,MRVX,2026-07-14,2026-09-23,169179.00066375732,ok
S000094247,Direxion Daily MRVL Bull 2X ETF,Direxion Daily MRVL Bull 2X ETF,Direxion Shares ETF Trust,1424958,MRVU,MRVU,2025,2026,2.0,number,daily,MRVL,ticker token,single_stock,True,True,152.0,2.005100819886197,0.9993843158083746,0.002879129833093884,2.009702304442428,1.9974449272510983,1.997354007478877,2.0121132891387625,MRVU,2026-02-12,2026-09-23,19623066.703033447,ok
S000076245,Direxion Daily MSFT Bear 1X ETF,Direxion Daily MSFT Bear 1X Shares | Direxion Daily MSFT Bear 1X ETF,Direxion Shares ETF Trust,1424958,MSFD,MSFD,2022,2026,-1.0,number,daily,MSFT,ticker token,single_stock,True,True,1012.0,-0.9970367205823643,0.9958079567105893,0.0010893328106234682,-0.9854003274349652,-0.9959881035622755,-1.0307682557616604,-0.9663560543544809,MSFD,2022-09-08,2026-09-23,12684159.139823914,ok
S000076235,Direxion Daily MSFT Bull 2X ETF,Direxion Daily MSFT Bull 2X Shares | Direxion Daily MSFT Bull 1.5X Shares | Direxion Daily MSFT Bull 2X ETF,Direxion Shares ETF Trust,1424958,MSFU,MSFU,2022,2026,2.0,number,daily,MSFT,ticker token,single_stock,True,True,1013.0,1.7847984403216537,0.9789345024421945,0.004513220676480553,1.4671851986865394,1.9587450116217267,1.4590086804433513,2.03250808211187,MSFU,2022-09-07,2026-09-23,126414990.85092545,ok+beta_varies
S000076341,GraniteShares 2x Long MSFT Daily ETF,GraniteShares 2x Long Microsoft Daily ETF | GraniteShares 2x Long MSFT Daily ETF,GraniteShares ETF Trust,1689873,MSFL,MSFL,2022,2026,2.0,number,daily,MSFT,ticker token,single_stock,True,True,630.0,1.9842039207337903,0.9964289505259128,0.002004016247677551,1.9584424798512345,1.9632648189473054,1.9541150180439386,2.0444547725952664,MSFL,2024-03-18,2026-09-23,13369561.121940613,ok
S000083677,T-REX 2X LONG MICROSOFT DAILY TARGET ETF,T-REX 2X LONG MICROSOFT DAILY TARGET ETF,ETF Opportunities Trust,1771146,MSFX,MSFX,2024,2026,2.0,number,daily,MSFT,company name,single_stock,True,True,675.0,1.986429927366519,0.9936535727113521,0.0026403726947846675,1.9760271510593814,1.9305554461256635,1.9252512456712514,2.0746038422379334,MSFX,2024-01-11,2026-09-23,2822907.942390442,ok
S000085368,Defiance Daily Target 2X Short MSTR ETF,Defiance 2X Short MSTR ETF | Defiance Daily Target 2X Short MSTR ETF,Tidal Trust II,1924868,SMST,SMST,2024,2026,-2.0,number,daily,MSTR,ticker token,single_stock,True,True,521.0,-1.9462497487473178,0.99287374177728,0.008958738742712942,-1.6949615940949663,-2.0004802707897875,-2.0164535491890785,-1.6949615940949663,SMST,2024-08-21,2026-09-23,17858075.152397156,ok
S000087771,T-REX 2X INVERSE MSTR DAILY TARGET ETF,T-REX 2X INVERSE MSTR DAILY TARGET ETF,ETF Opportunities Trust,1771146,MSTZ,MSTZ,2025,2026,-2.0,number,daily,MSTR,ticker token,single_stock,True,True,503.0,-1.983204248310236,0.9985361374974023,0.004133586187326999,-1.982000532936855,-1.9801611603796896,-2.0147353575725724,-1.9486308189543482,MSTZ,2024-09-18,2026-09-23,120458687.33870983,ok
S000087809,Proshares UltraShort MSTR ETF,Proshares UltraShort MSTR ETF,PROSHARES TRUST,1174610,MSTD,MSTD,2025,2025,-2.0,proshares ultra,daily,MSTR,ticker token,single_stock,False,True,,,,,,,,,,,,,no_prices
S000090910,GraniteShares 2x Short MSTR Daily ETF,GraniteShares 2x Short MSTR Daily ETF,GraniteShares ETF Trust,1689873,MSDD,MSDD,2025,2026,-2.0,number,daily,MSTR,ticker token,single_stock,True,True,,,,,,,,,,,,,no_prices
S000079027,Rex Daily Target 1.5X MSTR ETF,REX 2X MSTR ETF | Rex Daily Target 1.5X MSTR ETF,Tidal Trust II,1924868,MSRU,MSRU,2023,2024,1.5,number,daily,MSTR,ticker token,single_stock,False,True,,,,,,,,,,,,,no_prices
S000082859,Unlimited Ultra HFND Multi-Strategy ETF,Unlimited Ultra HFND Multi-Strategy Return Tracker ETF | Unlimited Ultra HFND Multi-Strategy ETF,Tidal Trust I,1742912,HFUL,HFUL,2024,2026,2.0,proshares ultra,daily,MSTR,company name,single_stock,True,True,,,,,,,,,,,,,no_prices
S000085137,Defiance Daily Target 2X Long MSTR ETF,Defiance Daily Target 2X Long MSTR ETF,Tidal Trust II,1924868,MSTX,MSTX,2024,2026,2.0,number,daily,MSTR,ticker token,single_stock,True,True,526.0,1.9585205029423571,0.9969910302984119,0.005571049146777784,1.7604202253153736,1.9702633493719728,1.7604202253153736,2.0156803734367266,MSTX,2024-08-15,2026-09-23,86094380.12104034,ok
S000087772,T-REX 2X LONG MSTR DAILY TARGET ETF,T-REX 2X LONG MSTR DAILY TARGET ETF,ETF Opportunities Trust,1771146,MSTU,MSTU,2025,2026,2.0,number,daily,MSTR,ticker token,single_stock,True,True,503.0,1.9686755769047448,0.9974684714199676,0.005214974219989817,1.9581257521953082,1.976912741335316,1.9209624712525595,2.000416626867395,MSTU,2024-09-18,2026-09-23,201475537.46564865,ok
S000087807,ProShares Ultra MSTR,Proshares Ultra MSTR ETF | ProShares Ultra MSTR,PROSHARES TRUST,1174610,MSTA,MSU | MSTA,2025,2026,2.0,proshares ultra,daily,MSTR,ticker token,single_stock,True,True,,,,,,,,,,,,,no_prices
S000089921,Defiance Hot Sauce Daily 2X Strategy ETF,Defiance Hot Sauce Daily 2X Strategy ETF,Tidal Trust II,1924868,HOT,HOT,2025,2026,2.0,number,daily,MSTR,company name,single_stock,True,True,,,,,,,,,,,,,no_prices
S000090805,GraniteShares 2x Long MSTR Daily ETF,GraniteShares 2x Long MSTR Daily ETF,GraniteShares ETF Trust,1689873,MSTP,MSTP,2025,2026,2.0,number,daily,MSTR,ticker token,single_stock,True,True,322.0,1.989899922338356,0.9975292309355307,0.004671971752210526,1.977453536656786,1.9710509043550262,1.9524518068413086,2.0241016092932838,MSTP,2025-06-10,2026-09-23,976988.4562492371,ok
S000092977,VistaShares Animal Spirits Daily 2X Strategy ETF,VistaShares Animal Spirits Daily 2X Strategy ETF,Tidal Trust III,1722388,WILD,WILD,2025,2026,2.0,number,daily,MSTR,company name,single_stock,True,True,,,,,,,,,,,,,no_prices
S000088304,GraniteShares 2x Short MU Daily ETF,GraniteShares 2x Short MU Daily ETF,GraniteShares ETF Trust,1689873,MUS,MUS,2025,2026,-2.0,number,daily,MU,ticker token,single_stock,True,True,,,,,,,,,,,,,no_prices
S000088051,Direxion Daily MU Bear 1X ETF,Direxion Daily MU Bear 1X Shares | Direxion Daily MU Bear 1X ETF,Direxion Shares ETF Trust,1424958,MUD,MUD,2025,2026,-1.0,number,daily,MU,ticker token,single_stock,True,True,477.0,-1.0022201035176832,0.9950003454847183,0.0032495021499094282,-1.0221719705761745,-0.9953402206422535,-1.0221719705761745,-0.9847477165206991,MUD,2024-10-18,2026-09-23,93520610.06598473,ok
S000088050,Direxion Daily MU Bull 2X ETF,Direxion Daily MU Bull 2X Shares | Direxion Daily MU Bull 2X ETF,Direxion Shares ETF Trust,1424958,MUU,MUU,2025,2026,2.0,number,daily,MU,ticker token,single_stock,True,True,487.0,1.9917008875050284,0.9986993017067017,0.0032404217546740696,1.9739949684904188,1.990266356095965,1.9739949684904188,2.010485445513321,MUU,2024-10-10,2026-09-23,1109153555.6552887,ok
S000088289,GraniteShares 2x Long MU Daily ETF,GraniteShares 2x Long MU Daily ETF,GraniteShares ETF Trust,1689873,MULL,MULL,2025,2026,2.0,number,daily,MU,ticker token,single_stock,True,True,464.0,2.0003793583667604,0.9988808652884583,0.003016811015269423,2.0029379605380755,1.9965821125145955,1.980901012754429,2.0110309801107844,MULL,2024-11-12,2026-09-23,136840881.90965652,ok
S000099422,Defiance Daily Target 2X Short NBIS ETF,Defiance Daily Target 2X Short NBIS ETF,Tidal Trust II,1924868,SNBI,SNBI,2026,2026,-2.0,number,daily,NBIS,ticker token,single_stock,True,True,,,,,,,,,,,,,no_prices
S000100816,Tradr 2X Short NBIS Daily ETF,Tradr 2X Short NBIS Daily ETF,Investment Managers Series Trust II,1587982,NBIZ,NBIZ,2026,2026,-2.0,number,daily,NBIS,ticker token,single_stock,True,True,167.0,-2.000708832201831,0.9989803248836369,0.004798803965811674,-1.9877731350780241,-2.000151310703276,-2.020124883275205,-1.9845204022303418,NBIZ,2026-01-22,2026-09-23,51434685.471725464,ok
S000095056,Tradr 2X Long NBIS Daily ETF,Tradr 2X Long NBIS Daily ETF,Investment Managers Series Trust II,1587982,NEBX,NEBX,2026,2026,2.0,number,daily,NBIS,ticker token,single_stock,True,True,260.0,1.996361357086732,0.998338855260891,0.00547176820226092,1.9832759373278892,1.9921593927885748,1.9819308715448638,2.0203824953369853,NEBX,2025-09-09,2026-09-23,66346454.41036224,ok
S000096191,Leverage Shares 2X Long NBIS Daily ETF,Leverage Shares 2X Long NBIS Daily ETF,Themes ETF Trust,1976322,NBIG,NBIG,2026,2026,2.0,number,daily,NBIS,ticker token,single_stock,True,True,226.0,2.0009365414107654,0.9994581942052889,0.0032092963222050794,2.0070731967649533,1.9966054336816728,1.9944463202212526,2.012103833830221,NBIG,2025-10-27,2026-09-23,40582724.19252396,ok
S000099254,Tradr 3X Long NBIS Daily ETF,Tradr 3X Long NBIS Daily ETF,Investment Managers Series Trust II,1587982,NBXX,NBXX,2026,2026,3.0,number,daily,NBIS,ticker token,single_stock,True,True,,,,,,,,,,,,,no_prices
S000093740,Tradr 2X Long NET Daily ETF,Tradr 2X Long NET Daily ETF,Investment Managers Series Trust II,1587982,NETX,NETX,2025,2026,2.0,number,daily,NET,ticker token,single_stock,True,True,,,,,,,,,,,,,no_prices
S000087448,T-REX 2X INVERSE NFLX DAILY TARGET ETF,T-REX 2X INVERSE NFLX DAILY TARGET ETF,ETF Opportunities Trust,1771146,NFLD,NFLD,2025,2026,-2.0,number,daily,NFLX,ticker token,single_stock,True,True,,,,,,,,,,,,,no_prices
S000088305,GraniteShares 2x Short NFLX Daily ETF,GraniteShares 2x Short NFLX Daily ETF,GraniteShares ETF Trust,1689873,NFS,NFS,2025,2026,-2.0,number,daily,NFLX,ticker token,single_stock,True,True,,,,,,,,,,,,,no_prices
S000088053,Direxion Daily NFLX Bear 1X ETF,Direxion Daily NFLX Bear 1X Shares | Direxion Daily NFLX Bear 1X ETF,Direxion Shares ETF Trust,1424958,NFXS,NFXS,2025,2026,-1.0,number,daily,NFLX,ticker token,single_stock,True,True,492.0,-0.9963479932249318,0.9966990647899361,0.001237632788521927,-0.9816904424082242,-1.0016178602925232,-1.0186893145230174,-0.9362016733065257,NFXS,2024-10-03,2026-09-23,312623.89068603516,ok
S000087472,T-REX 2X LONG NFLX DAILY TARGET ETF,T-REX 2X LONG NFLX DAILY TARGET ETF,ETF Opportunities Trust,1771146,NFLU,NFLU,2025,2026,2.0,number,daily,NFLX,ticker token,single_stock,True,True,496.0,1.9954649345140023,0.995074191852485,0.003059764866539255,1.985886934584027,2.029303653327843,1.9377816085132902,2.044010087624507,NFLU,2024-09-27,2026-09-23,3019680.0172805786,ok
S000088052,Direxion Daily NFLX Bull 2X ETF,Direxion Daily NFLX Bull 2X Shares | Direxion Daily NFLX Bull 2X ETF,Direxion Shares ETF Trust,1424958,NFXL,NFXL,2025,2026,2.0,number,daily,NFLX,ticker token,single_stock,True,True,492.0,1.9959841492068344,0.9976120984340264,0.0021172735303915066,2.014372777404612,2.013476867736818,1.9449940415578961,2.0278428107982696,NFXL,2024-10-03,2026-09-23,17768075.948143005,ok
S000088290,GraniteShares 2x Long NFLX Daily ETF,GraniteShares 2x Long NFLX Daily ETF,GraniteShares ETF Trust,1689873,NFLL,NFLL,2025,2026,2.0,number,daily,NFLX,ticker token,single_stock,True,True,,,,,,,,,,,,,no_prices
S000076343,GraniteShares 1.1x Long NIO Daily ETF,GraniteShares 2x Long NIO Daily ETF | GraniteShares 1.1x Long NIO Daily ETF,GraniteShares ETF Trust,1689873,NIOL,NIOL,2022,2026,1.1,number,daily,NIO,ticker token,single_stock,True,True,,,,,,,,,,,,,no_prices
S000076105,AXS 2X NKE Bear Daily ETF,AXS 2X NKE Bear Daily ETF,Investment Managers Series Trust II,1587982,NKEQ,NKEQ,2022,2025,-2.0,number,daily,NKE,ticker token,single_stock,False,True,,,,,,,,,,,,,no_prices
S000076106,AXS 2X NKE Bull Daily ETF,AXS 2X NKE Bull Daily ETF,Investment Managers Series Trust II,1587982,NKEL,NKEL,2022,2025,2.0,number,daily,NKE,ticker token,single_stock,False,True,,,,,,,,,,,,,no_prices
S000100404,Tradr 2X Long NKLR Daily ETF,Tradr 2X Long NKLR Daily ETF,Investment Managers Series Trust II,1587982,NKLX,NKLX,2026,2026,2.0,number,daily,NKLR,ticker token,single_stock,True,True,,,,,,,,,,,,,no_prices
S000096120,Tradr 2X Long NNE Daily ETF,Tradr 2X Long NNE Daily ETF,Investment Managers Series Trust II,1587982,NNEX,NNEX,2026,2026,2.0,number,daily,NNE,ticker token,single_stock,True,True,,,,,,,,,,,,,no_prices
S000100086,Defiance Daily Target 2X Long NOK ETF,Defiance Daily Target 2X Long NOK ETF,Tidal Trust II,1924868,LNOK,LNOK,2026,2026,2.0,number,daily,NOK,ticker token,single_stock,True,True,168.0,2.0323257794219898,0.9827369105566981,0.01113559271084243,1.9258442005226415,2.0436592737172448,1.924054125687335,2.084857680672413,LNOK,2026-01-21,2026-09-23,3629485.9743118286,ok
S000090914,GraniteShares 2x Long NOW Daily ETF,GraniteShares 2x Long NOW Daily ETF,GraniteShares ETF Trust,1689873,NOWL,NOWL,2025,2026,2.0,number,daily,NOW,ticker token,single_stock,True,True,299.0,1.9942242907730563,0.9957100088746104,0.004397572430342968,1.944174603209937,1.9797325720278591,1.9042069960812795,2.029030219490982,NOWL,2025-07-15,2026-09-23,64961801.59893036,ok
S000100578,Tradr 2X Long NTSK Daily ETF,Tradr 2X Long NTSK Daily ETF,Investment Managers Series Trust II,1587982,NTSU,NTSU,2026,2026,2.0,number,daily,NTSK,ticker token,single_stock,True,True,,,,,,,,,,,,,no_prices
S000100405,Tradr 2X Long NUCL Daily ETF,Tradr 2X Long NUCL Daily ETF,Investment Managers Series Trust II,1587982,NUCX,NUCX,2026,2026,2.0,number,daily,NUCL,ticker token,single_stock,True,True,,,,,,,,,,,,,no_prices
S000080897,T-REX 2X INVERSE NVIDIA DAILY TARGET ETF,T-REX 2X INVERSE NVIDIA DAILY TARGET ETF,ETF Opportunities Trust,1771146,NVDQ,NVDQ,2023,2026,-2.0,number,daily,NVDA,company name,single_stock,True,True,732.0,-1.9909892869683659,0.9967837303737632,0.0033571593937052682,-1.9921171055720093,-1.995427852413897,-2.019524387115975,-1.9205314166197078,NVDQ,2023-10-19,2026-09-23,35172616.07122421,ok
S000081142,GraniteShares 2x Short NVDA Daily ETF,GraniteShares 1.5x Short NVDA Daily ETF | GraniteShares 2x Short NVDA Daily ETF,GraniteShares ETF Trust,1689873,NVD,NVD,2023,2026,-2.0,number,daily,NVDA,ticker token,single_stock,True,True,773.0,-1.9566943264457788,0.9925613407739957,0.0049554603703762514,-1.4843107392921961,-1.9872925492243134,-2.018888135414606,-1.4654110154993412,NVD,2023-08-22,2026-09-23,334286612.999773,ok+beta_varies
S000086138,Tradr 1.75X Short NVDA Weekly ETF,Tradr 2X Short NVDA Weekly ETF | Tradr 1.75X Short NVDA Weekly ETF,Investment Managers Series Trust II,1587982,WNVD,WNVD,2024,2025,-1.75,number,weekly,NVDA,ticker token,single_stock,False,True,,,,,,,,,,,,,no_prices
S000076107,Tradr 1.5X Short NVDA Daily ETF,AXS 2X NVDA Bear Daily ETF | AXS 1.25X NVDA Bear Daily ETF | Tradr 1.25X NVDA Bear Daily ETF | Tradr 1.5X Short NVDA Daily ETF,Investment Managers Series Trust II,1587982,NVDS,NVDS,2022,2026,-1.5,number,daily,NVDA,ticker token,single_stock,True,True,1051.0,-1.3285075590626338,0.7064792624442133,0.026733260463193582,-1.3296496203953634,-1.5066283732211712,-1.5164152294495237,-0.11372187056735006,NVDS,2022-07-14,2026-09-23,4653211.038684845,MISMATCH+beta_varies
S000086137,Tradr 1.5X Short NVDA Monthly ETF,Tradr 2X Short NVDA Monthly ETF | Tradr 1.5X Short NVDA Monthly ETF,Investment Managers Series Trust II,1587982,MNVD,MNVD,2024,2025,-1.5,number,monthly,NVDA,ticker token,single_stock,False,True,,,,,,,,,,,,,no_prices
S000076248,Direxion Daily NVDA Bear 1X ETF,Direxion Daily NVDA Bear 1X Shares | Direxion Daily NVDA Bear 1X ETF,Direxion Shares ETF Trust,1424958,NVDD,NVDD,2022,2026,-1.0,number,daily,NVDA,ticker token,single_stock,True,True,758.0,-0.9967967984096097,0.99803988872854,0.0012647373827962,-1.0085058260535384,-0.9914911441171538,-1.0157325823399252,-0.9771307254110522,NVDD,2023-09-13,2026-09-23,4328454.973888397,ok
S000081159,GraniteShares 1x Short NVDA Daily ETF,GraniteShares 1x Short NVDA Daily ETF,GraniteShares ETF Trust,1689873,NDI,NDI,2023,2026,-1.0,number,daily,NVDA,ticker token,single_stock,True,True,,,,,,,,,,,,,no_prices
S000076091,AXS 1.25X NVDA Bull Daily ETF,AXS 2X NVDA Bull Daily ETF | AXS 1.25X NVDA Bull Daily ETF,Investment Managers Series Trust II,1587982,NVDB,NVDB,2022,2023,1.25,number,daily,NVDA,ticker token,single_stock,False,True,259.0,1.982033768758858,0.9959823270734969,0.0029484023407368573,2.012220991748833,1.9878839078350174,1.9462474642505925,2.0225940167180627,NVDB,2025-09-10,2026-09-23,505865.4930114746,MISMATCH
S000086109,Tradr 1.5X Long NVDA Quarterly ETF,Tradr 2X Long NVDA Quarterly ETF | Tradr 1.5X Long NVDA Quarterly ETF,Investment Managers Series Trust II,1587982,NVDT,NVDT,2024,2025,1.5,number,quarterly,NVDA,ticker token,single_stock,False,True,,,,,,,,,,,,,no_prices
S000086108,Tradr 1.75X Long NVDA Monthly ETF,Tradr 2X Long NVDA Monthly ETF | Tradr 1.75X Long NVDA Monthly ETF,Investment Managers Series Trust II,1587982,NVDM,NVDM,2024,2025,1.75,number,monthly,NVDA,ticker token,single_stock,False,True,,,,,,,,,,,,,no_prices
S000086110,Tradr 1.75X Long NVDA Weekly ETF,Tradr 2X Long NVDA Weekly ETF | Tradr 1.75X Long NVDA Weekly ETF,Investment Managers Series Trust II,1587982,NVDW,NVDW,2024,2026,1.75,number,weekly,NVDA,ticker token,single_stock,True,True,399.0,1.197532388993872,0.9954713727947837,0.0021667410426300603,1.2022085286995428,1.1983361139895659,1.1648104522567522,1.2193649351446474,NVDW,2025-02-19,2026-09-23,1752657.978630066,MISMATCH
S000076344,GraniteShares 2x Long NVDA Daily ETF,GraniteShares 2x Long NVIDIA Daily ETF | GraniteShares 1.5x Long NVDA Daily ETF | GraniteShares 2x Long NVDA Daily ETF,GraniteShares ETF Trust,1689873,NVDL,NVDL,2022,2026,2.0,number,daily,NVDA,ticker token,single_stock,True,True,945.0,1.8323918724367034,0.9802507705720584,0.007906365304081509,1.4317672446684588,1.9715994516931918,1.431459192794239,2.0069154476376188,NVDL,2022-12-13,2026-09-23,401552310.53476334,ok+beta_varies
S000080899,T-REX 2X LONG NVIDIA DAILY TARGET ETF,T-REX 2X LONG NVIDIA DAILY TARGET ETF,ETF Opportunities Trust,1771146,NVDX,NVDX,2023,2026,2.0,number,daily,NVDA,company name,single_stock,True,True,732.0,1.9906729365035543,0.9976597615718044,0.002802711845896275,2.004333417460291,1.9693570439189283,1.9441287476216398,2.0354813938592553,NVDX,2023-10-19,2026-09-23,106050468.90392303,ok
S000081684,Direxion Daily NVDA Bull 2X ETF,Direxion Daily NVDA Bull 2X Shares | Direxion Daily NVDA Bull 2X ETF,Direxion Shares ETF Trust,1424958,NVDU,NVDU,2024,2026,2.0,number,daily,NVDA,ticker token,single_stock,True,True,758.0,1.9114350322235258,0.9904042736304686,0.0055104796344645724,1.5048145040653218,1.9787822297364754,1.4927043161850435,2.016539560651549,NVDU,2023-09-13,2026-09-23,37960817.22450256,ok+beta_varies
S000086646,Leverage Shares 2X Long NVDA Daily ETF,Leverage Shares 2X Long NVDA Daily ETF,Themes ETF Trust,1976322,NVDG,NVDG,2025,2026,2.0,number,daily,NVDA,ticker token,single_stock,True,True,442.0,1.9722688858890942,0.9968660033310058,0.0031005908971716385,1.9871004989826393,1.9868511593870948,1.8919532502676155,2.0094337895105783,NVDG,2024-12-13,2026-09-23,3117469.416999817,ok
S000094857,ProShares Ultra NVDA,ProShares Ultra NVDA,PROSHARES TRUST,1174610,NVDB,NVDB,2026,2026,2.0,proshares ultra,daily,NVDA,ticker token,single_stock,True,True,259.0,1.982033768758858,0.9959823270734969,0.0029484023407368573,2.012220991748833,1.9878839078350174,1.9462474642505925,2.0225940167180627,NVDB,2025-09-10,2026-09-23,505865.4930114746,ok
S000088306,GraniteShares 2x Short NVO Daily ETF,GraniteShares 2x Short NVO Daily ETF,GraniteShares ETF Trust,1689873,NVOD,NVOD,2025,2026,-2.0,number,daily,NVO,ticker token,single_stock,True,True,,,,,,,,,,,,,no_prices
S000085138,Defiance Daily Target 2X Long NVO ETF,Defiance Daily Target 2X Long NVO ETF,Tidal Trust II,1924868,NVOX,NVOX,2024,2026,2.0,number,daily,NVO,ticker token,single_stock,True,True,450.0,1.9961833468293713,0.9977185223886303,0.0029024772755472956,1.9959909716333246,2.003856935823124,1.9554371471750436,2.0301047226911084,NVOX,2024-12-03,2026-09-23,4457555.850791931,ok
S000088291,GraniteShares 2x Long NVO Daily ETF,GraniteShares 2x Long NVO Daily ETF,GraniteShares ETF Trust,1689873,NVU,NVU,2025,2026,2.0,number,daily,NVO,ticker token,single_stock,True,True,,,,,,,,,,,,,no_prices
S000099409,Defiance Daily Target 2X Short NVTS ETF,Defiance Daily Target 2X Short NVTS ETF,Tidal Trust II,1924868,SNVT,SNVT,2026,2026,-2.0,number,daily,NVTS,ticker token,single_stock,True,True,,,,,,,,,,,,,no_prices
S000095057,Tradr 2X Long NVTS Daily ETF,Tradr 2X Long NVTS Daily ETF,Investment Managers Series Trust II,1587982,NVTX,NVTX,2026,2026,2.0,number,daily,NVTS,ticker token,single_stock,True,True,260.0,1.9985616306861238,0.9970288837601791,0.008538729985546238,1.9933844971179129,2.000145204288526,1.9815632516915944,2.014857993378661,NVTX,2025-09-09,2026-09-23,5656402.7853012085,ok
S000096121,Tradr 2X Long NXPI Daily ETF,Tradr 2X Long NXPI Daily ETF,Investment Managers Series Trust II,1587982,NXPX,NXPX,2026,2026,2.0,number,daily,NXPI,ticker token,single_stock,True,True,79.0,2.1036959946506983,0.9007246288561344,0.02103381562306551,2.124865179284149,2.198823347782997,2.121478943563273,2.198823347782997,NXPX,2026-05-28,2026-09-23,15070.499897003174,ok
S000104258,Leverage Shares 2X Long NXPI Daily ETF,Leverage Shares 2X Long NXPI Daily ETF,Themes ETF Trust,1976322,NXPG,NXPG,2026,2026,2.0,number,daily,NXPI,ticker token,single_stock,True,True,76.0,1.9085138272513644,0.9719387556085596,0.00964241083075443,1.8993979562110754,1.925525788678561,1.8937027780054176,1.925525788678561,NXPG,2026-06-02,2026-09-23,30485.99989414215,ok
S000096884,Defiance Daily Target 2X Short OKLO ETF,Defiance Daily Target 2X Short OKLO ETF,Tidal Trust II,1924868,OKLS,OKLS,2026,2026,-2.0,number,daily,OKLO,ticker token,single_stock,True,True,4.0,,,,,,,,OKLS,2026-07-17,2026-09-04,0.0,no_prices
S000093879,T-REX 2X LONG OKLO DAILY TARGET ETF,T-REX 2X LONG OKLO DAILY TARGET ETF,ETF Opportunities Trust,1771146,OKUP,OKUP,2025,2026,2.0,number,daily,OKLO,ticker token,single_stock,True,True,,,,,,,,,,,,,no_prices
S000096122,Tradr 2X Long ON Daily ETF,Tradr 2X Long ON Daily ETF,Investment Managers Series Trust II,1587982,ONX,ONX,2026,2026,2.0,number,daily,ON,ticker token,single_stock,True,True,80.0,1.9815759088632252,0.9912884915670159,0.00915349186529226,1.9832553641011936,1.9212562908950142,1.9212562908950142,1.9832553641011936,ONX,2026-05-28,2026-09-23,227423.99997711182,ok
S000100579,Tradr 2X Long ONDS Daily ETF,Tradr 2X Long ONDS Daily ETF,Investment Managers Series Trust II,1587982,ONDU,ONDU,2026,2026,2.0,number,daily,ONDS,ticker token,single_stock,True,True,173.0,1.9845421865623445,0.9970177458493532,0.006578268718841918,2.001616235446599,1.9900359663112266,1.9545234834168876,2.0033921750653088,ONDU,2026-01-13,2026-09-23,542096.4923381805,ok
S000099410,Defiance Daily Target 2X Short OPEN ETF,Defiance Daily Target 2X Short OPEN ETF,Tidal Trust II,1924868,OPED,OPED,2026,2026,-2.0,number,daily,OPEN,ticker token,single_stock,True,True,,,,,,,,,,,,,no_prices
S000100818,Tradr 2X Short OPEN Daily ETF,Tradr 2X Short OPEN Daily ETF,Investment Managers Series Trust II,1587982,OPEZ,OPEZ,2026,2026,-2.0,number,daily,OPEN,ticker token,single_stock,True,True,,,,,,,,,,,,,no_prices
S000096123,Tradr 2X Long OPEN Daily ETF,Tradr 2X Long OPEN Daily ETF,Investment Managers Series Trust II,1587982,OPEX,OPEX,2026,2026,2.0,number,daily,OPEN,ticker token,single_stock,True,True,228.0,2.0074264391087215,0.9913024407284943,0.009444621783252042,1.991538776901121,2.011909356592241,1.9882435365312614,2.04613834075036,OPEX,2025-10-23,2026-09-23,851174.9763727188,ok
S000099411,Defiance Daily Target 2X Short ORCL ETF,Defiance Daily Target 2X Short ORCL ETF,Tidal Trust II,1924868,SORC,SORC,2026,2026,-2.0,number,daily,ORCL,ticker token,single_stock,True,True,,,,,,,,,,,,,no_prices
S000094250,Direxion Daily ORCL Bear 1X ETF,Direxion Daily ORCL Bear 1X ETF,Direxion Shares ETF Trust,1424958,ORCS,ORCS,2025,2026,-1.0,number,daily,ORCL,ticker token,single_stock,True,True,209.0,-1.0111908817755026,0.9969038911752502,0.0020687254030641047,-1.014771451037886,-1.0123795434622702,-1.0219366168144508,-0.999031130631483,ORCS,2025-11-19,2026-09-23,1531486.2186431885,ok
S000089803,Defiance Daily Target 2X Long ORCL ETF,Defiance Daily Target 2X Long ORCL ETF,Tidal Trust II,1924868,ORCX,ORCX,2025,2026,2.0,number,daily,ORCL,ticker token,single_stock,True,True,406.0,1.9882624912145748,0.9976829872355794,0.0036011602404538738,1.996776584314584,1.9965639889642384,1.8797686592991247,2.0211198516124607,ORCX,2025-02-07,2026-09-23,52823972.092819214,ok
S000094251,Direxion Daily ORCL Bull 2X ETF,Direxion Daily ORCL Bull 2X ETF,Direxion Shares ETF Trust,1424958,ORCU,ORCU,2025,2026,2.0,number,daily,ORCL,ticker token,single_stock,True,True,209.0,2.0066922399485847,0.9980251891947267,0.003268596647376821,2.012669749966178,1.9853192873053978,1.9853192873053978,2.0241353935779762,ORCU,2025-11-19,2026-09-23,33076425.876927376,ok
S000095478,T-REX 2X LONG OSCR DAILY TARGET ETF,T-REX 2X LONG OSCR DAILY TARGET ETF,ETF Opportunities Trust,1771146,OSCU,OSCU,2026,2026,2.0,number,daily,OSCR,ticker token,single_stock,True,True,,,,,,,,,,,,,no_prices
S000095549,Defiance Daily Target 2X Long OSCR ETF,Defiance Daily Target 2X Long OSCR ETF,Tidal Trust II,1924868,OSCX,OSCX,2026,2026,2.0,number,daily,OSCR,ticker token,single_stock,True,True,248.0,2.052884062407719,0.8417249676905296,0.03940998208380519,2.0098530429447945,2.276224979928223,1.9764271837571228,2.276224979928223,OSCX,2025-09-25,2026-09-23,273561.8049621582,ok
S000104016,Defiance Daily Target 2X Long OSS ETF,Defiance Daily Target 2X Long OSS ETF,Tidal Trust II,1924868,OSSL,OSSL,2026,2026,2.0,number,daily,OSS,ticker token,single_stock,True,True,80.0,2.0402494460866967,0.9895645093451682,0.010285160733368682,2.0563894231676696,2.034984721907265,2.034041325164995,2.0563894231676696,OSSL,2026-05-27,2026-09-23,9850.499725341797,ok
S000100087,Defiance Daily Target 2X Long OXY ETF,Defiance Daily Target 2X Long OXY ETF,Tidal Trust II,1924868,LOXY,LOXY,2026,2026,2.0,number,daily,OXY,ticker token,single_stock,True,True,,,,,,,,,,,,,no_prices
S000105178,GraniteShares 2x Short P Daily ETF,GraniteShares 2x Short P Daily ETF,GraniteShares ETF Trust,1689873,PSD,PSD,2026,2026,-2.0,number,daily,P,ticker token,single_stock,True,True,,,,,,,,,,,,,no_prices
S000105153,GraniteShares 2x Long P Daily ETF,GraniteShares 2x Long P Daily ETF,GraniteShares ETF Trust,1689873,PUL,PUL,2026,2026,2.0,number,daily,P,ticker token,single_stock,True,True,53.0,1.9872757947127646,0.9973618109541604,0.00453505319086014,,,,,PUL,2026-07-07,2026-09-21,23160.500717163086,ok
S000101636,T-REX 2X LONG PAAS DAILY TARGET ETF,T-REX 2X LONG PAAS DAILY TARGET ETF,ETF Opportunities Trust,1771146,PAAU,PAAU,2026,2026,2.0,number,daily,PAAS,ticker token,single_stock,True,True,,,,,,,,,,,,,no_prices
S000087449,T-REX 2X INVERSE PANW DAILY TARGET ETF,T-REX 2X INVERSE PANW DAILY TARGET ETF,ETF Opportunities Trust,1771146,PAND,PAND,2025,2026,-2.0,number,daily,PANW,ticker token,single_stock,True,True,,,,,,,,,,,,,no_prices
S000088307,GraniteShares 2x Short PANW Daily ETF,GraniteShares 2x Short PANW Daily ETF,GraniteShares ETF Trust,1689873,PAS,PAS,2025,2026,-2.0,number,daily,PANW,ticker token,single_stock,True,True,,,,,,,,,,,,,no_prices
S000090368,Direxion Daily PANW Bear 1X ETF,Direxion Daily PANW Bear 1X Shares | Direxion Daily PANW Bear 1X ETF,Direxion Shares ETF Trust,1424958,PALD,PALD,2025,2026,-1.0,number,daily,PANW,ticker token,single_stock,True,True,371.0,-0.9966243249966167,0.9979385840982055,0.0012462551797126776,-1.0028080240951989,-0.9928705811517657,-1.0065660006663228,-0.9897031437068786,PALD,2025-03-27,2026-09-23,572034.8167419434,ok
S000087473,T-REX 2X LONG PANW DAILY TARGET ETF,T-REX 2X LONG PANW DAILY TARGET ETF,ETF Opportunities Trust,1771146,PANU,PANU,2025,2026,2.0,number,daily,PANW,ticker token,single_stock,True,True,,,,,,,,,,,,,no_prices
S000088292,GraniteShares 2x Long PANW Daily ETF,GraniteShares 2x Long PANW Daily ETF,GraniteShares ETF Trust,1689873,PAU,PAU,2025,2026,2.0,number,daily,PANW,ticker token,single_stock,True,True,,,,,,,,,,,,,no_prices
S000090382,Direxion Daily PANW Bull 2X ETF,Direxion Daily PANW Bull 2X Shares | Direxion Daily PANW Bull 2X ETF,Direxion Shares ETF Trust,1424958,PALU,PALU,2025,2026,2.0,number,daily,PANW,ticker token,single_stock,True,True,373.0,2.0040676488862124,0.9988756736333235,0.0018392534918811822,2.0132875379594175,2.001273870576117,1.9781280377152852,2.027917344938727,PALU,2025-03-27,2026-09-23,5883802.362442017,ok
S000091225,Leverage Shares 2X Long PANW Daily ETF,Leverage Shares 2X Long PANW Daily ETF,Themes ETF Trust,1976322,PANG,PANG,2025,2026,2.0,number,daily,PANW,ticker token,single_stock,True,True,377.0,1.9994276137733442,0.9977452333486458,0.0026391596729223037,2.005811087449672,1.99943901746186,1.9134616369153026,2.025601753099198,PANG,2025-03-21,2026-09-23,1033689.9699211121,ok
S000100580,Tradr 2X Long PATH Daily ETF,Tradr 2X Long PATH Daily ETF,Investment Managers Series Trust II,1587982,PATX,PATX,2026,2026,2.0,number,daily,PATH,ticker token,single_stock,True,True,173.0,2.0154035695646555,0.9941341305238679,0.006129203496698894,2.0306214383748427,1.9985261059631285,1.9767486122942652,2.0405229565083953,PATX,2026-01-13,2026-09-23,460044.0107345581,ok
S000089271,KraneShares 2x Long PDD Daily ETF,KraneShares 2x Long PDD Daily ETF,Krane Shares Trust,1547576,KPDD,KPDD,2025,2026,2.0,number,daily,PDD,ticker token,single_stock,True,True,384.0,1.9938071322221342,0.9976782106809731,0.002147096252030095,1.9979847879641712,1.9845230958989346,1.9659901128659185,2.0110322952446444,KPDD,2025-03-12,2026-09-23,575893.2058811188,ok
S000090915,GraniteShares 2x Long PDD Daily ETF,GraniteShares 2x Long PDD Daily ETF,GraniteShares ETF Trust,1689873,PDDL,PDDL,2025,2026,2.0,number,daily,PDD,ticker token,single_stock,True,True,299.0,2.0056498857980496,0.994757736620997,0.002966291115615125,1.9945060587260233,2.0202898701661463,1.983716458162048,2.0303516235938703,PDDL,2025-07-15,2026-09-23,229460.59913635254,ok
S000091057,Defiance Daily Target 2X Long PENN ETF,Defiance Daily Target 2X Long PENN ETF,Tidal Trust II,1924868,PENX,PENX,2025,2026,2.0,number,daily,PENN,ticker token,single_stock,True,True,,,,,,,,,,,,,no_prices
S000076092,AXS 2X PFE Bear Daily ETF,AXS 2X PFE Bear Daily ETF,Investment Managers Series Trust II,1587982,PFES,PFES,2022,2025,-2.0,number,daily,PFE,ticker token,single_stock,False,True,,,,,,,,,,,,,no_prices
S000076093,AXS 2X PFE Bull Daily ETF,AXS 2X PFE Bull Daily ETF,Investment Managers Series Trust II,1587982,PFEL,PFEL,2022,2025,2.0,number,daily,PFE,ticker token,single_stock,False,True,,,,,,,,,,,,,no_prices
S000102156,Defiance Daily Target 2X Long PINS ETF,Defiance Daily Target 2X Long PINS ETF,Tidal Trust II,1924868,PINL,PINL,2026,2026,2.0,number,daily,PINS,ticker token,single_stock,True,True,,,,,,,,,,,,,no_prices
S000087450,T-REX 2X INVERSE PLTR DAILY TARGET ETF,T-REX 2X INVERSE PLTR DAILY TARGET ETF,ETF Opportunities Trust,1771146,PLTD,PLTD,2025,2026,-2.0,number,daily,PLTR,ticker token,single_stock,True,True,443.0,-0.9967194511165385,0.9991243612868627,0.0011845256465561468,-0.9944671945369689,-0.9958364867865546,-1.01239328286399,-0.9905805584962679,PLTD,2024-12-12,2026-09-23,189791312.01205254,MISMATCH
S000088055,Direxion Daily PLTR Bear 1X ETF,Direxion Daily PLTR Bear 1X Shares | Direxion Daily PLTR Bear 1X ETF,Direxion Shares ETF Trust,1424958,PLTD,PLTD,2025,2026,-1.0,number,daily,PLTR,ticker token,single_stock,True,True,443.0,-0.9967194511165385,0.9991243612868627,0.0011845256465561468,-0.9944671945369689,-0.9958364867865546,-1.01239328286399,-0.9905805584962679,PLTD,2024-12-12,2026-09-23,189791312.01205254,ok
S000076345,GraniteShares 2x Long PLTR Daily ETF,GraniteShares 2x Long Palantir Daily ETF | GraniteShares 1.25x Long PLTR Daily ETF | GraniteShares 2x Long PLTR Daily ETF,GraniteShares ETF Trust,1689873,PTIR,PTIR,2022,2026,2.0,number,daily,PLTR,ticker token,single_stock,True,True,513.0,1.9929172826079158,0.9996777904054509,0.0014512483985555753,2.002713279731803,1.9810955247072892,1.9785145237046875,2.006146523385388,PTIR,2024-09-04,2026-09-23,58586858.10184479,ok
S000088054,Direxion Daily PLTR Bull 2X ETF,Direxion Daily PLTR Bull 2X Shares | Direxion Daily PLTR Bull 2X ETF,Direxion Shares ETF Trust,1424958,PLTU,PLTU,2025,2026,2.0,number,daily,PLTR,ticker token,single_stock,True,True,444.0,1.988362219939901,0.9995917968380884,0.0016164462749828094,1.9862727606393564,1.976976165727452,1.9756586053780023,2.010598538681265,PLTU,2024-12-11,2026-09-23,60337015.233039856,ok
S000091226,Leverage Shares 2X Long PLTR Daily ETF,Leverage Shares 2X Long PLTR Daily ETF,Themes ETF Trust,1976322,PLTG,PLTG,2025,2026,2.0,number,daily,PLTR,ticker token,single_stock,True,True,353.0,1.9903658975011416,0.9984047435338059,0.0028818539338408334,1.9790877705453216,1.9850711194553092,1.9632703830417655,2.034717254541671,PLTG,2025-04-25,2026-09-23,2409274.4926452637,ok
S000094858,ProShares Ultra PLTR,ProShares Ultra PLTR,PROSHARES TRUST,1174610,PLTA,PLTA,2026,2026,2.0,proshares ultra,daily,PLTR,ticker token,single_stock,True,True,259.0,1.9893827217184703,0.9989383553855502,0.0023974934786770478,1.9810968116033454,1.981051361666683,1.9807860920547962,2.007496249774711,PLTA,2025-09-10,2026-09-23,517697.850894928,ok
S000100550,Leverage Shares 2X Long PLUG Daily ETF,Leverage Shares 2X Long PLUG Daily ETF,Themes ETF Trust,1976322,PLUL,PLUL,2026,2026,2.0,number,daily,PLUG,ticker token,single_stock,True,True,173.0,1.9588685023617334,0.9935723946872633,0.008179095727523511,1.94187284956478,1.9443536244129482,1.932067786986861,1.9974460472695672,PLUL,2026-01-13,2026-09-23,243607.60731697083,ok
S000092418,Defiance Daily Target 2X Long PM ETF,Defiance Daily Target 2X Long PM ETF,Tidal Trust II,1924868,XPM,XPM,2025,2026,2.0,number,daily,PM,ticker token,single_stock,True,True,,,,,,,,,,,,,no_prices
S000100919,Tradr 2X Long POET Daily ETF,Tradr 2X Long POET Daily ETF,Investment Managers Series Trust II,1587982,POEX,POEX,2026,2026,2.0,number,daily,POET,ticker token,single_stock,True,True,,,,,,,,,,,,,no_prices
S000100998,Defiance Daily Target 2X Long POET ETF,Defiance Daily Target 2X Long POET ETF,Tidal Trust II,1924868,POEL,POEL,2026,2026,2.0,number,daily,POET,ticker token,single_stock,True,True,97.0,1.820175821872151,0.9127715464866927,0.04640725425837614,1.7895617619957769,1.9787022638682166,1.7277057009266723,1.9916737081616462,POEL,2026-05-01,2026-09-23,4005060.016012192,ok
S000095059,Tradr 2X Long PONY Daily ETF,Tradr 2X Long PONY Daily ETF,Investment Managers Series Trust II,1587982,PONX,PONX,2026,2026,2.0,number,daily,PONY,ticker token,single_stock,True,True,260.0,2.000446728224014,0.9893672063375148,0.009332143660460018,2.007464556961907,1.9695836021285176,1.9580294997940404,2.0363063769200314,PONX,2025-09-09,2026-09-23,114338.3982181549,ok
S000076094,AXS 1.5X PYPL Bear Daily ETF,AXS 2X PYPL Bear Daily ETF | AXS 1.5X PYPL Bear Daily ETF,Investment Managers Series Trust II,1587982,PYPS,PYPS,2022,2025,-1.5,number,daily,PYPL,ticker token,single_stock,False,True,,,,,,,,,,,,,no_prices
S000076095,AXS 1.5X PYPL Bull Daily ETF,AXS 2X PYPL Bull Daily ETF | AXS 1.5X PYPL Bull Daily ETF,Investment Managers Series Trust II,1587982,PYPT,PYPT,2022,2025,1.5,number,daily,PYPL,ticker token,single_stock,False,True,,,,,,,,,,,,,no_prices
S000091227,Leverage Shares 2X Long PYPL Daily ETF,Leverage Shares 2X Long PYPL Daily ETF,Themes ETF Trust,1976322,PYPG,PYPG,2025,2026,2.0,number,daily,PYPL,ticker token,single_stock,True,True,367.0,2.0013379255467347,0.9973080994214215,0.002661523698744124,1.9811638997205756,2.0158309635076517,1.9439030161535074,2.0222420205524383,PYPG,2025-04-04,2026-09-23,2423913.9776468277,ok
S000092897,Direxion Daily PYPL Bull 2X ETF,Direxion Daily PYPL Bull 2X Shares | Direxion Daily PYPL Bull 2X ETF,Direxion Shares ETF Trust,1424958,PYPU,PYPU,2025,2026,2.0,number,daily,PYPL,ticker token,single_stock,True,True,123.0,2.003517732542719,0.9960313434791732,0.0034070761073819204,1.962899646284461,2.0205590528231205,1.9378135240604704,2.0205590528231205,PYPU,2026-03-25,2026-09-23,128084.99908447266,ok
S000086141,Tradr 1.75X Short Triple Q Quarterly ETF,Tradr 2X Short QQQ Quarterly ETF | Tradr 1.75X Short Triple Q Quarterly ETF,Investment Managers Series Trust II,1587982,SQQ,SQQ,2024,2025,-1.75,number,quarterly,Q,ticker token,single_stock,False,True,,,,,,,,,,,,,no_prices
S000086113,Tradr 2X Long Triple Q Weekly ETF,Tradr 2X Long QQQ Weekly ETF | Tradr 2X Long Triple Q Weekly ETF,Investment Managers Series Trust II,1587982,QQQW,QQQW,2024,2026,2.0,number,weekly,Q,ticker token,single_stock,True,True,,,,,,,,,,,,,no_prices
S000093245,Defiance Daily Target 2X Short QBTS ETF,Defiance Daily Target 2X Short QBTS ETF,Tidal Trust II,1924868,QBTZ,QBTZ,2025,2026,-2.0,number,daily,QBTS,ticker token,single_stock,True,True,240.0,-1.9948254358330884,0.996977039225262,0.007374109832903355,-1.9916497985062493,-1.961735917957725,-2.0193666283111487,-1.9613981428586624,QBTZ,2025-10-07,2026-09-23,10944764.140014648,ok
S000091896,Tradr 2X Long QBTS Daily ETF,Tradr 2X Long QBTS Daily ETF,Investment Managers Series Trust II,1587982,QBTX,QBTX,2025,2026,2.0,number,daily,QBTS,ticker token,single_stock,True,True,352.0,1.9766785605924697,0.9965312582768013,0.007882911544369266,1.9876415611951854,1.9218085505587703,1.9173110661493624,2.003161252149931,QBTX,2025-04-25,2026-09-23,14410844.313526154,ok
S000088309,GraniteShares 2x Short QCOM Daily ETF,GraniteShares 2x Short QCOM Daily ETF,GraniteShares ETF Trust,1689873,QCS,QCS,2025,2026,-2.0,number,daily,QCOM,ticker token,single_stock,True,True,,,,,,,,,,,,,no_prices
S000090370,Direxion Daily QCOM Bear 1X ETF,Direxion Daily QCOM Bear 1X ETF,Direxion Shares ETF Trust,1424958,QCMD,QCMD,2025,2026,-1.0,number,daily,QCOM,ticker token,single_stock,True,True,306.0,-1.0073193724177278,0.997635907324037,0.0015253986606322146,-1.0138359110491106,-1.0055452389494322,-1.0322204431280497,-0.9910396631854347,QCMD,2025-06-25,2026-09-23,297945.2507019043,ok
S000088293,GraniteShares 2x Long QCOM Daily ETF,GraniteShares 2x Long QCOM Daily ETF,GraniteShares ETF Trust,1689873,QCML,QCML,2025,2026,2.0,number,daily,QCOM,ticker token,single_stock,True,True,368.0,2.0110424802384843,0.993966452521413,0.004919167379722023,1.9869620181994432,1.9960863577860686,1.8607729367813022,2.147576415390338,QCML,2025-04-03,2026-09-23,7293493.165111542,ok
S000090369,Direxion Daily QCOM Bull 2X ETF,Direxion Daily QCOM Bull 2X ETF,Direxion Shares ETF Trust,1424958,QCMU,QCMU,2025,2026,2.0,number,daily,QCOM,ticker token,single_stock,True,True,312.0,2.029490774767663,0.9928230169479944,0.0053727149080077755,2.0037873747092734,1.9990361964274905,1.9528382728855413,2.1678883262656288,QCMU,2025-06-25,2026-09-23,2120944.652557373,ok
S000100920,Tradr 2X Long QMCO Daily ETF,Tradr 2X Long QMCO Daily ETF,Investment Managers Series Trust II,1587982,QMCX,QMCX,2026,2026,2.0,number,daily,QMCO,ticker token,single_stock,True,True,,,,,,,,,,,,,no_prices
S000100819,Tradr 2X Short QS Daily ETF,Tradr 2X Short QS Daily ETF,Investment Managers Series Trust II,1587982,QSZ,QSZ,2026,2026,-2.0,number,daily,QS,ticker token,single_stock,True,True,,,,,,,,,,,,,no_prices
S000095916,Defiance Daily Target 2X Long QS ETF,Defiance Daily Target 2X Long QS ETF,Tidal Trust II,1924868,QSU,QSU,2026,2026,2.0,number,daily,QS,ticker token,single_stock,True,True,230.0,1.99242813989168,0.9948169080803351,0.006495977266847364,2.0013868506142294,1.9877850633348175,1.9619304189868263,2.0013868506142294,QSU,2025-10-21,2026-09-23,467060.0009441376,ok
S000100821,Tradr 2X Short QUBT Daily ETF,Tradr 2X Short QUBT Daily ETF,Investment Managers Series Trust II,1587982,QUBZ,QUBZ,2026,2026,-2.0,number,daily,QUBT,ticker token,single_stock,True,True,,,,,,,,,,,,,no_prices
S000091897,Tradr 2X Long QUBT Daily ETF,Tradr 2X Long QUBT Daily ETF,Investment Managers Series Trust II,1587982,QUBX,QUBX,2025,2026,2.0,number,daily,QUBT,ticker token,single_stock,True,True,313.0,1.9774336362906135,0.9944887905537615,0.008787053883947966,1.976490040427567,1.9494850523903606,1.9175286558180684,2.0344576774695575,QUBX,2025-06-24,2026-09-23,1757172.495317459,ok
S000093880,T-REX 2X LONG QUBT DAILY TARGET ETF,T-REX 2X LONG QUBT DAILY TARGET ETF,ETF Opportunities Trust,1771146,QBTU,QBTU,2025,2026,2.0,number,daily,QUBT,ticker token,single_stock,True,True,,,,,,,,,,,,,no_prices
S000100581,Tradr 2X Long QURE Daily ETF,Tradr 2X Long QURE Daily ETF,Investment Managers Series Trust II,1587982,QURX,QURX,2026,2026,2.0,number,daily,QURE,ticker token,single_stock,True,True,,,,,,,,,,,,,no_prices
S000087475,T-REX 2X LONG RBLX DAILY TARGET ETF,T-REX 2X LONG RBLX DAILY TARGET ETF,ETF Opportunities Trust,1771146,RBLU,RBLU,2025,2026,2.0,number,daily,RBLX,ticker token,single_stock,True,True,390.0,2.008523503841885,0.9973353866156388,0.0040645128541282145,2.030512391864689,2.001239420352829,1.9603700932956023,2.051820591527421,RBLU,2025-03-04,2026-09-23,1291386.0401391983,ok
S000090916,GraniteShares 2x Long RDDT Daily ETF,GraniteShares 2x Long RDDT Daily ETF,GraniteShares ETF Trust,1689873,RDTL,RDTL,2025,2026,2.0,number,daily,RDDT,ticker token,single_stock,True,True,375.0,1.980813143846866,0.9984796711327846,0.003532329239915307,1.990029338210405,1.9778108259227392,1.9580243093589607,2.0081754988492024,RDTL,2025-03-25,2026-09-23,8856749.66378212,ok
S000091671,Defiance Daily Target 2X Long RDDT ETF,Defiance Daily Target 2X Long RDDT ETF,Tidal Trust II,1924868,RDDX,RDDX,2025,2026,2.0,number,daily,RDDT,ticker token,single_stock,True,True,,,,,,,,,,,,,no_prices
S000099263,Tradr 3X Long RDDT Daily ETF,Tradr 3X Long RDDT Daily ETF,Investment Managers Series Trust II,1587982,RDDU,RDDU,2026,2026,3.0,number,daily,RDDT,ticker token,single_stock,True,True,,,,,,,,,,,,,no_prices
S000091058,Defiance Daily Target 2X Long RGTI ETF,Defiance Daily Target 2X Long RGTI ETF,Tidal Trust II,1924868,RGTX,RGTX,2025,2026,2.0,number,daily,RGTI,ticker token,single_stock,True,True,370.0,1.9910527379743537,0.9989595952493168,0.00406231095225026,1.9910535856716634,1.9831211602305252,1.968740008897544,2.0119360847440593,RGTX,2025-04-01,2026-09-23,8798868.159484863,ok
S000091898,Tradr 2X Long RGTI Daily ETF,Tradr 2X Long RGTI Daily ETF,Investment Managers Series Trust II,1587982,RGTU,RGTU,2025,2026,2.0,number,daily,RGTI,ticker token,single_stock,True,True,313.0,1.994196786514628,0.9959107642056609,0.008378897018940885,2.0001107642565943,1.9819415992835803,1.9565295979282358,2.037483889441397,RGTU,2025-06-24,2026-09-23,910702.4750232697,ok
S000085120,Defiance Daily Target 2X Long RIOT ETF,Defiance Daily Target 2X Long Carbon ETF | Defiance Daily Target 2X Long RIOT ETF,Tidal Trust II,1924868,RIOX,RIOX,2024,2026,2.0,number,daily,RIOT,ticker token,single_stock,True,True,429.0,1.9963823586118417,0.9970505240914801,0.0056983424814709875,1.9828027680962421,1.9850840043559788,1.9653828727991194,2.032332758004611,RIOX,2025-01-03,2026-09-23,6640859.116744995,ok
S000090917,GraniteShares 2x Long RIOT Daily ETF,GraniteShares 2x Long RIOT Daily ETF,GraniteShares ETF Trust,1689873,RIOL,RIOL,2025,2026,2.0,number,daily,RIOT,ticker token,single_stock,True,True,,,,,,,,,,,,,no_prices
S000099265,Tradr 3X Long RIOT Daily ETF,Tradr 3X Long RIOT Daily ETF,Investment Managers Series Trust II,1587982,RIOU,RIOU,2026,2026,3.0,number,daily,RIOT,ticker token,single_stock,True,True,,,,,,,,,,,,,no_prices
S000081143,GraniteShares 2x Short RIVN Daily ETF,GraniteShares 1.5x Short RIVN Daily ETF | GraniteShares 2x Short RIVN Daily ETF,GraniteShares ETF Trust,1689873,RVD,RVND | RVD,2023,2026,-2.0,number,daily,RIVN,ticker token,single_stock,True,True,,,,,,,,,,,,,no_prices
S000081160,GraniteShares 1x Short RIVN Daily ETF,GraniteShares 1x Short RIVN Daily ETF,GraniteShares ETF Trust,1689873,RI,RI,2023,2026,-1.0,number,daily,RIVN,ticker token,single_stock,True,True,,,,,,,,,,,,,no_prices
S000081164,GraniteShares 2x Long RIVN Daily ETF,GraniteShares 1.5x Long RIVN Daily ETF | GraniteShares 2x Long RIVN Daily ETF,GraniteShares ETF Trust,1689873,RVNL,RVNL,2023,2026,2.0,number,daily,RIVN,ticker token,single_stock,True,True,356.0,1.9906637914501615,0.9962324218313163,0.004906446452212857,1.9996523365586867,2.0122264488341908,1.9434024605302513,2.016395725024797,RVNL,2025-04-22,2026-09-23,2204281.9160461426,ok
S000092368,Defiance Daily Target 2X Short RKLB ETF,Defiance Daily Target 2X Short RKLB ETF,Tidal Trust II,1924868,RKLZ,RKLZ,2025,2026,-2.0,number,daily,RKLB,ticker token,single_stock,True,True,210.0,-2.0008464344721055,0.9986416063414899,0.004261114141821849,-2.005347638629526,-2.0066450909856894,-2.012276722523113,-1.9922464164099627,RKLZ,2025-11-18,2026-09-23,24542610.65448761,ok
S000091059,Defiance Daily Target 2X Long RKLB ETF,Defiance Daily Target 2X Long RKLB ETF,Tidal Trust II,1924868,RKLX,RKLX,2025,2026,2.0,number,daily,RKLB,ticker token,single_stock,True,True,383.0,1.9925516914168178,0.9992006472644113,0.0030284775051419833,1.994349138298891,1.994426404813702,1.9822487508639002,2.006347186593919,RKLX,2025-03-13,2026-09-23,49655882.884693146,ok
S000099266,Tradr 3X Long RKLB Daily ETF,Tradr 3X Long RKLB Daily ETF,Investment Managers Series Trust II,1587982,RKLU,RKLU,2026,2026,3.0,number,daily,RKLB,ticker token,single_stock,True,True,,,,,,,,,,,,,no_prices
S000099449,Defiance Daily Target 2X Long RKT ETF,Defiance Daily Target 2X Long RKT ETF,Tidal Trust II,1924868,RKTL,RKTL,2026,2026,2.0,number,daily,RKT,ticker token,single_stock,True,True,4.0,,,,,,,,RKTL,2026-07-17,2026-09-04,0.0,no_prices
S000100088,Defiance Daily Target 2X Long RMBS ETF,Defiance Daily Target 2X Long RMBS ETF,Tidal Trust II,1924868,LRMB,LRMB,2026,2026,2.0,number,daily,RMBS,ticker token,single_stock,True,True,,,,,,,,,,,,,no_prices
S000102157,Defiance Daily Target 2X Long ROKU ETF,Defiance Daily Target 2X Long ROKU ETF,Tidal Trust II,1924868,ROKL,ROKL,2026,2026,2.0,number,daily,ROKU,ticker token,single_stock,True,True,,,,,,,,,,,,,no_prices
S000100921,Tradr 2X Long RR Daily ETF,Tradr 2X Long RR Daily ETF,Investment Managers Series Trust II,1587982,RRXX,RRXX,2026,2026,2.0,number,daily,RR,ticker token,single_stock,True,True,,,,,,,,,,,,,no_prices
S000091230,Leverage Shares 2X Long RTX Daily ETF,Leverage Shares 2X Long RTX Daily ETF,Themes ETF Trust,1976322,RTXG,RTXG,2025,2026,2.0,number,daily,RTX,ticker token,single_stock,True,True,324.0,2.0030025101124456,0.9805942245648362,0.0043685575622516085,1.976632662473765,1.9825614356580021,1.909646825841303,2.0824332904604366,RTXG,2025-06-06,2026-09-23,268630.65481185913,ok
S000093881,T-REX 2X LONG RXRX DAILY TARGET ETF,T-REX 2X LONG RXRX DAILY TARGET ETF,ETF Opportunities Trust,1771146,RXUP,RXUP,2025,2026,2.0,number,daily,RXRX,ticker token,single_stock,True,True,,,,,,,,,,,,,no_prices
S000100582,Tradr 2X Long RZLV Daily ETF,Tradr 2X Long RZLV Daily ETF,Investment Managers Series Trust II,1587982,RZLX,RZLX,2026,2026,2.0,number,daily,RZLV,ticker token,single_stock,True,True,,,,,,,,,,,,,no_prices
S000102158,Defiance Daily Target 2X Long SATS ETF,Defiance Daily Target 2X Long SATS ETF,Tidal Trust II,1924868,SATU,SATU,2026,2026,2.0,number,daily,SATS,ticker token,single_stock,True,True,,,,,,,,,,,,,no_prices
S000095873,T-REX 2X LONG SBET DAILY TARGET ETF,T-REX 2X LONG SBET DAILY TARGET ETF,ETF Opportunities Trust,1771146,SBTU,SBTU,2026,2026,2.0,number,daily,SBET,ticker token,single_stock,True,True,229.0,2.007278627902918,0.9934586893931154,0.008167245451475904,1.9878567827101625,1.9624393945737728,1.9597123861213435,2.0662691077622535,SBTU,2025-10-21,2026-09-23,308969.99793052673,ok
S000091102,KraneShares 2x Long SE Daily ETF,KraneShares 2x Long SE Daily ETF,Krane Shares Trust,1547576,KSE,KSE,2025,2026,2.0,number,daily,SE,ticker token,single_stock,True,True,,,,,,,,,,,,,no_prices
S000100922,Tradr 2X Long SEDG Daily ETF,Tradr 2X Long SEDG Daily ETF,Investment Managers Series Trust II,1587982,SEDX,SEDX,2026,2026,2.0,number,daily,SEDG,ticker token,single_stock,True,True,,,,,,,,,,,,,no_prices
S000100923,Tradr 2X Long SERV Daily ETF,Tradr 2X Long SERV Daily ETF,Investment Managers Series Trust II,1587982,SERX,SERX,2026,2026,2.0,number,daily,SERV,ticker token,single_stock,True,True,,,,,,,,,,,,,no_prices
S000100583,Tradr 2X Long SHLS Daily ETF,Tradr 2X Long SHLS Daily ETF,Investment Managers Series Trust II,1587982,SHXX,SHXX,2026,2026,2.0,number,daily,SHLS,ticker token,single_stock,True,True,,,,,,,,,,,,,no_prices
S000087452,T-REX 2X INVERSE SHOP DAILY TARGET ETF,T-REX 2X INVERSE SHOP DAILY TARGET ETF,ETF Opportunities Trust,1771146,SHOD,SHOD,2025,2026,-2.0,number,daily,SHOP,ticker token,single_stock,True,True,,,,,,,,,,,,,no_prices
S000092902,Direxion Daily SHOP Bear 1X ETF,Direxion Daily SHOP Bear 1X Shares | Direxion Daily SHOP Bear 1X ETF,Direxion Shares ETF Trust,1424958,SHPD,SHPD,2025,2026,-1.0,number,daily,SHOP,ticker token,single_stock,True,True,,,,,,,,,,,,,no_prices
S000087476,T-REX 2X LONG SHOP DAILY TARGET ETF,T-REX 2X LONG SHOP DAILY TARGET ETF,ETF Opportunities Trust,1771146,SHOU,SHOU,2025,2026,2.0,number,daily,SHOP,ticker token,single_stock,True,True,,,,,,,,,,,,,no_prices
S000092901,Direxion Daily SHOP Bull 2X ETF,Direxion Daily SHOP Bull 2X Shares | Direxion Daily SHOP Bull 2X ETF,Direxion Shares ETF Trust,1424958,SHPU,SHPU,2025,2026,2.0,number,daily,SHOP,ticker token,single_stock,True,True,283.0,2.005618589301875,0.9988587364930116,0.002384429339741234,2.001611668004675,1.9941803304502652,1.987686824108747,2.028811896177441,SHPU,2025-08-06,2026-09-23,1098045.025062561,ok
S000088310,GraniteShares 2x Short SMCI Daily ETF,GraniteShares 2x Short SMCI Daily ETF,GraniteShares ETF Trust,1689873,SMS,SMS,2025,2026,-2.0,number,daily,SMCI,ticker token,single_stock,True,True,,,,,,,,,,,,,no_prices
S000091503,Defiance Daily Target 2X Short SMCI ETF,Defiance Daily Target 2X Short SMCI ETF,Tidal Trust II,1924868,SMCZ,SMCZ,2025,2026,-2.0,number,daily,SMCI,ticker token,single_stock,True,True,370.0,-1.9919240729773016,0.9983788324542254,0.0043842734298302636,-2.0054911088436524,-2.0110649163632996,-2.0306675428928203,-1.9519905872871501,SMCZ,2025-04-01,2026-09-23,8451546.31266594,ok
S000085140,Defiance Daily Target 2X Long SMCI ETF,Defiance Daily Target 2X Long SMCI ETF,Tidal Trust II,1924868,SMCX,SMCX,2024,2026,2.0,number,daily,SMCI,ticker token,single_stock,True,True,522.0,1.979613794531463,0.9375961790820498,0.032644071727986626,1.9398464189020066,1.9783434961074247,1.9398464189020066,2.010366373124466,SMCX,2024-08-21,2026-09-23,52219413.720703125,ok
S000088294,GraniteShares 2x Long SMCI Daily ETF,GraniteShares 2x Long SMCI Daily ETF,GraniteShares ETF Trust,1689873,SMCL,SMCL,2025,2026,2.0,number,daily,SMCI,ticker token,single_stock,True,True,442.0,1.9905784994990492,0.9989123898343568,0.003561115149194045,1.9947014960622758,1.9856325591419157,1.9640597136984936,2.00454368325663,SMCL,2024-12-13,2026-09-23,8384260.148143768,ok
S000093882,T-REX 2X LONG SMLR DAILY TARGET ETF,T-REX 2X LONG SMLR DAILY TARGET ETF,ETF Opportunities Trust,1771146,SEMU,SEMU,2025,2026,2.0,number,daily,SMLR,ticker token,single_stock,True,True,,,,,,,,,,,,,no_prices
S000099412,Defiance Daily Target 2X Short SMR ETF,Defiance Daily Target 2X Short SMR ETF,Tidal Trust II,1924868,DSMR,DSMR,2026,2026,-2.0,number,daily,SMR,ticker token,single_stock,True,True,,,,,,,,,,,,,no_prices
S000100822,Tradr 2X Short SMR Daily ETF,Tradr 2X Short SMR Daily ETF,Investment Managers Series Trust II,1587982,SMZ,SMZ,2026,2026,-2.0,number,daily,SMR,ticker token,single_stock,True,True,153.0,-2.011640463331534,0.9820446321780336,0.015970683853216035,-1.9925159286333296,-1.9975278054572365,-2.0424261898569465,-1.981216396941498,SMZ,2026-02-11,2026-09-23,869319.4981575012,ok
S000087466,T-REX 2X Long SMR Daily Target ETF,T-REX 2X LONG COIN DAILY TARGET ETF | T-REX 2X Long SMR Daily Target ETF,ETF Opportunities Trust,1771146,SMUP,COIU | SMUP,2025,2026,2.0,number,daily,SMR,ticker token,single_stock,True,True,289.0,1.985431789129436,0.995718218465361,0.008174826782135531,2.01707625058993,2.0074606312026493,1.9250309163943202,2.0189306667813973,SMUP,2025-07-28,2026-09-23,622947.9879379272,ok
S000093732,Tradr 2X Long SMR Daily ETF,Tradr 2X Long SMR Daily ETF,Investment Managers Series Trust II,1587982,SMU,SMU,2025,2026,2.0,number,daily,SMR,ticker token,single_stock,True,True,301.0,1.9822286260929316,0.9976892774599319,0.005936274993074489,1.9953908806790153,1.9989304714181981,1.9517265788876614,2.0020456990959854,SMU,2025-07-11,2026-09-23,10459526.396203041,ok
S000100925,Tradr 2X Long SNDK Daily ETF,Tradr 2X Long SNDK Daily ETF,Investment Managers Series Trust II,1587982,SNXX,SNXX,2026,2026,2.0,number,daily,SNDK,ticker token,single_stock,True,True,164.0,1.9829858006438137,0.998578875726765,0.005342332888083621,1.9923339899106762,1.9886088744964665,1.9655005776469672,1.9992181590782454,SNXX,2026-01-27,2026-09-23,1381732293.2785034,ok
S000101637,T-REX 2X LONG SNDK DAILY TARGET ETF,T-REX 2X LONG SNDK DAILY TARGET ETF,ETF Opportunities Trust,1771146,SNDU,SNDU,2026,2026,2.0,number,daily,SNDK,ticker token,single_stock,True,True,133.0,2.0030158738152006,0.9988892055556661,0.00478132901157195,1.991769492260486,2.0099533278407504,1.991769492260486,2.01248010877282,SNDU,2026-03-12,2026-09-23,196785389.17503357,ok
S000102159,Defiance Daily Target 2X Long SNDL ETF,Defiance Daily Target 2X Long SNDL ETF,Tidal Trust II,1924868,SNDY,SNDY,2026,2026,2.0,number,daily,SNDL,ticker token,single_stock,True,True,,,,,,,,,,,,,no_prices
S000087454,T-REX 2X INVERSE SNOW DAILY TARGET ETF,T-REX 2X INVERSE SNOW DAILY TARGET ETF,ETF Opportunities Trust,1771146,SNOD,SNOD,2025,2026,-2.0,number,daily,SNOW,ticker token,single_stock,True,True,,,,,,,,,,,,,no_prices
S000099413,Defiance Daily Target 2X Short SNOW ETF,Defiance Daily Target 2X Short SNOW ETF,Tidal Trust II,1924868,SSNO,SSNO,2026,2026,-2.0,number,daily,SNOW,ticker token,single_stock,True,True,,,,,,,,,,,,,no_prices
S000087479,T-REX 2X LONG SNOW DAILY TARGET ETF,T-REX 2X LONG SNOW DAILY TARGET ETF,ETF Opportunities Trust,1771146,SNOU,SNOU,2025,2026,2.0,number,daily,SNOW,ticker token,single_stock,True,True,354.0,2.0040920661024986,0.9917714874836109,0.006976376483677366,2.009833839092447,1.9569901172180109,1.9336993357313086,2.114438004340504,SNOU,2025-04-24,2026-09-23,3650219.556427002,ok
S000090918,GraniteShares 2x Long SNOW Daily ETF,GraniteShares 2x Long SNOW Daily ETF,GraniteShares ETF Trust,1689873,SNWL,SNWL,2025,2026,2.0,number,daily,SNOW,ticker token,single_stock,True,True,,,,,,,,,,,,,no_prices
S000096125,Tradr 2X Long SNPS Daily ETF,Tradr 2X Long SNPS Daily ETF,Investment Managers Series Trust II,1587982,SNPX,SNPX,2026,2026,2.0,number,daily,SNPS,ticker token,single_stock,True,True,,,,,,,,,,,,,no_prices
S000089804,Defiance Daily Target 2X Long SOFI ETF,Defiance Daily Target 2X Long SOFI ETF,Tidal Trust II,1924868,SOFX,SOFX,2025,2026,2.0,number,daily,SOFI,ticker token,single_stock,True,True,421.0,1.9925253128408063,0.9987211849040932,0.0025551661613540085,1.9981643740876152,1.9788924919110875,1.9747824806461576,2.015543832945103,SOFX,2025-01-16,2026-09-23,10129243.689537048,ok
S000092904,Direxion Daily SOFI Bull 2X ETF,Direxion Daily SOFI Bull 2X Shares | Direxion Daily SOFI Bull 2X ETF,Direxion Shares ETF Trust,1424958,SOFA,SOFA,2025,2026,2.0,number,daily,SOFI,ticker token,single_stock,True,True,153.0,1.9849410884607708,0.9975462026175193,0.003254641801877936,1.9916419026637833,1.9709005408134024,1.9670681165829076,1.998914083405489,SOFA,2026-02-11,2026-09-23,769459.9928855896,ok
S000091050,Defiance Daily Target 2X Long SOUN ETF,Defiance Daily Target 2X Long SOUN ETF,Tidal Trust II,1924868,SOUX,SOUX,2025,2026,2.0,number,daily,SOUN,ticker token,single_stock,True,True,313.0,1.9971437438503103,0.9974523805431863,0.0046717560280050315,1.9751211212210902,1.9866885720392327,1.9718425651926907,2.0458071507640407,SOUX,2025-06-24,2026-09-23,677862.478685379,ok
S000095467,T-REX 2X LONG SPOT DAILY TARGET ETF,T-REX 2X LONG SPOT DAILY TARGET ETF,ETF Opportunities Trust,1771146,SPOU,SPOU,2026,2026,2.0,number,daily,SPOT,ticker token,single_stock,True,True,,,,,,,,,,,,,no_prices
S000086146,Tradr 2X Short SPY Monthly ETF,Tradr 2X Short SPY Monthly ETF,Investment Managers Series Trust II,1587982,MSPY,MSPY,2024,2026,-2.0,number,monthly,SPY,ticker token,single_stock,True,True,,,,,,,,,,,,,no_prices
S000086147,Tradr 1.75X Short SPY Quarterly ETF,Tradr 2X Short SPY Quarterly ETF | Tradr 1.75X Short SPY Quarterly ETF,Investment Managers Series Trust II,1587982,QSPY,QSPY,2024,2025,-1.75,number,quarterly,SPY,ticker token,single_stock,False,True,,,,,,,,,,,,,no_prices
S000086148,Tradr 1X Short SPY Monthly ETF,Tradr 2X Short SPY Weekly ETF | Tradr 1X Short SPY Monthly ETF,Investment Managers Series Trust II,1587982,WSPY,WSPY,2024,2026,-1.0,number,monthly,SPY,ticker token,single_stock,True,True,,,,,,,,,,,,,no_prices
S000086117,Tradr 2X Long SPY Monthly ETF,Tradr 2X Long SPY Monthly ETF,Investment Managers Series Trust II,1587982,SPYM,SPYM,2024,2026,2.0,number,monthly,SPY,ticker token,single_stock,True,True,2191.0,1.000778553880892,0.9970168559112506,0.0006560540913919861,0.9497797485173575,0.990730211306628,0.919273957022214,1.0442015274882805,SPYM,2018-01-02,2026-09-23,848965619.9020386,MISMATCH
S000086119,Tradr 2X Long SPY Quarterly ETF,Tradr 2X Long SPY Quarterly ETF,Investment Managers Series Trust II,1587982,SPYQ,SPYQ,2024,2026,2.0,number,quarterly,SPY,ticker token,single_stock,True,True,494.0,1.9908367917681054,0.9898050640413085,0.0021018915537051237,1.9401949124106372,1.9168310732846465,1.721983064570372,2.09196872321073,SPYQ,2024-10-01,2026-09-23,133557.19833374023,ok
S000086120,Tradr 2X Long SPY Weekly ETF,Tradr 2X Long SPY Weekly ETF,Investment Managers Series Trust II,1587982,SPYB,SPYB,2024,2026,2.0,number,weekly,SPY,ticker token,single_stock,True,True,,,,,,,,,,,,,no_prices
S000096126,Tradr 2X Long SRPT Daily ETF,Tradr 2X Long SRPT Daily ETF,Investment Managers Series Trust II,1587982,SRPU,SRPU,2026,2026,2.0,number,daily,SRPT,ticker token,single_stock,True,True,,,,,,,,,,,,,no_prices
S000096445,T-REX 2X Long STUB Daily Target ETF,T-REX 2X Long STUB Daily Target ETF,ETF Opportunities Trust,1771146,SHUB,SHUB,2026,2026,2.0,number,daily,STUB,ticker token,single_stock,True,True,,,,,,,,,,,,,no_prices
S000100823,Tradr 2X Short TEM Daily ETF,Tradr 2X Short TEM Daily ETF,Investment Managers Series Trust II,1587982,TEMZ,TEMZ,2026,2026,-2.0,number,daily,TEM,ticker token,single_stock,True,True,,,,,,,,,,,,,no_prices
S000091899,Tradr 2X Long TEM Daily ETF,Tradr 2X Long TEM Daily ETF,Investment Managers Series Trust II,1587982,TEMT,TEMT,2025,2026,2.0,number,daily,TEM,ticker token,single_stock,True,True,341.0,1.9865754007970327,0.9983290674055317,0.0037378585246291675,1.981990578833949,1.997734227979407,1.9682057186853965,2.0042484372188194,TEMT,2025-05-13,2026-09-23,3728533.4272384644,ok
S000093885,T-REX 2X LONG TEM DAILY TARGET ETF,T-REX 2X LONG TEM DAILY TARGET ETF,ETF Opportunities Trust,1771146,TEMM,TEMM,2025,2026,2.0,number,daily,TEM,ticker token,single_stock,True,True,,,,,,,,,,,,,no_prices
S000102160,Defiance Daily Target 2X Long TLRY ETF,Defiance Daily Target 2X Long TLRY ETF,Tidal Trust II,1924868,TRL,TRL,2026,2026,2.0,number,daily,TLRY,ticker token,single_stock,True,True,,,,,,,,,,,,,no_prices
S000100048,T-REX 2X LONG TMQ DAILY TARGET ETF,T-REX 2X LONG TMQ DAILY TARGET ETF,ETF Opportunities Trust,1771146,TMQU,TMQU,2026,2026,2.0,number,daily,TMQ,ticker token,single_stock,True,True,,,,,,,,,,,,,no_prices
S000099277,Tradr 3X Short TSLA Daily ETF,Tradr 3X Short TSLA Daily ETF,Investment Managers Series Trust II,1587982,TSLN,TSLN,2026,2026,-3.0,number,daily,TSLA,ticker token,single_stock,True,True,,,,,,,,,,,,,no_prices
S000076096,Tradr 2X Short TSLA Daily ETF,AXS 2X TSLA Bear Daily ETF | AXS TSLA Bear Daily ETF | Tradr TSLA Bear Daily ETF | Tradr 2X Short TSLA Daily ETF,Investment Managers Series Trust II,1587982,TSLQ,TSLQ,2022,2026,-2.0,number,daily,TSLA,ticker token,single_stock,True,True,1051.0,-1.5550959581474333,0.9070298921941009,0.018310686012718867,-0.9988605429805896,-2.000645029462679,-2.0152425807363046,-0.9916510893240478,TSLQ,2022-07-14,2026-09-23,108033216.91045761,MISMATCH+beta_varies
S000080898,T-REX 2X INVERSE TESLA DAILY TARGET ETF,T-REX 2X INVERSE TESLA DAILY TARGET ETF,ETF Opportunities Trust,1771146,TSLZ,TSLZ,2023,2026,-2.0,number,daily,TSLA,company name,single_stock,True,True,732.0,-1.992321808601984,0.9983160505368676,0.003004537906364776,-1.9997892364773329,-2.008438883232345,-2.0142900240119643,-1.8966819280155867,TSLZ,2023-10-19,2026-09-23,26736269.692993164,ok
S000081144,GraniteShares 2x Short TSLA Daily ETF,GraniteShares 1.5x Short TSLA Daily ETF | GraniteShares 2x Short TSLA Daily ETF,GraniteShares ETF Trust,1689873,TSDD,TSDD,2023,2026,-2.0,number,daily,TSLA,ticker token,single_stock,True,True,769.0,-1.9581889913915862,0.9941604263658436,0.005497594852177713,-1.5212285478286736,-2.0092532652841455,-2.0317740074481097,-1.4942488158001013,TSDD,2023-08-28,2026-09-23,73631739.73855972,ok+beta_varies
S000086150,Tradr 1.5X Short TSLA Monthly ETF,Tradr 2X Short TSLA Monthly ETF | Tradr 1.5X Short TSLA Monthly ETF,Investment Managers Series Trust II,1587982,TSLF,TSLF,2024,2025,-1.5,number,monthly,TSLA,ticker token,single_stock,False,True,,,,,,,,,,,,,no_prices
S000086152,Tradr 1.5X Short TSLA Weekly ETF,Tradr 2X Short TSLA Weekly ETF | Tradr 1.5X Short TSLA Weekly ETF,Investment Managers Series Trust II,1587982,WTSL,WTSL,2024,2025,-1.5,number,weekly,TSLA,ticker token,single_stock,False,True,,,,,,,,,,,,,no_prices
S000071019,Direxion Daily TSLA Bear 1X ETF,Direxion Daily TSLA Bear 1X Shares | Direxion Daily TSLA Bear 1X ETF,Direxion Shares ETF Trust,1424958,TSLS,TSLS,2022,2026,-1.0,number,daily,TSLA,ticker token,single_stock,True,True,1032.0,-1.001378997635024,0.999053476572927,0.0010949170030435564,-0.9933015762979676,-1.0039952824699698,-1.0318705799085874,-0.9886965610083435,TSLS,2022-08-10,2026-09-23,18869695.152282715,ok
S000076339,GraniteShares 1x Short TSLA Daily ETF,GraniteShares 1x Short Tesla Daily ETF | GraniteShares 1x Short TSLA Daily ETF,GraniteShares ETF Trust,1689873,TSS,TSLI | TSS,2022,2026,-1.0,number,daily,TSLA,ticker token,single_stock,True,True,259.0,1.9858241627948852,0.9978246902547498,0.00269216320893968,1.9654309144052513,2.0057818969170373,1.958553688659318,2.010081801310219,TSLI,2025-09-10,2026-09-23,346037.49895095825,MISMATCH
S000076347,GraniteShares 1.25x Long TSLA Daily ETF,GraniteShares 2x Long Tesla Daily ETF | GraniteShares 1.25x Long TSLA Daily ETF,GraniteShares ETF Trust,1689873,TSL,TSL,2022,2026,1.25,number,daily,TSLA,ticker token,single_stock,True,True,1033.0,1.2474319084402585,0.9989889018120952,0.0014446072841373878,1.2514573770930937,1.2548783766711276,1.2317496399349688,1.264096686765371,TSL,2022-08-09,2026-09-23,6517722.388839722,ok
S000086124,Tradr 1.5X Long TSLA Monthly ETF,Tradr 2X Long TSLA Monthly ETF | Tradr 1.5X Long TSLA Monthly ETF,Investment Managers Series Trust II,1587982,TSLM,TSLM,2024,2025,1.5,number,monthly,TSLA,ticker token,single_stock,False,True,,,,,,,,,,,,,no_prices
S000086125,Tradr 1.5X Long TSLA Quarterly ETF,Tradr 2X Long TSLA Quarterly ETF | Tradr 1.5X Long TSLA Quarterly ETF,Investment Managers Series Trust II,1587982,QTSL,QTSL,2024,2025,1.5,number,quarterly,TSLA,ticker token,single_stock,False,True,,,,,,,,,,,,,no_prices
S000086126,Tradr 1.5X Long TSLA Weekly ETF,Tradr 2X Long TSLA Weekly ETF | Tradr 1.5X Long TSLA Weekly ETF,Investment Managers Series Trust II,1587982,TSLW,TSLW,2024,2026,1.5,number,weekly,TSLA,ticker token,single_stock,True,True,399.0,1.1984236103504706,0.9956587253799951,0.0028354638451535703,1.198817868179482,1.2029409148862482,1.1798451293729528,1.2142794629591522,TSLW,2025-02-19,2026-09-23,1231198.0059623718,MISMATCH
S000072483,Direxion Daily TSLA Bull 2X ETF,Direxion Daily TSLA Bull 2X Shares | Direxion Daily TSLA Bull 1.5X Shares | Direxion Daily TSLA Bull 2X ETF,Direxion Shares ETF Trust,1424958,TSLL,TSLL,2022,2026,2.0,number,daily,TSLA,ticker token,single_stock,True,True,1033.0,1.8184260929670664,0.9830212686100432,0.00878758602577368,1.496768585296649,1.9972701217498947,1.4916728979077796,2.0037659003483697,TSLL,2022-08-09,2026-09-23,699438082.4823141,ok+beta_varies
S000080900,T-REX 2X LONG TESLA DAILY TARGET ETF,T-REX 2X LONG TESLA DAILY TARGET ETF,ETF Opportunities Trust,1771146,TSLT,TSLT,2023,2026,2.0,number,daily,TSLA,company name,single_stock,True,True,732.0,1.9925701602423491,0.9991511534780708,0.0020406721417912973,1.9829632475245254,2.0095469616523545,1.9689337155708286,2.0095469616523545,TSLT,2023-10-19,2026-09-23,31637494.458961487,ok
S000081146,GraniteShares 2x Long TSLA Daily ETF,GraniteShares 1.75x Long TSLA Daily ETF | GraniteShares 2x Long TSLA Daily ETF,GraniteShares ETF Trust,1689873,TSLR,TSLR,2023,2026,2.0,number,daily,TSLA,ticker token,single_stock,True,True,769.0,1.978108969145362,0.9978946345825414,0.003306501717667955,1.7168037803021567,2.008267524413146,1.7153740838478184,2.02416153093968,TSLR,2023-08-28,2026-09-23,20920450.68502426,ok
S000086635,Leverage Shares 2X Long TSLA Daily ETF,Leverage Shares 2X Long TSLA Daily ETF,Themes ETF Trust,1976322,TSLG,TSLG,2025,2026,2.0,number,daily,TSLA,ticker token,single_stock,True,True,442.0,1.9946497526282436,0.9988877904287341,0.002350596073515394,1.9896003595104264,2.007445711526786,1.9807512929289537,2.015063646324613,TSLG,2024-12-13,2026-09-23,190819786.54174805,ok
S000094859,ProShares Ultra TSLA,ProShares Ultra TSLA,PROSHARES TRUST,1174610,TSLI,TSLI,2026,2026,2.0,proshares ultra,daily,TSLA,ticker token,single_stock,True,True,259.0,1.9858241627948852,0.9978246902547498,0.00269216320893968,1.9654309144052513,2.0057818969170373,1.958553688659318,2.010081801310219,TSLI,2025-09-10,2026-09-23,346037.49895095825,ok
S000099658,Tradr 3X Long TSLA Daily ETF,Tradr 3X Long TSLA Daily ETF,Investment Managers Series Trust II,1587982,TSLU,TSLU,2026,2026,3.0,number,daily,TSLA,ticker token,single_stock,True,True,,,,,,,,,,,,,no_prices
S000087458,T-REX 2X INVERSE TSM DAILY TARGET ETF,T-REX 2X INVERSE TSM DAILY TARGET ETF,ETF Opportunities Trust,1771146,TSMD,TSMD,2025,2026,-2.0,number,daily,TSM,ticker token,single_stock,True,True,,,,,,,,,,,,,no_prices
S000088311,GraniteShares 2x Short TSM Daily ETF,GraniteShares 2x Short TSM Daily ETF,GraniteShares ETF Trust,1689873,TSMS,TSMS,2025,2026,-2.0,number,daily,TSM,ticker token,single_stock,True,True,,,,,,,,,,,,,no_prices
S000096887,Defiance Daily Target 2X Short TSM ETF,Defiance Daily Target 2X Short TSM ETF,Tidal Trust II,1924868,STSM,STSM,2026,2026,-2.0,number,daily,TSM,ticker token,single_stock,True,True,210.0,-1.985071019115181,0.9949787974554137,0.003614328093342895,-1.9973206164901323,-2.0182153988286955,-2.018710012321886,-1.9428980724030676,STSM,2025-11-18,2026-09-23,180916.95165634155,ok
S000088057,Direxion Daily TSM Bear 1X ETF,Direxion Daily TSM Bear 1X Shares | Direxion Daily TSM Bear 1X ETF,Direxion Shares ETF Trust,1424958,TSMZ,TSMZ,2025,2026,-1.0,number,daily,TSM,ticker token,single_stock,True,True,491.0,-0.9930389058849576,0.9955966057988597,0.0016994256953749576,-0.9725912714080254,-0.9935856645397552,-1.0141922323497738,-0.9654171134727345,TSMZ,2024-10-03,2026-09-21,605891.762137413,ok
S000086636,Leverage Shares 2X Long TSM Daily ETF,Leverage Shares 2X Long TSM Daily ETF,Themes ETF Trust,1976322,TSMG,TSMG,2025,2026,2.0,number,daily,TSM,ticker token,single_stock,True,True,423.0,1.9930709231426813,0.9946514024650528,0.003791233601847909,1.9620738256377148,2.02590183762152,1.9197118784779645,2.0433468411940425,TSMG,2025-01-14,2026-09-23,2458869.556427002,ok
S000087482,T-REX 2X LONG TSM DAILY TARGET ETF,T-REX 2X LONG TSM DAILY TARGET ETF,ETF Opportunities Trust,1771146,TSMU,TSMU,2025,2026,2.0,number,daily,TSM,ticker token,single_stock,True,True,464.0,1.9903394370827845,0.996470498687481,0.0030067556548804154,1.981071065006197,2.001992569517131,1.9672015645671894,2.0291469459313043,TSMU,2024-11-12,2026-09-23,3544716.0526275635,ok
S000088056,Direxion Daily TSM Bull 2X ETF,Direxion Daily TSM Bull 2X Shares | Direxion Daily TSM Bull 2X ETF,Direxion Shares ETF Trust,1424958,TSMX,TSMX,2025,2026,2.0,number,daily,TSM,ticker token,single_stock,True,True,492.0,1.994073055443903,0.9981098051371045,0.0022074904532349126,1.9812162025554996,1.9846918516537277,1.966412910824385,2.0223539811667828,TSMX,2024-10-03,2026-09-23,45946454.95376587,ok
S000088295,GraniteShares 2x Long TSM Daily ETF,GraniteShares 2x Long TSM Daily ETF,GraniteShares ETF Trust,1689873,TSMU,TSMU,2025,2026,2.0,number,daily,TSM,ticker token,single_stock,True,True,464.0,1.9903394370827845,0.996470498687481,0.0030067556548804154,1.981071065006197,2.001992569517131,1.9672015645671894,2.0291469459313043,TSMU,2024-11-12,2026-09-23,3544716.0526275635,ok
S000089272,KraneShares 2x Long TSM Daily ETF,KraneShares 2x Long TSM Daily ETF,Krane Shares Trust,1547576,KTSM,KTSM,2025,2026,2.0,number,daily,TSM,ticker token,single_stock,True,True,,,,,,,,,,,,,no_prices
S000093886,T-REX 2X LONG TTD DAILY TARGET ETF,T-REX 2X LONG TTD DAILY TARGET ETF,ETF Opportunities Trust,1771146,TTDU,TTDU,2025,2026,2.0,number,daily,TTD,ticker token,single_stock,True,True,253.0,1.9987776829663397,0.9932073436216305,0.005776826257328748,2.0111956323915106,1.9952935920604764,1.974289776247491,2.0388554855602896,TTDU,2025-09-17,2026-09-23,2534445.537776947,ok
S000076349,GraniteShares 1.25x Long TWTR Daily ETF,GraniteShares 2x Long Twitter Daily ETF | GraniteShares 1.25x Long TWTR Daily ETF,GraniteShares ETF Trust,1689873,TWTL,TWTL,2022,2026,1.25,number,daily,TWTR,ticker token,single_stock,True,True,,,,,,,,,,,,,no_prices
S000094266,Direxion Daily TXN Bull 2X ETF,Direxion Daily TXN Bull 2X ETF,Direxion Shares ETF Trust,1424958,TXNU,TXNU,2025,2026,2.0,number,daily,TXN,ticker token,single_stock,True,True,124.0,1.9849815271905333,0.9960344285870163,0.003943971590963749,1.9775546722224489,1.9882439194769588,1.9763782659585227,2.000637272568632,TXNU,2026-03-25,2026-09-23,473673.0089187622,ok
S000095061,Tradr 2X Long U Daily ETF,Tradr 2X Long U Daily ETF,Investment Managers Series Trust II,1587982,UNX,UNX,2026,2026,2.0,number,daily,U,ticker token,single_stock,True,True,254.0,2.0181693394264806,0.995414246726495,0.0061826941472432,2.036345419310561,2.0042192787782542,1.9385451131148852,2.058419406285406,UNX,2025-09-16,2026-09-23,121110.84976196289,ok
S000076351,GraniteShares 2x Long UBER Daily ETF,GraniteShares 2x Long Uber Daily ETF | GraniteShares 1.5x Long UBER Daily ETF | GraniteShares 2x Long UBER Daily ETF,GraniteShares ETF Trust,1689873,UBRL,UBRL,2022,2026,2.0,number,daily,UBER,ticker token,single_stock,True,True,513.0,1.9943133042578995,0.9974737537326505,0.0023915608794942813,2.009485655315769,1.987128711768918,1.9573565717351915,2.0240359282403086,UBRL,2024-09-04,2026-09-23,2582616.0501480103,ok
S000085493,Leverage Shares 2X Long UNH Daily ETF,Themes Waste & Recycling ETF | Leverage Shares 2X Long UNH Daily ETF,Themes ETF Trust,1976322,UNHG,USED | UNHG,2024,2026,2.0,number,daily,UNH,ticker token,single_stock,True,True,294.0,1.9941055126510148,0.9976676562282718,0.002215742203185857,2.0095141112852226,2.0205586586572917,1.967396519841044,2.0205586586572917,UNHG,2025-07-22,2026-09-23,10530859.20534134,ok
S000094271,Direxion Daily UNH Bull 2X ETF,Direxion Daily UNH Bull 2X ETF,Direxion Shares ETF Trust,1424958,UNHU,UNHU,2025,2026,2.0,number,daily,UNH,ticker token,single_stock,True,True,123.0,1.9630792810140116,0.9909894512832249,0.003451979270045965,1.9467763588605065,1.9896842817782499,1.9303613770161385,2.012377214703161,UNHU,2026-03-25,2026-09-23,99596.99745178223,ok
S000099414,Defiance Daily Target 2X Short UPST ETF,Defiance Daily Target 2X Short UPST ETF,Tidal Trust II,1924868,SUPS,SUPS,2026,2026,-2.0,number,daily,UPST,ticker token,single_stock,True,True,,,,,,,,,,,,,no_prices
S000100824,Tradr 2X Short UPST Daily ETF,Tradr 2X Short UPST Daily ETF,Investment Managers Series Trust II,1587982,UPSZ,UPSZ,2026,2026,-2.0,number,daily,UPST,ticker token,single_stock,True,True,,,,,,,,,,,,,no_prices
S000091892,Tradr 2X Long UPST Daily ETF,Tradr 2X Long UPST Daily ETF,Investment Managers Series Trust II,1587982,UPSX,UPSX,2025,2026,2.0,number,daily,UPST,ticker token,single_stock,True,True,322.0,1.988821048608701,0.9974613212706872,0.004171164563352961,1.992980801806302,1.9799219080348884,1.9705892872207234,2.003258526277464,UPSX,2025-06-10,2026-09-23,742154.5074462891,ok
S000093887,T-REX 2X LONG UPST DAILY TARGET ETF,T-REX 2X LONG UPST DAILY TARGET ETF,ETF Opportunities Trust,1771146,UPUP,UPUP,2025,2026,2.0,number,daily,UPST,ticker token,single_stock,True,True,,,,,,,,,,,,,no_prices
S000093888,T-REX 2X LONG UPXI DAILY TARGET ETF,T-REX 2X LONG UPXI DAILY TARGET ETF,ETF Opportunities Trust,1771146,PXIU,PXIU,2025,2026,2.0,number,daily,UPXI,ticker token,single_stock,True,True,,,,,,,,,,,,,no_prices
S000100586,Tradr 2X Long USAR Daily ETF,Tradr 2X Long USAR Daily ETF,Investment Managers Series Trust II,1587982,USAX,USAX,2026,2026,2.0,number,daily,USAR,ticker token,single_stock,True,True,172.0,1.9853970316635379,0.9979664464119866,0.005731829671298656,1.9842998149853648,1.9903606447715751,1.965479169763964,2.0038606581132847,USAX,2026-01-13,2026-09-23,1053792.0040130615,ok
S000100407,Tradr 2X Long USDE Daily ETF,Tradr 2X Long USDE Daily ETF,Investment Managers Series Trust II,1587982,USXX,USXX,2026,2026,2.0,number,daily,USDE,ticker token,single_stock,True,True,,,,,,,,,,,,,no_prices
S000100926,Tradr 2X Long UUUU Daily ETF,Tradr 2X Long UUUU Daily ETF,Investment Managers Series Trust II,1587982,UUUX,UUUX,2026,2026,2.0,number,daily,UUUU,ticker token,single_stock,True,True,,,,,,,,,,,,,no_prices
S000104917,Defiance Daily Target 2X Long VAVX ETF,Defiance Daily Target 2X Long VAVX ETF,Tidal Trust II,1924868,VAVL,VAVL,2026,2026,2.0,number,daily,VAVX,ticker token,single_stock,True,True,,,,,,,,,,,,,no_prices
S000104018,Defiance Daily Target 2X Long VELO ETF,Defiance Daily Target 2X Long VELO ETF,Tidal Trust II,1924868,VELL,VELL,2026,2026,2.0,number,daily,VELO,ticker token,single_stock,True,True,74.0,1.984718951373698,0.9962357963145986,0.010917015125748098,1.9849790227013042,1.9733804886292483,1.9733804886292483,1.9868117509812424,VELL,2026-06-05,2026-09-23,245697.50207662582,ok
S000095063,Tradr 2X Long VOYG Daily ETF,Tradr 2X Long VOYG Daily ETF,Investment Managers Series Trust II,1587982,VOYX,VOYX,2026,2026,2.0,number,daily,VOYG,ticker token,single_stock,True,True,,,,,,,,,,,,,no_prices
S000090909,GraniteShares 2x Long VRT Daily ETF,GraniteShares 2x Long VRT Daily ETF,GraniteShares ETF Trust,1689873,VRTL,VRTL,2025,2026,2.0,number,daily,VRT,ticker token,single_stock,True,True,375.0,1.9889776969444182,0.996136950176234,0.005036502998778141,1.978926994898907,2.002133309511244,1.9028040258232135,2.0245530348723197,VRTL,2025-03-25,2026-09-23,4570731.943321228,ok
S000100089,Defiance Daily Target 2X Long VRTX ETF,Defiance Daily Target 2X Long VRTX ETF,Tidal Trust II,1924868,LVRT,LVRT,2026,2026,2.0,number,daily,VRTX,ticker token,single_stock,True,True,,,,,,,,,,,,,no_prices
S000091051,Defiance Daily Target 2X Long VST ETF,Defiance Daily Target 2X Long VST ETF,Tidal Trust II,1924868,VSTL,VSTY | VSTL,2025,2026,2.0,number,daily,VST,ticker token,single_stock,True,True,294.0,1.9780999118283271,0.9971852991376494,0.003077026201667872,1.9632504447408403,1.9779576721236383,1.9632504447408403,1.993761937850202,VSTL,2025-07-22,2026-09-23,1576147.992324829,ok
S000102151,Defiance Daily Target 2X Long WBD ETF,Defiance Daily Target 2X Long WBD ETF,Tidal Trust II,1924868,WBDL,WBDL,2026,2026,2.0,number,daily,WBD,ticker token,single_stock,True,True,,,,,,,,,,,,,no_prices
S000100587,Tradr 2X Long WDC Daily ETF,Tradr 2X Long WDC Daily ETF,Investment Managers Series Trust II,1587982,WDCX,WDCX,2026,2026,2.0,number,daily,WDC,ticker token,single_stock,True,True,164.0,2.0206570802565174,0.9981793540321127,0.004556732054912649,2.0403539476766177,2.003924242186945,2.0038314857741577,2.0403539476766177,WDCX,2026-01-27,2026-09-23,34331466.704559326,ok
S000076098,AXS 1.25X WFC Bear Daily ETF,AXS 2X WFC Bear Daily ETF | AXS 1.25X WFC Bear Daily ETF,Investment Managers Series Trust II,1587982,WFCS,WFCS,2022,2023,-1.25,number,daily,WFC,ticker token,single_stock,False,True,,,,,,,,,,,,,no_prices
S000076099,AXS 1.25X WFC Bull Daily ETF,AXS 2X WFC Bull Daily ETF | AXS 1.25X WFC Bull Daily ETF,Investment Managers Series Trust II,1587982,WFCT,WFCT,2022,2023,1.25,number,daily,WFC,ticker token,single_stock,False,True,,,,,,,,,,,,,no_prices
S000093889,T-REX 2X LONG WGS DAILY TARGET ETF,T-REX 2X LONG WGS DAILY TARGET ETF,ETF Opportunities Trust,1771146,WGSU,WGSU,2025,2026,2.0,number,daily,WGS,ticker token,single_stock,True,True,,,,,,,,,,,,,no_prices
S000100080,Defiance Daily Target 2X Long WING ETF,Defiance Daily Target 2X Long WING ETF,Tidal Trust II,1924868,WINL,WINL,2026,2026,2.0,number,daily,WING,ticker token,single_stock,True,True,,,,,,,,,,,,,no_prices
S000100826,Tradr 2X Short WULF Daily ETF,Tradr 2X Short WULF Daily ETF,Investment Managers Series Trust II,1587982,WULZ,WULZ,2026,2026,-2.0,number,daily,WULF,ticker token,single_stock,True,True,,,,,,,,,,,,,no_prices
S000096128,Tradr 2X Long WULF Daily ETF,Tradr 2X Long WULF Daily ETF,Investment Managers Series Trust II,1587982,WULX,WULX,2026,2026,2.0,number,daily,WULF,ticker token,single_stock,True,True,228.0,1.9806783403332389,0.9946315733676835,0.00858849542038319,1.993170302364781,1.9723098301870345,1.9505670909461772,2.007267878991907,WULX,2025-10-23,2026-09-23,5586978.503227234,ok
S000100927,Tradr 2X Long WYFI Daily ETF,Tradr 2X Long WYFI Daily ETF,Investment Managers Series Trust II,1587982,WYFX,WYFX,2026,2026,2.0,number,daily,WYFI,ticker token,single_stock,True,True,,,,,,,,,,,,,no_prices
S000103269,Defiance Daily Target 2X Long WYFI ETF,Defiance Daily Target 2X Long WYFI ETF,Tidal Trust II,1924868,WYFL,WYFL,2026,2026,2.0,number,daily,WYFI,ticker token,single_stock,True,True,75.0,2.002908109194831,0.996749308235371,0.009781538224627767,2.0042663660783124,1.9962884152115545,1.9939633722835814,2.0125728755069243,WYFL,2026-06-04,2026-09-23,1569671.9792604446,ok
S000100946,Tradr 2X Long XNDU Daily ETF,Tradr 2X Long XNDU Daily ETF,Investment Managers Series Trust II,1587982,XNDX,XNDX,2026,2026,2.0,number,daily,XNDU,ticker token,single_stock,True,True,93.0,1.9614449802817089,0.9967653202412499,0.006513955052215358,1.9665032696606952,1.954131611776921,1.9484926824620967,1.9708602765260708,XNDX,2026-05-07,2026-09-23,548148.0069637299,ok
S000081145,GraniteShares 2x Short XOM Daily ETF,GraniteShares 1.5x Short XOM Daily ETF | GraniteShares 2x Short XOM Daily ETF,GraniteShares ETF Trust,1689873,XMII,XOMD | XMII,2023,2026,-2.0,number,daily,XOM,ticker token,single_stock,True,True,,,,,,,,,,,,,no_prices
S000077595,Kurv ExxonMobil (XOM) 1.5x Short Daily ETF,Kurv ExxonMobil (XOM) 1.5x Short Daily ETF,NEOS ETF Trust,1848758,SXOM,SXOM,2023,2024,-1.5,number,daily,XOM,ticker token,single_stock,False,True,,,,,,,,,,,,,no_prices
S000081161,GraniteShares 1x Short XOM Daily ETF,GraniteShares 1x Short XOM Daily ETF,GraniteShares ETF Trust,1689873,XMI,XMI,2023,2026,-1.0,number,daily,XOM,ticker token,single_stock,True,True,,,,,,,,,,,,,no_prices
S000090374,Direxion Daily XOM Bear 1X ETF,Direxion Daily XOM Bear 1X Shares | Direxion Daily XOM Bear 1X ETF,Direxion Shares ETF Trust,1424958,XOMZ,XOMZ,2025,2026,-1.0,number,daily,XOM,ticker token,single_stock,True,True,,,,,,,,,,,,,no_prices
S000077594,Kurv ExxonMobil (XOM) 1.5x Long Daily ETF,Kurv ExxonMobil (XOM) 1.5x Long Daily ETF,NEOS ETF Trust,1848758,LXOM,LXOM,2023,2024,1.5,number,daily,XOM,ticker token,single_stock,False,True,,,,,,,,,,,,,no_prices
S000081166,GraniteShares 2x Long XOM Daily ETF,GraniteShares 1.5x Long XOM Daily ETF | GraniteShares 2x Long XOM Daily ETF,GraniteShares ETF Trust,1689873,XML,XOML | XML,2023,2026,2.0,number,daily,XOM,ticker token,single_stock,True,True,,,,,,,,,,,,,no_prices
S000090373,Direxion Daily XOM Bull 2X ETF,Direxion Daily XOM Bull 2X Shares | Direxion Daily XOM Bull 2X ETF,Direxion Shares ETF Trust,1424958,XOMX,XOMX,2025,2026,2.0,number,daily,XOM,ticker token,single_stock,True,True,355.0,1.9886097393789235,0.9892541152109655,0.0031832575046483263,1.9523006587927154,1.989248631241839,1.878198698929995,2.0526377715035085,XOMX,2025-04-23,2026-09-23,836244.6231842041,ok
S000087462,T-REX 2X Long XXI Daily Target ETF,T-REX 2X LONG AMD DAILY TARGET ETF | T-REX 2X Long XXI Daily Target ETF,ETF Opportunities Trust,1771146,XXIU,AMDU | XXIU,2025,2026,2.0,number,daily,XXI,ticker token,single_stock,True,True,,,,,,,,,,,,,no_prices
S000087455,T-REX 2X INVERSE XYZ DAILY TARGET ETF,T-REX 2X INVERSE SQ DAILY TARGET ETF | T-REX 2X INVERSE XYZ DAILY TARGET ETF,ETF Opportunities Trust,1771146,SQD,SQD,2025,2026,-2.0,number,daily,XYZ,ticker token,single_stock,True,True,,,,,,,,,,,,,no_prices
S000087480,T-REX 2X LONG XYZ DAILY TARGET ETF,T-REX 2X LONG SQ DAILY TARGET ETF | T-REX 2X LONG XYZ DAILY TARGET ETF,ETF Opportunities Trust,1771146,SQU,SQU,2025,2026,2.0,number,daily,XYZ,ticker token,single_stock,True,True,,,,,,,,,,,,,no_prices
S000090908,GraniteShares 2x Long XYZ Daily ETF,GraniteShares 2x Long XYZ Daily ETF,GraniteShares ETF Trust,1689873,XYZL,XYZL,2025,2026,2.0,number,daily,XYZ,ticker token,single_stock,True,True,,,,,,,,,,,,,no_prices
S000091231,Leverage Shares 2X Long XYZ Daily ETF,Leverage Shares 2X Long XYZ Daily ETF,Themes ETF Trust,1976322,XYZG,XYZG,2025,2026,2.0,number,daily,XYZ,ticker token,single_stock,True,True,366.0,1.9911651117816958,0.9970820428931008,0.003315883892034916,2.00731362296036,1.9690345646330811,1.9316599496616274,2.0185281575219074,XYZG,2025-04-04,2026-09-21,122272.39799499512,ok
S000095541,Defiance Daily Target 2X Long ZETA ETF,Defiance Daily Target 2X Long ZETA ETF,Tidal Trust II,1924868,ZETX,ZETX,2026,2026,2.0,number,daily,ZETA,ticker token,single_stock,True,True,4.0,,,,,,,,ZETX,2026-07-17,2026-09-04,0.0,no_prices
S000100081,Defiance Daily Target 2X Long ZIM ETF,Defiance Daily Target 2X Long ZIM ETF,Tidal Trust II,1924868,ZIML,ZIML,2026,2026,2.0,number,daily,ZIM,ticker token,single_stock,True,True,,,,,,,,,,,,,no_prices
S000091900,Tradr 2X Long ZS Daily ETF,Tradr 2X Long ZS Daily ETF,Investment Managers Series Trust II,1587982,ZSX,ZSX,2025,2026,2.0,number,daily,ZS,ticker token,single_stock,True,True,,,,,,,,,,,,,no_prices
