series_id,series_name,trust,reject_reason,leverage,reset,underlying_token
S000000094,BNY Mellon Short Term Municipal Bond Fund,BNY MELLON SHORT TERM MUNICIPAL BOND FUND,product_type,,unknown,BNY Mellon Term Municipal Bond
S000000097,BNY Mellon Ultra Short Income Fund,BNY MELLON ULTRA SHORT INCOME FUND,product_type,-2.0,unknown,BNY Mellon Income
S000000252,Invesco Short Duration Inflation Protected Fund,AIM INVESTMENT SECURITIES FUNDS (INVESCO INVESTMENT SECURITIES FUNDS),product_type,,unknown,Duration Inflation Protected
S000000256,Invesco Short Term Bond Fund,AIM INVESTMENT SECURITIES FUNDS (INVESCO INVESTMENT SECURITIES FUNDS),product_type,,unknown,Term Bond
S000000297,BNY Mellon Short Term Income Fund,"BNY Mellon Investment Funds VII, Inc.",product_type,,unknown,BNY Mellon Term Income
S000000366,BNY Mellon National Short-Term Municipal Bond Fund,BNY MELLON FUNDS TRUST,product_type,,unknown,BNY Mellon National Short-Term Municipal Bond
S000000368,BNY Mellon Short-Term U.S. Government Securities Fund,BNY MELLON FUNDS TRUST,product_type,,unknown,BNY Mellon Short-Term U.S. Government Securities
S000000757,Baird Short-Term Bond Fund,BAIRD FUNDS INC,product_type,,unknown,Baird Short-Term Bond
S000000849,Leuthold Grizzly Short Fund,LEUTHOLD FUNDS INC,product_type,,unknown,Leuthold Grizzly
S000000859,Perritt Ultra MicroCap Fund,PERRITT FUNDS INC,product_type,2.0,unknown,Perritt MicroCap
S000000879,Wasatch Ultra Growth Fund,WASATCH FUNDS TRUST,product_type,2.0,unknown,Wasatch Growth
S000000954,Dimensional VA Short-Term Fixed Portfolio,DFA INVESTMENT DIMENSIONS GROUP INC,product_type,,unknown,Dimensional VA Short-Term Fixed Portfolio
S000000973,DFA SHORT-TERM MUNICIPAL BOND PORTFOLIO,DFA INVESTMENT DIMENSIONS GROUP INC,product_type,,unknown,DFA SHORT-TERM MUNICIPAL BOND PORTFOLIO
S000000984,DFA SHORT-TERM GOVERNMENT PORTFOLIO,DFA INVESTMENT DIMENSIONS GROUP INC,product_type,,unknown,DFA SHORT-TERM GOVERNMENT PORTFOLIO
S000001108,Boston Partners Long/Short Equity Fund,"RBB FUND, INC.",product_type,,unknown,Boston Partners Long/Short Equity
S000001151,TCW METWEST ULTRA SHORT BOND FUND,TCW Metropolitan West Funds,product_type,-2.0,unknown,TCW METWEST BOND
S000001367,THRIVENT SHORT-TERM BOND FUND,THRIVENT MUTUAL FUNDS,product_type,,unknown,THRIVENT SHORT-TERM BOND
S000001437,THRIVENT SHORT-TERM BOND PORTFOLIO,THRIVENT SERIES FUND INC,product_type,,unknown,THRIVENT SHORT-TERM BOND PORTFOLIO
S000001471,BATS: Short Duration Taxable Total Return Series,BLACKROCK ALLOCATION TARGET SHARES,product_type,,unknown,BATS: Duration Taxable Total Return Series
S000001601,Short Duration Bond Fund,RUSSELL INVESTMENT CO,product_type,,unknown,Duration Bond
S000001905,PF Short Duration Bond Fund,PACIFIC FUNDS SERIES TRUST,product_type,,unknown,PF Duration Bond
S000002141,"T. Rowe Price Short-Term Bond Fund, Inc.","T. Rowe Price Short-Term Bond Fund, Inc.",product_type,,unknown,T. Rowe Price Short-Term Bond
S000002147,T. Rowe Price Maryland Short-Term Tax-Free Bond Fund,"T. Rowe Price State Tax-Free Funds, Inc.",product_type,,unknown,T. Rowe Price Maryland Short-Term Tax-Free Bond
S000002165,"T. Rowe Price Tax-Free Short-Intermediate Fund, Inc.","T. Rowe Price Tax-Free Short-Intermediate Fund, Inc.",product_type,,unknown,T. Rowe Price Tax-Free Short-Intermediate
S000002335,BlackRock Short Duration Muni Fund,"BLACKROCK MUNICIPAL BOND FUND, INC.",product_type,,unknown,BlackRock Duration Muni
S000002563,VANGUARD SHORT-TERM BOND INDEX FUND,VANGUARD BOND INDEX FUNDS,product_type,,unknown,VANGUARD SHORT-TERM BOND INDEX
S000002583,VANGUARD SHORT-TERM TREASURY FUND,VANGUARD FIXED INCOME SECURITIES FUNDS,product_type,,unknown,VANGUARD SHORT-TERM TREASURY
S000002590,VANGUARD SHORT-TERM FEDERAL FUND,VANGUARD FIXED INCOME SECURITIES FUNDS,product_type,,unknown,VANGUARD SHORT-TERM FEDERAL
S000002591,VANGUARD SHORT-TERM INVESTMENT-GRADE FUND,VANGUARD FIXED INCOME SECURITIES FUNDS,product_type,,unknown,VANGUARD SHORT-TERM INVESTMENT-GRADE
S000002756,CHANNEL SHORT DURATION INCOME FUND,UNIFIED SERIES TRUST,product_type,,unknown,CHANNEL DURATION INCOME
S000002897,VANGUARD ULTRA-SHORT-TERM TAX-EXEMPT FUND,VANGUARD MUNICIPAL BOND FUNDS,product_type,-2.0,unknown,VANGUARD ULTRA-SHORT-TERM TAX-EXEMPT
S000003059,BULL PROFUND,ProFunds,no_leverage_parsed,,daily,PROFUND
S000003062,ULTRABULL PROFUND,ProFunds,no_leverage_parsed,,daily,ULTRABULL PROFUND
S000003066,ULTRANASDAQ-100 PROFUND,ProFunds,no_leverage_parsed,,daily,ULTRANASDAQ-100 PROFUND
S000003076,BEAR PROFUND,ProFunds,no_leverage_parsed,,daily,PROFUND
S000003077,SHORT REAL ESTATE PROFUND,ProFunds,no_leverage_parsed,,daily,REAL ESTATE PROFUND
S000003078,SHORT SMALL CAP PROFUND,ProFunds,no_leverage_parsed,,daily,SMALL CAP PROFUND
S000003079,SHORT NASDAQ-100 PROFUND,ProFunds,no_leverage_parsed,,daily,NASDAQ-100 PROFUND
S000003080,ULTRABEAR PROFUND,ProFunds,no_leverage_parsed,,daily,ULTRABEAR PROFUND
S000003085,SHORT ENERGY PROFUND,ProFunds,no_leverage_parsed,,daily,ENERGY PROFUND
S000003091,BANKS ULTRASECTOR PROFUND,ProFunds,no_leverage_parsed,,daily,BANKS ULTRASECTOR PROFUND
S000003092,INTERNET ULTRASECTOR PROFUND,ProFunds,no_leverage_parsed,,daily,INTERNET ULTRASECTOR PROFUND
S000003093,PHARMACEUTICALS ULTRASECTOR PROFUND,ProFunds,no_leverage_parsed,,daily,PHARMACEUTICALS ULTRASECTOR PROFUND
S000003094,PRECIOUS METALS ULTRASECTOR PROFUND,ProFunds,no_leverage_parsed,,daily,PRECIOUS METALS ULTRASECTOR PROFUND
S000003095,REAL ESTATE ULTRASECTOR PROFUND,ProFunds,no_leverage_parsed,,daily,REAL ESTATE ULTRASECTOR PROFUND
S000003096,SEMICONDUCTOR ULTRASECTOR PROFUND,ProFunds,no_leverage_parsed,,daily,SEMICONDUCTOR ULTRASECTOR PROFUND
S000003097,TECHNOLOGY ULTRASECTOR PROFUND,ProFunds,no_leverage_parsed,,daily,TECHNOLOGY ULTRASECTOR PROFUND
S000003098,TELECOMMUNICATIONS ULTRASECTOR PROFUND,ProFunds,product_type,,daily,TELECOMMUNICATIONS ULTRASECTOR PROFUND
S000003099,UTILITIES ULTRASECTOR PROFUND,ProFunds,no_leverage_parsed,,daily,UTILITIES ULTRASECTOR PROFUND
S000003100,COMMUNICATION SERVICES ULTRASECTOR PROFUND,ProFunds,product_type,,daily,COMMUNICATION SERVICES ULTRASECTOR PROFUND
S000003102,MATERIALS ULTRASECTOR PROFUND,ProFunds,no_leverage_parsed,,daily,MATERIALS ULTRASECTOR PROFUND
S000003107,BIOTECHNOLOGY ULTRASECTOR PROFUND,ProFunds,no_leverage_parsed,,daily,BIOTECHNOLOGY ULTRASECTOR PROFUND
S000003108,CONSUMER DISCRETIONARY ULTRASECTOR PROFUND,ProFunds,no_leverage_parsed,,daily,CONSUMER DISCRETIONARY ULTRASECTOR PROFUND
S000003109,CONSUMER STAPLES ULTRASECTOR PROFUND,ProFunds,no_leverage_parsed,,daily,CONSUMER STAPLES ULTRASECTOR PROFUND
S000003110,ENERGY ULTRASECTOR PROFUND,ProFunds,no_leverage_parsed,,daily,ENERGY ULTRASECTOR PROFUND
S000003111,FINANCIALS ULTRASECTOR PROFUND,ProFunds,no_leverage_parsed,,daily,FINANCIALS ULTRASECTOR PROFUND
S000003112,HEALTH CARE ULTRASECTOR PROFUND,ProFunds,no_leverage_parsed,,daily,HEALTH CARE ULTRASECTOR PROFUND
S000003113,INDUSTRIALS ULTRASECTOR PROFUND,ProFunds,no_leverage_parsed,,daily,INDUSTRIALS ULTRASECTOR PROFUND
S000003156,DIAMOND HILL LONG SHORT FUND,DIAMOND HILL FUNDS,product_type,,unknown,DIAMOND HILL
S000003218,HARTFORD ULTRASHORT BOND HLS FUND,HARTFORD SERIES FUND INC,product_type,-2.0,unknown,HARTFORD BOND HLS
S000003278,ACCESS FLEX BEAR HIGH YIELD FUND,Access One Trust,product_type,,unknown,ACCESS FLEX HIGH YIELD
S000003483,Short Duration Income Fund,WEITZ FUNDS,product_type,,unknown,Duration Income
S000003484,Ultra Short Government Fund,WEITZ FUNDS,product_type,-2.0,unknown,Government
S000003490,JPMorgan Short Duration Bond Fund,JPMORGAN TRUST II,product_type,,unknown,JPMorgan Duration Bond
S000003499,JPMorgan Short-Intermediate Municipal Bond Fund,JPMORGAN TRUST II,product_type,,unknown,JPMorgan Short-Intermediate Municipal Bond
S000003547,Sterling Capital Short Duration Bond Fund,STERLING CAPITAL FUNDS,product_type,,unknown,Sterling Duration Bond
S000003596,THE HARTFORD SHORT DURATION FUND,"HARTFORD MUTUAL FUNDS, INC",product_type,,unknown,HARTFORD DURATION
S000003684,Government Long Bond 1.2x Strategy Fund,RYDEX SERIES FUNDS,product_type,1.2,unknown,Government Bond Strategy
S000003685,Mid-Cap 1.5x Strategy Fund,RYDEX SERIES FUNDS,product_type,1.5,unknown,Mid-Cap Strategy
S000003686,Long Short Equity Fund,RYDEX SERIES FUNDS,product_type,,unknown,Equity
S000003690,Inverse Government Long Bond Strategy Fund,RYDEX SERIES FUNDS,product_type,,unknown,Government Bond Strategy
S000003692,Inverse S&P 500 Strategy Fund,RYDEX SERIES FUNDS,product_type,,unknown,S&P 500 Strategy
S000003694,Inverse NASDAQ-100 Strategy Fund,RYDEX SERIES FUNDS,product_type,,unknown,NASDAQ-100 Strategy
S000003695,Europe 1.25x Strategy Fund,RYDEX SERIES FUNDS,product_type,1.25,unknown,Europe Strategy
S000003697,Russell 2000 1.5x Strategy Fund,RYDEX SERIES FUNDS,product_type,1.5,unknown,Russell 2000 Strategy
S000003698,S&P 500 2x Strategy Fund,RYDEX DYNAMIC FUNDS,product_type,2.0,unknown,S&P 500 Strategy
S000003702,Inverse S&P 500 2x Strategy Fund,RYDEX DYNAMIC FUNDS,product_type,-2.0,unknown,S&P 500 Strategy
S000003703,NASDAQ-100(R) 2x Strategy Fund,RYDEX DYNAMIC FUNDS,product_type,2.0,unknown,NASDAQ-100 Strategy
S000003704,Inverse NASDAQ-100(R) 2x Strategy Fund,RYDEX DYNAMIC FUNDS,product_type,-2.0,unknown,NASDAQ-100 Strategy
S000003705,Dow 2x Strategy Fund,RYDEX DYNAMIC FUNDS,product_type,2.0,unknown,Dow Strategy
S000003706,Inverse Dow 2x Strategy Fund,RYDEX DYNAMIC FUNDS,product_type,-2.0,unknown,Dow Strategy
S000003721,Government Long Bond 1.2x Strategy Fund,RYDEX VARIABLE TRUST,product_type,1.2,unknown,Government Bond Strategy
S000003727,Mid-Cap 1.5x Strategy Fund,RYDEX VARIABLE TRUST,product_type,1.5,unknown,Mid-Cap Strategy
S000003728,Russell 2000(R) 1.5x Strategy Fund,RYDEX VARIABLE TRUST,product_type,1.5,unknown,Russell 2000 Strategy
S000003729,Long Short Equity Fund,RYDEX VARIABLE TRUST,product_type,,unknown,Equity
S000003731,Weakening Dollar 2x Strategy Fund,RYDEX VARIABLE TRUST,product_type,2.0,unknown,Weakening Dollar Strategy
S000003733,Strengthening Dollar 2x Strategy Fund,RYDEX VARIABLE TRUST,product_type,2.0,unknown,Strengthening Dollar Strategy
S000003735,Inverse Government Long Bond Strategy Fund,RYDEX VARIABLE TRUST,product_type,,unknown,Government Bond Strategy
S000003745,Inverse Mid-Cap Strategy Fund,RYDEX VARIABLE TRUST,product_type,,unknown,Mid-Cap Strategy
S000003746,Inverse Russell 2000(R) Strategy Fund,RYDEX VARIABLE TRUST,product_type,,unknown,Russell 2000 Strategy
S000003749,Europe 1.25x Strategy Fund,RYDEX VARIABLE TRUST,product_type,1.25,unknown,Europe Strategy
S000003750,Japan 2x Strategy Fund,RYDEX VARIABLE TRUST,product_type,2.0,unknown,Japan Strategy
S000003751,S&P 500 2x Strategy Fund,RYDEX VARIABLE TRUST,product_type,2.0,unknown,S&P 500 Strategy
S000003752,NASDAQ-100(R) 2x Strategy Fund,RYDEX VARIABLE TRUST,product_type,2.0,unknown,NASDAQ-100 Strategy
S000003753,Dow 2x Strategy Fund,RYDEX VARIABLE TRUST,product_type,2.0,unknown,Dow Strategy
S000003754,Inverse S&P 500 Strategy Fund,RYDEX VARIABLE TRUST,product_type,,unknown,S&P 500 Strategy
S000003755,Inverse Dow 2x Strategy Fund,RYDEX VARIABLE TRUST,product_type,-2.0,unknown,Dow Strategy
S000003757,Inverse NASDAQ-100(R) Strategy Fund,RYDEX VARIABLE TRUST,product_type,,unknown,NASDAQ-100 Strategy
S000003761,Weakening Dollar 2x Strategy Fund,RYDEX SERIES FUNDS,product_type,2.0,unknown,Weakening Dollar Strategy
S000003771,Inverse Mid-Cap Strategy Fund,RYDEX SERIES FUNDS,product_type,,unknown,Mid-Cap Strategy
S000003772,Inverse Russell 2000 Strategy Fund,RYDEX SERIES FUNDS,product_type,,unknown,Russell 2000 Strategy
S000003775,Strengthening Dollar 2x Strategy Fund,RYDEX SERIES FUNDS,product_type,2.0,unknown,Strengthening Dollar Strategy
S000003785,MML Barings Short-Duration Bond Fund,MASSMUTUAL PREMIER FUNDS,product_type,,unknown,MML Barings Short-Duration Bond
S000003913,Nomura Ultrashort Fund,DELAWARE GROUP CASH RESERVE,product_type,-2.0,unknown,Nomura
S000003955,PROFUND VP ULTRABULL,ProFunds,no_leverage_parsed,,daily,PROFUND VP ULTRABULL
S000003956,PROFUND VP ULTRAMID CAP,ProFunds,no_leverage_parsed,,daily,PROFUND VP ULTRAMID CAP
S000003958,PROFUND VP ULTRANASDAQ-100,ProFunds,no_leverage_parsed,,daily,PROFUND VP ULTRANASDAQ-100
S000003959,PROFUND VP BEAR,ProFunds,no_leverage_parsed,,daily,PROFUND VP
S000003960,PROFUND VP SHORT MID CAP,ProFunds,no_leverage_parsed,,daily,PROFUND VP MID CAP
S000003961,PROFUND VP BULL,ProFunds,no_leverage_parsed,,daily,PROFUND VP
S000003962,PROFUND VP SHORT SMALL CAP,ProFunds,no_leverage_parsed,,daily,PROFUND VP SMALL CAP
S000003963,PROFUND VP SHORT NASDAQ-100,ProFunds,no_leverage_parsed,,daily,PROFUND VP NASDAQ-100
S000004119,Short Duration Income Portfolio,MORGAN STANLEY INSTITUTIONAL FUND TRUST,product_type,,unknown,Duration Income Portfolio
S000004393,SHORT-TERM INVESTMENT-GRADE PORTFOLIO,VANGUARD VARIABLE INSURANCE FUNDS,product_type,,unknown,SHORT-TERM INVESTMENT-GRADE PORTFOLIO
S000004423,Ultra-Small Company Fund,BRIDGEWAY FUNDS INC,product_type,2.0,unknown,Ultra-Small Company
S000004424,Ultra-Small Company Market Fund,BRIDGEWAY FUNDS INC,product_type,2.0,unknown,Ultra-Small Company Market
S000004469,SHORT PRECIOUS METALS PROFUND,ProFunds,no_leverage_parsed,,daily,PRECIOUS METALS PROFUND
S000004473,OIL & GAS EQUIPMENT & SERVICES ULTRASECTOR PROFUND,ProFunds,no_leverage_parsed,,daily,OIL GAS EQUIPMENT SERVICES ULTRASECTOR PROFUND
S000004538,PGIM Core Short-Term Bond Fund,PRUDENTIAL INVESTMENT PORTFOLIOS 2,product_type,,unknown,PGIM Core Short-Term Bond
S000004539,PGIM Core Ultra Short Bond Fund,PRUDENTIAL INVESTMENT PORTFOLIOS 2,product_type,-2.0,unknown,PGIM Core Bond
S000004769,PGIM Short-Term Corporate Bond Fund,"PRUDENTIAL SHORT-TERM CORPORATE BOND FUND, INC.",product_type,,unknown,PGIM Short-Term Corporate Bond
S000004787,USGI U.S. GOVERNMENT SECURITIES ULTRA-SHORT BOND FUND,US GLOBAL INVESTORS FUNDS,product_type,-2.0,unknown,USGI U.S. GOVERNMENT SECURITIES ULTRA-SHORT BOND
S000004825,Eaton Vance National Ultra-Short Municipal Income Fund,Eaton Vance Investment Trust,product_type,-2.0,unknown,Eaton Vance National Ultra-Short Municipal Income
S000004826,Eaton Vance Short Duration Municipal Opportunities Fund,Eaton Vance Investment Trust,product_type,,unknown,Eaton Vance Duration Municipal Opportunities
S000005065,PIA Short-Term Securities Fund,ADVISORS SERIES TRUST,product_type,,unknown,PIA Short-Term Securities
S000005113,Fidelity Advisor Leveraged Company Stock Fund,FIDELITY ADVISOR SERIES I,product_type,,unknown,Fidelity Advisor Company Stock
S000005150,Calvert Short Duration Income Fund,Calvert Fund,product_type,,unknown,Calvert Duration Income
S000005290,Eaton Vance Short Duration Government Income Fund,Eaton Vance Mutual Funds Trust,product_type,,unknown,Eaton Vance Duration Government Income
S000005301,Eaton Vance Short Duration Strategic Income Fund,EATON VANCE MUTUAL FUNDS TRUST,product_type,,unknown,Eaton Vance Duration Strategic Income
S000005421,NVIT Loomis Short Term High Yield Fund,NATIONWIDE VARIABLE INSURANCE TRUST,product_type,,unknown,NVIT Loomis Term High Yield
S000005564,Nuveen Short Term Municipal Bond Fund,NUVEEN INVESTMENT FUNDS INC,product_type,,unknown,Nuveen Term Municipal Bond
S000005613,Wilmington Short-Term Bond Fund,WILMINGTON FUNDS,product_type,,unknown,Wilmington Short-Term Bond
S000005722,JOHNSON INSTITUTIONAL SHORT DURATION BOND FUND,JOHNSON MUTUAL FUNDS TRUST,product_type,,unknown,JOHNSON INSTITUTIONAL DURATION BOND
S000005970,Short-Term Government Fund,AMERICAN CENTURY GOVERNMENT INCOME TRUST,product_type,,unknown,Short-Term Government
S000006017,Short-Term Treasury Portfolio,PERMANENT PORTFOLIO FAMILY OF FUNDS,product_type,,unknown,Short-Term Treasury Portfolio
S000006195, Ultra Fund,"AMERICAN CENTURY MUTUAL FUNDS, INC.",product_type,2.0,unknown,
S000006328,TCW Short Term Bond Fund,TCW FUNDS INC,product_type,,unknown,TCW Term Bond
S000006430,SHORT DURATION MUNICIPAL FUND,SEI TAX EXEMPT TRUST,product_type,,unknown,DURATION MUNICIPAL
S000006457,Touchstone Funds Group Trust-Touchstone Ultra Short Duration Fixed Income Fund,TOUCHSTONE FUNDS GROUP TRUST,product_type,-2.0,unknown,Touchstone Funds Group Trust-Touchstone Duration Fixed Income
S000006534,BlackRock Ultra-Short Term Bond Portfolio,Brighthouse Funds Trust II,product_type,-2.0,unknown,BlackRock Ultra-Short Term Bond Portfolio
S000006581,Short Duration Inflation Protection Bond Fund,AMERICAN CENTURY INVESTMENT TRUST,product_type,,unknown,Duration Inflation Protection Bond
S000006717,VP Ultra Fund,AMERICAN CENTURY VARIABLE PORTFOLIOS INC,product_type,2.0,unknown,VP
S000007007,Fidelity Short-Term Bond Fund,FIDELITY SALEM STREET TRUST,product_type,,unknown,Fidelity Short-Term Bond
S000007025,Direxion Monthly 7-10 Year Treasury Bull 1.75X Fund,DIREXION FUNDS,product_type,1.75,monthly,Monthly 7-10 Year Treasury
S000007037,Direxion Monthly Emerging Markets Bull 2X Fund,DIREXION FUNDS,product_type,2.0,monthly,Monthly Emerging Markets
S000007044,Direxion Monthly Small Cap Bull 1.75X Fund,DIREXION FUNDS,product_type,1.75,monthly,Monthly Small Cap
S000007045,Direxion Monthly Small Cap Bear 1.75X Fund,DIREXION FUNDS,product_type,-1.75,monthly,Monthly Small Cap
S000007050,Direxion Monthly 7-10 Year Treasury Bear 1.75X Fund,DIREXION FUNDS,product_type,-1.75,monthly,Monthly 7-10 Year Treasury
S000007200,Fidelity Leveraged Company Stock Fund,FIDELITY SECURITIES FUND,product_type,,unknown,Fidelity Company Stock
S000007279,Lord Abbett Short Duration Income Fund,LORD ABBETT INVESTMENT TRUST,product_type,,unknown,Lord Abbett Duration Income
S000007411,Allspring Short-Term Municipal Bond Fund,ALLSPRING FUNDS TRUST,product_type,,unknown,Allspring Short-Term Municipal Bond
S000007412,Allspring Ultra Short-Term Municipal Income Fund,ALLSPRING FUNDS TRUST,product_type,-2.0,unknown,Allspring Short-Term Municipal Income
S000007419,Allspring Short Duration Government Bond Fund,ALLSPRING FUNDS TRUST,product_type,,unknown,Allspring Duration Government Bond
S000007427,Allspring Short-Term Bond Plus Fund,ALLSPRING FUNDS TRUST,product_type,,unknown,Allspring Short-Term Bond
S000007428,Allspring Short-Term High Income Fund,ALLSPRING FUNDS TRUST,product_type,,unknown,Allspring Short-Term High Income
S000007431,Allspring Ultra Short-Term Income Fund,ALLSPRING FUNDS TRUST,product_type,-2.0,unknown,Allspring Short-Term Income
S000007799,Transamerica Short-Term Bond,TRANSAMERICA FUNDS,product_type,,unknown,Transamerica Short-Term Bond
S000007831,Neuberger Berman Short Duration Bond Fund,NEUBERGER BERMAN INCOME FUNDS,product_type,,unknown,Neuberger Berman Duration Bond
S000008075,SA JPMorgan Ultra-Short Bond Portfolio,SUNAMERICA SERIES TRUST,product_type,-2.0,unknown,SA JPMorgan Ultra-Short Bond Portfolio
S000008198,Short Duration Bond Portfolio,NEUBERGER BERMAN ADVISERS MANAGEMENT TRUST,product_type,,unknown,Duration Bond Portfolio
S000008266,SDIT Ultra Short Duration Bond Fund,SEI DAILY INCOME TRUST /MA/,product_type,-2.0,unknown,SDIT Duration Bond
S000008267,SDIT Short Duration Government Fund,SEI DAILY INCOME TRUST /MA/,product_type,,unknown,SDIT Duration Government
S000008426,YORKTOWN SHORT-TERM BOND FD,AMERICAN PENSION INVESTORS TRUST,product_type,,unknown,YORKTOWN SHORT-TERM BOND FD
S000008598,William Blair Short Duration Bond Fund,WILLIAM BLAIR FUNDS,product_type,,unknown,William Blair Duration Bond
S000008660,Transamerica Asset Allocation-Short Horizon Subaccount,TRANSAMERICA ASSET ALLOCATION VARIABLE FUNDS,no_leverage_parsed,,unknown,Transamerica Asset Allocation-Short Horizon Subaccount
S000008789,Ultra-Short Bond Fund,AMERICAN FUNDS INSURANCE SERIES,product_type,-2.0,unknown,Ultra-Short Bond
S000008839,ULTRAEMERGING MARKETS PROFUND,ProFunds,no_leverage_parsed,,daily,ULTRAEMERGING MARKETS PROFUND
S000008841,PROFUND VP SHORT EMERGING MARKETS,ProFunds,no_leverage_parsed,,daily,PROFUND VP EMERGING MARKETS
S000008842,PROFUND VP SHORT INTERNATIONAL,ProFunds,no_leverage_parsed,,daily,PROFUND VP INTERNATIONAL
S000008846,ULTRAINTERNATIONAL PROFUND,ProFunds,no_leverage_parsed,,daily,ULTRAINTERNATIONAL PROFUND
S000008897,Ultra Short Mortgage Fund,ASSET MANAGEMENT FUND,product_type,-2.0,unknown,Mortgage
S000008975,Western Asset Short Duration High Income Fund,LEGG MASON PARTNERS INCOME TRUST,product_type,,unknown,Western Asset Duration High Income
S000009041,Federated Hermes Short-Intermediate Government Fund,Federated Hermes Short-Intermediate Government Trust,product_type,,unknown,Federated Hermes Short-Intermediate Government
S000009065,Federated Hermes Short-Term Government Fund,Federated Hermes Short-Term Government Trust,product_type,,unknown,Federated Hermes Short-Term Government
S000009077,Federated Hermes Short-Term Income Fund,Federated Hermes Income Securities Trust,product_type,,unknown,Federated Hermes Short-Term Income
S000009085,Federated Hermes Short-Intermediate Municipal Fund,Federated Hermes Short-Intermediate Duration Municipal Trust,product_type,,unknown,Federated Hermes Short-Intermediate Municipal
S000009195,EQ/PIMCO Ultra Short Bond Portfolio,EQ ADVISORS TRUST,product_type,-2.0,unknown,EQ/PIMCO Bond Portfolio
S000009233,American Funds Short-Term Tax-Exempt Bond Fund,AMERICAN FUNDS SHORT-TERM TAX-EXEMPT BOND FUND,product_type,,unknown,American Funds Short-Term Tax-Exempt Bond
S000009241,Goldman Sachs Short Duration Tax-Free Fund,GOLDMAN SACHS TRUST,product_type,,unknown,Goldman Sachs Duration Tax-Free
S000009303,Goldman Sachs Short Duration Government Fund,GOLDMAN SACHS TRUST,product_type,,unknown,Goldman Sachs Duration Government
S000009384,The Short-Term Municipal Bond Portfolio,HC CAPITAL TRUST,product_type,,unknown,Short-Term Municipal Bond Portfolio
S000009662,PIMCO Short-Term Portfolio,PIMCO VARIABLE INSURANCE TRUST,product_type,,unknown,PIMCO Short-Term Portfolio
S000009702,PIMCO Short Duration Municipal Income Fund,PIMCO FUNDS,product_type,,unknown,PIMCO Duration Municipal Income
S000009703,PIMCO Short-Term Fund,PIMCO FUNDS,product_type,,unknown,PIMCO Short-Term
S000009706,PIMCO StocksPLUS Short Fund,PIMCO FUNDS,product_type,,unknown,PIMCO StocksPLUS
S000009713,PIMCO Emerging Markets Currency and Short-Term Investments Fund,PIMCO FUNDS,product_type,,unknown,PIMCO Emerging Markets Currency Short-Term Investments
S000009738,Federated Hermes Municipal Ultrashort Fund,"Federated Hermes Fixed Income Securities, Inc.",product_type,-2.0,unknown,Federated Hermes Municipal
S000009740,Federated Hermes Government Ultrashort Fund,Federated Hermes Institutional Trust,product_type,-2.0,unknown,Federated Hermes Government
S000009741,Federated Hermes Short-Intermediate Total Return Bond Fund,Federated Hermes Institutional Trust,product_type,,unknown,Federated Hermes Short-Intermediate Total Return Bond
S000009844,PIMCO ABS and Short-Term Investments Portfolio,PIMCO FUNDS,product_type,,unknown,PIMCO ABS Short-Term Investments Portfolio
S000009845,PIMCO Short-Term Portfolio,PIMCO FUNDS,product_type,,unknown,PIMCO Short-Term Portfolio
S000009847,PIMCO U.S. Government and Short-Term Investments Portfolio,PIMCO FUNDS,product_type,,unknown,PIMCO U.S. Government Short-Term Investments Portfolio
S000009848,PIMCO EM Bond and Short-Term Investments Portfolio,PIMCO FUNDS,product_type,,unknown,PIMCO EM Bond Short-Term Investments Portfolio
S000009850,PIMCO High Yield and Short-Term Investments Portfolio,PIMCO FUNDS,product_type,,unknown,PIMCO High Yield Short-Term Investments Portfolio
S000009853,PIMCO Mortgage and Short-Term Investments Portfolio,PIMCO FUNDS,product_type,,unknown,PIMCO Mortgage Short-Term Investments Portfolio
S000009983,Ultra-Short Duration Portfolio,TRUST FOR CREDIT UNIONS,product_type,-2.0,unknown,Ultra-Short Duration Portfolio
S000009984,Short Duration Portfolio,TRUST FOR CREDIT UNIONS,product_type,,unknown,Duration Portfolio
S000010031,The Short Term Government Fund,COMMERCE FUNDS,product_type,,unknown,Term Government
S000010228,Pioneer Short Term Income Fund,PIONEER SHORT TERM INCOME FUND,product_type,,unknown,Pioneer Term Income
S000010479,Janus Henderson Short Duration Flexible Bond Fund,JANUS INVESTMENT FUND,product_type,,unknown,Janus Henderson Duration Flexible Bond
S000010525,Short-Term Government Securities Fund,HOMESTEAD FUNDS INC,product_type,,unknown,Short-Term Government Securities
S000010526,Short-Term Bond Fund,HOMESTEAD FUNDS INC,product_type,,unknown,Short-Term Bond
S000010707,JNL/T. Rowe Price Short-Term Bond Fund,JNL SERIES TRUST,product_type,,unknown,JNL/T. Rowe Price Short-Term Bond
S000010777,Columbia Short Term Bond Fund,COLUMBIA FUNDS SERIES TRUST,product_type,,unknown,Columbia Term Bond
S000010778,Columbia Short Duration Municipal Bond Fund,COLUMBIA FUNDS SERIES TRUST,product_type,,unknown,Columbia Duration Municipal Bond
S000010898,Federated Hermes Ultrashort Bond Fund,"Federated Hermes Total Return Series, Inc.",product_type,-2.0,unknown,Federated Hermes Bond
S000011053,Short Duration Plus Portfolio,BERNSTEIN SANFORD C FUND INC,product_type,,unknown,Duration Portfolio
S000011062,Short Duration Diversified Municipal Portfolio,BERNSTEIN SANFORD C FUND INC,product_type,,unknown,Duration Diversified Municipal Portfolio
S000011446,GATOR CAPITAL LONG/SHORT FUND,CALDWELL & ORKIN FUNDS INC,product_type,,unknown,GATOR LONG/SHORT
S000011813,Russell 2000(R) 2x Strategy Fund,RYDEX VARIABLE TRUST,product_type,2.0,unknown,Russell 2000 Strategy
S000011814,Inverse Russell 2000(R) 2x Strategy Fund,RYDEX VARIABLE TRUST,product_type,-2.0,unknown,Russell 2000 Strategy
S000011950,Direxion Monthly S&P 500 Bull 1.75X Fund,DIREXION FUNDS,product_type,1.75,monthly,Monthly S&P 500
S000011960,Direxion Monthly NASDAQ-100 Bull 1.75X Fund,DIREXION FUNDS,product_type,1.75,monthly,Monthly NASDAQ-100
S000011964,Direxion Monthly S&P 500 Bear 1.75X Fund,DIREXION FUNDS,product_type,-1.75,monthly,Monthly S&P 500
S000012000,Kentucky Tax-Free Short-to-Medium Series,DUPREE MUTUAL FUNDS,product_type,,unknown,Kentucky Tax-Free Short-to-Medium Series
S000012003,North Carolina Tax-Free Short-to-Medium Series,DUPREE MUTUAL FUNDS,product_type,,unknown,North Carolina Tax-Free Short-to-Medium Series
S000012005,Tennessee Tax-Free Short-to-Medium Series,DUPREE MUTUAL FUNDS,product_type,,unknown,Tennessee Tax-Free Short-to-Medium Series
S000012103,PROFUND VP SHORT DOW 30,ProFunds,no_leverage_parsed,,daily,PROFUND VP DOW 30
S000012142,Russell 2000 2x Strategy Fund,RYDEX DYNAMIC FUNDS,product_type,2.0,unknown,Russell 2000 Strategy
S000012143,Inverse Russell 2000 2x Strategy Fund,RYDEX DYNAMIC FUNDS,product_type,-2.0,unknown,Russell 2000 Strategy
S000012195,Nuveen Short Term Bond Fund,TIAA-CREF FUNDS,product_type,,unknown,Nuveen Term Bond
S000012816,Inverse S&P 500 2x Strategy Fund,RYDEX VARIABLE TRUST,product_type,-2.0,unknown,S&P 500 Strategy
S000012817,Inverse NASDAQ-100(R) 2x Strategy Fund,RYDEX VARIABLE TRUST,product_type,-2.0,unknown,NASDAQ-100 Strategy
S000012879,ULTRALATIN AMERICA PROFUND,ProFunds,no_leverage_parsed,,daily,ULTRALATIN AMERICA PROFUND
S000012912,Victory Tax Exempt Short-Term Fund,VICTORY PORTFOLIOS III,product_type,,unknown,Victory Tax Exempt Short-Term
S000012913,Victory Short-Term Bond Fund,VICTORY PORTFOLIOS III,product_type,,unknown,Victory Short-Term Bond
S000013234,PIMCO California Short Duration Municipal Income Fund,PIMCO FUNDS,product_type,,unknown,PIMCO California Duration Municipal Income
S000013337,Long/Short Equity Portfolio,GLENMEDE FUND INC,product_type,,unknown,Long/Short Equity Portfolio
S000013508,Calvert Ultra-Short Duration Income Fund,Calvert Fund,product_type,-2.0,unknown,Calvert Ultra-Short Duration Income
S000013585,Short-Term Bond Fund of America,Short-Term Bond Fund of America,product_type,,unknown,Short-Term Bond America
S000013694,iShares Short Treasury Bond ETF,iSHARES TRUST,product_type,,unknown,Treasury Bond
S000014089,Short-Term Income Account,PRINCIPAL VARIABLE CONTRACTS FUNDS INC,product_type,,unknown,Short-Term Income Account
S000014245,Short-Term Income Fund,"PRINCIPAL FUNDS, INC.",product_type,,unknown,Short-Term Income
S000014261,ProShares Ultra Communication Services,PROSHARES TRUST,product_type,2.0,daily,Communication Services
S000014279,ProShares Short Oil & Gas,PROSHARES TRUST,underlying_crypto_commod,-1.0,daily,Oil Gas
S000014385,Short Duration Fund,AMERICAN CENTURY INVESTMENT TRUST,product_type,,unknown,Duration
S000015882,Inverse High Yield Strategy Fund,RYDEX SERIES FUNDS,product_type,,unknown,High Yield Strategy
S000016249,Western Asset Short Duration Municipal Income Fund,LEGG MASON PARTNERS INCOME TRUST,product_type,,unknown,Western Asset Duration Municipal Income
S000016624,Western Asset Ultra-Short Income Fund,LEGG MASON PARTNERS INCOME TRUST,product_type,-2.0,unknown,Western Asset Ultra-Short Income
S000016639,Western Asset Short-Term Bond Fund,LEGG MASON PARTNERS INCOME TRUST,product_type,,unknown,Western Asset Short-Term Bond
S000016689,Inverse High Yield Strategy Fund,RYDEX VARIABLE TRUST,product_type,,unknown,High Yield Strategy
S000016731,DFA California Short-Term Municipal Bond Portfolio,DFA INVESTMENT DIMENSIONS GROUP INC,product_type,,unknown,DFA California Short-Term Municipal Bond Portfolio
S000017327,State Street(R) SPDR Nuveen ICE Short Term Municipal Bond ETF,SPDR SERIES TRUST,product_type,,unknown,State Street SPDR Nuveen ICE Term Municipal Bond
S000017679,Fidelity Short-Term Treasury Bond Index Fund,FIDELITY SALEM STREET TRUST,product_type,,unknown,Fidelity Short-Term Treasury Bond Index
S000018008,Virtus Newfleet Multi-Sector Short Term Bond Fund,VIRTUS OPPORTUNITIES TRUST,product_type,,unknown,Virtus Newfleet Multi-Sector Term Bond
S000018233,Short-Term Bond Portfolio,NORTHWESTERN MUTUAL SERIES FUND INC,product_type,,unknown,Short-Term Bond Portfolio
S000018291,Emerging Markets 2x Strategy Fund,RYDEX SERIES FUNDS,product_type,2.0,unknown,Emerging Markets Strategy
S000018292,Inverse Emerging Markets 2x Strategy Fund,RYDEX SERIES FUNDS,product_type,-2.0,unknown,Emerging Markets Strategy
S000018293,Japan 2x Strategy Fund,RYDEX SERIES FUNDS,product_type,2.0,unknown,Japan Strategy
S000018720,ProShares Short 7-10 Year Treasury,PROSHARES TRUST,product_type,-1.0,daily,7-10 Year Treasury
S000018721,ProShares Short 20+ Year Treasury,PROSHARES TRUST,product_type,-1.0,daily,20+ Year Treasury
S000018723,ProShares Short High Yield,PROSHARES TRUST,product_type,-1.0,daily,High Yield
S000018732,ProShares UltraShort 7-10 Year Treasury,PROSHARES TRUST,product_type,-2.0,daily,7-10 Year Treasury
S000018733,ProShares UltraShort 20+ Year Treasury,PROSHARES TRUST,product_type,-2.0,daily,20+ Year Treasury
S000019192,VanEck Short Muni ETF,VanEck ETF Trust,product_type,,unknown,VanEck Muni
S000019665,State Street(R) SPDR(R) Portfolio Short Term Treasury ETF,SPDR SERIES TRUST,product_type,,unknown,State Street SPDR Portfolio Term Treasury
S000019666,State Street(R) SPDR(R) Portfolio Short Term Corporate Bond ETF,SPDR SERIES TRUST,product_type,,unknown,State Street SPDR Portfolio Term Corporate Bond
S000020739,ULTRACHINA PROFUND,ProFunds,no_leverage_parsed,,daily,ULTRACHINA PROFUND
S000020975,Dunham Long/Short Credit Fund,Dunham Funds,product_type,,unknown,Dunham Long/Short Credit
S000021040,NVIT Loomis Short Term Bond Fund,NATIONWIDE VARIABLE INSURANCE TRUST,product_type,,unknown,NVIT Loomis Term Bond
S000022134,TRIBUTARY SHORT-INTERMEDIATE BOND FUND,"Tributary Funds, Inc.",product_type,,unknown,TRIBUTARY SHORT-INTERMEDIATE BOND
S000022290,ProShares UltraShort MSCI Brazil Capped,PROSHARES TRUST,product_type,-2.0,daily,MSCI Brazil Capped
S000022294,ProShares UltraShort MSCI Mexico Capped IMI,PROSHARES TRUST,product_type,-2.0,daily,MSCI Mexico Capped IMI
S000022511,Saturna Short-Term Bond Fund,SATURNA INVESTMENT TRUST,product_type,,unknown,Saturna Short-Term Bond
S000023465,Federated Hermes Prudent Bear Fund,Federated Hermes Equity Funds,product_type,,unknown,Federated Hermes Prudent
S000023507,iShares Short-Term National Muni Bond ETF,iSHARES TRUST,product_type,,unknown,Short-Term National Muni Bond
S000023556,HANCOCK HORIZON QUANTITATIVE LONG/SHORT FUND,Advisors' Inner Circle Fund II,product_type,,unknown,HANCOCK HORIZON QUANTITATIVE LONG/SHORT
S000023655,SPDR(R) Bloomberg Short Term International Treasury Bond ETF,SPDR SERIES TRUST,product_type,,unknown,SPDR Bloomberg Term International Treasury Bond
S000023663,IQ Hedge Long/Short Tracker ETF,IndexIQ ETF Trust,product_type,,unknown,IQ Hedge Long/Short Tracker
S000023739,Empower Short Duration Bond Fund,"EMPOWER FUNDS, INC.",product_type,,unknown,Empower Duration Bond
S000024180,Wasatch Long/Short Fund,WASATCH FUNDS TRUST,product_type,,unknown,Wasatch Long/Short
S000024202,DFA Short-Term Extended Quality Portfolio,DFA INVESTMENT DIMENSIONS GROUP INC,product_type,,unknown,DFA Short-Term Extended Quality Portfolio
S000024274,Putnam Short Duration Bond Fund,PUTNAM FUNDS TRUST,product_type,,unknown,Putnam Duration Bond
S000024570,Nuveen Equity Long/Short Fund,NUVEEN INVESTMENT TRUST II,product_type,,unknown,Nuveen Equity Long/Short
S000024662,Short Term Government Income Trust,JOHN HANCOCK VARIABLE INSURANCE TRUST,product_type,,unknown,Term Government Income
S000024906,Parametric TABS Short-Term Municipal Bond Fund,Eaton Vance Municipals Trust II,product_type,,unknown,Parametric TABS Short-Term Municipal Bond
S000024917,ProShares UltraPro Short 20+ Year Treasury,PROSHARES TRUST,product_type,-3.0,daily,20+ Year Treasury
S000025221,James Long-Short Fund,JAMES ADVANTAGE FUNDS,product_type,,unknown,James Long-Short
S000025254,Direxion Daily 20+ Year Treasury Bear 1X Shares,Direxion Shares ETF Trust,product_type,-1.0,daily,20+ Year Treasury
S000025255,Direxion Daily 7-10 Year Treasury Bull 3X Shares,Direxion Shares ETF Trust,product_type,3.0,daily,7-10 Year Treasury
S000025256,Direxion Daily 7-10 Year Treasury Bear 3X Shares,Direxion Shares ETF Trust,product_type,-3.0,daily,7-10 Year Treasury
S000025257,Direxion Daily 20+ Year Treasury Bull 3X Shares,Direxion Shares ETF Trust,product_type,3.0,daily,20+ Year Treasury
S000025258,Direxion Daily 20+ Year Treasury Bear 3X Shares,Direxion Shares ETF Trust,product_type,-3.0,daily,20+ Year Treasury
S000025331,Transamerica ProFund UltraBear VP,TRANSAMERICA SERIES TRUST,no_leverage_parsed,,daily,Transamerica ProFund UltraBear VP
S000025613,PIMCO Short-Term Floating NAV Portfolio II,PIMCO FUNDS,product_type,,unknown,PIMCO Short-Term Floating NAV Portfolio II
S000025872,Ultra-Short Fixed Income Fund,NORTHERN FUNDS,product_type,-2.0,unknown,Ultra-Short Fixed Income
S000025873,Tax-Advantaged Ultra-Short Fixed Income Fund,NORTHERN FUNDS,product_type,-2.0,unknown,Tax-Advantaged Ultra-Short Fixed Income
S000026013,Short Duration Bond Portfolio,PACIFIC SELECT FUND,product_type,,unknown,Duration Bond Portfolio
S000026718,Short Duration Credit Opportunities Fund,John Hancock Funds II,product_type,,unknown,Duration Credit Opportunities
S000026751,PIMCO Enhanced Short Maturity Active Exchange-Traded Fund,PIMCO ETF Trust,product_type,,unknown,PIMCO Enhanced Maturity Active Exchange-Traded
S000026752,PIMCO Ultra Short Government Active Exchange-Traded Fund,PIMCO ETF Trust,product_type,-2.0,unknown,PIMCO Government Active Exchange-Traded
S000026754,PIMCO Short Term Municipal Bond Active Exchange-Traded Fund,PIMCO ETF Trust,product_type,,unknown,PIMCO Term Municipal Bond Active Exchange-Traded
S000026859,VANGUARD SHORT-TERM TREASURY INDEX FUND,VANGUARD SCOTTSDALE FUNDS,product_type,,unknown,VANGUARD SHORT-TERM TREASURY INDEX
S000026862,VANGUARD SHORT-TERM CORPORATE BOND INDEX FUND,VANGUARD SCOTTSDALE FUNDS,product_type,,unknown,VANGUARD SHORT-TERM CORPORATE BOND INDEX
S000027022,William Blair Ultra-Short Duration Bond Fund,WILLIAM BLAIR FUNDS,product_type,-2.0,unknown,William Blair Ultra-Short Duration Bond
S000027192,ProShares Ultra 7-10 Year Treasury,PROSHARES TRUST,product_type,2.0,daily,7-10 Year Treasury
S000027193,ProShares Ultra 20+ Year Treasury,PROSHARES TRUST,product_type,2.0,daily,20+ Year Treasury
S000027194,Columbia Ultra Short Term Bond Fund,COLUMBIA FUNDS SERIES TRUST I,product_type,-2.0,unknown,Columbia Term Bond
S000027238,Convergence Long/Short Equity Fund,TRUST FOR PROFESSIONAL MANAGERS,product_type,,unknown,Convergence Long/Short Equity
S000027395,Capital Group Short-Term Municipal Fund,CAPITAL GROUP PRIVATE CLIENT SERVICES FUNDS,product_type,,unknown,Group Short-Term Municipal
S000027397,Capital Group California Short-Term Municipal Fund,CAPITAL GROUP PRIVATE CLIENT SERVICES FUNDS,product_type,,unknown,Group California Short-Term Municipal
S000028293,The DFA Short Term Investment Fund,DFA INVESTMENT TRUST CO,product_type,,unknown,DFA Term Investment
S000028330,MML Short-Duration Bond Fund,MML Series Investment Fund II,product_type,,unknown,MML Short-Duration Bond
S000028365,AllianzGI Ultra Micro Cap Fund,Virtus Strategy Trust,product_type,2.0,unknown,AllianzGI Micro Cap
S000028366,Short Duration Inflation-Protected Income Fund,Eaton Vance Special Investment Trust,product_type,,unknown,Duration Inflation-Protected Income
S000028536,NYLI Short Term Bond Fund,NEW YORK LIFE INVESTMENTS FUNDS TRUST,product_type,,unknown,NYLI Term Bond
S000028538,NYLI MacKay Short Term Muni Fund,NEW YORK LIFE INVESTMENTS FUNDS TRUST,product_type,,unknown,NYLI MacKay Term Muni
S000028701,CTIVP - Allspring Short Duration Government Fund,Columbia Funds Variable Series Trust II,product_type,,unknown,CTIVP - Allspring Duration Government
S000028705,Columbia Variable Portfolio - Select Short Corporate Income Fund,Columbia Funds Variable Series Trust II,product_type,,unknown,Columbia Variable Portfolio - Select Corporate Income
S000028919,ProShares Ultra MSCI Brazil Capped,PROSHARES TRUST,product_type,2.0,daily,MSCI Brazil Capped
S000028922,ProShares Ultra MSCI Mexico Capped IMI,PROSHARES TRUST,product_type,2.0,daily,MSCI Mexico Capped IMI
S000029048,Pacific Capital Tax-Free Short Intermediate Securities Fund,FundVantage Trust,product_type,,unknown,Pacific Tax-Free Intermediate Securities
S000029338,Direxion Daily Gold Miners Index Bull 2X Shares,Direxion Shares ETF Trust,underlying_crypto_commod,2.0,daily,Gold Miners Index
S000029348,Direxion Daily Gold Miners Index Bear 2X Shares,Direxion Shares ETF Trust,underlying_crypto_commod,-2.0,daily,Gold Miners Index
S000029400,EQ/AB Short Duration Government Bond Portfolio,EQ ADVISORS TRUST,product_type,,unknown,EQ/AB Duration Government Bond Portfolio
S000029408,Schwab Short-Term U.S. Treasury ETF,SCHWAB STRATEGIC TRUST,product_type,,unknown,Schwab Short-Term U.S. Treasury
S000029542,Ultra Short Term Bond Trust,JOHN HANCOCK VARIABLE INSURANCE TRUST,product_type,-2.0,unknown,Term Bond
S000029776,ProShares UltraShort 3-7 Year Treasury,PROSHARES TRUST,product_type,-2.0,daily,3-7 Year Treasury
S000030008,Vanguard Short-Term Municipal Bond Index,VANGUARD MUNICIPAL BOND FUNDS,product_type,,unknown,Vanguard Short-Term Municipal Bond Index
S000030034,RIVERPARK SHORT TERM HIGH YIELD FUND,RIVERPARK FUNDS TRUST,product_type,,unknown,RIVERPARK TERM HIGH YIELD
S000030090,AdvisorShares Ranger Equity Bear ETF,AdvisorShares Trust,no_leverage_parsed,,unknown,Ranger Equity
S000030169,Victory Ultra Short-Term Bond Fund,VICTORY PORTFOLIOS III,product_type,-2.0,unknown,Victory Short-Term Bond
S000030191,Boston Partners Long/Short Research Fund,"RBB FUND, INC.",product_type,,unknown,Boston Partners Long/Short Research
S000030517,ProShares RAFI Long/Short,PROSHARES TRUST,product_type,,daily,RAFI Long/Short
S000030560,Transwestern Institutional Short Duration Govt Bd Fd,Northern Lights Fund Trust,product_type,,unknown,Transwestern Institutional Duration Govt Bd Fd
S000031047,SIIT ULTRA SHORT DURATION BOND FUND,SEI INSTITUTIONAL INVESTMENTS TRUST,product_type,-2.0,unknown,SIIT DURATION BOND
S000031124,Lazard US Short Duration Fixed Income Portfolio,LAZARD FUNDS INC,product_type,,unknown,Lazard US Duration Fixed Income Portfolio
S000031144,DWS Short-Term Municipal Bond Fund,DEUTSCHE DWS MUNICIPAL TRUST,product_type,,unknown,DWS Short-Term Municipal Bond
S000031147,Lord Abbett Short Duration Tax Free Fund,LORD ABBETT MUNICIPAL INCOME FUND INC,product_type,,unknown,Lord Abbett Duration Tax Free
S000031152,DWS Short Duration Fund,DEUTSCHE DWS INCOME TRUST,product_type,,unknown,DWS Duration
S000031286,Direxion Daily Municipal Bond Taxable Bear 1X Shares,Direxion Shares ETF Trust,product_type,-1.0,daily,Municipal Bond Taxable
S000031374,Columbia Select Short Corporate Income Fund,Columbia Funds Series Trust II,product_type,,unknown,Columbia Select Corporate Income
S000031635,ProShares Ultra High Yield,PROSHARES TRUST,product_type,2.0,daily,High Yield
S000031915,Pioneer Multi-Asset Ultrashort Income Fund,PIONEER SERIES TRUST X,product_type,-2.0,unknown,Pioneer Multi-Asset Income
S000032448,Zeo Short Duration Income Fund,Northern Lights Fund Trust,product_type,,unknown,Zeo Duration Income
S000032449,Columbia Short-Term Cash Fund,Columbia Funds Series Trust II,product_type,,unknown,Columbia Short-Term Cash
S000033627,EQ/Ultra Conservative Strategy Portfolio,EQ ADVISORS TRUST,product_type,2.0,unknown,EQ/Ultra Conservative Strategy Portfolio
S000033713,Virtus Newfleet Short Duration High Income Fund,Virtus Strategy Trust,product_type,,unknown,Virtus Newfleet Duration High Income
S000034192,Putnam Ultra Short Duration Income Fund,PUTNAM FUNDS TRUST,product_type,-2.0,unknown,Putnam Duration Income
S000034516,Direxion Daily Junior Gold Miners Index Bull 2X Shares,Direxion Shares ETF Trust,underlying_crypto_commod,2.0,daily,Junior Gold Miners Index
S000034517,Direxion Daily Junior Gold Miners Index Bear 2X Shares,Direxion Shares ETF Trust,underlying_crypto_commod,-2.0,daily,Junior Gold Miners Index
S000034881,Pacific Funds Short Duration Income,PACIFIC FUNDS SERIES TRUST,product_type,,unknown,Pacific Funds Duration Income
S000034979,AB Short Duration High Yield Portfolio,"AB BOND FUND, INC.",product_type,,unknown,AB Duration High Yield Portfolio
S000035122,Strategic Advisers Short Duration Fund,Fidelity Rutland Square Trust II,product_type,,unknown,Strategic Advisers Duration
S000035412,LoCorr Long/Short Commodities Strategy Fund,LOCORR INVESTMENT TRUST,product_type,,unknown,LoCorr Long/Short Commodities Strategy
S000035446,Neuberger Long Short Fund,NEUBERGER BERMAN ALTERNATIVE FUNDS,product_type,,unknown,Neuberger
S000035596,FlexShares Ultra-Short Income Fund,FLEXSHARES TRUST,product_type,-2.0,unknown,FlexShares Ultra-Short Income
S000036259,Goldman Sachs Short Duration Bond Fund,GOLDMAN SACHS TRUST,product_type,,unknown,Goldman Sachs Duration Bond
S000036411,RIVERPARK LONG/SHORT OPPORTUNITY FUND,RIVERPARK FUNDS TRUST,product_type,,unknown,RIVERPARK LONG/SHORT OPPORTUNITY
S000036414,State Street(R) SPDR Bloomberg Short Term High Yield Bond ETF,SPDR SERIES TRUST,product_type,,unknown,State Street SPDR Bloomberg Term High Yield Bond
S000037042,iShares Short Duration Bond Active ETF,iShares U.S. ETF Trust,product_type,,unknown,Duration Bond Active
S000037048,PIMCO Short-Term Floating NAV Portfolio III,PIMCO FUNDS,product_type,,unknown,PIMCO Short-Term Floating NAV Portfolio III
S000037098,PIMCO Short Asset Investment Fund,PIMCO FUNDS,product_type,,unknown,PIMCO Asset Investment
S000038165,PIA Short Duration Bond Fund,ADVISORS SERIES TRUST,product_type,,unknown,PIA Duration Bond
S000038285,First Trust Short Duration High Income Fund,FIRST TRUST SERIES FUND,product_type,,unknown,First Duration High Income
S000038501,VANGUARD SHORT-TERM INFLATION-PROTECTED SECURITIES INDEX FUND,VANGUARD MALVERN FUNDS,product_type,,unknown,VANGUARD SHORT-TERM INFLATION-PROTECTED SECURITIES INDEX
S000038550,BlackRock Short Obligations Fund,BLACKROCK FUNDS,product_type,,unknown,BlackRock Obligations
S000038590,PGIM Short Duration High Yield Income Fund,"PRUDENTIAL INVESTMENT PORTFOLIOS, INC. 15",product_type,,unknown,PGIM Duration High Yield Income
S000038607,State Street(R) Ultra Short Term Bond ETF,SSGA Active Trust,product_type,-2.0,unknown,State Street Term Bond
S000038608,SPDR SSGA Conservative Ultra Short Term Bond ETF,SSGA Active Trust,product_type,-2.0,unknown,SPDR SSGA Conservative Term Bond
S000038609,SPDR SSGA Aggressive Ultra Short Term Bond ETF,SSGA Active Trust,product_type,-2.0,unknown,SPDR SSGA Aggressive Term Bond
S000038872,Shenkman Capital Short Duration High Income Fund,ADVISORS SERIES TRUST,product_type,,unknown,Shenkman Duration High Income
S000038896,Short Bond Fund,NORTHERN FUNDS,product_type,,unknown,Bond
S000038973,VanEck Short High Yield Muni ETF,VanEck ETF Trust,product_type,,unknown,VanEck High Yield Muni
S000039047,Sterling Capital Ultra Short Bond Fund,STERLING CAPITAL FUNDS,product_type,-2.0,unknown,Sterling Bond
S000039055,T. Rowe Price Ultra Short-Term Bond Fund,"T. Rowe Price Short-Term Bond Fund, Inc.",product_type,-2.0,unknown,T. Rowe Price Short-Term Bond
S000039195,AB Select US Long/Short Portfolio,"AB CAP FUND, INC.",product_type,,unknown,AB Select US Long/Short Portfolio
S000039301,NYLI MacKay Short Duration High Income Fund,NEW YORK LIFE INVESTMENTS FUNDS TRUST,product_type,,unknown,NYLI MacKay Duration High Income
S000039332,Persimmon Long/Short Fund,NORTHERN LIGHTS FUND TRUST III,product_type,,unknown,Persimmon Long/Short
S000039383,Voya Short Duration Bond Fund,Voya FUNDS TRUST,product_type,,unknown,Voya Duration Bond
S000039460,BlackRock Global Long/Short Equity Fund,BLACKROCK FUNDS,product_type,,unknown,BlackRock Global Long/Short Equity
S000039680,Nuveen Short Duration High Yield Municipal Bond Fund,NUVEEN MUNICIPAL TRUST/MA,product_type,,unknown,Nuveen Duration High Yield Municipal Bond
S000039730,Putnam Short Term Investment Fund,PUTNAM FUNDS TRUST,product_type,,unknown,Putnam Term Investment
S000039833,Putnam Short-Term Municipal Income Fund,PUTNAM FUNDS TRUST,product_type,,unknown,Putnam Short-Term Municipal Income
S000039927,JPMorgan Short Duration Core Plus Fund,JPMorgan Trust I,product_type,,unknown,JPMorgan Duration Core
S000039963,T. Rowe Price Short-Term Government Fund,"T. Rowe Price Reserve Investment Funds, Inc.",product_type,,unknown,T. Rowe Price Short-Term Government
S000039964,T. Rowe Price Short-Term Fund,"T. Rowe Price Reserve Investment Funds, Inc.",product_type,,unknown,T. Rowe Price Short-Term
S000040309,OAKHURST SHORT DURATION BOND FUND,F/M Funds Trust,product_type,,unknown,OAKHURST DURATION BOND
S000040474,iShares Ultra Short Duration Bond Active ETF,iShares U.S. ETF Trust,product_type,-2.0,unknown,Duration Bond Active
S000040579,Franklin Short Duration U.S. Government ETF,Franklin ETF Trust,product_type,,unknown,Franklin Duration U.S. Government
S000040754,The Gold Bullion Strategy Fund,Advisors Preferred Trust,product_type,,unknown,Gold Bullion Strategy
S000040915,Invesco Global Short Term High Yield Bond ETF,Invesco Exchange-Traded Fund Trust II,product_type,,unknown,Global Term High Yield Bond
S000040982,Boston Partners Global Long/Short Fund,"RBB FUND, INC.",product_type,,unknown,Boston Partners Global Long/Short
S000041095,Nationwide Loomis Short Term Bond Fund,NATIONWIDE MUTUAL FUNDS,product_type,,unknown,Nationwide Loomis Term Bond
S000041116,AQR Long-Short Equity Fund,AQR Funds,product_type,,unknown,AQR Long-Short Equity
S000041687,The Gold Bullion Strategy Portfolio,Advisors Preferred Trust,product_type,,unknown,Gold Bullion Strategy Portfolio
S000041848,ProShares CDS Short North American HY Credit ETF,PROSHARES TRUST,no_leverage_parsed,,daily,CDS North American HY Credit
S000042173,DFA Short-Duration Real Return Portfolio,DFA INVESTMENT DIMENSIONS GROUP INC,product_type,,unknown,DFA Short-Duration Real Return Portfolio
S000042758,Fidelity Short Duration High Income Fund,FIDELITY SUMMER STREET TRUST,product_type,,unknown,Fidelity Duration High Income
S000042789,Eaton Vance Short Duration High Income Fund,Eaton Vance Mutual Funds Trust,product_type,,unknown,Eaton Vance Duration High Income
S000042878,ProShares Short Term USD Emerging Markets Bond ETF,PROSHARES TRUST,product_type,-1.0,daily,Term USD Emerging Markets Bond
S000042991,WisdomTree Bloomberg U.S. Dollar Bullish Fund,WisdomTree Trust,product_type,,unknown,WisdomTree Bloomberg U.S. Dollar Bullish
S000043227,Goldman Sachs Short Duration High Yield Fund,GOLDMAN SACHS TRUST,product_type,,unknown,Goldman Sachs Duration High Yield
S000043331,Invesco Long/Short Equity Fund,AIM INVESTMENT FUNDS (INVESCO INVESTMENT FUNDS),product_type,,unknown,Long/Short Equity
S000043449,Seaport Long/Short Fund,JOHN HANCOCK INVESTMENT TRUST,product_type,,unknown,Seaport Long/Short
S000043499,PGIM Short Duration Multi-Sector Bond Fund,"PRUDENTIAL INVESTMENT PORTFOLIOS, INC. 17",product_type,,unknown,PGIM Duration Multi-Sector Bond
S000043669,Thornburg Short Duration Municipal Fund,THORNBURG INVESTMENT TRUST,product_type,,unknown,Thornburg Duration Municipal
S000043670,Thornburg Ultra Short Income Fund,THORNBURG INVESTMENT TRUST,product_type,-2.0,unknown,Thornburg Income
S000043689,Baird Ultra Short Bond Fund,BAIRD FUNDS INC,product_type,-2.0,unknown,Baird Bond
S000043717,Otter Creek Long/Short Opportunity Fund,PROFESSIONALLY MANAGED PORTFOLIOS,product_type,,unknown,Otter Creek Long/Short Opportunity
S000043718,RBC BlueBay Short Duration Fixed Income Fund,RBC FUNDS TRUST,product_type,,unknown,RBC BlueBay Duration Fixed Income
S000043719,RBC BlueBay Ultra-Short Fixed Income Fund,RBC FUNDS TRUST,product_type,-2.0,unknown,RBC BlueBay Ultra-Short Fixed Income
S000044037,Goldman Sachs Short-Term Conservative Income Fund,GOLDMAN SACHS TRUST,product_type,,unknown,Goldman Sachs Short-Term Conservative Income
S000044175,WBI BullBear Rising Income 2000 ETF,Absolute Shares Trust,product_type,,unknown,WBI BullBear Rising Income 2000
S000044176,WBI BullBear Global High Income ETF,Absolute Shares Trust,product_type,,unknown,WBI BullBear Global High Income
S000044177,WBI BullBear Value 2000 ETF,Absolute Shares Trust,product_type,,unknown,WBI BullBear Value 2000
S000044178,WBI BullBear Yield 2000 ETF,Absolute Shares Trust,product_type,,unknown,WBI BullBear Yield 2000
S000044179,WBI BullBear Quality 2000 ETF,Absolute Shares Trust,product_type,,unknown,WBI BullBear Quality 2000
S000044180,WBI BullBear Rising Income 3000 ETF,Absolute Shares Trust,product_type,,unknown,WBI BullBear Rising Income 3000
S000044181,WBI BullBear Value 3000 ETF,Absolute Shares Trust,product_type,,unknown,WBI BullBear Value 3000
S000044182,WBI BullBear Yield 3000 ETF,Absolute Shares Trust,product_type,,unknown,WBI BullBear Yield 3000
S000044183,WBI BullBear Quality 3000 ETF,Absolute Shares Trust,product_type,,unknown,WBI BullBear Quality 3000
S000044184,WBI BullBear Global Income ETF,Absolute Shares Trust,product_type,,unknown,WBI BullBear Global Income
S000044709,Pzena Long/Short Value Fund,ADVISORS SERIES TRUST,product_type,,unknown,Pzena Long/Short Value
S000044807,Medalist Partners Short Duration Fund,ADVISORS SERIES TRUST,product_type,,unknown,Medalist Partners Duration
S000044952,PIMCO Short-Term Exchange-Traded Fund,PIMCO ETF Trust,product_type,,unknown,PIMCO Short-Term Exchange-Traded
S000045029,Short Duration Income Portfolio,LORD ABBETT SERIES FUND INC,product_type,,unknown,Duration Income Portfolio
S000045503,PGIM QMA Long-Short Equity Fund,PRUDENTIAL INVESTMENT PORTFOLIOS 12,product_type,,unknown,PGIM QMA Long-Short Equity
S000045516,PGIM Short Duration Muni Fund,PRUDENTIAL INVESTMENT PORTFOLIOS 12,product_type,,unknown,PGIM Duration Muni
S000045700,First Trust Long/Short Equity ETF,FIRST TRUST EXCHANGE-TRADED FUND III,product_type,,unknown,First Long/Short Equity
S000045744,SPDR Nuveen S&P Short Duration High Yield Municipal Bond ETF,SPDR SERIES TRUST,product_type,,unknown,SPDR Nuveen S&P Duration High Yield Municipal Bond
S000045773,Ashmore Emerging Markets Short Duration Fund,Ashmore Funds,product_type,,unknown,Ashmore Emerging Markets Duration
S000045797,First Trust Enhanced Short Maturity ETF,FIRST TRUST EXCHANGE-TRADED FUND IV,product_type,,unknown,First Enhanced Maturity
S000045893,AAM HIMCO Short Duration Income Fund,Investment Managers Series Trust,product_type,,unknown,AAM HIMCO Duration Income
S000046093,Short Duration Strategic Income Fund,AMERICAN CENTURY INVESTMENT TRUST,product_type,,unknown,Duration Strategic Income
S000046345,JPMorgan Opportunistic Equity Long/Short Fund,JPMorgan Trust I,product_type,,unknown,JPMorgan Opportunistic Equity Long/Short
S000047288,PIMCO RAE Worldwide Long/Short PLUS Fund,PIMCO FUNDS,product_type,,unknown,PIMCO RAE Worldwide Long/Short
S000047352,iShares Short Maturity Municipal Bond Active ETF,iShares U.S. ETF Trust,product_type,,unknown,Maturity Municipal Bond Active
S000047391,Monthly Rebalance NASDAQ-100 2x Strategy Fund,RYDEX SERIES FUNDS,product_type,2.0,monthly,Monthly Rebalance NASDAQ-100 Strategy
S000047418,361 Global Long/Short Equity Fund,Investment Managers Series Trust,product_type,,unknown,361 Global Long/Short Equity
S000047600,SIMT Long/Short Alternative Fund,SEI INSTITUTIONAL MANAGED TRUST,product_type,,unknown,SIMT Long/Short Alternative
S000047725,Water Island Long/Short Fund,ARBITRAGE FUNDS,product_type,,unknown,Water Island Long/Short
S000048081,VANGUARD ULTRA-SHORT-TERM BOND FUND,VANGUARD FIXED INCOME SECURITIES FUNDS,product_type,-2.0,unknown,VANGUARD ULTRA-SHORT-TERM BOND
S000048126,ProShares UltraShort Gold Miners,PROSHARES TRUST,underlying_crypto_commod,-2.0,daily,Gold Miners
S000048127,ProShares Ultra Gold Miners,PROSHARES TRUST,underlying_crypto_commod,2.0,daily,Gold Miners
S000048583,Fidelity Series Short-Term Credit Fund,FIDELITY SALEM STREET TRUST,product_type,,unknown,Fidelity Series Short-Term Credit
S000049033,SPDR BofA Merrill Lynch Short Term Emerging Markets Government Bond ETF,SPDR SERIES TRUST,product_type,,unknown,SPDR BofA Merrill Lynch Term Emerging Markets Government Bond
S000049302,Lord Abbett Short Duration High Income Municipal Bond Fund,LORD ABBETT MUNICIPAL INCOME FUND INC,product_type,,unknown,Lord Abbett Duration High Income Municipal Bond
S000049375,Direxion Daily S&P Oil & Gas Exp. & Prod. Bull 2X Shares,Direxion Shares ETF Trust,underlying_crypto_commod,2.0,daily,S&P Oil Gas Exp. Prod
S000049376,Direxion Daily S&P Oil & Gas Exp. & Prod. Bear 2X Shares,Direxion Shares ETF Trust,underlying_crypto_commod,-2.0,daily,S&P Oil Gas Exp. Prod
S000049413,Hartford Municipal Short Duration Fund,"HARTFORD MUTUAL FUNDS, INC",product_type,,unknown,Hartford Municipal Duration
S000049659,VANGUARD INSTITUTIONAL SHORT-TERM BOND FUND,VANGUARD MALVERN FUNDS,product_type,,unknown,VANGUARD INSTITUTIONAL SHORT-TERM BOND
S000049727,ProShares UltraShort Oil & Gas Exploration & Production,PROSHARES TRUST,underlying_crypto_commod,-2.0,daily,Oil Gas Exploration Production
S000049732,ProShares Ultra Oil & Gas Exploration & Production,PROSHARES TRUST,underlying_crypto_commod,2.0,daily,Oil Gas Exploration Production
S000049912,Barings Active Short Duration Bond Fund,Barings Funds Trust,product_type,,unknown,Barings Active Duration Bond
S000049976,K2 Long Short Credit Fund,Franklin Alternative Strategies Funds,product_type,,unknown,K2 Credit
S000050277,Palmer Square Ultra-Short Duration Investment Grade Fund,Investment Managers Series Trust,product_type,-2.0,unknown,Palmer Square Ultra-Short Duration Investment Grade
S000050278,Nuveen Short Term Bond Index Fund,TIAA-CREF FUNDS,product_type,,unknown,Nuveen Term Bond Index
S000050324,Clough Global Long/Short Fund,Clough Funds Trust,product_type,,unknown,Clough Global Long/Short
S000050512,OAKHURST SHORT DURATION HIGH YIELD CREDIT FUND,F/M Funds Trust,product_type,,unknown,OAKHURST DURATION HIGH YIELD CREDIT
S000050575,Baird Short-Term Municipal Bond Fund,BAIRD FUNDS INC,product_type,,unknown,Baird Short-Term Municipal Bond
S000051015,Invesco Short Duration High Yield Municipal Fund,AIM COUNSELOR SERIES TRUST (INVESCO COUNSELOR SERIES TRUST),product_type,,unknown,Duration High Yield Municipal
S000051544,WBI BullBear Global Rotation ETF,Absolute Shares Trust,product_type,,unknown,WBI BullBear Global Rotation
S000051570,Virtus Newfleet Short Duration High Yield Bond ETF,Virtus ETF Trust II,product_type,,unknown,Virtus Newfleet Duration High Yield Bond
S000052013,Ultra Short Income Portfolio,MORGAN STANLEY INSTITUTIONAL FUND TRUST,product_type,-2.0,unknown,Income Portfolio
S000052162,State Street(R) DoubleLine(R) Short Duration Total Return Tactical ETF,SSGA Active Trust,product_type,,unknown,State Street DoubleLine Duration Total Return Tactical
S000052217,Nuance Concentrated Value Long-Short Fund,Managed Portfolio Series,product_type,,unknown,Nuance Concentrated Value Long-Short
S000052237,Ultra-Short Term Fixed Income Fund,MORGAN STANLEY PATHWAY FUNDS,product_type,-2.0,unknown,Ultra-Short Term Fixed Income
S000052577,Calamos Phineus Long/Short Fund,CALAMOS INVESTMENT TRUST/IL,product_type,,unknown,Calamos Phineus Long/Short
S000052787,Direxion Monthly High Yield Bull 1.2X Fund,DIREXION FUNDS,product_type,1.2,monthly,Monthly High Yield
S000052823,JPMorgan Ultra-Short Municipal Fund,JPMORGAN TRUST IV,product_type,-2.0,unknown,JPMorgan Ultra-Short Municipal
S000052837,iShares Short-Term TIPS Bond Index Fund,BLACKROCK FUNDS,product_type,,unknown,Short-Term TIPS Bond Index
S000053315,Direxion Monthly NASDAQ-100 Bull 1.25X Fund,DIREXION FUNDS,product_type,1.25,monthly,Monthly NASDAQ-100
S000053339,361 Domestic Long/Short Equity Fund,Investment Managers Series Trust,product_type,,unknown,361 Domestic Long/Short Equity
S000053482,WisdomTree U.S. Short-Term Corporate Bond Fund,WisdomTree Trust,product_type,,unknown,WisdomTree U.S. Short-Term Corporate Bond
S000053484,WisdomTree U.S. Short-Term High Yield Corporate Bond Fund,WisdomTree Trust,product_type,,unknown,WisdomTree U.S. Short-Term High Yield Corporate Bond
S000053720,BISHOP STREET SHORT-DURATION BOND FUND,BISHOP STREET FUNDS,product_type,,unknown,BISHOP STREET SHORT-DURATION BOND
S000054374,Cambria Long Short ETF,Cambria ETF Trust,no_leverage_parsed,,unknown,Cambria
S000054429,DoubleLine Ultra Short Bond Fund,DoubleLine Funds Trust,product_type,-2.0,unknown,DoubleLine Bond
S000054430,Short Term Tax Aware Fixed Income Portfolio,GLENMEDE FUND INC,product_type,,unknown,Term Tax Aware Fixed Income Portfolio
S000054584,CRM LONG/SHORT OPPORTUNITIES,CRM Mutual Fund Trust,product_type,,unknown,CRM LONG/SHORT OPPORTUNITIES
S000054592,THRIVENT CORE SHORT-TERM RESERVE FUND,Thrivent Core Funds,product_type,,unknown,THRIVENT CORE SHORT-TERM RESERVE
S000054677,Transamerica Asset Allocation Short Horizon,TRANSAMERICA FUNDS,no_leverage_parsed,,unknown,Transamerica Asset Allocation Horizon
S000054790,JPMorgan Ultra-Short Income ETF,J.P. Morgan Exchange-Traded Fund Trust,product_type,-2.0,unknown,JPMorgan Ultra-Short Income
S000055043,DIAMOND HILL SHORT DURATION SECURITIZED BOND,DIAMOND HILL FUNDS,product_type,,unknown,DIAMOND HILL DURATION SECURITIZED BOND
S000055054,Invesco Short Term Treasury ETF,Invesco Exchange-Traded Fund Trust II,product_type,,unknown,Term Treasury
S000055281,Janus Henderson Short Duration Income ETF,Janus Detroit Street Trust,product_type,,unknown,Janus Henderson Duration Income
S000055282,Lord Abbett Ultra Short Bond Fund,LORD ABBETT INVESTMENT TRUST,product_type,-2.0,unknown,Lord Abbett Bond
S000055293,AAAMCO Ultrashort Financing Fund,ASSET MANAGEMENT FUND,product_type,-2.0,unknown,AAAMCO Financing
S000055646,Nuveen Short-Term REIT ETF,Nushares ETF Trust,no_leverage_parsed,,unknown,Nuveen Short-Term REIT
S000055863,Princeton Long/Short Treasury Fund,Northern Lights Fund Trust,product_type,,unknown,Princeton Long/Short Treasury
S000056004,Thornburg Long/Short Equity Fund,THORNBURG INVESTMENT TRUST,product_type,,unknown,Thornburg Long/Short Equity
S000056208,Schwab Short-Term Bond Index Fund,SCHWAB INVESTMENTS,product_type,,unknown,Schwab Short-Term Bond Index
S000056360,Fidelity Flex Short-Term Bond Fund,FIDELITY SALEM STREET TRUST,product_type,,unknown,Fidelity Flex Short-Term Bond
S000056809,Lord Abbett Short Duration Core Bond Fund,LORD ABBETT INVESTMENT TRUST,product_type,,unknown,Lord Abbett Duration Core Bond
S000057029,Virtus Seix Short-Term Bond Fund,VIRTUS ASSET TRUST,product_type,,unknown,Virtus Seix Short-Term Bond
S000057030,Virtus Seix Short-Term Municipal Bond Fund,VIRTUS ASSET TRUST,product_type,,unknown,Virtus Seix Short-Term Municipal Bond
S000057032,Virtus Seix U.S. Government Securities Ultra-Short Bond Fund,VIRTUS ASSET TRUST,product_type,-2.0,unknown,Virtus Seix U.S. Government Securities Ultra-Short Bond
S000057035,Virtus Seix Ultra-Short Bond Fund,VIRTUS ASSET TRUST,product_type,-2.0,unknown,Virtus Seix Ultra-Short Bond
S000057171,Direxion Daily MSCI Canada Bull 3X Shares,Direxion Shares ETF Trust,underlying_crypto_commod,3.0,daily,MSCI Canada
S000057172,Direxion Daily MSCI Canada Bear 3X Shares,Direxion Shares ETF Trust,underlying_crypto_commod,-3.0,daily,MSCI Canada
S000057662,IQ MacKay Municipal Short Duration ETF,IndexIQ Active ETF Trust,product_type,,unknown,IQ MacKay Municipal Duration
S000057664,WisdomTree Yield Enhanced U.S. Short-Term Aggregate Bond Fund,WisdomTree Trust,product_type,,unknown,WisdomTree Yield Enhanced U.S. Short-Term Aggregate Bond
S000057698,Nationwide Long/Short Equity Fund,NATIONWIDE MUTUAL FUNDS,product_type,,unknown,Nationwide Long/Short Equity
S000057874,PIMCO Short Asset Portfolio,PIMCO FUNDS,product_type,,unknown,PIMCO Asset Portfolio
S000057935,CARILLON CHARTWELL SHORT DURATION HIGH YIELD FUND,Chartwell Funds,product_type,,unknown,CARILLON CHARTWELL DURATION HIGH YIELD
S000058052,Penn Capital Short Duration High Income Fund,RBB Fund Trust,product_type,,unknown,Penn Duration High Income
S000058178,Counterpoint Long-Short Equity Fund,NORTHERN LIGHTS FUND TRUST III,product_type,,unknown,Counterpoint Long-Short Equity
S000058253,Innovator U.S. Equity Ultra Buffer ETF - July,Innovator ETFs Trust,product_type,2.0,unknown,Innovator U.S. Equity Buffer - July
S000058282,Gotham Short Strategies Fund,FundVantage Trust,product_type,,unknown,Gotham Strategies
S000058422,Xtrackers Short Duration High Yield Bond ETF,DBX ETF TRUST,product_type,,unknown,Xtrackers Duration High Yield Bond
S000059301,Fidelity Short-Term Bond Index Fund,FIDELITY SALEM STREET TRUST,product_type,,unknown,Fidelity Short-Term Bond Index
S000059656,ProShares Long Online/Short Stores ETF,PROSHARES TRUST,no_leverage_parsed,,daily,Online/Short Stores
S000060081,Ultra Short Tax-Free Income Fund,Cavanal Hill Funds,product_type,-2.0,unknown,Tax-Free Income
S000060082,Natixis Loomis Sayles Short Duration Income ETF,Natixis ETF Trust,product_type,,unknown,Natixis Loomis Sayles Duration Income
S000060103,Strategic Advisers Tax-Sensitive Short Duration Fund,Fidelity Rutland Square Trust II,product_type,,unknown,Strategic Advisers Tax-Sensitive Duration
S000060783,Invesco Ultra Short Duration ETF,INVESCO ACTIVELY MANAGED EXCHANGE-TRADED FUND TRUST,product_type,-2.0,unknown,Duration
S000060831,Invesco BulletShares 2027 Corporate Bond ETF,Invesco Exchange-Traded Self-Indexed Fund Trust,product_type,,unknown,BulletShares 2027 Corporate Bond
S000060832,Invesco BulletShares 2021 High Yield Corporate Bond ETF,Invesco Exchange-Traded Self-Indexed Fund Trust,product_type,,unknown,BulletShares 2021 High Yield Corporate Bond
S000060833,Invesco BulletShares 2022 Corporate Bond ETF,Invesco Exchange-Traded Self-Indexed Fund Trust,product_type,,unknown,BulletShares 2022 Corporate Bond
S000060834,Invesco BulletShares 2022 High Yield Corporate Bond ETF,Invesco Exchange-Traded Self-Indexed Fund Trust,product_type,,unknown,BulletShares 2022 High Yield Corporate Bond
S000060835,Invesco BulletShares 2023 Corporate Bond ETF,Invesco Exchange-Traded Self-Indexed Fund Trust,product_type,,unknown,BulletShares 2023 Corporate Bond
S000060836,Invesco BulletShares 2023 High Yield Corporate Bond ETF,Invesco Exchange-Traded Self-Indexed Fund Trust,product_type,,unknown,BulletShares 2023 High Yield Corporate Bond
S000060837,Invesco BulletShares 2024 Corporate Bond ETF,Invesco Exchange-Traded Self-Indexed Fund Trust,product_type,,unknown,BulletShares 2024 Corporate Bond
S000060838,Invesco BulletShares 2024 High Yield Corporate Bond ETF,Invesco Exchange-Traded Self-Indexed Fund Trust,product_type,,unknown,BulletShares 2024 High Yield Corporate Bond
S000060839,Invesco BulletShares 2025 Corporate Bond ETF,Invesco Exchange-Traded Self-Indexed Fund Trust,product_type,,unknown,BulletShares 2025 Corporate Bond
S000060840,Invesco BulletShares 2026 Corporate Bond ETF,Invesco Exchange-Traded Self-Indexed Fund Trust,product_type,,unknown,BulletShares 2026 Corporate Bond
S000060842,Invesco BulletShares 2025 High Yield Corporate Bond ETF,Invesco Exchange-Traded Self-Indexed Fund Trust,product_type,,unknown,BulletShares 2025 High Yield Corporate Bond
S000060847,Invesco BulletShares 2019 Corporate Bond ETF,Invesco Exchange-Traded Self-Indexed Fund Trust,product_type,,unknown,BulletShares 2019 Corporate Bond
S000060848,Invesco BulletShares 2019 High Yield Corporate Bond ETF,Invesco Exchange-Traded Self-Indexed Fund Trust,product_type,,unknown,BulletShares 2019 High Yield Corporate Bond
S000060849,Invesco BulletShares 2020 Corporate Bond ETF,Invesco Exchange-Traded Self-Indexed Fund Trust,product_type,,unknown,BulletShares 2020 Corporate Bond
S000060850,Invesco BulletShares 2020 High Yield Corporate Bond ETF,Invesco Exchange-Traded Self-Indexed Fund Trust,product_type,,unknown,BulletShares 2020 High Yield Corporate Bond
S000060851,Invesco BulletShares 2021 Corporate Bond ETF,Invesco Exchange-Traded Self-Indexed Fund Trust,product_type,,unknown,BulletShares 2021 Corporate Bond
S000061239,PPM Long Short Credit Fund,PPM Funds,product_type,,unknown,PPM Credit
S000061509,Angel Oak UltraShort Income Fund,Angel Oak Funds Trust,product_type,-2.0,unknown,Angel Oak Income
S000061519,abrdn Short Duration High Yield Municipal Fund,abrdn Funds,product_type,,unknown,abrdn Duration High Yield Municipal
S000061523,abrdn Ultra Short Municipal Income Fund,abrdn Funds,product_type,-2.0,unknown,abrdn Municipal Income
S000061557,LVIP SSGA Short-Term Bond Index Fund,LINCOLN VARIABLE INSURANCE PRODUCTS TRUST,product_type,,unknown,LVIP SSGA Short-Term Bond Index
S000061589,PGIM Ultra Short Bond ETF,PGIM ETF TRUST,product_type,-2.0,unknown,PGIM Bond
S000061648,Six Circles Tax Aware Ultra Short Duration Fund,Six Circles Trust,product_type,-2.0,unknown,Six Circles Tax Aware Duration
S000061650,Six Circles Ultra Short Duration Fund,Six Circles Trust,product_type,-2.0,unknown,Six Circles Duration
S000061763,Sirios Long/Short Fund,FundVantage Trust,product_type,,unknown,Sirios Long/Short
S000061914,Hartford Short Duration ETF,Hartford Funds Exchange-Traded Trust,product_type,,unknown,Hartford Duration
S000061955,UBS Ultra Short Income Fund,UBS Series Funds,product_type,-2.0,unknown,UBS Income
S000062084,AdvisorShares Dorsey Wright Short ETF,AdvisorShares Trust,no_leverage_parsed,,unknown,Dorsey Wright
S000062104,AllianzGI Short Term Bond Fund,Virtus Strategy Trust,product_type,,unknown,AllianzGI Term Bond
S000062209,ALPS | Smith Short Duration Bond Fund,FINANCIAL INVESTORS TRUST,product_type,,unknown,ALPS | Smith Duration Bond
S000062370,BlackRock Global Long/Short Credit Fund,BlackRock Funds IV,product_type,,unknown,BlackRock Global Long/Short Credit
S000062383,ClearShares Ultra-Short Maturity ETF,ETF Series Solutions,product_type,-2.0,unknown,ClearShares Ultra-Short Maturity
S000062446,ProShares Short Communication Services Select Sector,PROSHARES TRUST,product_type,-1.0,daily,Communication Services Select Sector
S000062447,ProShares UltraShort Communication Services Select Sector,PROSHARES TRUST,product_type,-2.0,daily,Communication Services Select Sector
S000062448,ProShares UltraPro Short Communication Services Select Sector,PROSHARES TRUST,product_type,-3.0,daily,Communication Services Select Sector
S000062449,ProShares Ultra Communication Services Select Sector,PROSHARES TRUST,product_type,2.0,daily,Communication Services Select Sector
S000062450,ProShares UltraPro Communication Services Select Sector,PROSHARES TRUST,product_type,3.0,daily,Communication Services Select Sector
S000062551,Invesco BulletShares 2028 Corporate Bond ETF,Invesco Exchange-Traded Self-Indexed Fund Trust,product_type,,unknown,BulletShares 2028 Corporate Bond
S000062552,Invesco BulletShares 2026 High Yield Corporate Bond ETF,Invesco Exchange-Traded Self-Indexed Fund Trust,product_type,,unknown,BulletShares 2026 High Yield Corporate Bond
S000062836,Invesco BulletShares 2021 USD Emerging Markets Debt ETF,Invesco Exchange-Traded Self-Indexed Fund Trust,no_leverage_parsed,,unknown,BulletShares 2021 USD Emerging Markets Debt
S000062837,Invesco BulletShares 2022 USD Emerging Markets Debt ETF,Invesco Exchange-Traded Self-Indexed Fund Trust,no_leverage_parsed,,unknown,BulletShares 2022 USD Emerging Markets Debt
S000062838,Invesco BulletShares 2023 USD Emerging Markets Debt ETF,Invesco Exchange-Traded Self-Indexed Fund Trust,no_leverage_parsed,,unknown,BulletShares 2023 USD Emerging Markets Debt
S000062839,Invesco BulletShares 2024 USD Emerging Markets Debt ETF,Invesco Exchange-Traded Self-Indexed Fund Trust,no_leverage_parsed,,unknown,BulletShares 2024 USD Emerging Markets Debt
S000062841,Invesco BulletShares 2028 Municipal Bond ETF,Invesco Exchange-Traded Self-Indexed Fund Trust,product_type,,unknown,BulletShares 2028 Municipal Bond
S000062843,Invesco BulletShares 2021 Municipal Bond ETF,Invesco Exchange-Traded Self-Indexed Fund Trust,product_type,,unknown,BulletShares 2021 Municipal Bond
S000062844,Invesco BulletShares 2022 Municipal Bond ETF,Invesco Exchange-Traded Self-Indexed Fund Trust,product_type,,unknown,BulletShares 2022 Municipal Bond
S000062845,Invesco BulletShares 2023 Municipal Bond ETF,Invesco Exchange-Traded Self-Indexed Fund Trust,product_type,,unknown,BulletShares 2023 Municipal Bond
S000062846,Invesco BulletShares 2024 Municipal Bond ETF,Invesco Exchange-Traded Self-Indexed Fund Trust,product_type,,unknown,BulletShares 2024 Municipal Bond
S000062847,Invesco BulletShares 2025 Municipal Bond ETF,Invesco Exchange-Traded Self-Indexed Fund Trust,product_type,,unknown,BulletShares 2025 Municipal Bond
S000062848,Invesco BulletShares 2026 Municipal Bond ETF,Invesco Exchange-Traded Self-Indexed Fund Trust,product_type,,unknown,BulletShares 2026 Municipal Bond
S000062849,Invesco BulletShares 2027 Municipal Bond ETF,Invesco Exchange-Traded Self-Indexed Fund Trust,product_type,,unknown,BulletShares 2027 Municipal Bond
S000062995,Calamos Short-Term Bond Fund,CALAMOS INVESTMENT TRUST/IL,product_type,,unknown,Calamos Short-Term Bond
S000063053,Vesper U.S. Large Cap Short-Term Reversal Strategy ETF,EXCHANGE TRADED CONCEPTS TRUST,no_leverage_parsed,,unknown,Vesper U.S. Large Cap Short-Term Reversal Strategy
S000063269,JPMorgan Ultra-Short Municipal Income ETF,J.P. Morgan Exchange-Traded Fund Trust,product_type,-2.0,unknown,JPMorgan Ultra-Short Municipal Income
S000063356,AB Short Duration Income Portfolio,"AB BOND FUND, INC.",product_type,,unknown,AB Duration Income Portfolio
S000063411,Direxion Daily Communication Services Index Bull 3X Shares,Direxion Shares ETF Trust,product_type,3.0,daily,Communication Services Index
S000063412,Direxion Daily Communication Services Index Bear 3X Shares,Direxion Shares ETF Trust,product_type,-3.0,daily,Communication Services Index
S000063443,First Trust Ultra Short Duration Municipal ETF,FIRST TRUST EXCHANGE-TRADED FUND III,product_type,-2.0,unknown,First Duration Municipal
S000063445,First Trust Short Duration Managed Municipal ETF,FIRST TRUST EXCHANGE-TRADED FUND III,product_type,,unknown,First Duration Managed Municipal
S000063479,Innovator U.S. Equity Ultra Buffer ETF - October,Innovator ETFs Trust,product_type,2.0,unknown,Innovator U.S. Equity Buffer - October
S000063493,Guggenheim Ultra Short Duration Fund,GUGGENHEIM FUNDS TRUST,product_type,-2.0,daily,Guggenheim Duration
S000063523,Nuveen Short Duration Impact Bond Fund,TIAA-CREF FUNDS,product_type,,unknown,Nuveen Duration Impact Bond
S000063572,National Investment Services Ultra-Short Duration Enhanced Income ETF,Tidal ETF Trust,product_type,-2.0,unknown,National Investment Services Ultra-Short Duration Enhanced Income
S000063645,Virtus KAR Long/Short Equity Fund,VIRTUS ALTERNATIVE SOLUTIONS TRUST,product_type,,unknown,Virtus KAR Long/Short Equity
S000063703,FS Long/Short Equity Fund,FS Series Trust,product_type,,unknown,FS Long/Short Equity
S000063742,IQ Short Duration Enhanced Core Bond U.S. ETF,IndexIQ ETF Trust,product_type,,unknown,IQ Duration Enhanced Core Bond U.S
S000063758,SBH SHORT TERM PLUS FUND,Segall Bryant & Hamill Trust,product_type,,unknown,SBH TERM
S000063885,Short Duration Municipal Income Portfolio,MORGAN STANLEY INSTITUTIONAL FUND TRUST,product_type,,unknown,Duration Municipal Income Portfolio
S000063940,City National Rochdale Short Term Emerging Markets Debt Fund,CITY NATIONAL ROCHDALE FUNDS,product_type,,unknown,City National Rochdale Term Emerging Markets Debt
S000063996,Innovator U.S. Equity Ultra Buffer ETF - January,Innovator ETFs Trust,product_type,2.0,unknown,Innovator U.S. Equity Buffer - January
S000064104,Goldman Sachs Ultra Short Bond ETF,Goldman Sachs ETF Trust,product_type,-2.0,unknown,Goldman Sachs Bond
S000064209,Western Asset Short Duration Income ETF,Legg Mason ETF Investment Trust,product_type,,unknown,Western Asset Duration Income
S000064614,Invesco Short Term Municipal Fund,AIM COUNSELOR SERIES TRUST (INVESCO COUNSELOR SERIES TRUST),product_type,,unknown,Term Municipal
S000064812,Navigator Ultra Short Bond Fund,Northern Lights Fund Trust,product_type,-2.0,unknown,Navigator Bond
S000065115,Innovator U.S. Equity Ultra Buffer ETF - April,Innovator ETFs Trust,product_type,2.0,unknown,Innovator U.S. Equity Buffer - April
S000065159,VictoryShares Short-Term Bond ETF,Victory Portfolios II,product_type,,unknown,VictoryShares Short-Term Bond
S000065179,Principal Ultra-Short Active Income ETF,Principal Exchange-Traded Funds,product_type,-2.0,unknown,Principal Ultra-Short Active Income
S000065272,Leader Capital Short Term High Yield Bond Fund,Leader Funds Trust,product_type,,unknown,Leader Term High Yield Bond
S000065371,Innovator U.S. Equity Ultra Buffer ETF - June,Innovator ETFs Trust,product_type,2.0,unknown,Innovator U.S. Equity Buffer - June
S000065406,Greenwich Ivy Long-Short Fund,Collaborative Investment Series Trust,product_type,,unknown,Greenwich Ivy Long-Short
S000065486,HSBC Ultra Short Bond Fund,HSBC FUNDS,product_type,-2.0,unknown,HSBC Bond
S000065585,WBI BullBear Trend Switch US 1000 ETF,Absolute Shares Trust,product_type,,unknown,WBI BullBear Trend Switch US 1000
S000065586,WBI BullBear Trend Switch US 1000 Total Return ETF,Absolute Shares Trust,product_type,,unknown,WBI BullBear Trend Switch US 1000 Total Return
S000065587,WBI BullBear Trend Switch US 2000 ETF,Absolute Shares Trust,product_type,,unknown,WBI BullBear Trend Switch US 2000
S000065588,WBI BullBear Trend Switch US 2000 Total Return ETF,Absolute Shares Trust,product_type,,unknown,WBI BullBear Trend Switch US 2000 Total Return
S000065589,WBI BullBear Trend Switch US 3000 Total Return ETF,Absolute Shares Trust,product_type,,unknown,WBI BullBear Trend Switch US 3000 Total Return
S000065590,WBI BullBear Trend Switch US Total Return ETF,Absolute Shares Trust,product_type,,unknown,WBI BullBear Trend Switch US Total Return
S000065628,Pacific Funds Ultra Short Income,PACIFIC FUNDS SERIES TRUST,product_type,-2.0,unknown,Pacific Funds Income
S000065984,Short Duration Bond Fund,JOHN HANCOCK BOND TRUST,product_type,,unknown,Duration Bond
S000066016,Invesco BulletShares 2029 Corporate Bond ETF,Invesco Exchange-Traded Self-Indexed Fund Trust,product_type,,unknown,BulletShares 2029 Corporate Bond
S000066017,Invesco BulletShares 2027 High Yield Corporate Bond ETF,Invesco Exchange-Traded Self-Indexed Fund Trust,product_type,,unknown,BulletShares 2027 High Yield Corporate Bond
S000066048,IQ Ultra Short Duration ETF,New York Life Investments Active ETF Trust,product_type,-2.0,unknown,IQ Duration
S000066060,Innovator U.S. Equity Ultra Buffer ETF - August,Innovator ETFs Trust,product_type,2.0,unknown,Innovator U.S. Equity Buffer - August
S000066123,Invesco BulletShares 2025 USD Emerging Markets Debt ETF,Invesco Exchange-Traded Self-Indexed Fund Trust,no_leverage_parsed,,unknown,BulletShares 2025 USD Emerging Markets Debt
S000066147,Invesco BulletShares 2029 Municipal Bond ETF,Invesco Exchange-Traded Self-Indexed Fund Trust,product_type,,unknown,BulletShares 2029 Municipal Bond
S000066148,Invesco BulletShares 2030 Municipal Bond ETF,Invesco Exchange-Traded Self-Indexed Fund Trust,product_type,,unknown,BulletShares 2030 Municipal Bond
S000066307,Innovator U.S. Equity Ultra Buffer ETF - September,Innovator ETFs Trust,product_type,2.0,unknown,Innovator U.S. Equity Buffer - September
S000066452,Merlyn.AI Bull-Rider Bear-Fighter ETF,EA Series Trust,no_leverage_parsed,,unknown,Merlyn.AI Bull-Rider Bear-Fighter
S000066638,Knights of Columbus Long/Short Equity Fund,Advisors' Inner Circle Fund III,product_type,,unknown,Knights Columbus Long/Short Equity
S000066725,RED CEDAR SHORT TERM BOND FUND,Red Cedar Fund Trust,product_type,,unknown,RED CEDAR TERM BOND
S000066826,Innovator U.S. Equity Ultra Buffer ETF - November,Innovator ETFs Trust,product_type,2.0,unknown,Innovator U.S. Equity Buffer - November
S000066956,Integrity Short Term Government Fund,INTEGRITY FUNDS,product_type,,unknown,Integrity Term Government
S000066983,PIMCO Enhanced Short Maturity Active ESG Exchange-Traded Fund,PIMCO ETF Trust,product_type,,unknown,PIMCO Enhanced Maturity Active ESG Exchange-Traded
S000067131,Innovator U.S. Equity Ultra Buffer ETF - December,Innovator ETFs Trust,product_type,2.0,unknown,Innovator U.S. Equity Buffer - December
S000067266,BNY Mellon Short Duration Corporate Bond ETF,BNY Mellon ETF Trust,product_type,,unknown,BNY Mellon Duration Corporate Bond
S000067443,Midwood Long/Short Equity Fund,360 Funds,product_type,,unknown,Midwood Long/Short Equity
S000067447,LEBENTHAL ULTRA SHORT TAX-FREE INCOME FUND,CENTAUR MUTUAL FUNDS TRUST,product_type,-2.0,unknown,LEBENTHAL TAX-FREE INCOME
S000067825,Innovator U.S. Equity Ultra Buffer ETF - February,Innovator ETFs Trust,product_type,2.0,unknown,Innovator U.S. Equity Buffer - February
S000067914,American Beacon TwentyFour Short Term Bond Fund,AMERICAN BEACON FUNDS,product_type,,unknown,American Beacon TwentyFour Term Bond
S000068052,Invesco Short-Term Bond Factor ETF,INVESCO ACTIVELY MANAGED EXCHANGE-TRADED FUND TRUST,product_type,,unknown,Short-Term Bond Factor
S000068075,Innovator U.S. Equity Ultra Buffer ETF - March,Innovator ETFs Trust,product_type,2.0,unknown,Innovator U.S. Equity Buffer - March
S000068109,JNL/Lord Abbett Short Duration Income Fund,JNL SERIES TRUST,product_type,,unknown,JNL/Lord Abbett Duration Income
S000068139,Franklin Ultra Short Bond ETF,Franklin Templeton ETF Trust,product_type,-2.0,unknown,Franklin Bond
S000068467,Lord Abbett Short Duration High Yield Fund,LORD ABBETT TRUST I,product_type,,unknown,Lord Abbett Duration High Yield
S000068502,Innovator U.S. Equity Ultra Buffer ETF - May,Innovator ETFs Trust,product_type,2.0,unknown,Innovator U.S. Equity Buffer - May
S000068548,iShares Short Duration High Yield Muni Active ETF,BlackRock ETF Trust II,product_type,,unknown,Duration High Yield Muni Active
S000068707,Potomac Defensive Bull Fund,PFS FUNDS,product_type,,unknown,Potomac Defensive
S000068797,Ashmore Emerging Markets Short Duration Select Fund,Ashmore Funds,product_type,,unknown,Ashmore Emerging Markets Duration Select
S000069306,Avantis Short-Term Fixed Income ETF,AMERICAN CENTURY ETF TRUST,product_type,,unknown,Avantis Short-Term Fixed Income
S000069309,Avantis Short-Term Fixed Income Fund,AMERICAN CENTURY ETF TRUST,product_type,,unknown,Avantis Short-Term Fixed Income
S000069362,Invesco BulletShares 2028 High Yield Corporate Bond ETF,Invesco Exchange-Traded Self-Indexed Fund Trust,product_type,,unknown,BulletShares 2028 High Yield Corporate Bond
S000069363,Invesco BulletShares 2030 Corporate Bond ETF,Invesco Exchange-Traded Self-Indexed Fund Trust,product_type,,unknown,BulletShares 2030 Corporate Bond
S000069441,Fidelity SAI Short-Term Bond Fund,FIDELITY SALEM STREET TRUST,product_type,,unknown,Fidelity SAI Short-Term Bond
S000069481,WAYCROSS LONG/SHORT EQUITY FUND,Waycross Independent Trust,product_type,,unknown,WAYCROSS LONG/SHORT EQUITY
S000069548,PIMCO All Asset: Multi-Short PLUS Fund,PIMCO FUNDS,product_type,,unknown,PIMCO All Asset: Multi-Short
S000069612,T. Rowe Price Short Duration Income Fund,"T. Rowe Price Short-Term Bond Fund, Inc.",product_type,,unknown,T. Rowe Price Duration Income
S000069693,Leatherback Long/Short Absolute Return ETF,Tidal Trust I,product_type,,unknown,Leatherback Long/Short Absolute Return
S000069694,Leatherback Long/short Alternative Yield ETF,Tidal Trust I,product_type,,unknown,Leatherback Long/short Alternative Yield
S000069997,Clough Long/Short Equity ETF,Listed Funds Trust,product_type,,unknown,Clough Long/Short Equity
S000070167,LVIP JPMorgan Short Duration Bond Fund,LINCOLN VARIABLE INSURANCE PRODUCTS TRUST,product_type,,unknown,LVIP JPMorgan Duration Bond
S000070435,Guardian Short Duration Bond VIP Fund,Guardian Variable Products Trust,product_type,,unknown,Guardian Duration Bond VIP
S000070642,Overlay Shares Short Term Bond ETF,Listed Funds Trust,product_type,,unknown,Overlay Term Bond
S000070656,Federated Hermes Conservative Microshort Fund,Federated Hermes Adviser Series,product_type,,unknown,Federated Hermes Conservative Microshort
S000070657,Federated Hermes Conservative Municipal Microshort Fund,Federated Hermes Adviser Series,product_type,,unknown,Federated Hermes Conservative Municipal Microshort
S000071021,Direxion Bitcoin Strategy Bear ETF,Direxion Shares ETF Trust,product_type,,unknown,Bitcoin Strategy
S000071090,JPMorgan Short Duration Core Plus ETF,J.P. Morgan Exchange-Traded Fund Trust,product_type,,unknown,JPMorgan Duration Core
S000071399,VANGUARD ULTRA-SHORT BOND ETF,VANGUARD BOND INDEX FUNDS,product_type,-2.0,unknown,VANGUARD ULTRA-SHORT BOND
S000071413,Lincoln S&P 500 Ultra Buffer Fund May,LINCOLN VARIABLE INSURANCE PRODUCTS TRUST,product_type,2.0,unknown,Lincoln S&P 500 Buffer May
S000071543,ACCESS FLEX BEAR HIGH YIELD PROFUND,ProFunds,product_type,,daily,ACCESS FLEX HIGH YIELD PROFUND
S000071657,CrossingBridge Ultra-Short Duration Fund,TRUST FOR PROFESSIONAL MANAGERS,product_type,-2.0,unknown,CrossingBridge Ultra-Short Duration
S000071703,BATS: Short Term Municipal Income Series,BLACKROCK ALLOCATION TARGET SHARES,product_type,,unknown,BATS: Term Municipal Income Series
S000071827,Short Term Bonds Portfolio,"Primus Trust Mutual Fund, Inc.",product_type,,unknown,Term Bonds Portfolio
S000071842,The Short De-SPAC ETF,Collaborative Investment Series Trust,no_leverage_parsed,,unknown,De-SPAC
S000072014,ETFMG Prime 2x Daily Junior Silver Miners ETF,ETF Managers Trust,underlying_crypto_commod,2.0,daily,Prime Junior Silver Miners
S000072015,ETFMG Prime 2x Daily Inverse Junior Silver Miners ETF,ETF Managers Trust,underlying_crypto_commod,-2.0,daily,Prime Junior Silver Miners
S000072079,Direxion Daily 5G Communications Bull 2X Shares,Direxion Shares ETF Trust,product_type,2.0,daily,5G Communications
S000072080,Direxion Daily 5G Communications Bear 2X Shares,Direxion Shares ETF Trust,product_type,-2.0,daily,5G Communications
S000072178,John Hancock Ultra Short Income ETF,John Hancock Exchange-Traded Fund Trust,product_type,-2.0,unknown,John Hancock Income
S000072466,WisdomTree Short-Term Treasury Digital Fund,WisdomTree Digital Trust,product_type,,unknown,WisdomTree Short-Term Treasury Digital
S000072501,BNY Mellon Ultra Short Income ETF,BNY Mellon ETF Trust,product_type,-2.0,unknown,BNY Mellon Income
S000072675,Lincoln S&P 500 Ultra Buffer Fund Aug,LINCOLN VARIABLE INSURANCE PRODUCTS TRUST,product_type,2.0,unknown,Lincoln S&P 500 Buffer Aug
S000072677,Lincoln S&P 500 Ultra Buffer Fund Nov,LINCOLN VARIABLE INSURANCE PRODUCTS TRUST,product_type,2.0,unknown,Lincoln S&P 500 Buffer Nov
S000072679,Lincoln S&P 500 Ultra Buffer Fund Feb,LINCOLN VARIABLE INSURANCE PRODUCTS TRUST,product_type,2.0,unknown,Lincoln S&P 500 Buffer Feb
S000072799,T. Rowe Price Ultra Short-Term Bond ETF,"T. Rowe Price Exchange-Traded Funds, Inc.",product_type,-2.0,unknown,T. Rowe Price Short-Term Bond
S000073002,CrossingBridge Ultra-Short Duration ETF,TRUST FOR PROFESSIONAL MANAGERS,product_type,-2.0,unknown,CrossingBridge Ultra-Short Duration
S000073018,Invesco BulletShares 2031 Corporate Bond ETF,Invesco Exchange-Traded Self-Indexed Fund Trust,product_type,,unknown,BulletShares 2031 Corporate Bond
S000073019,Invesco BulletShares 2029 High Yield Corporate Bond ETF,Invesco Exchange-Traded Self-Indexed Fund Trust,product_type,,unknown,BulletShares 2029 High Yield Corporate Bond
S000073020,Invesco BulletShares 2031 Municipal Bond ETF,Invesco Exchange-Traded Self-Indexed Fund Trust,product_type,,unknown,BulletShares 2031 Municipal Bond
S000073424,Easterly Snow Long/Short Opportunity Fund,James Alpha Funds Trust,product_type,,unknown,Easterly Snow Long/Short Opportunity
S000073461,The Green Short Term Bond ETF,Collaborative Investment Series Trust,product_type,,unknown,Green Term Bond
S000073482,Wasatch Long/Short Alpha Fund,WASATCH FUNDS TRUST,product_type,,unknown,Wasatch Long/Short Alpha
S000073515,Columbia Short Duration Bond ETF,Columbia ETF Trust I,product_type,,unknown,Columbia Duration Bond
S000073560,Dimensional Short-Duration Fixed Income ETF,Dimensional ETF Trust,product_type,,unknown,Dimensional Short-Duration Fixed Income
S000073656,CARILLON CHARTWELL SHORT DURATION BOND FUND,Chartwell Funds,product_type,,unknown,CARILLON CHARTWELL DURATION BOND
S000073783,Catholic Responsible Investments Short Duration Bond Fund,Catholic Responsible Investments Funds,product_type,,unknown,Catholic Responsible Investments Duration Bond
S000073785,Catholic Responsible Investments Ultra Short Bond Fund,Catholic Responsible Investments Funds,product_type,-2.0,unknown,Catholic Responsible Investments Bond
S000074017,Cromwell Long Short Fund,Total Fund Solution,product_type,,unknown,Cromwell
S000074124,Columbia Ultra Short Duration Municipal Bond Fund,Columbia Funds Series Trust II,product_type,-2.0,unknown,Columbia Duration Municipal Bond
S000074173,Federated Hermes Short Duration Corporate ETF,Federated Hermes ETF Trust,product_type,,unknown,Federated Hermes Duration Corporate
S000074174,Federated Hermes Short Duration High Yield ETF,Federated Hermes ETF Trust,product_type,,unknown,Federated Hermes Duration High Yield
S000074236,Direxion Daily Oil Services Bull 2X Shares,Direxion Shares ETF Trust,underlying_crypto_commod,2.0,daily,Oil Services
S000074237,Direxion Daily Oil Services Bear 2X Shares,Direxion Shares ETF Trust,underlying_crypto_commod,-2.0,daily,Oil Services
S000074333,"Short Term Investment Fund for Puerto Rico Residents, Inc.","Short Term Investment Fund for Puerto Rico Residents, Inc.",product_type,,unknown,Term Investment for Puerto Rico Residents
S000074675,Elevate Shares Inverse Daily Blockchain ETF,Tidal ETF Trust,underlying_crypto_commod,-1.0,daily,Blockchain
S000074759,AQR Sustainable Long-Short Equity Carbon Aware Fund,AQR Funds,product_type,,unknown,AQR Sustainable Long-Short Equity Carbon Aware
S000074829,SilverPepper Long/Short Emerging Markets Currency Fund,Investment Managers Series Trust,product_type,,unknown,SilverPepper Long/Short Emerging Markets Currency
S000074838,Convergence Long/Short Equity ETF,TRUST FOR PROFESSIONAL MANAGERS,product_type,,unknown,Convergence Long/Short Equity
S000074863,Upar Ultra Risk Parity ETF,Tidal Trust I,product_type,2.0,unknown,Upar Risk Parity
S000074927,The Future Fund Long/Short ETF,NORTHERN LIGHTS FUND TRUST II,product_type,,unknown,Future Long/Short
S000074987,AXS SHORT BITCOIN STRATEGY ETF,Investment Managers Series Trust II,no_leverage_parsed,,unknown,BITCOIN STRATEGY
S000075197,Innovator Laddered Allocation Ultra Buffer ETF,Innovator ETFs Trust,product_type,2.0,unknown,Innovator Laddered Allocation Buffer
S000075837,AXS Short China Internet ETF,Investment Managers Series Trust II,no_leverage_parsed,,unknown,China Internet
S000075838,DFA Short-Term Selective State Municipal Bond Portfolio,DFA INVESTMENT DIMENSIONS GROUP INC,product_type,,unknown,DFA Short-Term Selective State Municipal Bond Portfolio
S000075944,Direxion Daily US Treasuries Strategy Bear 2X Shares,Direxion Shares ETF Trust,product_type,-2.0,daily,US Treasuries Strategy
S000075945,Direxion US Treasuries Strategy Bear ETF,Direxion Shares ETF Trust,product_type,,unknown,US Treasuries Strategy
S000075946,Direxion Daily US Treasuries Strategy Bull 1.25X Shares,Direxion Shares ETF Trust,product_type,1.25,daily,US Treasuries Strategy
S000075947,Direxion Daily US Treasuries Strategy Bear 1.25X Shares,Direxion Shares ETF Trust,product_type,-1.25,daily,US Treasuries Strategy
S000075948,Direxion Daily US Treasuries Strategy Bull 1.5X Shares,Direxion Shares ETF Trust,product_type,1.5,daily,US Treasuries Strategy
S000075949,Direxion Daily US Treasuries Strategy Bear 1.5X Shares,Direxion Shares ETF Trust,product_type,-1.5,daily,US Treasuries Strategy
S000075950,Direxion Daily US Treasuries Strategy Bull 1.75X Shares,Direxion Shares ETF Trust,product_type,1.75,daily,US Treasuries Strategy
S000075951,Direxion Daily US Treasuries Strategy Bear 1.75X Shares,Direxion Shares ETF Trust,product_type,-1.75,daily,US Treasuries Strategy
S000075952,Direxion Daily US Treasuries Strategy Bull 2X Shares,Direxion Shares ETF Trust,product_type,2.0,daily,US Treasuries Strategy
S000075961,Carillon Chartwell Short Duration Bond Fund,CARILLON SERIES TRUST,product_type,,unknown,Carillon Chartwell Duration Bond
S000075962,Carillon Chartwell Short Duration High Yield Fund,CARILLON SERIES TRUST,product_type,,unknown,Carillon Chartwell Duration High Yield
S000076097,AXS TSLA Bull Daily ETF,Investment Managers Series Trust II,no_leverage_parsed,,daily,TSLA
S000076128,Principal Street Short Term Municipal Fund,Managed Portfolio Series,product_type,,unknown,Principal Street Term Municipal
S000076422,PGIM ESG Short Duration Multi-Sector Bond Fund,"PRUDENTIAL INVESTMENT PORTFOLIOS, INC. 17",product_type,,unknown,PGIM ESG Duration Multi-Sector Bond
S000076502,Short Duration Municipal Opportunities Fund,JOHN HANCOCK MUNICIPAL SECURITIES TRUST,product_type,,unknown,Duration Municipal Opportunities
S000076601,ProShares Short Bitcoin ETF,PROSHARES TRUST,underlying_crypto_commod,-1.0,daily,Bitcoin
S000076603,SHORT BITCOIN PROFUND,ProFunds,no_leverage_parsed,,daily,BITCOIN PROFUND
S000076660,Touchstone ETF Trust-Touchstone Ultra Short Income ETF,Touchstone ETF Trust,product_type,-2.0,unknown,Touchstone Trust-Touchstone Income
S000076879,AB Tax-Aware Short Duration Municipal ETF,"AB Active ETFs, Inc.",product_type,,unknown,AB Tax-Aware Duration Municipal
S000076880,AB Ultra Short Income ETF,"AB Active ETFs, Inc.",product_type,-2.0,unknown,AB Income
S000077078,Short Duration Inflation-Protected Income Portfolio,Short Duration Inflation-Protected Income Portfolio,product_type,,unknown,Duration Inflation-Protected Income Portfolio
S000077183,AdvisorShares MSOS Daily Leveraged ETF,AdvisorShares Trust,no_leverage_parsed,,daily,MSOS
S000077251,NightShares 100 1x/1.5x ETF,UNIFIED SERIES TRUST,unlevered,1.0,unknown,NightShares 100 /
S000077252,NIGHTSHARES 500 1X/1.5X ETF,UNIFIED SERIES TRUST,unlevered,1.0,unknown,NIGHTSHARES 500 /
S000077356,Invesco BulletShares 2032 Corporate Bond ETF,Invesco Exchange-Traded Self-Indexed Fund Trust,product_type,,unknown,BulletShares 2032 Corporate Bond
S000077357,Invesco BulletShares 2030 High Yield Corporate Bond ETF,Invesco Exchange-Traded Self-Indexed Fund Trust,product_type,,unknown,BulletShares 2030 High Yield Corporate Bond
S000077358,Invesco BulletShares 2032 Municipal Bond ETF,Invesco Exchange-Traded Self-Indexed Fund Trust,product_type,,unknown,BulletShares 2032 Municipal Bond
S000077469,Osterweis Short Duration Credit Fund,PROFESSIONALLY MANAGED PORTFOLIOS,product_type,,unknown,Osterweis Duration Credit
S000077487,American Century Short Duration Strategic Income ETF,AMERICAN CENTURY ETF TRUST,product_type,,unknown,American Century Duration Strategic Income
S000077687,Capital Group Short Duration Income ETF,Capital Group Fixed Income ETF Trust,product_type,,unknown,Group Duration Income
S000077754,Angel Oak UltraShort Income ETF,Angel Oak Funds Trust,product_type,-2.0,unknown,Angel Oak Income
S000077857,Simplify Short Term Treasury Futures Strategy ETF,Simplify Exchange Traded Funds,product_type,,unknown,Simplify Term Treasury Futures Strategy
S000078009,Allspring Global Long/Short Equity Fund,ALLSPRING FUNDS TRUST,product_type,,unknown,Allspring Global Long/Short Equity
S000078010,Allspring U.S. Long/Short Equity Fund,ALLSPRING FUNDS TRUST,product_type,,unknown,Allspring U.S. Long/Short Equity
S000078170,Direxion Daily Crypto Industry Bull 2X Shares,Direxion Shares ETF Trust,underlying_crypto_commod,2.0,daily,Crypto Industry
S000078171,Direxion Daily Crypto Industry Bear 1X Shares,Direxion Shares ETF Trust,underlying_crypto_commod,-1.0,daily,Crypto Industry
S000078245,REX Short AMC ETF,Tidal Trust II,no_leverage_parsed,,unknown,AMC
S000078246,REX Short TLRY ETF,Tidal Trust II,no_leverage_parsed,,unknown,TLRY
S000078247,REX Short BYND ETF,Tidal Trust II,no_leverage_parsed,,unknown,BYND
S000078248,REX Short COIN ETF,Tidal Trust II,no_leverage_parsed,,unknown,COIN
S000078249,REX Short GME ETF,Tidal Trust II,no_leverage_parsed,,unknown,GME
S000078250,REX Short HOOD ETF,Tidal Trust II,no_leverage_parsed,,unknown,HOOD
S000078251,REX Short MSTR ETF,Tidal Trust II,no_leverage_parsed,,unknown,MSTR
S000078252,REX Short NKLA ETF,Tidal Trust II,no_leverage_parsed,,unknown,NKLA
S000078253,REX Short PENN ETF,Tidal Trust II,no_leverage_parsed,,unknown,PENN
S000078254,REX Short PTON ETF,Tidal Trust II,no_leverage_parsed,,unknown,PTON
S000078942,Invesco Short Duration High Yield ETF,INVESCO ACTIVELY MANAGED EXCHANGE-TRADED FUND TRUST,product_type,,unknown,Duration High Yield
S000078944,Invesco Short Duration Total Return Bond ETF,INVESCO ACTIVELY MANAGED EXCHANGE-TRADED FUND TRUST,product_type,,unknown,Duration Total Return Bond
S000079054,Strive Short China VIE ETF,EA Series Trust,no_leverage_parsed,,unknown,Strive China VIE
S000079166,WisdomTree Short-Duration Income Digital Fund,WisdomTree Digital Trust,product_type,,unknown,WisdomTree Short-Duration Income Digital
S000079181,Teucrium AiLA Long-Short Agriculture Strategy ETF,Listed Funds Trust,product_type,,unknown,AiLA Long-Short Agriculture Strategy
S000079182,Teucrium AiLA Long-Short Base Metals Strategy ETF,Listed Funds Trust,product_type,,unknown,AiLA Long-Short Base Metals Strategy
S000079232,Inverse Cramer Tracker ETF,Northern Lights Fund Trust IV,no_leverage_parsed,,unknown,Cramer Tracker
S000079268,Bullseye Retirement Income and Growth ETF,Ultimus Managers Trust,product_type,,unknown,Bullseye Retirement Income Growth
S000079352,Defiance Pure 2x Bull Oil & Gas Daily ETF,ETF Series Solutions,underlying_crypto_commod,2.0,daily,Oil Gas
S000079681,Voya Short Duration High Income Fund,Voya FUNDS TRUST,product_type,,unknown,Voya Duration High Income
S000079788,1x Long VIX Futures Strategy K-1 Free ETF,Volatility Shares Trust,product_type,1.0,unknown,VIX Futures Strategy K-1 Free
S000079790,-1x Short VIX Mid-Term Futures Strategy ETF,Volatility Shares Trust,product_type,-1.0,unknown,VIX Mid-Term Futures Strategy
S000079862,VANGUARD SHORT-TERM TAX-EXEMPT BOND ETF,VANGUARD WELLINGTON FUND,product_type,,unknown,VANGUARD SHORT-TERM TAX-EXEMPT BOND
S000080057,Aristotle Short Duration Income Fund,Aristotle Funds Series Trust,product_type,,unknown,Aristotle Duration Income
S000080060,Aristotle Ultra Short Income Fund,Aristotle Funds Series Trust,product_type,-2.0,unknown,Aristotle Income
S000080099,Transamerica UltraShort Bond,TRANSAMERICA FUNDS,product_type,-2.0,unknown,Transamerica Bond
S000080333,Strive Enhanced Income Short Maturity ETF,EA Series Trust,product_type,,unknown,Strive Enhanced Income Maturity
S000080441,BlackRock U.S. Insights Long/Short Equity Fund,BLACKROCK FUNDS,product_type,,unknown,BlackRock U.S. Insights Long/Short Equity
S000080457,iShares Short-Term California Muni Active ETF,BlackRock ETF Trust II,product_type,,unknown,Short-Term California Muni Active
S000080583,Simplify Market Neutral Equity Long/Short ETF,Simplify Exchange Traded Funds,product_type,,unknown,Simplify Market Neutral Equity Long/Short
S000080610,2x Bitcoin Strategy ETF,Volatility Shares Trust,underlying_crypto_commod,2.0,unknown,Bitcoin Strategy
S000080698,ProShares Ultra Bitcoin Strategy ETF,PROSHARES TRUST,underlying_crypto_commod,2.0,daily,Bitcoin Strategy
S000080726,Direxion Daily Bitcoin Strategy Bull 2X Shares,Direxion Shares ETF Trust,product_type,2.0,daily,Bitcoin Strategy
S000080785,Roundhill Short Non-Profitable Tech ETF,Listed Funds Trust,no_leverage_parsed,,unknown,Non-Profitable Tech
S000080835,Oakhurst Short Duration Bond Fund,"RBB FUND, INC.",product_type,,unknown,Oakhurst Duration Bond
S000080836,Oakhurst Short Duration High Yield Credit Fund,"RBB FUND, INC.",product_type,,unknown,Oakhurst Duration High Yield Credit
S000080919,Capital Group Short Duration Municipal Income ETF,Capital Group Fixed Income ETF Trust,product_type,,unknown,Group Duration Municipal Income
S000080946,PGIM Short Duration Multi-Sector Bond ETF,PGIM ETF TRUST,product_type,,unknown,PGIM Duration Multi-Sector Bond
S000081022,Leverage Shares 2x Long BULL Daily ETF,Themes ETF Trust,underlying_unknown,2.0,daily,
S000081095,Madison Short-Term Strategic Income ETF,Madison ETFs Trust,product_type,,unknown,Madison Short-Term Strategic Income
S000081280,Valkyrie Bitcoin Futures Leveraged Strategy ETF,Valkyrie ETF Trust II,no_leverage_parsed,,unknown,Valkyrie Bitcoin Futures Strategy
S000081567,Harbor Long-Short Equity ETF,Harbor ETF Trust,product_type,,unknown,Harbor Long-Short Equity
S000081672,Invesco BulletShares 2033 Corporate Bond ETF,Invesco Exchange-Traded Self-Indexed Fund Trust,product_type,,unknown,BulletShares 2033 Corporate Bond
S000081673,Invesco BulletShares 2031 High Yield Corporate Bond ETF,Invesco Exchange-Traded Self-Indexed Fund Trust,product_type,,unknown,BulletShares 2031 High Yield Corporate Bond
S000081674,Invesco BulletShares 2033 Municipal Bond ETF,Invesco Exchange-Traded Self-Indexed Fund Trust,product_type,,unknown,BulletShares 2033 Municipal Bond
S000081765,Brookstone Ultra-Short Bond ETF,Northern Lights Fund Trust IV,product_type,-2.0,unknown,Brookstone Ultra-Short Bond
S000081785,Dimensional Ultrashort Fixed Income ETF,Dimensional ETF Trust,product_type,-2.0,unknown,Dimensional Fixed Income
S000081788,Superstate Short-Term Government Bond Fund,Superstate Trust,product_type,,unknown,Superstate Short-Term Government Bond
S000082248,Eaton Vance Ultra-Short Income ETF,Morgan Stanley ETF Trust,product_type,-2.0,unknown,Eaton Vance Ultra-Short Income
S000082264,Nomura Tax-Free USA Short Term ETF,Nomura ETF Trust,product_type,,unknown,Nomura Tax-Free USA Term
S000082296,Gotham Short Strategies ETF,Tidal Trust I,no_leverage_parsed,,unknown,Gotham Strategies
S000082325,2x Ether ETF,Volatility Shares Trust,underlying_crypto_commod,2.0,unknown,Ether
S000082336,ProShares Short Ether ETF,PROSHARES TRUST,underlying_crypto_commod,-1.0,daily,Ether
S000082804,Virtus Newfleet Short Duration Core Plus Bond ETF,Virtus ETF Trust II,product_type,,unknown,Virtus Newfleet Duration Core Bond
S000082853,Unlimited Hfeq Equity Long/short ETF,Tidal Trust I,product_type,,unknown,Unlimited Hfeq Equity Long/short
S000082859,Unlimited Ultra HFND Multi-Strategy ETF,Tidal Trust I,product_type,2.0,unknown,Unlimited HFND Multi-Strategy
S000082908,Mercer Short Duration Fixed Income Fund,Mercer Funds,product_type,,unknown,Mercer Duration Fixed Income
S000083334,PGIM Short Duration High Yield ETF,PGIM ETF TRUST,product_type,,unknown,PGIM Duration High Yield
S000083352,VELA SHORT DURATION FUND,VELA Funds,product_type,,unknown,VELA DURATION
S000083371,Leuthold Grizzly Short Fund,Managed Portfolio Series,product_type,,unknown,Leuthold Grizzly
S000083414,OAK HARVEST LONG/SHORT HEDGED EQUITY,Capitol Series Trust,product_type,,unknown,OAK HARVEST LONG/SHORT HEDGED EQUITY
S000083416,Eaton Vance Short Duration Municipal Income ETF,Morgan Stanley ETF Trust,product_type,,unknown,Eaton Vance Duration Municipal Income
S000083576,First Eagle Short Duration High Yield Municipal Fund,FIRST EAGLE FUNDS,product_type,,unknown,First Eagle Duration High Yield Municipal
S000083650,LVIP American Century Ultra(R) Fund,LINCOLN VARIABLE INSURANCE PRODUCTS TRUST,product_type,2.0,unknown,LVIP American Century
S000083864,AB Short Duration High Yield ETF,"AB Active ETFs, Inc.",product_type,,unknown,AB Duration High Yield
S000083865,AB Short Duration Income ETF,"AB Active ETFs, Inc.",product_type,,unknown,AB Duration Income
S000083914,BondBloxx IR+M Tax-Aware Short Duration ETF,BondBloxx ETF Trust,product_type,,unknown,BondBloxx IR+M Tax-Aware Duration
S000083937,Old Westbury Short-Term Bond Fund,OLD WESTBURY FUNDS INC,product_type,,unknown,Old Westbury Short-Term Bond
S000083961,Nuveen Ultra Short Municipal Managed Accounts Portfolio,Nuveen Managed Accounts Portfolios Trust,product_type,-2.0,unknown,Nuveen Municipal Managed Accounts Portfolio
S000084078,Yieldmax Ultra Option Income Strategy ETF,Tidal Trust II,product_type,2.0,unknown,Yieldmax Option Income Strategy
S000084091,Carbon Collective Short Duration Green Bond ETF,Tidal Trust II,product_type,,unknown,Carbon Collective Duration Green Bond
S000084154,Performance Trust Short Term Bond ETF,TRUST FOR PROFESSIONAL MANAGERS,product_type,,unknown,Performance Term Bond
S000084168,Roundhill Uranium ETF,Roundhill ETF Trust,no_leverage_parsed,,unknown,Uranium
S000084183,Eaton Vance Short Duration Income ETF,Morgan Stanley ETF Trust,product_type,,unknown,Eaton Vance Duration Income
S000084190,Nuveen Ultra Short Income ETF,Nushares ETF Trust,product_type,-2.0,unknown,Nuveen Income
S000084228,YieldMax(R) Short AAPL Option Income Strategy ETF,Tidal Trust II,product_type,,unknown,YieldMax AAPL Option Income Strategy
S000084229,Yieldmax Short Coin Option Income Strategy ETF,Tidal Trust II,product_type,,unknown,Yieldmax Coin Option Income Strategy
S000084230,YieldMax(R) Short Innovation Option Income Strategy ETF,Tidal Trust II,product_type,,unknown,YieldMax Innovation Option Income Strategy
S000084231,Yieldmax Short Nvda Option Income Strategy ETF,Tidal Trust II,product_type,,unknown,Yieldmax Nvda Option Income Strategy
S000084232,Yieldmax Short Tsla Option Income Strategy ETF,Tidal Trust II,product_type,,unknown,Yieldmax Tsla Option Income Strategy
S000084234,Yieldmax Short N100 Option Income Strategy ETF,Tidal Trust II,product_type,,unknown,Yieldmax N100 Option Income Strategy
S000084296,Inspire Short Term Bond ETF,Northern Lights Fund Trust IV,product_type,,unknown,Inspire Term Bond
S000084339,T-REX 1.5X INVERSE BITCOIN DAILY TARGET ETF,World Funds Trust,underlying_crypto_commod,-1.5,daily,BITCOIN
S000084340,T-REX 1.5X LONG BITCOIN DAILY TARGET ETF,World Funds Trust,underlying_crypto_commod,1.5,daily,BITCOIN
S000084343,T-REX 1.75X INVERSE BITCOIN DAILY TARGET ETF,World Funds Trust,underlying_crypto_commod,-1.75,daily,BITCOIN
S000084344,T-REX 1.75X LONG BITCOIN DAILY TARGET ETF,World Funds Trust,underlying_crypto_commod,1.75,daily,BITCOIN
S000084347,T-Rex 2X Inverse Bitcoin Daily Target ETF,World Funds Trust,underlying_crypto_commod,-2.0,daily,Bitcoin
S000084348,T-Rex 2X Long Bitcoin Daily Target ETF,World Funds Trust,underlying_crypto_commod,2.0,daily,Bitcoin
S000084434,Even Herd Long Short ETF,Tidal Trust II,no_leverage_parsed,,unknown,Even Herd
S000084439,Neuberger Short Duration Income ETF,Neuberger Berman ETF Trust,product_type,,unknown,Neuberger Duration Income
S000084462,ProShares UltraShort Bitcoin ETF,PROSHARES TRUST,underlying_crypto_commod,-2.0,daily,Bitcoin
S000084463,ProShares UltraShort Ether ETF,PROSHARES TRUST,underlying_crypto_commod,-2.0,daily,Ether
S000084464,ProShares Short Bitcoin ETF II,PROSHARES TRUST,underlying_crypto_commod,-1.0,daily,Bitcoin II
S000084465,ProShares Ultra Ether ETF,PROSHARES TRUST,underlying_crypto_commod,2.0,daily,Ether
S000084466,ProShares Ultra Bitcoin ETF,PROSHARES TRUST,underlying_crypto_commod,2.0,daily,Bitcoin
S000084486,Direxion Daily Bitcoin Bull 1.5X Shares,Direxion Shares ETF Trust,underlying_crypto_commod,1.5,daily,Bitcoin
S000084487,Direxion Daily Bitcoin Bear 1.5X Shares,Direxion Shares ETF Trust,underlying_crypto_commod,-1.5,daily,Bitcoin
S000084488,Direxion Daily Bitcoin Bear 1X ETF,Direxion Shares ETF Trust,underlying_crypto_commod,-1.0,daily,Bitcoin
S000084489,Direxion Daily Bitcoin Bull 2X ETF,Direxion Shares ETF Trust,underlying_crypto_commod,2.0,daily,Bitcoin
S000084490,Direxion Daily Bitcoin Bear 2X ETF,Direxion Shares ETF Trust,underlying_crypto_commod,-2.0,daily,Bitcoin
S000084512,Easterly RocMuni Short Term Municipal Bond Fund,James Alpha Funds Trust,product_type,,unknown,Easterly RocMuni Term Municipal Bond
S000084595,Themes Russell 2000 Ultra Enhanced Iron Condor Income ETF,Themes ETF Trust,product_type,2.0,unknown,Russell 2000 Enhanced Iron Condor Income
S000084599,Themes S&P 500 Ultra Enhanced Iron Condor Income ETF,Themes ETF Trust,product_type,2.0,unknown,S&P 500 Enhanced Iron Condor Income
S000084609,Themes Nasdaq 100 Ultra Enhanced Iron Condor Income ETF,Themes ETF Trust,product_type,2.0,unknown,Nasdaq 100 Enhanced Iron Condor Income
S000084614,Lord Abbett Diversification Shares: Short Duration Completion Fund,LORD ABBETT TRUST I,product_type,,unknown,Lord Abbett Diversification Shares: Duration Completion
S000085056,iShares Enhanced Short-Term Bond Active ETF,BlackRock ETF Trust,product_type,,unknown,Enhanced Short-Term Bond Active
S000085085,Capital Group Ultra Short Income ETF,Capital Group Fixed Income ETF Trust,product_type,-2.0,unknown,Group Income
S000085119,Defiance Daily Target 2X Long Copper Miners ETF,Tidal Trust II,underlying_crypto_commod,2.0,daily,Copper Miners
S000085123,Defiance Daily Target 2x Long Uranium ETF,Tidal Trust II,underlying_crypto_commod,2.0,daily,Uranium
S000085146,PGIM Ultra Short Municipal Bond ETF,PGIM ETF TRUST,product_type,-2.0,unknown,PGIM Municipal Bond
S000085277,Direxion Daily Uranium Industry Bull 2X Shares,Direxion Shares ETF Trust,underlying_crypto_commod,2.0,daily,Uranium Industry
S000085278,Direxion Daily Uranium Industry Bear 1X Shares,Direxion Shares ETF Trust,underlying_crypto_commod,-1.0,daily,Uranium Industry
S000085324,Invesco BulletShares 2034 Corporate Bond ETF,Invesco Exchange-Traded Self-Indexed Fund Trust,product_type,,unknown,BulletShares 2034 Corporate Bond
S000085325,Invesco BulletShares 2032 High Yield Corporate Bond ETF,Invesco Exchange-Traded Self-Indexed Fund Trust,product_type,,unknown,BulletShares 2032 High Yield Corporate Bond
S000085345,Kurv Enhanced Short Maturity ETF,Kurv ETF Trust,product_type,,unknown,Enhanced Maturity
S000085491,Leverage Shares 2x Capped Accelerated COIN Monthly ETF,Themes ETF Trust,product_type,2.0,monthly,Capped Accelerated COIN Monthly
S000085494,Leverage Shares 2x Capped Accelerated MSTR Monthly ETF,Themes ETF Trust,product_type,2.0,monthly,Capped Accelerated MSTR Monthly
S000085498,Leverage Shares 2x Capped Accelerated NVDA Monthly ETF,Themes ETF Trust,product_type,2.0,monthly,Capped Accelerated NVDA Monthly
S000085499,Leverage Shares 2x Capped Accelerated PLTR Monthly ETF,Themes ETF Trust,product_type,2.0,monthly,Capped Accelerated PLTR Monthly
S000085501,Leverage Shares 2x Capped Accelerated TSLA Monthly ETF,Themes ETF Trust,product_type,2.0,monthly,Capped Accelerated TSLA Monthly
S000085520,TrueShares Quarterly Bear Hedge ETF,Elevation Series Trust,product_type,,quarterly,TrueShares Quarterly Hedge
S000085521,TrueShares Quarterly Bull Hedge ETF,Elevation Series Trust,product_type,,quarterly,TrueShares Quarterly Hedge
S000085556,Defiance 2X Ether Strategy ETF,Tidal Trust II,underlying_crypto_commod,2.0,unknown,Ether Strategy
S000085770,Defiance Daily 2X Short Ether ETF,Tidal Trust II,underlying_crypto_commod,-2.0,daily,Ether
S000085808,Goldman Sachs Ultra Short Municipal Income ETF,Goldman Sachs ETF Trust,product_type,-2.0,unknown,Goldman Sachs Municipal Income
S000085834,KraneShares Sustainable Ultra Short Duration Index ETF,Krane Shares Trust,product_type,-2.0,unknown,Sustainable Duration Index
S000085986,Schwab Ultra-Short Income ETF,SCHWAB STRATEGIC TRUST,product_type,-2.0,unknown,Schwab Ultra-Short Income
S000086107,Tradr 1.75X Long FXI Monthly ETF,Investment Managers Series Trust II,reset_monthly,1.75,monthly,FXI Monthly
S000086108,Tradr 1.75X Long NVDA Monthly ETF,Investment Managers Series Trust II,reset_monthly,1.75,monthly,NVDA Monthly
S000086109,Tradr 1.5X Long NVDA Quarterly ETF,Investment Managers Series Trust II,reset_quarterly,1.5,quarterly,NVDA Quarterly
S000086110,Tradr 1.75X Long NVDA Weekly ETF,Investment Managers Series Trust II,reset_weekly,1.75,weekly,NVDA Weekly
S000086111,Tradr 2X Long Innovation 100 Monthly ETF,Investment Managers Series Trust II,reset_monthly,2.0,monthly,Innovation 100 Monthly
S000086112,Tradr 2X Long Innovation 100 Quarterly ETF,Investment Managers Series Trust II,reset_quarterly,2.0,quarterly,Innovation 100 Quarterly
S000086113,Tradr 2X Long Triple Q Weekly ETF,Investment Managers Series Trust II,reset_weekly,2.0,weekly,Triple Q Weekly
S000086114,Tradr 2X Long SOXX Monthly ETF,Investment Managers Series Trust II,reset_monthly,2.0,monthly,SOXX Monthly
S000086115,Tradr 2X Long SOXX Quarterly ETF,Investment Managers Series Trust II,reset_quarterly,2.0,quarterly,SOXX Quarterly
S000086116,Tradr 2X Long SOXX Weekly ETF,Investment Managers Series Trust II,reset_weekly,2.0,weekly,SOXX Weekly
S000086117,Tradr 2X Long SPY Monthly ETF,Investment Managers Series Trust II,reset_monthly,2.0,monthly,SPY Monthly
S000086118,Tradr 1.75X Long FXI Quarterly ETF,Investment Managers Series Trust II,reset_quarterly,1.75,quarterly,FXI Quarterly
S000086119,Tradr 2X Long SPY Quarterly ETF,Investment Managers Series Trust II,reset_quarterly,2.0,quarterly,SPY Quarterly
S000086120,Tradr 2X Long SPY Weekly ETF,Investment Managers Series Trust II,reset_weekly,2.0,weekly,SPY Weekly
S000086121,Tradr 2X Long TLT Monthly ETF,Investment Managers Series Trust II,reset_monthly,2.0,monthly,TLT Monthly
S000086122,Tradr 1.75X Long TLT Quarterly ETF,Investment Managers Series Trust II,reset_quarterly,1.75,quarterly,TLT Quarterly
S000086123,Tradr 2X Long TLT Weekly ETF,Investment Managers Series Trust II,reset_weekly,2.0,weekly,TLT Weekly
S000086124,Tradr 1.5X Long TSLA Monthly ETF,Investment Managers Series Trust II,reset_monthly,1.5,monthly,TSLA Monthly
S000086125,Tradr 1.5X Long TSLA Quarterly ETF,Investment Managers Series Trust II,reset_quarterly,1.5,quarterly,TSLA Quarterly
S000086126,Tradr 1.5X Long TSLA Weekly ETF,Investment Managers Series Trust II,reset_weekly,1.5,weekly,TSLA Weekly
S000086127,Tradr 2X Long XBI Monthly ETF,Investment Managers Series Trust II,reset_monthly,2.0,monthly,XBI Monthly
S000086128,Tradr 1.75X Long XBI Quarterly ETF,Investment Managers Series Trust II,reset_quarterly,1.75,quarterly,XBI Quarterly
S000086129,Tradr 1.75X Long FXI Weekly ETF,Investment Managers Series Trust II,reset_weekly,1.75,weekly,FXI Weekly
S000086130,Tradr 2X Long XBI Weekly ETF,Investment Managers Series Trust II,reset_weekly,2.0,weekly,XBI Weekly
S000086131,Tradr 2X Long XLF Monthly ETF,Investment Managers Series Trust II,reset_monthly,2.0,monthly,XLF Monthly
S000086132,Tradr 2X Long XLF Quarterly ETF,Investment Managers Series Trust II,reset_quarterly,2.0,quarterly,XLF Quarterly
S000086133,Tradr 2X Long XLF Weekly ETF,Investment Managers Series Trust II,reset_weekly,2.0,weekly,XLF Weekly
S000086134,Tradr 2X Long XLK Monthly ETF,Investment Managers Series Trust II,reset_monthly,2.0,monthly,XLK Monthly
S000086135,Tradr 2X Long XLK Quarterly ETF,Investment Managers Series Trust II,reset_quarterly,2.0,quarterly,XLK Quarterly
S000086136,Tradr 2X Long XLK Weekly ETF,Investment Managers Series Trust II,reset_weekly,2.0,weekly,XLK Weekly
S000086137,Tradr 1.5X Short NVDA Monthly ETF,Investment Managers Series Trust II,reset_monthly,-1.5,monthly,NVDA Monthly
S000086138,Tradr 1.75X Short NVDA Weekly ETF,Investment Managers Series Trust II,reset_weekly,-1.75,weekly,NVDA Weekly
S000086139,Tradr 2X Short Innovation 100 Monthly ETF,Investment Managers Series Trust II,reset_monthly,-2.0,monthly,Innovation 100 Monthly
S000086140,Tradr 2X Long IBIT Monthly ETF,Investment Managers Series Trust II,reset_monthly,2.0,monthly,IBIT Monthly
S000086141,Tradr 1.75X Short Triple Q Quarterly ETF,Investment Managers Series Trust II,reset_quarterly,-1.75,quarterly,Triple Q Quarterly
S000086142,Tradr 1X Short Innovation 100 Monthly ETF,Investment Managers Series Trust II,reset_monthly,-1.0,monthly,Innovation 100 Monthly
S000086143,Tradr 2X Short SOXX Monthly ETF,Investment Managers Series Trust II,reset_monthly,-2.0,monthly,SOXX Monthly
S000086144,Tradr 2X Short SOXX Quarterly ETF,Investment Managers Series Trust II,reset_quarterly,-2.0,quarterly,SOXX Quarterly
S000086145,Tradr 2X Short SOXX Weekly ETF,Investment Managers Series Trust II,reset_weekly,-2.0,weekly,SOXX Weekly
S000086146,Tradr 2X Short SPY Monthly ETF,Investment Managers Series Trust II,reset_monthly,-2.0,monthly,SPY Monthly
S000086147,Tradr 1.75X Short SPY Quarterly ETF,Investment Managers Series Trust II,reset_quarterly,-1.75,quarterly,SPY Quarterly
S000086148,Tradr 1X Short SPY Monthly ETF,Investment Managers Series Trust II,reset_monthly,-1.0,monthly,SPY Monthly
S000086149,Tradr 2X Short TLT Monthly ETF,Investment Managers Series Trust II,reset_monthly,-2.0,monthly,TLT Monthly
S000086150,Tradr 1.5X Short TSLA Monthly ETF,Investment Managers Series Trust II,reset_monthly,-1.5,monthly,TSLA Monthly
S000086151,Tradr 2X Long IBIT Quarterly ETF,Investment Managers Series Trust II,reset_quarterly,2.0,quarterly,IBIT Quarterly
S000086152,Tradr 1.5X Short TSLA Weekly ETF,Investment Managers Series Trust II,reset_weekly,-1.5,weekly,TSLA Weekly
S000086153,Tradr 2X Long IBIT Weekly ETF,Investment Managers Series Trust II,reset_weekly,2.0,weekly,IBIT Weekly
S000086154,Tradr 2X Long IWM Monthly ETF,Investment Managers Series Trust II,reset_monthly,2.0,monthly,IWM Monthly
S000086155,Tradr 2X Long IWM Quarterly ETF,Investment Managers Series Trust II,reset_quarterly,2.0,quarterly,IWM Quarterly
S000086156,Tradr 2X Long IWM Weekly ETF,Investment Managers Series Trust II,reset_weekly,2.0,weekly,IWM Weekly
S000086257,Wisdom Short Duration Income ETF,SPEND LIFE WISELY FUNDS INVESTMENT TRUST,product_type,,unknown,Wisdom Duration Income
S000086258,Wisdom Short Term Government Fund,SPEND LIFE WISELY FUNDS INVESTMENT TRUST,product_type,,unknown,Wisdom Term Government
S000086384,Disciplined Value Global Long/Short Fund,JOHN HANCOCK INVESTMENT TRUST,product_type,,unknown,Disciplined Value Global Long/Short
S000086495,Global X Short-Term Treasury Ladder ETF,Global X Funds,product_type,,unknown,Short-Term Treasury Ladder
S000086562,Fidelity SAI Short-Term Treasury Bond Index Fund,FIDELITY SALEM STREET TRUST,product_type,,unknown,Fidelity SAI Short-Term Treasury Bond Index
S000086569,Twin Oak Short Horizon Absolute Return ETF,Manager Directed Portfolios,no_leverage_parsed,,unknown,Twin Oak Horizon Absolute Return
S000086576,T-Rex 2X Inverse Ether Daily Target ETF,World Funds Trust,underlying_crypto_commod,-2.0,daily,Ether
S000086577,T-Rex 2x Long Ether Daily Target ETF,World Funds Trust,underlying_crypto_commod,2.0,daily,Ether
S000086826,Columbia Short Duration High Yield ETF,Columbia ETF Trust I,product_type,,unknown,Columbia Duration High Yield
S000087474,T-REX 2X Long BULL Daily Target ETF,ETF Opportunities Trust,underlying_unknown,2.0,daily,
S000087650,Invesco BulletShares 2034 Municipal Bond ETF,Invesco Exchange-Traded Self-Indexed Fund Trust,product_type,,unknown,BulletShares 2034 Municipal Bond
S000088354,Simplify Bond Bull ETF,Simplify Exchange Traded Funds,product_type,,unknown,Simplify Bond
S000088616,VANGUARD SHORT DURATION TAX-EXEMPT BOND ETF,VANGUARD MUNICIPAL BOND FUNDS,product_type,,unknown,VANGUARD DURATION TAX-EXEMPT BOND
S000088662,FPA Short Duration Government ETF,Investment Managers Series Trust III,product_type,,unknown,FPA Duration Government
S000089053,Yieldmax Ultra Short Option Income Strategy ETF,Tidal Trust II,product_type,-2.0,unknown,Yieldmax Option Income Strategy
S000089074,2x Wheat ETF,Volatility Shares Trust,underlying_crypto_commod,2.0,unknown,Wheat
S000089076,2x Corn ETF,Volatility Shares Trust,underlying_crypto_commod,2.0,unknown,Corn
S000089250,Teucrium 2x Daily Corn ETF,Listed Funds Trust,underlying_crypto_commod,2.0,daily,Corn
S000089252,Teucrium 2x Daily Wheat ETF,Listed Funds Trust,underlying_crypto_commod,2.0,daily,Wheat
S000089254,Teucrium 2x Daily Sugar ETF,Listed Funds Trust,underlying_crypto_commod,2.0,daily,Sugar
S000089256,Teucrium 2x Daily Soybean ETF,Listed Funds Trust,underlying_crypto_commod,2.0,daily,Soybean
S000089480,Roundhill Meme Stock ETF,Roundhill ETF Trust,no_leverage_parsed,,unknown,Meme Stock
S000089579,Militia Long/Short Equity ETF,EA Series Trust,product_type,,unknown,Militia Long/Short Equity
S000089593,Uscf Daily Target 2x Copper Index ETF,Tidal Trust III,underlying_crypto_commod,2.0,daily,Copper Index
S000089768,Victory Pioneer Short Term Income Fund,Victory Portfolios IV,product_type,,unknown,Victory Pioneer Term Income
S000089770,Victory Pioneer Multi-Asset Ultrashort Income Fund,Victory Portfolios IV,product_type,-2.0,unknown,Victory Pioneer Multi-Asset Income
S000089906,Thrivent Ultra Short Bond ETF,Thrivent ETF Trust,product_type,-2.0,unknown,Thrivent Bond
S000090077,Rareview 2x Bull Cryptocurrency & Precious Metals ETF,Collaborative Investment Series Trust,underlying_crypto_commod,2.0,unknown,Rareview Cryptocurrency Precious Metals
S000090121,Clough Short Duration ETF,Elevation Series Trust,product_type,,unknown,Clough Duration
S000090158,Innovator 2x Bitcoin Monthly ETF,Innovator ETFs Trust,reset_monthly,2.0,monthly,Innovator Bitcoin Monthly
S000090160,Innovator 2x Bitcoin Daily ETF,Innovator ETFs Trust,underlying_crypto_commod,2.0,daily,Innovator Bitcoin
S000090173,VANGUARD ULTRA-SHORT TREASURY ETF,VANGUARD INSTITUTIONAL INDEX FUNDS,product_type,-2.0,unknown,VANGUARD ULTRA-SHORT TREASURY
S000090461,F/m Ultrashort Treasury Inflation-Protected Security (TIPS) ETF,"RBB FUND, INC.",product_type,-2.0,unknown,TIPS
S000090646,NYLI Mackay Muni Short Duration ETF,New York Life Investments Active ETF Trust,product_type,,unknown,NYLI Mackay Muni Duration
S000090789,YieldMax(R) AMD Short Option Income Strategy ETF,Tidal Trust II,product_type,,unknown,YieldMax AMD Option Income Strategy
S000090790,YieldMax(R) AMZN Short Option Income Strategy ETF,Tidal Trust II,product_type,,unknown,YieldMax AMZN Option Income Strategy
S000090791,YieldMax(R) Bitcoin Short Option Income Strategy ETF,Tidal Trust II,product_type,,unknown,YieldMax Bitcoin Option Income Strategy
S000090792,YieldMax(R) MARA Short Option Income Strategy ETF,Tidal Trust II,product_type,,unknown,YieldMax MARA Option Income Strategy
S000090793,YieldMax(R) META Short Option Income Strategy ETF,Tidal Trust II,product_type,,unknown,YieldMax META Option Income Strategy
S000090794,Yieldmax Mstr Short Option Income Strategy ETF,Tidal Trust II,product_type,,unknown,Yieldmax Mstr Option Income Strategy
S000090795,YieldMax(R) SMCI Short Option Income Strategy ETF,Tidal Trust II,product_type,,unknown,YieldMax SMCI Option Income Strategy
S000090830,Defiance Leveraged Long Plus Income MSTR ETF,Tidal Trust II,product_type,,unknown,Income MSTR
S000090831,Defiance Leveraged Long MSTR ETF,Tidal Trust II,no_leverage_parsed,,unknown,MSTR
S000090955,Teucrium -1x Daily Corn ETF,Listed Funds Trust,underlying_crypto_commod,-1.0,daily,Corn
S000090960,Teucrium -2x Daily Corn ETF,Listed Funds Trust,underlying_crypto_commod,-2.0,daily,Corn
S000090961,Teucrium -1x Daily Wheat ETF,Listed Funds Trust,underlying_crypto_commod,-1.0,daily,Wheat
S000090962,Teucrium -2x Daily Wheat ETF,Listed Funds Trust,underlying_crypto_commod,-2.0,daily,Wheat
S000090963,Teucrium -1x Daily Sugar ETF,Listed Funds Trust,underlying_crypto_commod,-1.0,daily,Sugar
S000090964,Teucrium -2x Daily Sugar ETF,Listed Funds Trust,underlying_crypto_commod,-2.0,daily,Sugar
S000090965,Teucrium -1x Daily Soybean ETF,Listed Funds Trust,underlying_crypto_commod,-1.0,daily,Soybean
S000090966,Teucrium -2x Daily Soybean ETF,Listed Funds Trust,underlying_crypto_commod,-2.0,daily,Soybean
S000091117,-1x Solana ETF,Volatility Shares Trust,underlying_crypto_commod,-1.0,unknown,Solana
S000091118,2x Solana ETF,Volatility Shares Trust,underlying_crypto_commod,2.0,unknown,Solana
S000091408,VANGUARD SHORT DURATION BOND ETF,VANGUARD MALVERN FUNDS,product_type,,unknown,VANGUARD DURATION BOND
S000091541,F/m Ultrashort Tax-Free Municipal ET,"RBB FUND, INC.",product_type,-2.0,unknown,F/m Tax-Free Municipal ET
S000091568,ProShares UltraShort Solana ETF,PROSHARES TRUST,underlying_crypto_commod,-2.0,daily,Solana
S000091569,ProShares Ultra Solana ETF,PROSHARES TRUST,underlying_crypto_commod,2.0,daily,Solana
S000091570,ProShares Short Solana ETF,PROSHARES TRUST,underlying_crypto_commod,-1.0,daily,Solana
S000091572,ProShares UltraShort XRP ETF,PROSHARES TRUST,underlying_crypto_commod,-2.0,daily,XRP
S000091573,ProShares Ultra XRP ETF,PROSHARES TRUST,underlying_crypto_commod,2.0,daily,XRP
S000091574,ProShares Short XRP ETF,PROSHARES TRUST,underlying_crypto_commod,-1.0,daily,XRP
S000091625,Teucrium 2x Long Daily XRP ETF,Listed Funds Trust,underlying_crypto_commod,2.0,daily,XRP
S000091626,Teucrium 2x Short Daily XRP ETF,Listed Funds Trust,underlying_crypto_commod,-2.0,daily,XRP
S000091708,Innovator Nasdaq-100 Monthly 2x ETF,Innovator ETFs Trust,reset_monthly,2.0,monthly,Innovator Nasdaq-100 Monthly
S000091709,Innovator U.S. Equity Monthly 2x ETF,Innovator ETFs Trust,reset_monthly,2.0,monthly,Innovator U.S. Equity Monthly
S000091723,T-REX 2X Long BNB Daily Target ETF,ETF Opportunities Trust,underlying_crypto_commod,2.0,daily,BNB
S000091724,T-REX 2X Long XRP Daily Target ETF,ETF Opportunities Trust,underlying_crypto_commod,2.0,daily,XRP
S000091725,T-REX 2X Long Bonk Daily Target ETF,ETF Opportunities Trust,underlying_crypto_commod,2.0,daily,Bonk
S000091726,T-REX 2X Long ADA Daily Target ETF,ETF Opportunities Trust,underlying_crypto_commod,2.0,daily,ADA
S000091729,T-REX 2X Long DOGE Daily Target ETF,ETF Opportunities Trust,underlying_crypto_commod,2.0,daily,DOGE
S000091731,T-REX 2X Long SOL Daily Target ETF,ETF Opportunities Trust,underlying_crypto_commod,2.0,daily,SOL
S000091732,T-REX 2X Long Trump Daily Target ETF,ETF Opportunities Trust,underlying_crypto_commod,2.0,daily,Trump
S000092510,Bluemonte Short Term Bond ETF,EXCHANGE TRADED CONCEPTS TRUST,product_type,,unknown,Bluemonte Term Bond
S000092517,2x XRP ETF,Volatility Shares Trust,underlying_crypto_commod,2.0,unknown,XRP
S000092518,-1x XRP ETF,Volatility Shares Trust,underlying_crypto_commod,-1.0,unknown,XRP
S000092915,Direxion Daily Communication Services Top 5 Bull 2X ETF,Direxion Shares ETF Trust,product_type,2.0,daily,Communication Services Top 5
S000092916,Direxion Daily Communication Services Top 5 Bear 2X ETF,Direxion Shares ETF Trust,product_type,-2.0,daily,Communication Services Top 5
S000093024,Leverage Shares 2X Long Bitcoin Daily ETF,Themes ETF Trust,underlying_crypto_commod,2.0,daily,Bitcoin
S000093025,Leverage Shares 2X Long Ether Daily ETF,Themes ETF Trust,underlying_crypto_commod,2.0,daily,Ether
S000093026,Leverage Shares 2X Long Solana Daily ETF,Themes ETF Trust,underlying_crypto_commod,2.0,daily,Solana
S000093027,Leverage Shares 2X Long XRP Daily ETF,Themes ETF Trust,underlying_crypto_commod,2.0,daily,XRP
S000093028,Leverage Shares 2X Short Bitcoin Daily ETF,Themes ETF Trust,underlying_crypto_commod,-2.0,daily,Bitcoin
S000093029,Leverage Shares 2X Short Ether Daily ETF,Themes ETF Trust,underlying_crypto_commod,-2.0,daily,Ether
S000093030,Leverage Shares 2X Short Solana Daily ETF,Themes ETF Trust,underlying_crypto_commod,-2.0,daily,Solana
S000093031,Leverage Shares 2X Short XRP Daily ETF,Themes ETF Trust,underlying_crypto_commod,-2.0,daily,XRP
S000093055,Invesco BulletShares 2035 Corporate Bond ETF,Invesco Exchange-Traded Self-Indexed Fund Trust,product_type,,unknown,BulletShares 2035 Corporate Bond
S000093056,Invesco BulletShares 2033 High Yield Corporate Bond ETF,Invesco Exchange-Traded Self-Indexed Fund Trust,product_type,,unknown,BulletShares 2033 High Yield Corporate Bond
S000093082,Roundhill S&P 500 Digital Bull ETF,Roundhill ETF Trust,no_leverage_parsed,,unknown,S&P 500 Digital
S000093088,Roundhill Innovation-100 Digital Bull ETF,Roundhill ETF Trust,no_leverage_parsed,,unknown,Innovation-100 Digital
S000093094,Roundhill Small Cap Digital Bull ETF,Roundhill ETF Trust,no_leverage_parsed,,unknown,Small Cap Digital
S000093196,Reckoner Leveraged AAA CLO ETF,Listed Funds Trust,no_leverage_parsed,,unknown,Reckoner AAA CLO
S000093269,Defiance MSTR Double Short Hedged ETF,Tidal Trust II,product_type,,unknown,MSTR Double Hedged
S000093408,Defiance Nasdaq 100 Double Short Hedged ETF,Tidal Trust II,product_type,,unknown,Nasdaq 100 Double Hedged
S000093501,Northern Trust Short-Term Tax-Exempt Bond ETF,NORTHERN FUNDS,product_type,,unknown,Northern Short-Term Tax-Exempt Bond
S000093516,Allspring Ultra Short Municipal ETF,ALLSPRING EXCHANGE-TRADED FUNDS TRUST,product_type,-2.0,unknown,Allspring Municipal
S000093650,Defiance Enhanced Short Vol ETF,Tidal Trust II,no_leverage_parsed,,unknown,Enhanced Vol
S000093690,Reckoner Leveraged AAA CLO ETF,Advisor Managed Portfolios,no_leverage_parsed,,unknown,Reckoner AAA CLO
S000093927,Roundhill 2X Long VIX Futures Points ETF,Roundhill ETF Trust,product_type,2.0,unknown,VIX Futures Points
S000093928,Roundhill 2X Short VIX Futures Points ETF,Roundhill ETF Trust,product_type,-2.0,unknown,VIX Futures Points
S000093930,Roundhill Short VIX Futures Points ETF,Roundhill ETF Trust,product_type,,unknown,VIX Futures Points
S000093939,TUTTLE CAPITAL 1X INVERSE VOLATILITY ETF,ETF Opportunities Trust,product_type,-1.0,unknown,VOLATILITY
S000093940,TUTTLE CAPITAL 2X INVERSE VOLATILITY ETF,ETF Opportunities Trust,product_type,-2.0,unknown,VOLATILITY
S000093992,T-REX 2X LONG BYDDY DAILY TARGET ETF,ETF Opportunities Trust,underlying_nonus_stock,2.0,daily,BYDDY
S000094274,Direxion Daily Gold Miners Top 5 Bull 2X ETF,Direxion Shares ETF Trust,underlying_crypto_commod,2.0,daily,Gold Miners Top 5
S000094275,Direxion Daily Gold Miners Top 5 Bear 1X ETF,Direxion Shares ETF Trust,underlying_crypto_commod,-1.0,daily,Gold Miners Top 5
S000094292,Leverage Shares 2X Long BYDDY Daily ETF,Themes ETF Trust,underlying_nonus_stock,2.0,daily,BYDDY
S000094325,abrdn Ultra Short Municipal Income Active ETF,abrdn Funds,product_type,-2.0,unknown,abrdn Municipal Income Active
S000094383,GraniteShares 2x Long BULL Daily ETF,GraniteShares ETF Trust,underlying_unknown,2.0,daily,
S000094390,State Street Short Duration IG Public & Private Credit ETF,SSGA Active Trust,product_type,,unknown,State Street Duration IG Public Private Credit
S000094436,VistaShares BigShort Select ETF,Tidal Trust III,no_leverage_parsed,,unknown,BigShort Select
S000094439,VistaShares Target 15 BigShort Distribution ETF,Tidal Trust III,no_leverage_parsed,,unknown,15 BigShort Distribution
S000094500,KraneShares Wahed Short-Term Alternative Income Index ETF,Krane Shares Trust,product_type,,unknown,Wahed Short-Term Alternative Income Index
S000094554,Franklin Short-Term Municipal Income ETF,Putnam ETF Trust,product_type,,unknown,Franklin Short-Term Municipal Income
S000094648,Defiance Leveraged Long + Income AAPL ETF,Tidal Trust II,product_type,,unknown,+ Income AAPL
S000094649,Defiance Leveraged Long + Income NFLX ETF,Tidal Trust II,product_type,,unknown,+ Income NFLX
S000094650,Defiance Leveraged Long + Income NVDA ETF,Tidal Trust II,product_type,,unknown,+ Income NVDA
S000094651,Defiance Leveraged Long Plus Income PLTR ETF,Tidal Trust II,product_type,,unknown,Income PLTR
S000094652,Defiance Leveraged Long Plus Income SMCI ETF,Tidal Trust II,product_type,,unknown,Income SMCI
S000094653,Defiance Leveraged Long + Income TSLA ETF,Tidal Trust II,product_type,,unknown,+ Income TSLA
S000094654,Defiance Leveraged Long Plus Income AMD ETF,Tidal Trust II,product_type,,unknown,Income AMD
S000094655,Defiance Leveraged Long + Income AMZN ETF,Tidal Trust II,product_type,,unknown,+ Income AMZN
S000094656,Defiance Leveraged Long + Income BRK.B ETF,Tidal Trust II,product_type,,unknown,+ Income BRK.B
S000094657,Defiance Leveraged Long + Income COIN ETF,Tidal Trust II,product_type,,unknown,+ Income COIN
S000094658,Defiance Leveraged Long + Income GOOGL ETF,Tidal Trust II,product_type,,unknown,+ Income GOOGL
S000094659,Defiance Leveraged Long Plus Income HIMS ETF,Tidal Trust II,product_type,,unknown,Income HIMS
S000094660,Defiance Leveraged Long Plus Income HOOD ETF,Tidal Trust II,product_type,,unknown,Income HOOD
S000094661,Defiance Leveraged Long + Income META ETF,Tidal Trust II,product_type,,unknown,+ Income META
S000094783,GMO Ultra-Short Income ETF,GMO ETF Trust,product_type,-2.0,unknown,GMO Ultra-Short Income
S000095094,GraniteShares YieldBOOST 20Y+ Treasuries 3x Income ETF,GraniteShares ETF Trust,product_type,3.0,unknown,YieldBOOST 20Y+ Treasuries Income
S000095095,GraniteShares YieldBOOST Financials 3x Income ETF,GraniteShares ETF Trust,product_type,3.0,unknown,YieldBOOST Financials Income
S000095096,GraniteShares YieldBOOST Gold Miners 2x Income ETF,GraniteShares ETF Trust,product_type,2.0,unknown,YieldBOOST Gold Miners Income
S000095097,GraniteShares YieldBOOST META 2x Income ETF,GraniteShares ETF Trust,product_type,2.0,unknown,YieldBOOST META Income
S000095098,GraniteShares YieldBOOST MSFT 2x Income ETF,GraniteShares ETF Trust,product_type,2.0,unknown,YieldBOOST MSFT Income
S000095099,GraniteShares YieldBOOST NVDA 2x Income ETF,GraniteShares ETF Trust,product_type,2.0,unknown,YieldBOOST NVDA Income
S000095100,GraniteShares YieldBOOST QQQ 3x Income ETF,GraniteShares ETF Trust,product_type,3.0,unknown,YieldBOOST QQQ Income
S000095101,GraniteShares YieldBOOST SPY 3x Income ETF,GraniteShares ETF Trust,product_type,3.0,unknown,YieldBOOST SPY Income
S000095102,GraniteShares YieldBOOST Semiconductor 3x Income ETF,GraniteShares ETF Trust,product_type,3.0,unknown,YieldBOOST Semiconductor Income
S000095103,GraniteShares YieldBOOST Small Cap 3x Income ETF,GraniteShares ETF Trust,product_type,3.0,unknown,YieldBOOST Small Cap Income
S000095104,GraniteShares YieldBOOST TSLA 2x Income ETF,GraniteShares ETF Trust,product_type,2.0,unknown,YieldBOOST TSLA Income
S000095105,GraniteShares YieldBOOST AAPL 2x Income ETF,GraniteShares ETF Trust,product_type,2.0,unknown,YieldBOOST AAPL Income
S000095106,GraniteShares YieldBOOST Technology 3x Income ETF,GraniteShares ETF Trust,product_type,3.0,unknown,YieldBOOST Technology Income
S000095107,GraniteShares YieldBOOST AMD 2x Income ETF,GraniteShares ETF Trust,product_type,2.0,unknown,YieldBOOST AMD Income
S000095108,GraniteShares YieldBOOST AMZN 2x Income ETF,GraniteShares ETF Trust,product_type,2.0,unknown,YieldBOOST AMZN Income
S000095109,GraniteShares YieldBOOST BABA 2x Income ETF,GraniteShares ETF Trust,product_type,2.0,unknown,YieldBOOST BABA Income
S000095110,GraniteShares YieldBOOST Biotech 3x Income ETF,GraniteShares ETF Trust,product_type,3.0,unknown,YieldBOOST Biotech Income
S000095111,GraniteShares YieldBOOST Bitcoin 2x Income ETF,GraniteShares ETF Trust,product_type,2.0,unknown,YieldBOOST Bitcoin Income
S000095112,GraniteShares YieldBOOST COIN 2x Income ETF,GraniteShares ETF Trust,product_type,2.0,unknown,YieldBOOST COIN Income
S000095113,GraniteShares YieldBOOST China 3x Income ETF,GraniteShares ETF Trust,product_type,3.0,unknown,YieldBOOST China Income
S000095192,Defiance Leveraged Long + Income Bitcoin ETF,Tidal Trust II,product_type,,unknown,+ Income Bitcoin
S000095193,Defiance Leveraged Long + Income CRCL ETF,Tidal Trust II,product_type,,unknown,+ Income CRCL
S000095194,Defiance Leveraged Long + Income CRWV ETF,Tidal Trust II,product_type,,unknown,+ Income CRWV
S000095195,Defiance Leveraged Long Plus Income Ethereum ETF,Tidal Trust II,product_type,,unknown,Income Ethereum
S000095196,Defiance Leveraged Long + Income GLXY ETF,Tidal Trust II,product_type,,unknown,+ Income GLXY
S000095197,Defiance Leveraged Long + Income Magnificent Seven ETF,Tidal Trust II,product_type,,unknown,+ Income Magnificent Seven
S000095198,Defiance Leveraged Long + Income Nasdaq 100 ETF,Tidal Trust II,product_type,,unknown,+ Income Nasdaq 100
S000095199,Defiance Leveraged Long + Income S&P 500 ETF,Tidal Trust II,product_type,,unknown,+ Income S&P 500
S000095230,Invesco BulletShares 2035 Municipal Bond ETF,Invesco Exchange-Traded Self-Indexed Fund Trust,product_type,,unknown,BulletShares 2035 Municipal Bond
S000095252,Stoneport Advisors Commodity Long Short ETF,Tidal Trust III,no_leverage_parsed,,unknown,Stoneport Advisors Commodity
S000095498,State Street SPDR Portfolio Ultra Short T-Bill ETF,SPDR SERIES TRUST,product_type,-2.0,unknown,State Street SPDR Portfolio T-Bill
S000095503,Palmer Square Ultra-Short Duration Investment Grade Fund,Palmer Square Funds Trust,product_type,-2.0,unknown,Palmer Square Ultra-Short Duration Investment Grade
S000095606,BNY Mellon Municipal Short Duration ETF,BNY Mellon ETF Trust II,product_type,,unknown,BNY Mellon Municipal Duration
S000095649,State Street(R) SPDR(R) S&P(R) Leveraged Loan ETF,SPDR SERIES TRUST,product_type,,unknown,State Street SPDR S&P Loan
S000095890,T. Rowe Price Short Municipal Income ETF,"T. Rowe Price Exchange-Traded Funds, Inc.",product_type,,unknown,T. Rowe Price Municipal Income
S000096085,Voya Ultra Short Income ETF,Tidal Trust IV,product_type,-2.0,unknown,Voya Income
S000096168,Roundhill Inverse Dow 30 WeeklyPay ETF,Roundhill ETF Trust,product_type,,unknown,Dow 30 WeeklyPay
S000096169,Roundhill Inverse Innovation-100 WeeklyPay ETF,Roundhill ETF Trust,product_type,,unknown,Innovation-100 WeeklyPay
S000096170,Roundhill Inverse Russell 2000 WeeklyPay ETF,Roundhill ETF Trust,product_type,,unknown,Russell 2000 WeeklyPay
S000096171,Roundhill Inverse S&P 500 WeeklyPay ETF,Roundhill ETF Trust,product_type,,unknown,S&P 500 WeeklyPay
S000096407,Defiance Leveraged Long BEAM ETF,Tidal Trust II,no_leverage_parsed,,unknown,BEAM
S000096408,Defiance Leveraged Long EOSE ETF,Tidal Trust II,no_leverage_parsed,,unknown,EOSE
S000096409,Defiance Leveraged Long OPEN ETF,Tidal Trust II,no_leverage_parsed,,unknown,OPEN
S000096410,Defiance Leveraged Long SBET ETF,Tidal Trust II,no_leverage_parsed,,unknown,SBET
S000096507,Defiance Leveraged Long + Income BMNR ETF,Tidal Trust II,product_type,,unknown,+ Income BMNR
S000096508,Defiance Leveraged Long + Income SOFI ETF,Tidal Trust II,product_type,,unknown,+ Income SOFI
S000096512,Defiance Leveraged Long + Income SOL ETF,Tidal Trust II,product_type,,unknown,+ Income SOL
S000096513,Defiance Leveraged Long + Income XRP ETF,Tidal Trust II,product_type,,unknown,+ Income XRP
S000096555,21Shares 2x Long Dogecoin ETF,Listed Funds Trust,underlying_crypto_commod,2.0,unknown,Dogecoin
S000096556,21Shares 2x Long Sui ETF,Listed Funds Trust,underlying_crypto_commod,2.0,unknown,Sui
S000096561,Defiance Short Squeeze ETF,ETF Series Solutions,no_leverage_parsed,,unknown,Squeeze
S000096595,Federated Hermes Ultrashort Bond ETF,Federated Hermes ETF Trust,product_type,-2.0,unknown,Federated Hermes Bond
S000097044,Leverage Shares 2x Capped Accelerated APP Monthly ETF,Themes ETF Trust,product_type,2.0,monthly,Capped Accelerated APP Monthly
S000097045,Leverage Shares 2x Capped Accelerated HIMS Monthly ETF,Themes ETF Trust,product_type,2.0,monthly,Capped Accelerated HIMS Monthly
S000097046,Leverage Shares 2x Capped Accelerated HOOD Monthly ETF,Themes ETF Trust,product_type,2.0,monthly,Capped Accelerated HOOD Monthly
S000097047,Leverage Shares 2x Capped Accelerated LLY Monthly ETF,Themes ETF Trust,product_type,2.0,monthly,Capped Accelerated LLY Monthly
S000097048,Leverage Shares 2x Capped Accelerated QBTS Monthly ETF,Themes ETF Trust,product_type,2.0,monthly,Capped Accelerated QBTS Monthly
S000097049,Leverage Shares 2x Capped Accelerated RGTI Monthly ETF,Themes ETF Trust,product_type,2.0,monthly,Capped Accelerated RGTI Monthly
S000097050,Leverage Shares 2x Capped Accelerated SBET Monthly ETF,Themes ETF Trust,product_type,2.0,monthly,Capped Accelerated SBET Monthly
S000097051,Leverage Shares 2x Capped Accelerated BBAI Monthly ETF,Themes ETF Trust,product_type,2.0,monthly,Capped Accelerated BBAI Monthly
S000097052,Leverage Shares 2x Capped Accelerated BLSH Monthly ETF,Themes ETF Trust,product_type,2.0,monthly,Capped Accelerated BLSH Monthly
S000097053,Leverage Shares 2x Capped Accelerated BMNR Monthly ETF,Themes ETF Trust,product_type,2.0,monthly,Capped Accelerated BMNR Monthly
S000097054,Leverage Shares 2x Capped Accelerated BULL Monthly ETF,Themes ETF Trust,product_type,2.0,monthly,Capped Accelerated Monthly
S000097055,Leverage Shares 2x Capped Accelerated CRCL Monthly ETF,Themes ETF Trust,product_type,2.0,monthly,Capped Accelerated CRCL Monthly
S000097056,Leverage Shares 2x Capped Accelerated CRWV Monthly ETF,Themes ETF Trust,product_type,2.0,monthly,Capped Accelerated CRWV Monthly
S000097057,Leverage Shares 2x Capped Accelerated FIG Monthly ETF,Themes ETF Trust,product_type,2.0,monthly,Capped Accelerated FIG Monthly
S000097058,Leverage Shares 2x Capped Accelerated GEMI Monthly ETF,Themes ETF Trust,product_type,2.0,monthly,Capped Accelerated GEMI Monthly
S000097073,Defiance Leveraged Long DOCN ETF,Tidal Trust II,no_leverage_parsed,,unknown,DOCN
S000097074,Defiance Leveraged Long HTZ ETF,Tidal Trust II,no_leverage_parsed,,unknown,HTZ
S000097075,Defiance Leveraged Long NEGG ETF,Tidal Trust II,no_leverage_parsed,,unknown,NEGG
S000097076,Defiance Leveraged Long NMAX ETF,Tidal Trust II,no_leverage_parsed,,unknown,NMAX
S000097077,Defiance Leveraged Long RUM ETF,Tidal Trust II,no_leverage_parsed,,unknown,RUM
S000097366,Cohen & Steers Short Duration Preferred and Income Active ETF,Cohen & Steers ETF Trust,product_type,,unknown,Cohen Steers Duration Preferred Income Active
S000097419,T-REX 2X LONG ETHM DAILY TARGET ETF,ETF Opportunities Trust,underlying_crypto_commod,2.0,daily,ETHM
S000097562,Quantify 2X Daily All Cap Crypto ETF,Tidal Trust II,underlying_crypto_commod,2.0,daily,Quantify All Cap Crypto
S000097563,Quantify 2X Daily Alt Season Crypto ETF,Tidal Trust II,underlying_crypto_commod,2.0,daily,Quantify Alt Season Crypto
S000097564,Quantify 2X Daily AltAlt Season Crypto ETF,Tidal Trust II,underlying_crypto_commod,2.0,daily,Quantify AltAlt Season Crypto
S000097595,NEOS Long/Short Equity Income ETF,NEOS ETF Trust,product_type,,unknown,NEOS Long/Short Equity Income
S000097705,STERLING CAPITAL SHORT DURATION BOND ETF,STERLING CAPITAL FUNDS,product_type,,unknown,STERLING DURATION BOND
S000097706,STERLING CAPITAL ULTRA SHORT BOND ETF,STERLING CAPITAL FUNDS,product_type,-2.0,unknown,STERLING BOND
S000097881,F/m Compoundr Ultrashort Treasury ETF,"RBB FUND, INC.",product_type,-2.0,unknown,F/m Compoundr Treasury
S000098163,Strategic Advisers Fidelity Short Duration Fund,Fidelity Rutland Square Trust II,product_type,,unknown,Strategic Advisers Fidelity Duration
S000098434,Defiance Daily Target 3X Long SOLZ ETF,ETF Series Solutions,underlying_crypto_commod,3.0,daily,SOLZ
S000098446,Defiance Daily Target 3X Short SOLZ ETF,ETF Series Solutions,underlying_crypto_commod,-3.0,daily,SOLZ
S000098570,WisdomTree Efficient Long/Short U.S. Equity Fund,WisdomTree Trust,product_type,,unknown,WisdomTree Efficient Long/Short U.S. Equity
S000098722,ProShares Daily Target 3x Bitcoin,PROSHARES TRUST,underlying_crypto_commod,3.0,daily,Bitcoin
S000098723,ProShares Daily Target 3x Ether,PROSHARES TRUST,underlying_crypto_commod,3.0,daily,Ether
S000098724,ProShares Daily Target 3x Solana,PROSHARES TRUST,underlying_crypto_commod,3.0,daily,Solana
S000098725,ProShares Daily Target 3x XRP,PROSHARES TRUST,underlying_crypto_commod,3.0,daily,XRP
S000098809,T-REX 3X Long Bitcoin Daily Target ETF,ETF Opportunities Trust,underlying_crypto_commod,3.0,daily,Bitcoin
S000098938,GraniteShares 3x Long Bitcoin Daily ETF,GraniteShares ETF Trust,underlying_crypto_commod,3.0,daily,Bitcoin
S000098939,GraniteShares 3x Long Ether Daily ETF,GraniteShares ETF Trust,underlying_crypto_commod,3.0,daily,Ether
S000098940,GraniteShares 3x Long Solana Daily ETF,GraniteShares ETF Trust,underlying_crypto_commod,3.0,daily,Solana
S000098941,GraniteShares 3x Long XRP Daily ETF,GraniteShares ETF Trust,underlying_crypto_commod,3.0,daily,XRP
S000098942,GraniteShares 3x Short Bitcoin Daily ETF,GraniteShares ETF Trust,underlying_crypto_commod,-3.0,daily,Bitcoin
S000098943,GraniteShares 3x Short Ether Daily ETF,GraniteShares ETF Trust,underlying_crypto_commod,-3.0,daily,Ether
S000098944,GraniteShares 3x Short Solana Daily ETF,GraniteShares ETF Trust,underlying_crypto_commod,-3.0,daily,Solana
S000098945,GraniteShares 3x Short XRP Daily ETF,GraniteShares ETF Trust,underlying_crypto_commod,-3.0,daily,XRP
S000098990,ProShares Daily Target 3x Gold Miners,PROSHARES TRUST,underlying_crypto_commod,3.0,daily,Gold Miners
S000098996,ProShares Daily Target 3x Junior Gold Miners,PROSHARES TRUST,underlying_crypto_commod,3.0,daily,Junior Gold Miners
S000099116,IncomeSTKd 1x US Stocks & 1x Gold Premium ETF,Tidal Trust II,product_type,1.0,unknown,IncomeSTKd US Stocks Gold Premium
S000099117,IncomeSTKd 1x US Stocks & 1x Treasury Premium ETF,Tidal Trust II,product_type,1.0,unknown,IncomeSTKd US Stocks Treasury Premium
S000099119,IncomeSTKd 1x Bitcoin & 1x Gold Premium ETF,Tidal Trust II,product_type,1.0,unknown,IncomeSTKd Bitcoin Gold Premium
S000099120,IncomeSTKd 1x Bitcoin & 1x Treasury Premium ETF,Tidal Trust II,product_type,1.0,unknown,IncomeSTKd Bitcoin Treasury Premium
S000099121,IncomeSTKd 1x Treasury & 1x Gold Premium ETF,Tidal Trust II,product_type,1.0,unknown,IncomeSTKd Treasury Gold Premium
S000099122,IncomeSTKd 1x US Stocks & 1x Bitcoin Premium ETF,Tidal Trust II,product_type,1.0,unknown,IncomeSTKd US Stocks Bitcoin Premium
S000099153,2x DOGE ETF,Volatility Shares Trust,underlying_crypto_commod,2.0,unknown,DOGE
S000099710,Direxion Daily Bitcoin Bull 3X ETF,Direxion Shares ETF Trust,underlying_crypto_commod,3.0,daily,Bitcoin
S000099712,Direxion Daily Ether Bull 3X ETF,Direxion Shares ETF Trust,underlying_crypto_commod,3.0,daily,Ether
S000099713,Direxion Daily Gold Miners Bull 3X ETF,Direxion Shares ETF Trust,underlying_crypto_commod,3.0,daily,Gold Miners
S000099714,Direxion Daily Junior Gold Miners Bull 3X ETF,Direxion Shares ETF Trust,underlying_crypto_commod,3.0,daily,Junior Gold Miners
S000099716,Direxion Daily Oil & Gas Exp. & Prod. Bull 3X ETF,Direxion Shares ETF Trust,underlying_crypto_commod,3.0,daily,Oil Gas Exp. Prod
S000099865,3x Bitcoin ETF,Volatility Shares Trust,underlying_crypto_commod,3.0,unknown,Bitcoin
S000099866,3x Ether ETF,Volatility Shares Trust,underlying_crypto_commod,3.0,unknown,Ether
S000099867,3x Solana ETF,Volatility Shares Trust,underlying_crypto_commod,3.0,unknown,Solana
S000099869,3x XRP ETF,Volatility Shares Trust,underlying_crypto_commod,3.0,unknown,XRP
S000099870,3x VIX ETF,Volatility Shares Trust,product_type,3.0,unknown,VIX
S000099881,5x Bitcoin ETF,Volatility Shares Trust,underlying_crypto_commod,5.0,unknown,Bitcoin
S000099890,5x Ether ETF,Volatility Shares Trust,underlying_crypto_commod,5.0,unknown,Ether
S000099891,5x Solana ETF,Volatility Shares Trust,underlying_crypto_commod,5.0,unknown,Solana
S000099892,5x XRP ETF,Volatility Shares Trust,underlying_crypto_commod,5.0,unknown,XRP
S000099905,ProShares Daily Target 3x Oil & Gas Exploration & Production,PROSHARES TRUST,underlying_crypto_commod,3.0,daily,Oil Gas Exploration Production
S000099908,ProShares Daily Target 3x Crude Oil,PROSHARES TRUST,underlying_crypto_commod,3.0,daily,Crude Oil
S000099909,ProShares Daily Target 3x Natural Gas,PROSHARES TRUST,underlying_crypto_commod,3.0,daily,Natural Gas
S000099910,ProShares Daily Target 3x Silver,PROSHARES TRUST,underlying_crypto_commod,3.0,daily,Silver
S000099911,ProShares Daily Target 3x Gold,PROSHARES TRUST,underlying_crypto_commod,3.0,daily,Gold
S000099957,21Shares 2x Long HYPE ETF,Listed Funds Trust,underlying_crypto_commod,2.0,unknown,HYPE
S000099970,Roundhill Ultra Short Duration No Dividend Target ETF,Roundhill ETF Trust,product_type,-2.0,unknown,Duration No Dividend
S000100084,Defiance Daily Target 2X Long ETHM ETF,Tidal Trust II,underlying_crypto_commod,2.0,daily,ETHM
S000100318,Defiance Daily Target 3X Long BULL ETF,ETF Series Solutions,underlying_unknown,3.0,daily,
S000100325,T-REX 2X LONG LYSDY DAILY TARGET ETF,ETF Opportunities Trust,underlying_nonus_stock,2.0,daily,LYSDY
S000100341,Teucrium xETFs 2x Long Daily BNB ETF,Listed Funds Trust,underlying_crypto_commod,2.0,daily,xETFs BNB
S000100394,Teucrium Leveraged FLR ETF,Listed Funds Trust,no_leverage_parsed,,unknown,FLR
S000100406,Tradr 2X Long PlusAI Daily ETF,Investment Managers Series Trust II,underlying_private,2.0,daily,PlusAI
S000100418,T-REX 2X Long HYPE Daily Target ETF,ETF Opportunities Trust,underlying_crypto_commod,2.0,daily,HYPE
S000100674,GraniteShares 3x Long Uranium and Nuclear Daily ETF,GraniteShares ETF Trust,underlying_crypto_commod,3.0,daily,Uranium Nuclear
S000100678,GraniteShares 3x Long Crypto Industry Daily ETF,GraniteShares ETF Trust,underlying_crypto_commod,3.0,daily,Crypto Industry
S000100681,GraniteShares 3x Long Gold Miners Daily ETF,GraniteShares ETF Trust,underlying_crypto_commod,3.0,daily,Gold Miners
S000100935,Tradr 2X Long Databricks Daily ETF,Investment Managers Series Trust II,underlying_private,2.0,daily,Databricks
S000100936,Tradr 2X Short Databricks Daily ETF,Investment Managers Series Trust II,underlying_private,-2.0,daily,Databricks
S000101066,BlockBridge Bitcoin and Short Term Income 50/50 Strategy ETF,Bergstrom Financial Group Trust,product_type,,unknown,BlockBridge Bitcoin Term Income 50/50 Strategy
S000101168,Innovator Growth-100 X% Uncapped Accelerated 30 Barrier ETF(R) - 3 Yr to 2028,Innovator ETFs Trust,product_type,-100.0,unknown,Innovator Growth % Uncapped Accelerated 30 Barrier - 3 Yr to 2028
S000101170,Innovator Growth-100 X% Uncapped Accelerated 30 Barrier ETF(R) - 5 Yr to 2030,Innovator ETFs Trust,product_type,-100.0,unknown,Innovator Growth % Uncapped Accelerated 30 Barrier - 5 Yr to 2030
S000101258,Leverage Shares 3X Target Long Gold Miners Daily ETF,Themes ETF Trust,underlying_crypto_commod,3.0,daily,Gold Miners
S000101262,Leverage Shares 3X Target Long Uranium Daily ETF,Themes ETF Trust,underlying_crypto_commod,3.0,daily,Uranium
S000102048,Portfolio Building Block 1X Inverse US Growth Daily Target ETF,Tidal Trust II,product_type,-1.0,daily,Portfolio Building Block US Growth
S000102049,Portfolio Building Block 1X Inverse US Large Cap Daily Target ETF,Tidal Trust II,product_type,-1.0,daily,Portfolio Building Block US Large Cap
S000102055,Tuttle Capital Ultra Income Blast ETF,ETF Opportunities Trust,product_type,2.0,unknown,Income Blast
S000102070,Weitz Short Duration Bond ETF,NORTHERN LIGHTS FUND TRUST II,product_type,,unknown,Weitz Duration Bond
S000102169,DoubleLine Ultrashort Income ETF,DoubleLine ETF Trust,product_type,-2.0,unknown,DoubleLine Income
S000102197,Teucrium Leveraged XDC Network ETF,Listed Funds Trust,no_leverage_parsed,,unknown,XDC Network
S000102266,T-REX 2X LONG DISCORD DAILY TARGET ETF,ETF Opportunities Trust,underlying_private,2.0,daily,DISCORD
S000102296,ProShares Ultra Cardano ETF,PROSHARES TRUST,underlying_crypto_commod,2.0,daily,Cardano
S000102298,ProShares Ultra Chainlink ETF,PROSHARES TRUST,underlying_crypto_commod,2.0,daily,Chainlink
S000102299,ProShares Ultra Stellar ETF,PROSHARES TRUST,underlying_crypto_commod,2.0,daily,Stellar
S000102300,2x Cardano ETF,Volatility Shares Trust,underlying_crypto_commod,2.0,unknown,Cardano
S000102301,2x Chainlink ETF,Volatility Shares Trust,underlying_crypto_commod,2.0,unknown,Chainlink
S000102302,2x Stellar ETF,Volatility Shares Trust,underlying_crypto_commod,2.0,unknown,Stellar
S000102309,Guggenheim Short Duration Income ETF,GUGGENHEIM FUNDS TRUST,product_type,,daily,Guggenheim Duration Income
S000102310,Guggenheim Ultra Short Income ETF,GUGGENHEIM FUNDS TRUST,product_type,-2.0,daily,Guggenheim Income
S000102779,Platinum 2x Daily ETF,Corgi ETF Trust I,underlying_crypto_commod,2.0,daily,Platinum
S000102780,Silver 2x Daily ETF,Corgi ETF Trust I,underlying_crypto_commod,2.0,daily,Silver
S000102803,Copper 2x Daily ETF,Corgi ETF Trust I,underlying_crypto_commod,2.0,daily,Copper
S000102805,Oil 2x Daily ETF,Corgi ETF Trust I,underlying_crypto_commod,2.0,daily,Oil
S000102806,Natural Gas 2x Daily ETF,Corgi ETF Trust I,underlying_crypto_commod,2.0,daily,Natural Gas
S000102807,Uranium 2x Daily ETF,Corgi ETF Trust I,underlying_crypto_commod,2.0,daily,Uranium
S000102809,Palladium 2x Daily ETF,Corgi ETF Trust I,underlying_crypto_commod,2.0,daily,Palladium
S000102816,Corgi Crypto Infrastructure 2x Daily ETF,Corgi ETF Trust I,underlying_crypto_commod,2.0,daily,Crypto Infrastructure
S000102823,Corgi Natural Gas Power & Turbines 2x Daily ETF,Corgi ETF Trust I,underlying_crypto_commod,2.0,daily,Natural Gas Power Turbines
S000102835,Corgi Space & Satellite Communications 2x Daily ETF,Corgi ETF Trust I,product_type,2.0,daily,Space Satellite Communications
S000102843,Gold 2x Daily ETF,Corgi ETF Trust I,underlying_crypto_commod,2.0,daily,Gold
S000102920,ProShares Ultra Silver K-1 Free ETF,PROSHARES TRUST,underlying_crypto_commod,2.0,daily,Silver K-1 Free
S000102921,ProShares Ultra Platinum K-1 Free ETF,PROSHARES TRUST,underlying_crypto_commod,2.0,daily,Platinum K-1 Free
S000102922,ProShares Ultra Palladium K-1 Free ETF,PROSHARES TRUST,underlying_crypto_commod,2.0,daily,Palladium K-1 Free
S000102923,ProShares Ultra Oil K-1 Free ETF,PROSHARES TRUST,underlying_crypto_commod,2.0,daily,Oil K-1 Free
S000102924,ProShares Ultra Natural Gas K-1 Free ETF,PROSHARES TRUST,underlying_crypto_commod,2.0,daily,Natural Gas K-1 Free
S000102925,ProShares Ultra Gold K-1 Free ETF,PROSHARES TRUST,underlying_crypto_commod,2.0,daily,Gold K-1 Free
S000102926,ProShares Ultra Copper K-1 Free ETF,PROSHARES TRUST,underlying_crypto_commod,2.0,daily,Copper K-1 Free
S000102968,Defiance Daily Target 2X Long Discord ETF,Tidal Trust II,underlying_private,2.0,daily,Discord
S000103208,Leverage Shares 2X Long Discord Daily ETF,Themes ETF Trust,underlying_private,2.0,daily,Discord
S000103209,Leverage Shares 2X Short Discord Daily ETF,Themes ETF Trust,underlying_private,-2.0,daily,Discord
S000103224,ProShares UltraPro Gold Miners,PROSHARES TRUST,underlying_crypto_commod,3.0,daily,Gold Miners
S000103225,ProShares UltraPro Silver K-1 Free ETF,PROSHARES TRUST,underlying_crypto_commod,3.0,daily,Silver K-1 Free
S000103226,ProShares UltraPro Gold K-1 Free ETF,PROSHARES TRUST,underlying_crypto_commod,3.0,daily,Gold K-1 Free
S000103275,Defiance Daily Target 2X Long RYCEY ETF,Tidal Trust II,underlying_nonus_stock,2.0,daily,RYCEY
S000103278,Leverage Shares 2X Long Strava Daily ETF,Themes ETF Trust,underlying_private,2.0,daily,Strava
S000103279,Leverage Shares 2X Short Strava Daily ETF,Themes ETF Trust,underlying_private,-2.0,daily,Strava
S000103282,Leverage Shares 2X Long Anthropic Daily ETF,Themes ETF Trust,underlying_private,2.0,daily,Anthropic
S000103283,Leverage Shares 2X Short Anthropic Daily ETF,Themes ETF Trust,underlying_private,-2.0,daily,Anthropic
S000103294,ProShares UltraPro Ether ETF,PROSHARES TRUST,underlying_crypto_commod,3.0,daily,Ether
S000103295,ProShares UltraPro Bitcoin ETF,PROSHARES TRUST,underlying_crypto_commod,3.0,daily,Bitcoin
S000103379,Leverage Shares 2X Long Databricks Daily ETF,Themes ETF Trust,underlying_private,2.0,daily,Databricks
S000103380,Leverage Shares 2X Short Databricks Daily ETF,Themes ETF Trust,underlying_private,-2.0,daily,Databricks
S000103396,Leverage Shares 2X Long SpaceX Daily ETF,Themes ETF Trust,underlying_private,2.0,daily,SpaceX
S000103397,Leverage Shares 2X Short SpaceX Daily ETF,Themes ETF Trust,underlying_private,-2.0,daily,SpaceX
S000103398,Leverage Shares 2X Long Lambda Daily ETF,Themes ETF Trust,underlying_private,2.0,daily,Lambda
S000103399,Leverage Shares 2X Short Lambda Daily ETF,Themes ETF Trust,underlying_private,-2.0,daily,Lambda
S000103432,Leverage Shares 2X Long Stripe Daily ETF,Themes ETF Trust,underlying_private,2.0,daily,Stripe
S000103433,Leverage Shares 2X Short Stripe Daily ETF,Themes ETF Trust,underlying_private,-2.0,daily,Stripe
S000103450,Leverage Shares 2X Long Dataiku Daily ETF,Themes ETF Trust,underlying_private,2.0,daily,Dataiku
S000103451,Leverage Shares 2X Short Dataiku Daily ETF,Themes ETF Trust,underlying_private,-2.0,daily,Dataiku
S000103489,GraniteShares 4x Long Silver Miners Daily ETF,GraniteShares ETF Trust,underlying_crypto_commod,4.0,daily,Silver Miners
S000103490,GraniteShares 4x Long Uranium and Nuclear Daily ETF,GraniteShares ETF Trust,underlying_crypto_commod,4.0,daily,Uranium Nuclear
S000103492,GraniteShares 4x Short Blockchain Daily ETF,GraniteShares ETF Trust,underlying_crypto_commod,-4.0,daily,Blockchain
S000103495,GraniteShares 4x Long Blockchain Daily ETF,GraniteShares ETF Trust,underlying_crypto_commod,4.0,daily,Blockchain
S000103496,GraniteShares 4x Short Gold Miners Daily ETF,GraniteShares ETF Trust,underlying_crypto_commod,-4.0,daily,Gold Miners
S000103498,GraniteShares 4x Short Junior Gold Miners Daily ETF,GraniteShares ETF Trust,underlying_crypto_commod,-4.0,daily,Junior Gold Miners
S000103499,GraniteShares 4x Short Junior Silver Miners Daily ETF,GraniteShares ETF Trust,underlying_crypto_commod,-4.0,daily,Junior Silver Miners
S000103505,GraniteShares 4x Short Silver Miners Daily ETF,GraniteShares ETF Trust,underlying_crypto_commod,-4.0,daily,Silver Miners
S000103507,GraniteShares 4x Short Uranium and Nuclear Daily ETF,GraniteShares ETF Trust,underlying_crypto_commod,-4.0,daily,Uranium Nuclear
S000103509,GraniteShares 4x Long Gold Miners Daily ETF,GraniteShares ETF Trust,underlying_crypto_commod,4.0,daily,Gold Miners
S000103511,GraniteShares 4x Long Junior Gold Miners Daily ETF,GraniteShares ETF Trust,underlying_crypto_commod,4.0,daily,Junior Gold Miners
S000103512,GraniteShares 4x Long Junior Silver Miners Daily ETF,GraniteShares ETF Trust,underlying_crypto_commod,4.0,daily,Junior Silver Miners
S000103517,ProShares Ultra Anthropic,PROSHARES TRUST,underlying_private,2.0,daily,Anthropic
S000103518,ProShares Ultra Databricks,PROSHARES TRUST,underlying_private,2.0,daily,Databricks
S000103519,ProShares Ultra Discord,PROSHARES TRUST,underlying_private,2.0,daily,Discord
S000103520,ProShares Ultra Kraken,PROSHARES TRUST,underlying_private,2.0,daily,Kraken
S000103521,ProShares Ultra OpenAI,PROSHARES TRUST,underlying_private,2.0,daily,OpenAI
S000103522,ProShares Ultra SpaceX,PROSHARES TRUST,underlying_private,2.0,daily,SpaceX
S000103523,Leverage Shares 2X Long OpenAI Daily ETF,Themes ETF Trust,underlying_private,2.0,daily,OpenAI
S000103524,Leverage Shares 2X Short OpenAI Daily ETF,Themes ETF Trust,underlying_private,-2.0,daily,OpenAI
S000103525,ProShares Ultra ByteDance,PROSHARES TRUST,underlying_private,2.0,daily,ByteDance
S000103526,ProShares Ultra Lambda,PROSHARES TRUST,underlying_private,2.0,daily,Lambda
S000103527,ProShares Ultra Revolut,PROSHARES TRUST,underlying_private,2.0,daily,Revolut
S000103528,ProShares Ultra Shein,PROSHARES TRUST,underlying_private,2.0,daily,Shein
S000103529,ProShares Ultra Stripe,PROSHARES TRUST,underlying_private,2.0,daily,Stripe
S000103687,Direxion Daily Ether Bull 2X ETF,Direxion Shares ETF Trust,underlying_crypto_commod,2.0,daily,Ether
S000103688,Direxion Daily Ether Bear 2X ETF,Direxion Shares ETF Trust,underlying_crypto_commod,-2.0,daily,Ether
S000103689,Direxion Daily Gold Bull 2X ETF,Direxion Shares ETF Trust,underlying_crypto_commod,2.0,daily,Gold
S000103690,Direxion Daily Gold Bear 2X ETF,Direxion Shares ETF Trust,underlying_crypto_commod,-2.0,daily,Gold
S000103691,Direxion Daily Silver Bull 2X ETF,Direxion Shares ETF Trust,underlying_crypto_commod,2.0,daily,Silver
S000103692,Direxion Daily Silver Bear 2X ETF,Direxion Shares ETF Trust,underlying_crypto_commod,-2.0,daily,Silver
S000103724,GraniteShares 2x Long SpaceX Daily ETF,GraniteShares ETF Trust,underlying_private,2.0,daily,SpaceX
S000103725,GraniteShares 2x Short SpaceX Daily ETF,GraniteShares ETF Trust,underlying_private,-2.0,daily,SpaceX
S000103752,GraniteShares 3x Long Blockchain Daily ETF,GraniteShares ETF Trust,underlying_crypto_commod,3.0,daily,Blockchain
S000103753,GraniteShares 3x Long Silver Miners Daily ETF,GraniteShares ETF Trust,underlying_crypto_commod,3.0,daily,Silver Miners
S000103755,GraniteShares 3x Short Blockchain Daily ETF,GraniteShares ETF Trust,underlying_crypto_commod,-3.0,daily,Blockchain
S000103758,GraniteShares 3x Short Gold Miners Daily ETF,GraniteShares ETF Trust,underlying_crypto_commod,-3.0,daily,Gold Miners
S000103760,GraniteShares 3x Short Junior Gold Miners Daily ETF,GraniteShares ETF Trust,underlying_crypto_commod,-3.0,daily,Junior Gold Miners
S000103761,GraniteShares 3x Short Junior Silver Miners Daily ETF,GraniteShares ETF Trust,underlying_crypto_commod,-3.0,daily,Junior Silver Miners
S000103768,GraniteShares 3x Short Silver Miners Daily ETF,GraniteShares ETF Trust,underlying_crypto_commod,-3.0,daily,Silver Miners
S000103769,GraniteShares 3x Short Uranium and Nuclear Daily ETF,GraniteShares ETF Trust,underlying_crypto_commod,-3.0,daily,Uranium Nuclear
S000103771,GraniteShares 3x Long Junior Gold Miners Daily ETF,GraniteShares ETF Trust,underlying_crypto_commod,3.0,daily,Junior Gold Miners
S000103772,GraniteShares 3x Long Junior Silver Miners Daily ETF,GraniteShares ETF Trust,underlying_crypto_commod,3.0,daily,Junior Silver Miners
S000103835,Leverage Shares 4X Long 20+ Treasury Daily ETF,Themes ETF Trust,product_type,4.0,daily,20+ Treasury
S000103838,Leverage Shares 4X Long Junior Gold Miners Daily ETF,Themes ETF Trust,underlying_crypto_commod,4.0,daily,Junior Gold Miners
S000103847,Leverage Shares 4X Long Uranium Daily ETF,Themes ETF Trust,underlying_crypto_commod,4.0,daily,Uranium
S000103855,Leverage Shares 4X Long Gold Miners Daily ETF,Themes ETF Trust,underlying_crypto_commod,4.0,daily,Gold Miners
S000103892,Defiance Daily Target 2X Long KRKNF ETF,Tidal Trust II,underlying_nonus_stock,2.0,daily,KRKNF
S000103895,Defiance Daily Target 2X Long SSNLF ETF,Tidal Trust II,underlying_nonus_stock,2.0,daily,SSNLF
S000104027,2x Avalanche ETF,Volatility Shares Trust,underlying_crypto_commod,2.0,unknown,Avalanche
S000104028,2x Sui ETF,Volatility Shares Trust,underlying_crypto_commod,2.0,unknown,Sui
S000104044,Corgi SK hynix 2x Daily ETF,Corgi ETF Trust I,underlying_nonus_stock,2.0,daily,SK hynix
S000104045,Hanmi Semiconductor 2x Daily ETF,Corgi ETF Trust I,underlying_nonus_stock,2.0,daily,Hanmi Semiconductor
S000104046,Corgi Hyundai 2x Daily ETF,Corgi ETF Trust I,underlying_nonus_stock,2.0,daily,Hyundai
S000104047,Corgi DISCO 2x Daily ETF,Corgi ETF Trust I,underlying_nonus_stock,2.0,daily,DISCO
S000104048,Corgi Lasertec 2x Daily ETF,Corgi ETF Trust I,underlying_nonus_stock,2.0,daily,Lasertec
S000104049,Corgi Samsung 2x Daily ETF,Corgi ETF Trust I,underlying_nonus_stock,2.0,daily,Samsung
S000104050,Corgi Kioxia 2x Daily ETF,Corgi ETF Trust I,underlying_nonus_stock,2.0,daily,Kioxia
S000104051,Corgi Besi 2x Daily ETF,Corgi ETF Trust I,underlying_nonus_stock,2.0,daily,Besi
S000104053,Corgi Advantest 2x Daily ETF,Corgi ETF Trust I,underlying_nonus_stock,2.0,daily,Advantest
S000104055,Corgi MediaTek 2x Daily ETF,Corgi ETF Trust I,underlying_nonus_stock,2.0,daily,MediaTek
S000104056,Corgi Delta Electronics 2x Daily ETF,Corgi ETF Trust I,underlying_nonus_stock,2.0,daily,Delta Electronics
S000104061,GraniteShares 2x Long Databricks Daily ETF,GraniteShares ETF Trust,underlying_private,2.0,daily,Databricks
S000104062,GraniteShares 2x Short Databricks Daily ETF,GraniteShares ETF Trust,underlying_private,-2.0,daily,Databricks
S000104063,GraniteShares 2x Long Anthropic Daily ETF,GraniteShares ETF Trust,underlying_private,2.0,daily,Anthropic
S000104064,GraniteShares 2x Short Anthropic Daily ETF,GraniteShares ETF Trust,underlying_private,-2.0,daily,Anthropic
S000104067,GraniteShares 2x Long OpenAI Daily ETF,GraniteShares ETF Trust,underlying_private,2.0,daily,OpenAI
S000104068,GraniteShares 2x Short OpenAI Daily ETF,GraniteShares ETF Trust,underlying_private,-2.0,daily,OpenAI
S000104140,Tradr 2X Long SpaceX Daily ETF,Investment Managers Series Trust II,underlying_private,2.0,daily,SpaceX
S000104141,Tradr 2X Short SpaceX Daily ETF,Investment Managers Series Trust II,underlying_private,-2.0,daily,SpaceX
S000104142,Tradr 2X Long OpenAI Daily ETF,Investment Managers Series Trust II,underlying_private,2.0,daily,OpenAI
S000104143,Tradr 2X Short OpenAI Daily ETF,Investment Managers Series Trust II,underlying_private,-2.0,daily,OpenAI
S000104146,Tradr 2X Long Quantinuum Daily ETF,Investment Managers Series Trust II,underlying_private,2.0,daily,Quantinuum
S000104147,Tradr 2X Short Quantinuum Daily ETF,Investment Managers Series Trust II,underlying_private,-2.0,daily,Quantinuum
S000104150,Tradr 2X Long Kraken Daily ETF,Investment Managers Series Trust II,underlying_private,2.0,daily,Kraken
S000104151,Tradr 2X Short Kraken Daily ETF,Investment Managers Series Trust II,underlying_private,-2.0,daily,Kraken
S000104184,Direxion Daily Bitcoin Bull 4X ETF,Direxion Shares ETF Trust,underlying_crypto_commod,4.0,daily,Bitcoin
S000104189,Direxion Daily Communication Services Bull 4X ETF,Direxion Shares ETF Trust,product_type,4.0,daily,Communication Services
S000104195,Direxion Daily Ether Bull 4X ETF,Direxion Shares ETF Trust,underlying_crypto_commod,4.0,daily,Ether
S000104201,Direxion Daily Gold Bull 4X ETF,Direxion Shares ETF Trust,underlying_crypto_commod,4.0,daily,Gold
S000104202,Direxion Daily Silver Bull 4X ETF,Direxion Shares ETF Trust,underlying_crypto_commod,4.0,daily,Silver
S000104203,Direxion Daily 20+ Year Treasury Bull 4X ETF,Direxion Shares ETF Trust,product_type,4.0,daily,20+ Year Treasury
S000104497,Leverage Shares 5X Long 20+ Treasury Daily ETF,Themes ETF Trust,product_type,5.0,daily,20+ Treasury
S000104500,Leverage Shares 5X Long Junior Gold Miners Daily ETF,Themes ETF Trust,underlying_crypto_commod,5.0,daily,Junior Gold Miners
S000104509,Leverage Shares 5X Long Uranium Daily ETF,Themes ETF Trust,underlying_crypto_commod,5.0,daily,Uranium
S000104517,Leverage Shares 5X Long Gold Miners Daily ETF,Themes ETF Trust,underlying_crypto_commod,5.0,daily,Gold Miners
S000104523,Portfolio Building Block 1X Inverse Developed Markets Ex US Daily Target ETF,Tidal Trust II,product_type,-1.0,daily,Portfolio Building Block Developed Markets Ex US
S000104524,Portfolio Building Block 1X Inverse US Value Daily Target ETF,Tidal Trust II,product_type,-1.0,daily,Portfolio Building Block US Value
S000104629,Tradr 2X Long Anthropic Daily ETF,Investment Managers Series Trust II,underlying_private,2.0,daily,Anthropic
S000104630,Tradr 2X Short Anthropic Daily ETF,Investment Managers Series Trust II,underlying_private,-2.0,daily,Anthropic
S000104633,Tradr 2X Long Ledger Daily ETF,Investment Managers Series Trust II,underlying_private,2.0,daily,Ledger
S000104634,Tradr 2X Short Ledger Daily ETF,Investment Managers Series Trust II,underlying_private,-2.0,daily,Ledger
S000104635,Tradr 2X Long Revolut Daily ETF,Investment Managers Series Trust II,underlying_private,2.0,daily,Revolut
S000104636,Tradr 2X Short Revolut Daily ETF,Investment Managers Series Trust II,underlying_private,-2.0,daily,Revolut
S000104655,Defiance Daily Target 2X Short [Discord] ETF,Tidal Trust II,underlying_private,-2.0,daily,[Discord]
S000104720,Defiance Daily Target 2X Long [SpaceX] ETF,Tidal Trust II,underlying_private,2.0,daily,[SpaceX]
S000104721,Defiance Daily Target 2X Short [SpaceX] ETF,Tidal Trust II,underlying_private,-2.0,daily,[SpaceX]
S000104910,Direxion Daily SpaceX Bull 2X ETF,Direxion Shares ETF Trust,underlying_private,2.0,daily,SpaceX
S000104911,Direxion Daily SpaceX Bear 2X ETF,Direxion Shares ETF Trust,underlying_private,-2.0,daily,SpaceX
S000104940,Direxion Daily Anthropic Bull 2X ETF,Direxion Shares ETF Trust,underlying_private,2.0,daily,Anthropic
S000104941,Direxion Daily Anthropic Bear 2X ETF,Direxion Shares ETF Trust,underlying_private,-2.0,daily,Anthropic
S000104943,Direxion Daily OpenAI Bull 2X ETF,Direxion Shares ETF Trust,underlying_private,2.0,daily,OpenAI
S000104944,Direxion Daily OpenAI Bear 2X ETF,Direxion Shares ETF Trust,underlying_private,-2.0,daily,OpenAI
S000104989,Direxion Daily Databricks Bull 2X ETF,Direxion Shares ETF Trust,underlying_private,2.0,daily,Databricks
S000104990,Direxion Daily Databricks Bear 2X ETF,Direxion Shares ETF Trust,underlying_private,-2.0,daily,Databricks
S000104991,Direxion Daily Anduril Bull 2X ETF,Direxion Shares ETF Trust,underlying_private,2.0,daily,Anduril
S000104992,Direxion Daily Anduril Bear 2X ETF,Direxion Shares ETF Trust,underlying_private,-2.0,daily,Anduril
S000105235,Tradr 2X Long Anduril Daily ETF,Investment Managers Series Trust II,underlying_private,2.0,daily,Anduril
S000105236,Tradr 2X Short Anduril Daily ETF,Investment Managers Series Trust II,underlying_private,-2.0,daily,Anduril
S000105242,Tradr 2X Long Plaid Daily ETF,Investment Managers Series Trust II,underlying_private,2.0,daily,Plaid
S000105243,Tradr 2X Short Plaid Daily ETF,Investment Managers Series Trust II,underlying_private,-2.0,daily,Plaid
S000105244,Tradr 2X Long Stripe Daily ETF,Investment Managers Series Trust II,underlying_private,2.0,daily,Stripe
S000105245,Tradr 2X Short Stripe Daily ETF,Investment Managers Series Trust II,underlying_private,-2.0,daily,Stripe
S000105250,Ultra-Short Strategy Portfolio,MORGAN STANLEY INSTITUTIONAL FUND TRUST,product_type,-2.0,unknown,Ultra-Short Strategy Portfolio
S000105316,Defiance Daily Target 2X Long [Anthropic] ETF,Tidal Trust II,underlying_private,2.0,daily,[Anthropic]
S000105317,Defiance Daily Target 2X Short [Anthropic] ETF,Tidal Trust II,underlying_private,-2.0,daily,[Anthropic]
S000105366,Invesco BulletShares 2036 Corporate Bond ETF,Invesco Exchange-Traded Self-Indexed Fund Trust,product_type,,unknown,BulletShares 2036 Corporate Bond
S000105367,Invesco BulletShares 2034 High Yield Corporate Bond ETF,Invesco Exchange-Traded Self-Indexed Fund Trust,product_type,,unknown,BulletShares 2034 High Yield Corporate Bond
S000105378,Invesco BulletShares 2027 Treasury Bond ETF,Invesco Exchange-Traded Self-Indexed Fund Trust,product_type,,unknown,BulletShares 2027 Treasury Bond
S000105379,Invesco BulletShares 2028 Treasury Bond ETF,Invesco Exchange-Traded Self-Indexed Fund Trust,product_type,,unknown,BulletShares 2028 Treasury Bond
S000105380,Invesco BulletShares 2029 Treasury Bond ETF,Invesco Exchange-Traded Self-Indexed Fund Trust,product_type,,unknown,BulletShares 2029 Treasury Bond
S000105381,Invesco BulletShares 2030 Treasury Bond ETF,Invesco Exchange-Traded Self-Indexed Fund Trust,product_type,,unknown,BulletShares 2030 Treasury Bond
S000105382,Invesco BulletShares 2031 Treasury Bond ETF,Invesco Exchange-Traded Self-Indexed Fund Trust,product_type,,unknown,BulletShares 2031 Treasury Bond
S000105385,Defiance Daily Target 2X Long [Anduril] ETF,Tidal Trust II,underlying_private,2.0,daily,[Anduril]
S000105386,Defiance Daily Target 2X Short [Anduril] ETF,Tidal Trust II,underlying_private,-2.0,daily,[Anduril]
S000105423,CoinShares Bitcoin Volatility Inverse ETF,Valkyrie ETF Trust II,product_type,,unknown,CoinShares Bitcoin Volatility
S000105424,CoinShares Bitcoin Volatility Leveraged ETF,Valkyrie ETF Trust II,product_type,,unknown,CoinShares Bitcoin Volatility
S000105435,-1x Bitcoin Volatility ETF,Volatility Shares Trust,product_type,-1.0,unknown,Bitcoin Volatility
S000105436,2x Bitcoin Volatility ETF,Volatility Shares Trust,product_type,2.0,unknown,Bitcoin
S000105475,T-REX 2X LONG SK HYNIX DAILY TARGET ETF,ETF Opportunities Trust,underlying_nonus_stock,2.0,daily,SK HYNIX
S000105495,T-REX 2X Long Anduril Daily Target ETF,ETF Opportunities Trust,underlying_private,2.0,daily,Anduril
S000105497,T-REX 2X Long Anthropic Daily Target ETF,ETF Opportunities Trust,underlying_private,2.0,daily,Anthropic
S000105499,T-REX 2X Long Figure AI Daily Target ETF,ETF Opportunities Trust,underlying_private,2.0,daily,Figure AI
S000105501,T-REX 2X Long SpaceX Daily Target ETF,ETF Opportunities Trust,underlying_private,2.0,daily,SpaceX
S000105524,GraniteShares 2x Long SK Hynix Daily ETF,GraniteShares ETF Trust,underlying_nonus_stock,2.0,daily,SK Hynix
S000105525,GraniteShares 2x Short SK Hynix Daily ETF,GraniteShares ETF Trust,underlying_nonus_stock,-2.0,daily,SK Hynix
S000105550,Defiance Daily Target 2X Long [OpenAI] ETF,Tidal Trust II,underlying_private,2.0,daily,[OpenAI]
S000105551,Defiance Daily Target 2X Short [OpenAI] ETF,Tidal Trust II,underlying_private,-2.0,daily,[OpenAI]
S000105628,F/m Accumulator Ultrashort U.S. Treasury Fund,"RBB FUND, INC.",product_type,-2.0,unknown,F/m Accumulator U.S. Treasury
S000105631,GraniteShares 2x Long Anduril Daily ETF,GraniteShares ETF Trust,underlying_private,2.0,daily,Anduril
S000105632,GraniteShares 2x Short Anduril Daily ETF,GraniteShares ETF Trust,underlying_private,-2.0,daily,Anduril
S000105642,Leverage Shares -1X Short Bitcoin Volatility Daily ETF,Themes ETF Trust,product_type,-1.0,daily,Bitcoin Volatility
S000105643,Leverage Shares 2X Long Bitcoin Volatility Daily ETF,Themes ETF Trust,product_type,2.0,daily,Bitcoin Volatility
S000105653,Leverage Shares 1X Short SK Hynix Daily ETF,Themes ETF Trust,underlying_nonus_stock,-1.0,daily,SK Hynix
S000105654,Leverage Shares 2X Long SK Hynix Daily ETF,Themes ETF Trust,underlying_nonus_stock,2.0,daily,SK Hynix
S000105713,Defiance Daily Target 2X Long [Cohere] ETF,Tidal Trust II,underlying_private,2.0,daily,[Cohere]
S000105714,Defiance Daily Target 2X Short [Cohere] ETF,Tidal Trust II,underlying_private,-2.0,daily,[Cohere]
S000105816,T-REX 2X Long Viva Republica Daily Target ETF,ETF Opportunities Trust,underlying_private,2.0,daily,Viva Republica
S000105838,Defiance Daily Target 2X Long [X-Energy] ETF,Tidal Trust II,underlying_private,2.0,daily,[X-Energy]
S000105851,Leverage Shares 2X Long Viva Republica Daily ETF,Themes ETF Trust,underlying_private,2.0,daily,Viva Republica
S000105852,Leverage Shares 2X Short Viva Republica Daily ETF,Themes ETF Trust,underlying_private,-2.0,daily,Viva Republica
S000105973,Defiance Daily Target 2X Long SIVEF ETF,Tidal Trust II,underlying_nonus_stock,2.0,daily,SIVEF
S000106008,Defiance Daily Target 2X Long [Cerebras] ETF,Tidal Trust II,underlying_private,2.0,daily,[Cerebras]
S000106009,Defiance Daily Target 2X Short [Cerebras] ETF,Tidal Trust II,underlying_private,-2.0,daily,[Cerebras]
S000106041,Defiance Daily Target 2X Long [Kraken] ETF,Tidal Trust II,underlying_private,2.0,daily,[Kraken]
S000106042,Defiance Daily Target 2X Short [Kraken] ETF,Tidal Trust II,underlying_private,-2.0,daily,[Kraken]
S000106079,Defiance Daily Target 2X Long [Databricks] ETF,Tidal Trust II,underlying_private,2.0,daily,[Databricks]
S000106080,Defiance Daily Target 2X Short [Databricks] ETF,Tidal Trust II,underlying_private,-2.0,daily,[Databricks]
S000106163,Optimum Short Duration Fund,OPTIMUM FUND TRUST,product_type,,unknown,Optimum Duration
S000106174,Defiance Daily Target 2X Long [Stripe] ETF,Tidal Trust II,underlying_private,2.0,daily,[Stripe]
S000106175,Defiance Daily Target 2X Short [Stripe] ETF,Tidal Trust II,underlying_private,-2.0,daily,[Stripe]
S000106190,ProShares Ultra Cerebras,PROSHARES TRUST,underlying_private,2.0,daily,Cerebras
S000106191,ProShares Ultra SK hynix,PROSHARES TRUST,underlying_nonus_stock,2.0,daily,SK hynix
S000106192,ProShares Ultra Anduril,PROSHARES TRUST,underlying_private,2.0,daily,Anduril
S000106203,GraniteShares 2x Long [Lambda] Daily ETF,GraniteShares ETF Trust,underlying_private,2.0,daily,[Lambda]
S000106204,GraniteShares 2x Short [Lambda] Daily ETF,GraniteShares ETF Trust,underlying_private,-2.0,daily,[Lambda]
S000106207,GraniteShares 2x Long [Relativity Space] Daily ETF,GraniteShares ETF Trust,underlying_private,2.0,daily,[Relativity Space]
S000106208,GraniteShares 2x Short [Relativity Space] Daily ETF,GraniteShares ETF Trust,underlying_private,-2.0,daily,[Relativity Space]
S000106211,GraniteShares 2x Long [Axiom Space] Daily ETF,GraniteShares ETF Trust,underlying_private,2.0,daily,[Axiom Space]
S000106212,GraniteShares 2x Short [Axiom Space] Daily ETF,GraniteShares ETF Trust,underlying_private,-2.0,daily,[Axiom Space]
S000106215,GraniteShares 2x Long [Nscale] Daily ETF,GraniteShares ETF Trust,underlying_private,2.0,daily,[Nscale]
S000106216,GraniteShares 2x Short [Nscale] Daily ETF,GraniteShares ETF Trust,underlying_private,-2.0,daily,[Nscale]
S000106227,GraniteShares 2x Long [Scale AI] Daily ETF,GraniteShares ETF Trust,underlying_private,2.0,daily,[Scale AI]
S000106228,GraniteShares 2x Short [Scale AI] Daily ETF,GraniteShares ETF Trust,underlying_private,-2.0,daily,[Scale AI]
S000106231,GraniteShares 2x Long [Croq] Daily ETF,GraniteShares ETF Trust,underlying_private,2.0,daily,[Croq]
S000106232,GraniteShares 2x Short [Croq] Daily ETF,GraniteShares ETF Trust,underlying_private,-2.0,daily,[Croq]
S000106235,GraniteShares 2x Long [SambaNova] Daily ETF,GraniteShares ETF Trust,underlying_private,2.0,daily,[SambaNova]
S000106236,GraniteShares 2x Short [SambaNova] Daily ETF,GraniteShares ETF Trust,underlying_private,-2.0,daily,[SambaNova]
S000106239,GraniteShares 2x Long [Sierra Space] Daily ETF,GraniteShares ETF Trust,underlying_private,2.0,daily,[Sierra Space]
S000106240,GraniteShares 2x Short [Sierra Space] Daily ETF,GraniteShares ETF Trust,underlying_private,-2.0,daily,[Sierra Space]
S000106245,Defiance Daily Target 2X Long [Toss] ETF,Tidal Trust II,underlying_private,2.0,daily,[Toss]
S000106246,Defiance Daily Target 2X Short [Toss] ETF,Tidal Trust II,underlying_private,-2.0,daily,[Toss]
S000106279,Leverage Shares 1X Short Sierra Space Daily ETF,Themes ETF Trust,underlying_private,-1.0,daily,Sierra Space
S000106280,Leverage Shares 2X Long Sierra Space Daily ETF,Themes ETF Trust,underlying_private,2.0,daily,Sierra Space
S000106281,Leverage Shares 2X Short Sierra Space Daily ETF,Themes ETF Trust,underlying_private,-2.0,daily,Sierra Space
S000106283,Leverage Shares 1X Short Scale AI Daily ETF,Themes ETF Trust,underlying_private,-1.0,daily,Scale AI
S000106284,Leverage Shares 2X Long Scale AI Daily ETF,Themes ETF Trust,underlying_private,2.0,daily,Scale AI
S000106285,Leverage Shares 2X Short Scale AI Daily ETF,Themes ETF Trust,underlying_private,-2.0,daily,Scale AI
S000106289,Leverage Shares 1X Short NScale Daily ETF,Themes ETF Trust,underlying_private,-1.0,daily,NScale
S000106290,Leverage Shares 2X Long NScale Daily ETF,Themes ETF Trust,underlying_private,2.0,daily,NScale
S000106291,Leverage Shares 2X Short NScale Daily ETF,Themes ETF Trust,underlying_private,-2.0,daily,NScale
S000106292,Leverage Shares 1X Short Groq Daily ETF,Themes ETF Trust,underlying_private,-1.0,daily,Groq
S000106293,Leverage Shares 2X Long Groq Daily ETF,Themes ETF Trust,underlying_private,2.0,daily,Groq
S000106294,Leverage Shares 2X Short Groq Daily ETF,Themes ETF Trust,underlying_private,-2.0,daily,Groq
S000106304,Leverage Shares 1X Short Axiom Space Daily ETF,Themes ETF Trust,underlying_private,-1.0,daily,Axiom Space
S000106305,Leverage Shares 2X Long Axiom Space Daily ETF,Themes ETF Trust,underlying_private,2.0,daily,Axiom Space
S000106306,Leverage Shares 2X Short Axiom Space Daily ETF,Themes ETF Trust,underlying_private,-2.0,daily,Axiom Space
S000106307,Leverage Shares 1X Short SambaNova Daily ETF,Themes ETF Trust,underlying_private,-1.0,daily,SambaNova
S000106308,Leverage Shares 2X Long SambaNova Daily ETF,Themes ETF Trust,underlying_private,2.0,daily,SambaNova
S000106309,Leverage Shares 2X Short SambaNova Daily ETF,Themes ETF Trust,underlying_private,-2.0,daily,SambaNova
S000106315,Leverage Shares 1X Short Relativity Space Daily ETF,Themes ETF Trust,underlying_private,-1.0,daily,Relativity Space
S000106316,Leverage Shares 2X Long Relativity Space Daily ETF,Themes ETF Trust,underlying_private,2.0,daily,Relativity Space
S000106317,Leverage Shares 2X Short Relativity Space Daily ETF,Themes ETF Trust,underlying_private,-2.0,daily,Relativity Space
S000106377,Kodex SK Hynix 2x Long Daily ETF,Amplify ETF Trust,underlying_nonus_stock,2.0,daily,Kodex SK Hynix
S000106414,Portfolio Building Block 1X Inverse Developed Markets Ex US Daily Target ETF,Tidal Trust IV,product_type,-1.0,daily,Portfolio Building Block Developed Markets Ex US
S000106415,Portfolio Building Block 1X Inverse US Growth Daily Target ETF,Tidal Trust IV,product_type,-1.0,daily,Portfolio Building Block US Growth
S000106416,Portfolio Building Block 1X Inverse US Large Cap Daily Target ETF,Tidal Trust IV,product_type,-1.0,daily,Portfolio Building Block US Large Cap
S000106417,Portfolio Building Block 1X Inverse US Value Daily Target ETF,Tidal Trust IV,product_type,-1.0,daily,Portfolio Building Block US Value
S000106437,Direxion Daily SK Hynix Bull 2X ETF,Direxion Shares ETF Trust,underlying_nonus_stock,2.0,daily,SK Hynix
S000106466,Tradr 2X Long Applied Intuition Daily ETF,Investment Managers Series Trust II,underlying_private,2.0,daily,Applied Intuition
S000106467,Tradr 2X Short Applied Intuition Daily ETF,Investment Managers Series Trust II,underlying_private,-2.0,daily,Applied Intuition
S000106489,Defiance Daily Target 2X Long [Quantinuum] ETF,Tidal Trust II,underlying_private,2.0,daily,[Quantinuum]
S000106503,Defiance Daily Target 2X Long Kraken Robotics ETF,Tidal Trust II,underlying_private,2.0,daily,Kraken Robotics
S000106506,Defiance Daily Target 2X Long SK Hynix ETF,Tidal Trust II,underlying_nonus_stock,2.0,daily,SK Hynix
S000106511,Tradr 2X Long Celonis Daily ETF,Investment Managers Series Trust II,underlying_private,2.0,daily,Celonis
S000106512,Tradr 2X Short Celonis Daily ETF,Investment Managers Series Trust II,underlying_private,-2.0,daily,Celonis
S000106592,T-REX 2X LONG SIVE DAILY TARGET ETF,ETF Opportunities Trust,underlying_nonus_stock,2.0,daily,SIVE
S000106593,T-REX 2X LONG HANWHA AEROSPACE DAILY TARGET ETF,ETF Opportunities Trust,underlying_nonus_stock,2.0,daily,HANWHA AEROSPACE
S000106594,T-REX 2X LONG HYUNDAI DAILY TARGET ETF,ETF Opportunities Trust,underlying_nonus_stock,2.0,daily,HYUNDAI
S000106595,T-REX 2X LONG SAMSUNG DAILY TARGET ETF,ETF Opportunities Trust,underlying_nonus_stock,2.0,daily,SAMSUNG
S000106596,T-REX 2X LONG METAPLANET DAILY TARGET ETF,ETF Opportunities Trust,underlying_nonus_stock,2.0,daily,METAPLANET
S000106597,T-REX 2X LONG NINTENDO DAILY TARGET ETF,ETF Opportunities Trust,underlying_nonus_stock,2.0,daily,NINTENDO
S000106598,T-REX 2X LONG SOFTBANK DAILY TARGET ETF,ETF Opportunities Trust,underlying_nonus_stock,2.0,daily,SOFTBANK
S000106641,Tradr 2X Long SK Hynix Daily ETF,Investment Managers Series Trust II,underlying_nonus_stock,2.0,daily,SK Hynix
S000106642,Tradr 2X Short SK Hynix Daily ETF,Investment Managers Series Trust II,underlying_nonus_stock,-2.0,daily,SK Hynix
S000106649,Leverage Shares 1X Short Applied Intuition Daily ETF,Themes ETF Trust,underlying_private,-1.0,daily,Applied Intuition
S000106650,Leverage Shares 2X Long Applied Intuition Daily ETF,Themes ETF Trust,underlying_private,2.0,daily,Applied Intuition
S000106651,Leverage Shares 2X Short Applied Intuition Daily ETF,Themes ETF Trust,underlying_private,-2.0,daily,Applied Intuition
S000106652,Leverage Shares 1X Short Revolut Daily ETF,Themes ETF Trust,underlying_private,-1.0,daily,Revolut
S000106653,Leverage Shares 2X Long Revolut Daily ETF,Themes ETF Trust,underlying_private,2.0,daily,Revolut
S000106654,Leverage Shares 2X Short Revolut Daily ETF,Themes ETF Trust,underlying_private,-2.0,daily,Revolut
S000106655,Leverage Shares 1X Short Anduril Daily ETF,Themes ETF Trust,underlying_private,-1.0,daily,Anduril
S000106656,Leverage Shares 2X Long Anduril Daily ETF,Themes ETF Trust,underlying_private,2.0,daily,Anduril
S000106657,Leverage Shares 2X Short Anduril Daily ETF,Themes ETF Trust,underlying_private,-2.0,daily,Anduril
S000106658,Leverage Shares 1X Short Roze Daily ETF,Themes ETF Trust,underlying_private,-1.0,daily,Roze
S000106659,Leverage Shares 2X Long Roze Daily ETF,Themes ETF Trust,underlying_private,2.0,daily,Roze
S000106660,Leverage Shares 2X Short Roze Daily ETF,Themes ETF Trust,underlying_private,-2.0,daily,Roze
S000106738,Tradr 2X Long Dataiku Daily ETF,Investment Managers Series Trust II,underlying_private,2.0,daily,Dataiku
S000106739,Tradr 2X Short Dataiku Daily ETF,Investment Managers Series Trust II,underlying_private,-2.0,daily,Dataiku
S000106842,Aristotle Short Term Income ETF,Aristotle Funds Series Trust,product_type,,unknown,Aristotle Term Income
S000106959,GraniteShares 2x Long Crusoe Energy Systems Daily ETF,GraniteShares ETF Trust,underlying_private,2.0,daily,Crusoe Energy Systems
S000106960,GraniteShares 2x Short Crusoe Energy Systems Daily ETF,GraniteShares ETF Trust,underlying_private,-2.0,daily,Crusoe Energy Systems
S000106964,GraniteShares 2x Long Kioxia Daily ETF,GraniteShares ETF Trust,underlying_nonus_stock,2.0,daily,Kioxia
S000106965,GraniteShares 2x Short Kioxia Daily ETF,GraniteShares ETF Trust,underlying_nonus_stock,-2.0,daily,Kioxia
S000107014,iShares Short Duration Muni Active ETF,BlackRock ETF Trust II,product_type,,unknown,Duration Muni Active
S000107033,Harbor Short Term Treasury ETF,Harbor ETF Trust,product_type,,unknown,Harbor Term Treasury
S000107398,Leverage Shares 2X Long Advantest Daily ETF,Themes ETF Trust,underlying_nonus_stock,2.0,daily,Advantest
S000107399,Leverage Shares 2X Long Tencent Daily ETF,Themes ETF Trust,underlying_nonus_stock,2.0,daily,Tencent
S000107400,Leverage Shares 2X Long Tokyo Electron Daily ETF,Themes ETF Trust,underlying_nonus_stock,2.0,daily,Tokyo Electron
S000107401,Leverage Shares 2X Long Xiaomi Daily ETF,Themes ETF Trust,underlying_nonus_stock,2.0,daily,Xiaomi
S000107402,Leverage Shares 2X Long Disco Daily ETF,Themes ETF Trust,underlying_nonus_stock,2.0,daily,Disco
S000107403,Leverage Shares 2X Long Fujikura Daily ETF,Themes ETF Trust,underlying_nonus_stock,2.0,daily,Fujikura
S000107404,Leverage Shares 2X Long Infineon Technologies Daily ETF,Themes ETF Trust,underlying_nonus_stock,2.0,daily,Infineon Technologies
S000107405,Leverage Shares 2X Long Kioxia Daily ETF,Themes ETF Trust,underlying_nonus_stock,2.0,daily,Kioxia
S000107406,Leverage Shares 2X Long Lasertec Daily ETF,Themes ETF Trust,underlying_nonus_stock,2.0,daily,Lasertec
S000107407,Leverage Shares 2X Long Samsung Daily ETF,Themes ETF Trust,underlying_nonus_stock,2.0,daily,Samsung
S000107408,Leverage Shares 2X Long Schneider Electric Daily ETF,Themes ETF Trust,underlying_nonus_stock,2.0,daily,Schneider Electric
S000107409,Leverage Shares 2X Long Softbank Daily ETF,Themes ETF Trust,underlying_nonus_stock,2.0,daily,Softbank
S000107428,ProShares Ultra Kioxia,PROSHARES TRUST,underlying_nonus_stock,2.0,daily,Kioxia
S000107429,T-REX 2X LONG OPENAI DAILY TARGET ETF,ETF Opportunities Trust,underlying_private,2.0,daily,OPENAI
S000107430,T-REX 2X LONG QUANTINUUM DAILY TARGET ETF,ETF Opportunities Trust,underlying_private,2.0,daily,QUANTINUUM
S000107431,ProShares Ultra Roze,PROSHARES TRUST,underlying_private,2.0,daily,Roze
S000107433,T-REX 2X LONG KIOXIA DAILY TARGET ETF,ETF Opportunities Trust,underlying_nonus_stock,2.0,daily,KIOXIA
S000107491,GraniteShares Short Term LockBox ETF,GraniteShares ETF Trust,no_leverage_parsed,,unknown,Term LockBox
S000107492,GraniteShares 2x Long ROZE Daily ETF,GraniteShares ETF Trust,underlying_private,2.0,daily,ROZE
S000107493,GraniteShares 2x Short ROZE Daily ETF,GraniteShares ETF Trust,underlying_private,-2.0,daily,ROZE
S000107500,GraniteShares 2x Long Oura Health Daily ETF,GraniteShares ETF Trust,underlying_private,2.0,daily,Oura Health
S000107501,GraniteShares 2x Short Oura Health Daily ETF,GraniteShares ETF Trust,underlying_private,-2.0,daily,Oura Health
S000107510,Leverage Shares 2X Long BE Semiconductor Daily ETF,Themes ETF Trust,underlying_nonus_stock,2.0,daily,BE Semiconductor
S000107511,Leverage Shares 2X Long Hanmi Semiconductor Daily ETF,Themes ETF Trust,underlying_nonus_stock,2.0,daily,Hanmi Semiconductor
S000107512,Leverage Shares 2X Long Leeno Industrial Daily ETF,Themes ETF Trust,underlying_nonus_stock,2.0,daily,Leeno Industrial
S000107513,Leverage Shares 2X Long MiniMax Daily ETF,Themes ETF Trust,underlying_nonus_stock,2.0,daily,MiniMax
S000107514,Leverage Shares 2X Long SK Square Daily ETF,Themes ETF Trust,underlying_nonus_stock,2.0,daily,SK Square
S000107515,Leverage Shares 2X Long Simens Daily ETF,Themes ETF Trust,underlying_nonus_stock,2.0,daily,Simens
S000107517,Leverage Shares 2X Long Sivers Semiconductors Daily ETF,Themes ETF Trust,underlying_nonus_stock,2.0,daily,Sivers Semiconductors
S000107550,ProShares Ultra Crusoe,PROSHARES TRUST,underlying_private,2.0,daily,Crusoe
S000107551,ProShares Ultra Nscale,PROSHARES TRUST,underlying_private,2.0,daily,Nscale
S000107552,ProShares Ultra VAST Data,PROSHARES TRUST,underlying_private,2.0,daily,VAST Data
S000107636,Leverage Shares 2X Long Crusoe Daily ETF,Themes ETF Trust,underlying_private,2.0,daily,Crusoe
S000107638,Leverage Shares 2X Long VAST Data Daily ETF,Themes ETF Trust,underlying_private,2.0,daily,VAST Data
S000107654,Leverage Shares 3X Long Anthropic Daily ETF,Themes ETF Trust,underlying_private,3.0,daily,Anthropic
S000107656,Leverage Shares 3X Long OpenAI Daily ETF,Themes ETF Trust,underlying_private,3.0,daily,OpenAI
S000107688,ProShares Ultra Oura,PROSHARES TRUST,underlying_private,2.0,daily,Oura
S000107689,ProShares Ultra SB Energy,PROSHARES TRUST,underlying_private,2.0,daily,SB Energy
S000014272,ProShares Short Basic Materials,PROSHARES TRUST,never_launched_or_no_filings,-1.0,daily,Basic Materials
S000022758,Direxion Daily Latin America Bull 2X Shares,Direxion Shares ETF Trust,never_launched_or_no_filings,2.0,daily,Latin America
S000022783,Direxion Daily Homebuilders & Supplies Bear 3X Shares,Direxion Shares ETF Trust,never_launched_or_no_filings,-3.0,daily,Homebuilders Supplies
S000022788,Direxion Daily MSCI Developed Markets Bull 3X Shares,Direxion Shares ETF Trust,never_launched_or_no_filings,3.0,daily,MSCI Developed Markets
S000027477,Direxion Daily Utilities Bear 3X Shares,Direxion Shares ETF Trust,never_launched_or_no_filings,-3.0,daily,Utilities
S000027478,Direxion Daily Consumer Discretionary Bear 3X Shares,Direxion Shares ETF Trust,never_launched_or_no_filings,-3.0,daily,Consumer Discretionary
S000027479,Direxion Daily Consumer Staples Bear 3X Shares,Direxion Shares ETF Trust,never_launched_or_no_filings,-3.0,daily,Consumer Staples
S000027485,Direxion Daily Consumer Staples Bull 3X Shares,Direxion Shares ETF Trust,never_launched_or_no_filings,3.0,daily,Consumer Staples
S000027488,Direxion Daily Retail Bear 3X Shares,Direxion Shares ETF Trust,never_launched_or_no_filings,-3.0,daily,Retail
S000028923,ProShares Ultra S&P Regional Banking,PROSHARES TRUST,never_launched_or_no_filings,2.0,daily,S&P Regional Banking
S000028924,ProShares Short S&P Regional Banking,PROSHARES TRUST,never_launched_or_no_filings,-1.0,daily,S&P Regional Banking
S000029357,Direxion Daily Russia Bull 2X Shares,Direxion Shares ETF Trust,never_launched_or_no_filings,2.0,daily,Russia
S000029778,ProShares UltraShort TIPs,PROSHARES TRUST,never_launched_or_no_filings,-2.0,daily,TIPs
S000031293,Direxion Daily Small Cap Bear 1X Shares,Direxion Shares ETF Trust,never_launched_or_no_filings,-1.0,daily,Small Cap
S000037029,ProShares UltraPro Financial Select Sector,PROSHARES TRUST,never_launched_or_no_filings,3.0,daily,Financial Select Sector
S000037031,ProShares UltraPro Short Financial Select Sector,PROSHARES TRUST,never_launched_or_no_filings,-3.0,daily,Financial Select Sector
S000037956,Direxion Daily Small Cap Bull 2X Shares,Direxion Shares ETF Trust,never_launched_or_no_filings,2.0,daily,Small Cap
S000038647,Direxion Daily Dow 30 Bull 3X Shares,Direxion Shares ETF Trust,never_launched_or_no_filings,3.0,daily,Dow 30
S000038648,Direxion Daily Dow 30 Bear 3X Shares,Direxion Shares ETF Trust,never_launched_or_no_filings,-3.0,daily,Dow 30
S000041172,Direxion Daily MSCI Japan Bull 3X Shares,Direxion Shares ETF Trust,never_launched_or_no_filings,3.0,daily,MSCI Japan
S000048100,ProShares Ultra Junior Miners,PROSHARES TRUST,never_launched_or_no_filings,2.0,daily,Junior Miners
S000049728,ProShares UltraPro Short Nasdaq Biotechnology,PROSHARES TRUST,never_launched_or_no_filings,-3.0,daily,Nasdaq Biotechnology
S000049733,ProShares UltraPro Nasdaq Biotechnology,PROSHARES TRUST,never_launched_or_no_filings,3.0,daily,Nasdaq Biotechnology
S000050533,Direxion Daily Pharmaceutical & Medical Bear 3X Shares,Direxion Shares ETF Trust,never_launched_or_no_filings,-3.0,daily,Pharmaceutical Medical
S000054616,Direxion Daily MSCI European Financials Bear 2X Shares,Direxion Shares ETF Trust,never_launched_or_no_filings,-2.0,daily,MSCI European Financials
S000055200,Direxion Daily CSI China Internet Index Bear 1X Shares,Direxion Shares ETF Trust,never_launched_or_no_filings,-1.0,daily,CSI China Internet Index
S000057168,Direxion Daily Metals & Mining Bear 3X Shares,Direxion Shares ETF Trust,never_launched_or_no_filings,-3.0,daily,Metals Mining
S000057170,Direxion Daily Transportation Bear 3X Shares,Direxion Shares ETF Trust,never_launched_or_no_filings,-3.0,daily,Transportation
S000057173,Direxion Daily MSCI Italy Bull 3X Shares,Direxion Shares ETF Trust,never_launched_or_no_filings,3.0,daily,MSCI Italy
S000057174,Direxion Daily MSCI Italy Bear 3X Shares,Direxion Shares ETF Trust,never_launched_or_no_filings,-3.0,daily,MSCI Italy
S000057176,Direxion Daily MSCI Mexico Bear 3X Shares,Direxion Shares ETF Trust,never_launched_or_no_filings,-3.0,daily,MSCI Mexico
S000057178,Direxion Daily MSCI Real Estate Bear 1X Shares,Direxion Shares ETF Trust,never_launched_or_no_filings,-1.0,daily,MSCI Real Estate
S000057186,Direxion Daily Aerospace & Defense Bear 3X Shares,Direxion Shares ETF Trust,never_launched_or_no_filings,-3.0,daily,Aerospace Defense
S000057188,Direxion Daily Industrials Bear 3X Shares,Direxion Shares ETF Trust,never_launched_or_no_filings,-3.0,daily,Industrials
S000057189,Direxion Daily Metals & Mining Bull 3X Shares,Direxion Shares ETF Trust,never_launched_or_no_filings,3.0,daily,Metals Mining
S000066275,Direxion Daily MSCI Brazil Bear 3X Shares,Direxion Shares ETF Trust,never_launched_or_no_filings,-3.0,daily,MSCI Brazil
S000066276,Direxion Daily MSCI India Bear 3X Shares,Direxion Shares ETF Trust,never_launched_or_no_filings,-3.0,daily,MSCI India
S000066277,Direxion Daily MSCI South Korea Bear 3X Shares,Direxion Shares ETF Trust,never_launched_or_no_filings,-3.0,daily,MSCI South Korea
S000066278,Direxion Daily MSCI Turkey Bull 3X Shares,Direxion Shares ETF Trust,never_launched_or_no_filings,3.0,daily,MSCI Turkey
S000070717,ProShares UltraShort Nasdaq Cybersecurity,PROSHARES TRUST,never_launched_or_no_filings,-2.0,daily,Nasdaq Cybersecurity
S000070719,ProShares UltraShort Cloud Computing,PROSHARES TRUST,never_launched_or_no_filings,-2.0,daily,Cloud Computing
S000072017,ETFMG 2x Daily Video Game Tech ETF,ETF Managers Trust,never_launched_or_no_filings,2.0,daily,Video Game Tech
S000072082,Direxion Daily Travel & Vacation Bear 2X Shares,Direxion Shares ETF Trust,never_launched_or_no_filings,-2.0,daily,Travel Vacation
S000072482,Direxion Daily Global Clean Energy Bear 2X Shares,Direxion Shares ETF Trust,never_launched_or_no_filings,-2.0,daily,Global Clean Energy
S000072484,Direxion Daily TSLA Bear 2X Shares,Direxion Shares ETF Trust,never_launched_or_no_filings,-2.0,daily,TSLA
S000073590,Direxion Daily US Infrastructure Bear 2X Shares,Direxion Shares ETF Trust,never_launched_or_no_filings,-2.0,daily,US Infrastructure
S000073592,Direxion Daily FinTech Bear 2X Shares,Direxion Shares ETF Trust,never_launched_or_no_filings,-2.0,daily,FinTech
S000073594,Direxion Daily Software Bear 2X Shares,Direxion Shares ETF Trust,never_launched_or_no_filings,-2.0,daily,Software
S000073596,Direxion Daily Metal Miners Bear 2X Shares,Direxion Shares ETF Trust,never_launched_or_no_filings,-2.0,daily,Metal Miners
S000074234,Direxion Daily Aviation Bull 2X Shares,Direxion Shares ETF Trust,never_launched_or_no_filings,2.0,daily,Aviation
S000074235,Direxion Daily Aviation Bear 2X Shares,Direxion Shares ETF Trust,never_launched_or_no_filings,-2.0,daily,Aviation
S000074238,Direxion Daily Rare Earth/Strategic Metals Bull 2X Shares,Direxion Shares ETF Trust,never_launched_or_no_filings,2.0,daily,Rare Earth/Strategic Metals
S000074239,Direxion Daily Rare Earth/Strategic Metals Bear 2X Shares,Direxion Shares ETF Trust,never_launched_or_no_filings,-2.0,daily,Rare Earth/Strategic Metals
S000074240,Direxion Daily Sports Betting & iGaming Bull 2X Shares,Direxion Shares ETF Trust,never_launched_or_no_filings,2.0,daily,Sports Betting iGaming
S000074241,Direxion Daily Sports Betting & iGaming Bear 2X Shares,Direxion Shares ETF Trust,never_launched_or_no_filings,-2.0,daily,Sports Betting iGaming
S000074674,Elevate Shares 2X Daily BLOK ETF,Tidal ETF Trust,never_launched_or_no_filings,2.0,daily,BLOK
S000075016,Direxion Daily S&P 500 Equal Weight Bear 2X Shares,Direxion Shares ETF Trust,never_launched_or_no_filings,-2.0,daily,S&P 500 Equal Weight
S000075017,Direxion Daily S&P 500 Pure Growth Bull 2X Shares,Direxion Shares ETF Trust,never_launched_or_no_filings,2.0,daily,S&P 500 Growth
S000075018,Direxion Daily S&P 500 Pure Growth Bear 2X Shares,Direxion Shares ETF Trust,never_launched_or_no_filings,-2.0,daily,S&P 500 Growth
S000075019,Direxion Daily S&P 500 Pure Value Bull 2X Shares,Direxion Shares ETF Trust,never_launched_or_no_filings,2.0,daily,S&P 500 Value
S000075020,Direxion Daily S&P 500 Pure Value Bear 2X Shares,Direxion Shares ETF Trust,never_launched_or_no_filings,-2.0,daily,S&P 500 Value
S000075760,Direxion Daily China Technology Bull 2X Shares,Direxion Shares ETF Trust,never_launched_or_no_filings,2.0,daily,China Technology
S000075766,Direxion Daily China Technology Bear 2X Shares,Direxion Shares ETF Trust,never_launched_or_no_filings,-2.0,daily,China Technology
S000075768,Direxion Daily Electric and Autonomous Vehicles Bear 2X Shares,Direxion Shares ETF Trust,never_launched_or_no_filings,-2.0,daily,Electric Autonomous Vehicles
S000075769,Direxion Daily E-Gaming Bull 2X Shares,Direxion Shares ETF Trust,never_launched_or_no_filings,2.0,daily,E-Gaming
S000075770,Direxion Daily E-Gaming Bear 2X Shares,Direxion Shares ETF Trust,never_launched_or_no_filings,-2.0,daily,E-Gaming
S000076090,AXS 1.25X BA Bear Daily ETF,Investment Managers Series Trust II,never_launched_or_no_filings,-1.25,daily,BA
S000076091,AXS 1.25X NVDA Bull Daily ETF,Investment Managers Series Trust II,never_launched_or_no_filings,1.25,daily,NVDA
S000076098,AXS 1.25X WFC Bear Daily ETF,Investment Managers Series Trust II,never_launched_or_no_filings,-1.25,daily,WFC
S000076099,AXS 1.25X WFC Bull Daily ETF,Investment Managers Series Trust II,never_launched_or_no_filings,1.25,daily,WFC
S000076100,AXS 1.25X BA Bull Daily ETF,Investment Managers Series Trust II,never_launched_or_no_filings,1.25,daily,BA
S000076101,AXS 2X COP Bear Daily ETF,Investment Managers Series Trust II,never_launched_or_no_filings,-2.0,daily,COP
S000076102,AXS 2X COP Bull Daily ETF,Investment Managers Series Trust II,never_launched_or_no_filings,2.0,daily,COP
S000076103,AXS 1.5X CRM Bear Daily ETF,Investment Managers Series Trust II,never_launched_or_no_filings,-1.5,daily,CRM
S000076104,AXS 1.5X CRM Bull Daily ETF,Investment Managers Series Trust II,never_launched_or_no_filings,1.5,daily,CRM
S000076231,Direxion Daily NFLX Bull 1.25X Shares,Direxion Shares ETF Trust,never_launched_or_no_filings,1.25,daily,NFLX
S000076232,Direxion Daily NFLX Bear 2X Shares,Direxion Shares ETF Trust,never_launched_or_no_filings,-2.0,daily,NFLX
S000076234,Direxion Daily AAPL Bear 2X Shares,Direxion Shares ETF Trust,never_launched_or_no_filings,-2.0,daily,AAPL
S000076236,Direxion Daily MSFT Bear 2X Shares,Direxion Shares ETF Trust,never_launched_or_no_filings,-2.0,daily,MSFT
S000076238,Direxion Daily AMZN Bear 2X Shares,Direxion Shares ETF Trust,never_launched_or_no_filings,-2.0,daily,AMZN
S000076240,Direxion Daily GOOGL Bear 2X Shares,Direxion Shares ETF Trust,never_launched_or_no_filings,-2.0,daily,GOOGL
S000076241,Direxion Daily NFLX Bear 1X Shares,Direxion Shares ETF Trust,never_launched_or_no_filings,-1.0,daily,NFLX
S000076242,Direxion Daily NVDA Bull 1.25X Shares,Direxion Shares ETF Trust,never_launched_or_no_filings,1.25,daily,NVDA
S000076243,Direxion Daily NVDA Bear 2X Shares,Direxion Shares ETF Trust,never_launched_or_no_filings,-2.0,daily,NVDA
S000076249,Direxion Daily META Bull 1.25X Shares,Direxion Shares ETF Trust,never_launched_or_no_filings,1.25,daily,META
S000076250,Direxion Daily META Bear 2X Shares,Direxion Shares ETF Trust,never_launched_or_no_filings,-2.0,daily,META
S000076275,Constrained Capital ESG Orphans Daily Inverse ETF,Tidal ETF Trust,never_launched_or_no_filings,-1.0,daily,Constrained ESG Orphans
S000076342,GraniteShares 2x Long Moderna Daily ETF,GraniteShares ETF Trust,never_launched_or_no_filings,2.0,daily,Moderna
S000076346,GraniteShares 2x Long Peloton Daily ETF,GraniteShares ETF Trust,never_launched_or_no_filings,2.0,daily,Peloton
S000076348,GraniteShares 2x Long Tilray Daily ETF,GraniteShares ETF Trust,never_launched_or_no_filings,2.0,daily,Tilray
S000076700,Elevate Shares 2X Daily METV ETF,Tidal ETF Trust,never_launched_or_no_filings,2.0,daily,METV
S000076701,Elevate Shares 2X Daily BETZ ETF,Tidal ETF Trust,never_launched_or_no_filings,2.0,daily,BETZ
S000077577,Kurv Apple (AAPL) 1.75x Long Daily ETF,NEOS ETF Trust,never_launched_or_no_filings,1.75,daily,AAPL
S000077579,Kurv Goldman Sachs (GS) 1.5x Long Daily ETF,NEOS ETF Trust,never_launched_or_no_filings,1.5,daily,GS
S000077580,Kurv Goldman Sachs (GS) 1.5x Short Daily ETF,NEOS ETF Trust,never_launched_or_no_filings,-1.5,daily,GS
S000077581,Kurv Google (GOOGL) 1.75x Long Daily ETF,NEOS ETF Trust,never_launched_or_no_filings,1.75,daily,GOOGL
S000077582,Kurv Google (GOOGL) 1.75x Short Daily ETF,NEOS ETF Trust,never_launched_or_no_filings,-1.75,daily,GOOGL
S000077588,Kurv Apple (AAPL) 1.75x Short Daily ETF,NEOS ETF Trust,never_launched_or_no_filings,-1.75,daily,AAPL
S000077590,Kurv Bank of America (BAC) 1.5x Long Daily ETF,NEOS ETF Trust,never_launched_or_no_filings,1.5,daily,BAC
S000077591,Kurv Bank of America (BAC) 1.5x Short Daily ETF,NEOS ETF Trust,never_launched_or_no_filings,-1.5,daily,BAC
S000077592,Kurv Dow (DOW) 1.75x Long Daily ETF,NEOS ETF Trust,never_launched_or_no_filings,1.75,daily,DOW
S000077593,Kurv Dow (DOW) 1.75x Short Daily ETF,NEOS ETF Trust,never_launched_or_no_filings,-1.75,daily,DOW
S000077594,Kurv ExxonMobil (XOM) 1.5x Long Daily ETF,NEOS ETF Trust,never_launched_or_no_filings,1.5,daily,XOM
S000077595,Kurv ExxonMobil (XOM) 1.5x Short Daily ETF,NEOS ETF Trust,never_launched_or_no_filings,-1.5,daily,XOM
S000078172,Direxion Daily Transformative Tech 100 Bull 2X Shares,Direxion Shares ETF Trust,never_launched_or_no_filings,2.0,daily,Transformative Tech 100
S000078173,Direxion Daily Transformative Tech 100 Bear 2X Shares,Direxion Shares ETF Trust,never_launched_or_no_filings,-2.0,daily,Transformative Tech 100
S000078217,Direxion Daily CVX Bull 1.5X Shares,Direxion Shares ETF Trust,never_launched_or_no_filings,1.5,daily,CVX
S000078218,Direxion Daily COP Bull 1.5X Shares,Direxion Shares ETF Trust,never_launched_or_no_filings,1.5,daily,COP
S000078219,Direxion Daily XOM Bull 1.5X Shares,Direxion Shares ETF Trust,never_launched_or_no_filings,1.5,daily,XOM
S000078220,Direxion Daily EOG Bull 1.5X Shares,Direxion Shares ETF Trust,never_launched_or_no_filings,1.5,daily,EOG
S000078221,Direxion Daily CVX Bear 1X Shares,Direxion Shares ETF Trust,never_launched_or_no_filings,-1.0,daily,CVX
S000078222,Direxion Daily COP Bear 1X Shares,Direxion Shares ETF Trust,never_launched_or_no_filings,-1.0,daily,COP
S000078223,Direxion Daily XOM Bear 1X Shares,Direxion Shares ETF Trust,never_launched_or_no_filings,-1.0,daily,XOM
S000078224,Direxion Daily EOG Bear 1X Shares,Direxion Shares ETF Trust,never_launched_or_no_filings,-1.0,daily,EOG
S000078791,Defiance Pure 2x Bull Semiconductor Daily ETF,ETF Series Solutions,never_launched_or_no_filings,2.0,daily,Semiconductor
S000078792,Defiance Pure 2x Bull Airline Daily ETF,ETF Series Solutions,never_launched_or_no_filings,2.0,daily,Airline
S000079021,REX 2X AMC ETF,Tidal Trust II,never_launched_or_no_filings,2.0,unknown,AMC
S000079022,REX 2X TLRY ETF,Tidal Trust II,never_launched_or_no_filings,2.0,unknown,TLRY
S000079023,REX 2X BYND ETF,Tidal Trust II,never_launched_or_no_filings,2.0,unknown,BYND
S000079024,REX 2X COIN ETF,Tidal Trust II,never_launched_or_no_filings,2.0,unknown,COIN
S000079025,REX 2X GME ETF,Tidal Trust II,never_launched_or_no_filings,2.0,unknown,GME
S000079026,REX 2X HOOD ETF,Tidal Trust II,never_launched_or_no_filings,2.0,unknown,HOOD
S000079027,Rex Daily Target 1.5X MSTR ETF,Tidal Trust II,never_launched_or_no_filings,1.5,daily,MSTR
S000079028,REX 2X NKLA ETF,Tidal Trust II,never_launched_or_no_filings,2.0,unknown,NKLA
S000079029,REX 2X PENN ETF,Tidal Trust II,never_launched_or_no_filings,2.0,unknown,PENN
S000079030,REX 2X PTON ETF,Tidal Trust II,never_launched_or_no_filings,2.0,unknown,PTON
S000079351,Defiance Pure 2x Bull Banks Daily ETF,ETF Series Solutions,never_launched_or_no_filings,2.0,daily,Banks
S000079353,Defiance Pure 2x Bull Retail Daily ETF,ETF Series Solutions,never_launched_or_no_filings,2.0,daily,Retail
S000079354,Defiance Pure 2x Bull Tech Daily ETF,ETF Series Solutions,never_launched_or_no_filings,2.0,daily,Tech
S000079916,Direxion Daily NYSE FANG+ Bear 1X Shares,Direxion Shares ETF Trust,never_launched_or_no_filings,-1.0,daily,NYSE FANG+
S000079917,Direxion Daily NYSE FANG+ Bear 2X Shares,Direxion Shares ETF Trust,never_launched_or_no_filings,-2.0,daily,NYSE FANG+
S000080193,TUTTLE CAPITAL 2X DBMF ETF,ETF Opportunities Trust,never_launched_or_no_filings,2.0,unknown,DBMF
S000080770,TUTTLE CAPITAL 2X ALL INNOVATION ETF,ETF Opportunities Trust,never_launched_or_no_filings,2.0,unknown,ALL INNOVATION
S000080771,TUTTLE CAPITAL 2X INVERSE ALL INNOVATION ETF,ETF Opportunities Trust,never_launched_or_no_filings,-2.0,unknown,ALL INNOVATION
S000081039,Leverage Shares 2X Long ETOR Daily ETF,Themes ETF Trust,never_launched_or_no_filings,2.0,daily,ETOR
S000081137,GraniteShares 1.5x Short AAPL Daily ETF,GraniteShares ETF Trust,never_launched_or_no_filings,-1.5,daily,AAPL
S000081147,GraniteShares 1.25x Short TSLA Daily ETF,GraniteShares ETF Trust,never_launched_or_no_filings,-1.25,daily,TSLA
S000081149,GraniteShares 1.75x Short TSLA Daily ETF,GraniteShares ETF Trust,never_launched_or_no_filings,-1.75,daily,TSLA
S000081157,GraniteShares 1x Short NIO Daily ETF,GraniteShares ETF Trust,never_launched_or_no_filings,-1.0,daily,NIO
S000081165,GraniteShares 1.5x Long TSLA Daily ETF,GraniteShares ETF Trust,never_launched_or_no_filings,1.5,daily,TSLA
S000082339,Tuttle Capital Daily 2X Inverse AI ETF,ETF Opportunities Trust,never_launched_or_no_filings,-2.0,daily,AI
S000082340,Tuttle Capital Daily 2X Long AI ETF,ETF Opportunities Trust,never_launched_or_no_filings,2.0,daily,AI
S000083041,Tuttle Capital Inverse ESG ETF,Spinnaker ETF Series,never_launched_or_no_filings,-1.0,unknown,ESG
S000083672,T-REX 2X INVERSE ALPHABET DAILY TARGET ETF,ETF Opportunities Trust,never_launched_or_no_filings,-2.0,daily,ALPHABET
S000083673,T-REX 2X INVERSE APPLE DAILY TARGET ETF,ETF Opportunities Trust,never_launched_or_no_filings,-2.0,daily,APPLE
S000083674,T Rex 2X Inverse MSTR Daily Target ETF,ETF Opportunities Trust,never_launched_or_no_filings,-2.0,daily,T MSTR
S000083878,Direxion Daily MAGMA Bull 2X Shares,Direxion Shares ETF Trust,never_launched_or_no_filings,2.0,daily,MAGMA
S000083882,Direxion Daily MSCI Emerging Markets ex China Bear 2X Shares,Direxion Shares ETF Trust,never_launched_or_no_filings,-2.0,daily,MSCI Emerging Markets ex China
S000084218,Direxion Daily Magnificent 7 Bear 2X ETF,Direxion Shares ETF Trust,never_launched_or_no_filings,-2.0,daily,Magnificent 7
S000086634,Leverage Shares 2X Long AAPL Daily ETF,Themes ETF Trust,never_launched_or_no_filings,2.0,daily,AAPL
S000086637,Leverage Shares 2X Short NVDA Daily ETF,Themes ETF Trust,never_launched_or_no_filings,-2.0,daily,NVDA
S000086638,Leverage Shares 2X Short TSLA Daily ETF,Themes ETF Trust,never_launched_or_no_filings,-2.0,daily,TSLA
S000086644,Leverage Shares 2X Long META Daily ETF,Themes ETF Trust,never_launched_or_no_filings,2.0,daily,META
S000086645,Leverage Shares 2X Long MSFT Daily ETF,Themes ETF Trust,never_launched_or_no_filings,2.0,daily,MSFT
S000087464,T-REX 2X LONG AVGO DAILY TARGET ETF,ETF Opportunities Trust,never_launched_or_no_filings,2.0,daily,AVGO
S000087467,T-REX 2X INVERSE AMD DAILY TARGET ETF,ETF Opportunities Trust,never_launched_or_no_filings,-2.0,daily,AMD
S000087471,T-REX 2X LONG MARA DAILY TARGET ETF,ETF Opportunities Trust,never_launched_or_no_filings,2.0,daily,MARA
S000087482,T-REX 2X LONG TSM DAILY TARGET ETF,ETF Opportunities Trust,never_launched_or_no_filings,2.0,daily,TSM
S000087483,T-REX 2X LONG VKTX DAILY TARGET ETF,ETF Opportunities Trust,never_launched_or_no_filings,2.0,daily,VKTX
S000087806,Proshares Ultra MARA ETF,PROSHARES TRUST,never_launched_or_no_filings,2.0,daily,MARA
S000087808,Proshares UltraShort MARA ETF,PROSHARES TRUST,never_launched_or_no_filings,-2.0,daily,MARA
S000088286,GraniteShares 1x Short AMC Daily ETF,GraniteShares ETF Trust,never_launched_or_no_filings,-1.0,daily,AMC
S000088297,GraniteShares 1x Short ARM Daily ETF,GraniteShares ETF Trust,never_launched_or_no_filings,-1.0,daily,ARM
S000088308,GraniteShares 1x Short GME Daily ETF,GraniteShares ETF Trust,never_launched_or_no_filings,-1.0,daily,GME
S000088312,GraniteShares 1x Short MSTR Daily ETF,GraniteShares ETF Trust,never_launched_or_no_filings,-1.0,daily,MSTR
S000089646,Kick BRK 2X Long Daily Target ETF,Tidal Trust III,never_launched_or_no_filings,2.0,daily,Kick BRK
S000090367,Direxion Daily CAT Bull 2X ETF,Direxion Shares ETF Trust,never_launched_or_no_filings,2.0,daily,CAT
S000090371,Direxion Daily V Bull 2X ETF,Direxion Shares ETF Trust,never_launched_or_no_filings,2.0,daily,V
S000090372,Direxion Daily V Bear 1X ETF,Direxion Shares ETF Trust,never_launched_or_no_filings,-1.0,daily,V
S000090375,Direxion Daily CAT Bear 1X ETF,Direxion Shares ETF Trust,never_launched_or_no_filings,-1.0,daily,CAT
S000090376,Direxion Daily CMG Bull 2X ETF,Direxion Shares ETF Trust,never_launched_or_no_filings,2.0,daily,CMG
S000090377,Direxion Daily CMG Bear 1X ETF,Direxion Shares ETF Trust,never_launched_or_no_filings,-1.0,daily,CMG
S000090803,GraniteShares 2x Long ARM Daily ETF,GraniteShares ETF Trust,never_launched_or_no_filings,2.0,daily,ARM
S000090956,Teucrium 2x Short OKLO Daily ETF,Listed Funds Trust,never_launched_or_no_filings,-2.0,daily,OKLO
S000090957,Teucrium 2x Long SMR Daily ETF,Listed Funds Trust,never_launched_or_no_filings,2.0,daily,SMR
S000090958,Teucrium 2x Short SMR Daily ETF,Listed Funds Trust,never_launched_or_no_filings,-2.0,daily,SMR
S000090967,Teucrium 2x Long OKLO Daily ETF,Listed Funds Trust,never_launched_or_no_filings,2.0,daily,OKLO
S000091057,Defiance Daily Target 2X Long PENN ETF,Tidal Trust II,never_launched_or_no_filings,2.0,daily,PENN
S000091220,Leverage Shares 2X Long IONQ Daily ETF,Themes ETF Trust,never_launched_or_no_filings,2.0,daily,IONQ
S000091221,Leverage Shares 2X Long LLY Daily ETF,Themes ETF Trust,never_launched_or_no_filings,2.0,daily,LLY
S000091222,Leverage Shares 2X Long LMT Daily ETF,Themes ETF Trust,never_launched_or_no_filings,2.0,daily,LMT
S000091223,Leverage Shares 2X Long MRVL Daily ETF,Themes ETF Trust,never_launched_or_no_filings,2.0,daily,MRVL
S000091224,Leverage Shares 2X Long NVO Daily ETF,Themes ETF Trust,never_launched_or_no_filings,2.0,daily,NVO
S000091228,Leverage Shares 2X Long QCOM Daily ETF,Themes ETF Trust,never_launched_or_no_filings,2.0,daily,QCOM
S000091229,Leverage Shares 2X Long ABBV Daily ETF,Themes ETF Trust,never_launched_or_no_filings,2.0,daily,ABBV
S000091232,Leverage Shares 2X Long UBER Daily ETF,Themes ETF Trust,never_launched_or_no_filings,2.0,daily,UBER
S000091234,Leverage Shares 2X Long AMZN Daily ETF,Themes ETF Trust,never_launched_or_no_filings,2.0,daily,AMZN
S000091236,Leverage Shares 2X Long BABA Daily ETF,Themes ETF Trust,never_launched_or_no_filings,2.0,daily,BABA
S000091239,Leverage Shares 2X Long CRWD Daily ETF,Themes ETF Trust,never_launched_or_no_filings,2.0,daily,CRWD
S000091502,Defiance Daily Target 2X Short RIOT ETF,Tidal Trust II,never_launched_or_no_filings,-2.0,daily,RIOT
S000091670,Defiance Daily Target 2X Long DJT ETF,Tidal Trust II,never_launched_or_no_filings,2.0,daily,DJT
S000091671,Defiance Daily Target 2X Long RDDT ETF,Tidal Trust II,never_launched_or_no_filings,2.0,daily,RDDT
S000091727,T-REX 2X Long LINK Daily Target ETF,ETF Opportunities Trust,never_launched_or_no_filings,2.0,daily,LINK
S000091728,T-REX 2X Long LTC Daily Target ETF,ETF Opportunities Trust,never_launched_or_no_filings,2.0,daily,LTC
S000091730,T-REX 2X Long SUI Daily Target ETF,ETF Opportunities Trust,never_launched_or_no_filings,2.0,daily,SUI
S000092870,Direxion Daily Next Gen Bull 2X ETF,Direxion Shares ETF Trust,never_launched_or_no_filings,2.0,daily,Next Gen
S000092871,Direxion Daily CCL Bull 2X ETF,Direxion Shares ETF Trust,never_launched_or_no_filings,2.0,daily,CCL
S000092872,Direxion Daily CCL Bear 1X ETF,Direxion Shares ETF Trust,never_launched_or_no_filings,-1.0,daily,CCL
S000092874,Direxion Daily COIN Bear 1X ETF,Direxion Shares ETF Trust,never_launched_or_no_filings,-1.0,daily,COIN
S000092875,Direxion Daily COST Bull 2X ETF,Direxion Shares ETF Trust,never_launched_or_no_filings,2.0,daily,COST
S000092876,Direxion Daily COST Bear 1X ETF,Direxion Shares ETF Trust,never_launched_or_no_filings,-1.0,daily,COST
S000092877,Direxion Daily DIS Bull 2X ETF,Direxion Shares ETF Trust,never_launched_or_no_filings,2.0,daily,DIS
S000092878,Direxion Daily DIS Bear 1X ETF,Direxion Shares ETF Trust,never_launched_or_no_filings,-1.0,daily,DIS
S000092879,Direxion Daily DKNG Bull 2X ETF,Direxion Shares ETF Trust,never_launched_or_no_filings,2.0,daily,DKNG
S000092880,Direxion Daily DKNG Bear 1X ETF,Direxion Shares ETF Trust,never_launched_or_no_filings,-1.0,daily,DKNG
S000092881,Direxion Daily Next Gen Bear 2X ETF,Direxion Shares ETF Trust,never_launched_or_no_filings,-2.0,daily,Next Gen
S000092885,Direxion Daily HOOD Bear 1X ETF,Direxion Shares ETF Trust,never_launched_or_no_filings,-1.0,daily,HOOD
S000092887,Direxion Daily INTC Bear 1X ETF,Direxion Shares ETF Trust,never_launched_or_no_filings,-1.0,daily,INTC
S000092888,Direxion Daily KO Bull 2X ETF,Direxion Shares ETF Trust,never_launched_or_no_filings,2.0,daily,KO
S000092889,Direxion Daily KO Bear 1X ETF,Direxion Shares ETF Trust,never_launched_or_no_filings,-1.0,daily,KO
S000092890,Direxion Daily LCID Bull 2X ETF,Direxion Shares ETF Trust,never_launched_or_no_filings,2.0,daily,LCID
S000092891,Direxion Daily LCID Bear 1X ETF,Direxion Shares ETF Trust,never_launched_or_no_filings,-1.0,daily,LCID
S000092892,Direxion Daily Next Gen Bear 1X ETF,Direxion Shares ETF Trust,never_launched_or_no_filings,-1.0,daily,Next Gen
S000092893,Direxion Daily MARA Bull 2X ETF,Direxion Shares ETF Trust,never_launched_or_no_filings,2.0,daily,MARA
S000092894,Direxion Daily MARA Bear 1X ETF,Direxion Shares ETF Trust,never_launched_or_no_filings,-1.0,daily,MARA
S000092895,Direxion Daily O Bull 2X ETF,Direxion Shares ETF Trust,never_launched_or_no_filings,2.0,daily,O
S000092896,Direxion Daily O Bear 1X ETF,Direxion Shares ETF Trust,never_launched_or_no_filings,-1.0,daily,O
S000092898,Direxion Daily PYPL Bear 1X ETF,Direxion Shares ETF Trust,never_launched_or_no_filings,-1.0,daily,PYPL
S000092899,Direxion Daily RBLX Bull 2X ETF,Direxion Shares ETF Trust,never_launched_or_no_filings,2.0,daily,RBLX
S000092900,Direxion Daily RBLX Bear 1X ETF,Direxion Shares ETF Trust,never_launched_or_no_filings,-1.0,daily,RBLX
S000092903,Direxion Daily AAL Bull 2X ETF,Direxion Shares ETF Trust,never_launched_or_no_filings,2.0,daily,AAL
S000092905,Direxion Daily SOFI Bear 1X ETF,Direxion Shares ETF Trust,never_launched_or_no_filings,-1.0,daily,SOFI
S000092906,Direxion Daily UBER Bull 2X ETF,Direxion Shares ETF Trust,never_launched_or_no_filings,2.0,daily,UBER
S000092907,Direxion Daily UBER Bear 1X ETF,Direxion Shares ETF Trust,never_launched_or_no_filings,-1.0,daily,UBER
S000092908,Direxion Daily XYZ Bull 2X ETF,Direxion Shares ETF Trust,never_launched_or_no_filings,2.0,daily,XYZ
S000092909,Direxion Daily XYZ Bear 1X ETF,Direxion Shares ETF Trust,never_launched_or_no_filings,-1.0,daily,XYZ
S000092913,Direxion Daily Biotech Top 5 Bear 2X ETF,Direxion Shares ETF Trust,never_launched_or_no_filings,-2.0,daily,Biotech Top 5
S000092914,Direxion Daily AAL Bear 1X ETF,Direxion Shares ETF Trust,never_launched_or_no_filings,-1.0,daily,AAL
S000092917,Direxion Daily Consumer Discretionary Top 5 Bull 2X ETF,Direxion Shares ETF Trust,never_launched_or_no_filings,2.0,daily,Consumer Discretionary Top 5
S000092918,Direxion Daily Consumer Discretionary Top 5 Bear 2X ETF,Direxion Shares ETF Trust,never_launched_or_no_filings,-2.0,daily,Consumer Discretionary Top 5
S000092919,Direxion Daily Consumer Staples Top 5 Bull 2X ETF,Direxion Shares ETF Trust,never_launched_or_no_filings,2.0,daily,Consumer Staples Top 5
S000092920,Direxion Daily Consumer Staples Top 5 Bear 2X ETF,Direxion Shares ETF Trust,never_launched_or_no_filings,-2.0,daily,Consumer Staples Top 5
S000092922,Direxion Daily Energy Top 5 Bear 2X ETF,Direxion Shares ETF Trust,never_launched_or_no_filings,-2.0,daily,Energy Top 5
S000092923,Direxion Daily Financial Top 5 Bull 2X ETF,Direxion Shares ETF Trust,never_launched_or_no_filings,2.0,daily,Financial Top 5
S000092924,Direxion Daily Financial Top 5 Bear 2X ETF,Direxion Shares ETF Trust,never_launched_or_no_filings,-2.0,daily,Financial Top 5
S000092926,Direxion Daily Healthcare Top 5 Bull 2X ETF,Direxion Shares ETF Trust,never_launched_or_no_filings,2.0,daily,Healthcare Top 5
S000092927,Direxion Daily Healthcare Top 5 Bear 2X ETF,Direxion Shares ETF Trust,never_launched_or_no_filings,-2.0,daily,Healthcare Top 5
S000092928,Direxion Daily Industrials Top 5 Bull 2X ETF,Direxion Shares ETF Trust,never_launched_or_no_filings,2.0,daily,Industrials Top 5
S000092929,Direxion Daily Industrials Top 5 Bear 2X ETF,Direxion Shares ETF Trust,never_launched_or_no_filings,-2.0,daily,Industrials Top 5
S000092930,Direxion Daily Materials Top 5 Bull 2X ETF,Direxion Shares ETF Trust,never_launched_or_no_filings,2.0,daily,Materials Top 5
S000092931,Direxion Daily Materials Top 5 Bear 2X ETF,Direxion Shares ETF Trust,never_launched_or_no_filings,-2.0,daily,Materials Top 5
S000092932,Direxion Daily Real Estate Top 5 Bull 2X ETF,Direxion Shares ETF Trust,never_launched_or_no_filings,2.0,daily,Real Estate Top 5
S000092933,Direxion Daily Real Estate Top 5 Bear 2X ETF,Direxion Shares ETF Trust,never_launched_or_no_filings,-2.0,daily,Real Estate Top 5
S000092936,Direxion Daily ASML Bear 1X ETF,Direxion Shares ETF Trust,never_launched_or_no_filings,-1.0,daily,ASML
S000092937,Direxion Daily Utilities Top 5 Bull 2X ETF,Direxion Shares ETF Trust,never_launched_or_no_filings,2.0,daily,Utilities Top 5
S000092938,Direxion Daily Utilities Top 5 Bear 2X ETF,Direxion Shares ETF Trust,never_launched_or_no_filings,-2.0,daily,Utilities Top 5
S000092940,Direxion Daily BABA Bear 1X ETF,Direxion Shares ETF Trust,never_launched_or_no_filings,-1.0,daily,BABA
S000093244,Defiance Daily Target 2X Long QBTS ETF,Tidal Trust II,never_launched_or_no_filings,2.0,daily,QBTS
S000093816,Leverage Shares 2X Long OKLO Daily ETF,Themes ETF Trust,never_launched_or_no_filings,2.0,daily,OKLO
S000093817,Leverage Shares 2X Long PDD Daily ETF,Themes ETF Trust,never_launched_or_no_filings,2.0,daily,PDD
S000093818,Leverage Shares 2X Long RGTI Daily ETF,Themes ETF Trust,never_launched_or_no_filings,2.0,daily,RGTI
S000093819,Leverage Shares 2X Long RKLB Daily ETF,Themes ETF Trust,never_launched_or_no_filings,2.0,daily,RKLB
S000093820,Leverage Shares 2X Long SOUN Daily ETF,Themes ETF Trust,never_launched_or_no_filings,2.0,daily,SOUN
S000093821,Leverage Shares 2X Long VST Daily ETF,Themes ETF Trust,never_launched_or_no_filings,2.0,daily,VST
S000093822,Leverage Shares 2X Long AFRM Daily ETF,Themes ETF Trust,never_launched_or_no_filings,2.0,daily,AFRM
S000093826,Leverage Shares 2X Long GOLD Daily ETF,Themes ETF Trust,never_launched_or_no_filings,2.0,daily,GOLD
S000093827,Leverage Shares 2X Long HIMS Daily ETF,Themes ETF Trust,never_launched_or_no_filings,2.0,daily,HIMS
S000093828,Leverage Shares 2X Long JD Daily ETF,Themes ETF Trust,never_launched_or_no_filings,2.0,daily,JD
S000093884,T-REX 2X LONG SOUN DAILY TARGET ETF,ETF Opportunities Trust,never_launched_or_no_filings,2.0,daily,SOUN
S000093987,T-REX 2X LONG GEV DAILY TARGET ETF,ETF Opportunities Trust,never_launched_or_no_filings,2.0,daily,GEV
S000093988,T-REX 2X LONG HHH DAILY TARGET ETF,ETF Opportunities Trust,never_launched_or_no_filings,2.0,daily,HHH
S000094235,Direxion Daily S&P Top 20 US Stocks Bull 2X ETF,Direxion Shares ETF Trust,never_launched_or_no_filings,2.0,daily,S&P Top 20 US Stocks
S000094237,Direxion Daily CRM Bear 1X ETF,Direxion Shares ETF Trust,never_launched_or_no_filings,-1.0,daily,CRM
S000094238,Direxion Daily CRM Bull 2X ETF,Direxion Shares ETF Trust,never_launched_or_no_filings,2.0,daily,CRM
S000094239,Direxion Daily DAL Bear 1X ETF,Direxion Shares ETF Trust,never_launched_or_no_filings,-1.0,daily,DAL
S000094240,Direxion Daily DAL Bull 2X ETF,Direxion Shares ETF Trust,never_launched_or_no_filings,2.0,daily,DAL
S000094241,Direxion Daily GM Bear 1X ETF,Direxion Shares ETF Trust,never_launched_or_no_filings,-1.0,daily,GM
S000094242,Direxion Daily GM Bull 2X ETF,Direxion Shares ETF Trust,never_launched_or_no_filings,2.0,daily,GM
S000094243,Direxion Daily LUV Bear 1X ETF,Direxion Shares ETF Trust,never_launched_or_no_filings,-1.0,daily,LUV
S000094244,Direxion Daily LUV Bull 2X ETF,Direxion Shares ETF Trust,never_launched_or_no_filings,2.0,daily,LUV
S000094245,Direxion Daily MRVL Bear 1X ETF,Direxion Shares ETF Trust,never_launched_or_no_filings,-1.0,daily,MRVL
S000094246,Direxion Daily S&P Top 20 US Stocks Bear 1X ETF,Direxion Shares ETF Trust,never_launched_or_no_filings,-1.0,daily,S&P Top 20 US Stocks
S000094248,Direxion Daily NKE Bear 1X ETF,Direxion Shares ETF Trust,never_launched_or_no_filings,-1.0,daily,NKE
S000094249,Direxion Daily NKE Bull 2X ETF,Direxion Shares ETF Trust,never_launched_or_no_filings,2.0,daily,NKE
S000094252,Direxion Daily PDD Bear 1X ETF,Direxion Shares ETF Trust,never_launched_or_no_filings,-1.0,daily,PDD
S000094253,Direxion Daily PDD Bull 2X ETF,Direxion Shares ETF Trust,never_launched_or_no_filings,2.0,daily,PDD
S000094254,Direxion Daily RDDT Bear 1X ETF,Direxion Shares ETF Trust,never_launched_or_no_filings,-1.0,daily,RDDT
S000094255,Direxion Daily RDDT Bull 2X ETF,Direxion Shares ETF Trust,never_launched_or_no_filings,2.0,daily,RDDT
S000094256,Direxion Daily RKLB Bear 1X ETF,Direxion Shares ETF Trust,never_launched_or_no_filings,-1.0,daily,RKLB
S000094257,Direxion Daily Qs Top 30 Stocks Bull 2X ETF,Direxion Shares ETF Trust,never_launched_or_no_filings,2.0,daily,Qs Top 30 Stocks
S000094258,Direxion Daily RKLB Bull 2X ETF,Direxion Shares ETF Trust,never_launched_or_no_filings,2.0,daily,RKLB
S000094259,Direxion Daily SBUX Bear 1X ETF,Direxion Shares ETF Trust,never_launched_or_no_filings,-1.0,daily,SBUX
S000094260,Direxion Daily SBUX Bull 2X ETF,Direxion Shares ETF Trust,never_launched_or_no_filings,2.0,daily,SBUX
S000094261,Direxion Daily SONY Bear 1X ETF,Direxion Shares ETF Trust,never_launched_or_no_filings,-1.0,daily,SONY
S000094262,Direxion Daily SONY Bull 2X ETF,Direxion Shares ETF Trust,never_launched_or_no_filings,2.0,daily,SONY
S000094263,Direxion Daily TGT Bear 1X ETF,Direxion Shares ETF Trust,never_launched_or_no_filings,-1.0,daily,TGT
S000094264,Direxion Daily TGT Bull 2X ETF,Direxion Shares ETF Trust,never_launched_or_no_filings,2.0,daily,TGT
S000094265,Direxion Daily TXN Bear 1X ETF,Direxion Shares ETF Trust,never_launched_or_no_filings,-1.0,daily,TXN
S000094267,Direxion Daily UAL Bear 1X ETF,Direxion Shares ETF Trust,never_launched_or_no_filings,-1.0,daily,UAL
S000094268,Direxion Daily Qs Top 30 Stocks Bear 1X ETF,Direxion Shares ETF Trust,never_launched_or_no_filings,-1.0,daily,Qs Top 30 Stocks
S000094269,Direxion Daily UAL Bull 2X ETF,Direxion Shares ETF Trust,never_launched_or_no_filings,2.0,daily,UAL
S000094270,Direxion Daily UNH Bear 1X ETF,Direxion Shares ETF Trust,never_launched_or_no_filings,-1.0,daily,UNH
S000094272,Direxion Daily WMT Bear 1X ETF,Direxion Shares ETF Trust,never_launched_or_no_filings,-1.0,daily,WMT
S000094273,Direxion Daily WMT Bull 2X ETF,Direxion Shares ETF Trust,never_launched_or_no_filings,2.0,daily,WMT
S000094276,Direxion Daily ABNB Bear 1X ETF,Direxion Shares ETF Trust,never_launched_or_no_filings,-1.0,daily,ABNB
S000094277,Direxion Daily ABNB Bull 2X ETF,Direxion Shares ETF Trust,never_launched_or_no_filings,2.0,daily,ABNB
S000094278,Direxion Daily ADBE Bear 1X ETF,Direxion Shares ETF Trust,never_launched_or_no_filings,-1.0,daily,ADBE
S000094365,GraniteShares 2x Long ABNB Daily ETF,GraniteShares ETF Trust,never_launched_or_no_filings,2.0,daily,ABNB
S000094366,GraniteShares 2x Long GLXY Daily ETF,GraniteShares ETF Trust,never_launched_or_no_filings,2.0,daily,GLXY
S000094367,GraniteShares 2x Long HIMS Daily ETF,GraniteShares ETF Trust,never_launched_or_no_filings,2.0,daily,HIMS
S000094369,GraniteShares 2x Long KO Daily ETF,GraniteShares ETF Trust,never_launched_or_no_filings,2.0,daily,KO
S000094370,GraniteShares 2x Long MCD Daily ETF,GraniteShares ETF Trust,never_launched_or_no_filings,2.0,daily,MCD
S000094371,GraniteShares 2x Long MELI Daily ETF,GraniteShares ETF Trust,never_launched_or_no_filings,2.0,daily,MELI
S000094373,GraniteShares 2x Long NKE Daily ETF,GraniteShares ETF Trust,never_launched_or_no_filings,2.0,daily,NKE
S000094374,GraniteShares 2x Long OKLO Daily ETF,GraniteShares ETF Trust,never_launched_or_no_filings,2.0,daily,OKLO
S000094375,GraniteShares 2x Long PM Daily ETF,GraniteShares ETF Trust,never_launched_or_no_filings,2.0,daily,PM
S000094376,GraniteShares 2x Long APP Daily ETF,GraniteShares ETF Trust,never_launched_or_no_filings,2.0,daily,APP
S000094377,GraniteShares 2x Long RGTI Daily ETF,GraniteShares ETF Trust,never_launched_or_no_filings,2.0,daily,RGTI
S000094378,GraniteShares 2x Long SBUX Daily ETF,GraniteShares ETF Trust,never_launched_or_no_filings,2.0,daily,SBUX
S000094379,GraniteShares 2x Long SNAP Daily ETF,GraniteShares ETF Trust,never_launched_or_no_filings,2.0,daily,SNAP
S000094380,GraniteShares 2x Long SPOT Daily ETF,GraniteShares ETF Trust,never_launched_or_no_filings,2.0,daily,SPOT
S000094381,GraniteShares 2x Long UNH Daily ETF,GraniteShares ETF Trust,never_launched_or_no_filings,2.0,daily,UNH
S000094382,GraniteShares 2x Long WMT Daily ETF,GraniteShares ETF Trust,never_launched_or_no_filings,2.0,daily,WMT
S000094384,GraniteShares 2x Long CEG Daily ETF,GraniteShares ETF Trust,never_launched_or_no_filings,2.0,daily,CEG
S000094385,GraniteShares 2x Long COST Daily ETF,GraniteShares ETF Trust,never_launched_or_no_filings,2.0,daily,COST
S000094386,GraniteShares 2x Long CRWV Daily ETF,GraniteShares ETF Trust,never_launched_or_no_filings,2.0,daily,CRWV
S000094387,GraniteShares 2x Long CVNA Daily ETF,GraniteShares ETF Trust,never_launched_or_no_filings,2.0,daily,CVNA
S000094389,GraniteShares 2x Long FSLR Daily ETF,GraniteShares ETF Trust,never_launched_or_no_filings,2.0,daily,FSLR
S000095060,Tradr 2X Long QCOM Daily ETF,Investment Managers Series Trust II,never_launched_or_no_filings,2.0,daily,QCOM
S000095441,T-REX 2X Long TRON Daily Target ETF,ETF Opportunities Trust,never_launched_or_no_filings,2.0,daily,TRON
S000095465,T-REX 2X LONG OUST DAILY TARGET ETF,ETF Opportunities Trust,never_launched_or_no_filings,2.0,daily,OUST
S000095468,T-REX 2X LONG SYM DAILY TARGET ETF,ETF Opportunities Trust,never_launched_or_no_filings,2.0,daily,SYM
S000095469,T-REX 2X LONG UNH DAILY TARGET ETF,ETF Opportunities Trust,never_launched_or_no_filings,2.0,daily,UNH
S000095470,T-REX 2X LONG VOYG DAILY TARGET ETF,ETF Opportunities Trust,never_launched_or_no_filings,2.0,daily,VOYG
S000095472,T-REX 2X LONG APLD DAILY TARGET ETF,ETF Opportunities Trust,never_launched_or_no_filings,2.0,daily,APLD
S000095474,T-REX 2X Long BRR Daily Target ETF,ETF Opportunities Trust,never_launched_or_no_filings,2.0,daily,BRR
S000095475,T-REX 2X LONG CHYM DAILY TARGET ETF,ETF Opportunities Trust,never_launched_or_no_filings,2.0,daily,CHYM
S000095477,T-REX 2X LONG LMND DAILY TARGET ETF,ETF Opportunities Trust,never_launched_or_no_filings,2.0,daily,LMND
S000095861,Ultra FIG,PROSHARES TRUST,never_launched_or_no_filings,2.0,unknown,FIG
S000095912,Defiance Daily Target 2X Long ET ETF,Tidal Trust II,never_launched_or_no_filings,2.0,daily,ET
S000095913,Defiance Daily Target 2X Long FIG ETF,Tidal Trust II,never_launched_or_no_filings,2.0,daily,FIG
S000096187,Leverage Shares 2X Long CRSP Daily ETF,Themes ETF Trust,never_launched_or_no_filings,2.0,daily,CRSP
S000096188,Leverage Shares 2X Long ISRG Daily ETF,Themes ETF Trust,never_launched_or_no_filings,2.0,daily,ISRG
S000096194,ProShares Ultra BLSH,PROSHARES TRUST,never_launched_or_no_filings,2.0,daily,BLSH
S000096438,T-REX 2X Inverse BLSH Daily Target ETF,ETF Opportunities Trust,never_launched_or_no_filings,-2.0,daily,BLSH
S000096439,T-REX 2X Long ASTS Daily Target ETF,ETF Opportunities Trust,never_launched_or_no_filings,2.0,daily,ASTS
S000096442,T-REX 2X Long MP Daily Target ETF,ETF Opportunities Trust,never_launched_or_no_filings,2.0,daily,MP
S000096443,T-REX 2X Long QS Daily Target ETF,ETF Opportunities Trust,never_launched_or_no_filings,2.0,daily,QS
S000096444,T-REX 2X Long SRPT Daily Target ETF,ETF Opportunities Trust,never_launched_or_no_filings,2.0,daily,SRPT
S000096446,T-REX 2X Long WULF Daily Target ETF,ETF Opportunities Trust,never_launched_or_no_filings,2.0,daily,WULF
S000096495,ProShares Ultra GEMI,PROSHARES TRUST,never_launched_or_no_filings,2.0,daily,GEMI
S000096603,Leverage Shares 2X Long SHOP Daily ETF,Themes ETF Trust,never_launched_or_no_filings,2.0,daily,SHOP
S000096605,Leverage Shares 2X Long TEM Daily ETF,Themes ETF Trust,never_launched_or_no_filings,2.0,daily,TEM
S000096779,Defiance Daily Target 2X Long BMNR ETF,Tidal Trust II,never_launched_or_no_filings,2.0,daily,BMNR
S000096780,Defiance Daily Target 2X Long CAVA ETF,Tidal Trust II,never_launched_or_no_filings,2.0,daily,CAVA
S000096781,Defiance Daily Target 2X Long CHWY ETF,Tidal Trust II,never_launched_or_no_filings,2.0,daily,CHWY
S000096782,Defiance Daily Target 2X Long ELF ETF,Tidal Trust II,never_launched_or_no_filings,2.0,daily,ELF
S000096783,Defiance Daily Target 2X Long ESLT ETF,Tidal Trust II,never_launched_or_no_filings,2.0,daily,ESLT
S000096784,Defiance Daily Target 2X Long WYNN ETF,Tidal Trust II,never_launched_or_no_filings,2.0,daily,WYNN
S000096880,Defiance Daily Target 2X Short INTC ETF,Tidal Trust II,never_launched_or_no_filings,-2.0,daily,INTC
S000096881,Defiance Daily Target 2X Short MRVL ETF,Tidal Trust II,never_launched_or_no_filings,-2.0,daily,MRVL
S000096883,Defiance Daily Target 2X Short NVO ETF,Tidal Trust II,never_launched_or_no_filings,-2.0,daily,NVO
S000096885,Defiance Daily Target 2X Short OSCR ETF,Tidal Trust II,never_launched_or_no_filings,-2.0,daily,OSCR
S000096886,Defiance Daily Target 2X Short SBET ETF,Tidal Trust II,never_launched_or_no_filings,-2.0,daily,SBET
S000096888,Defiance Daily Target 2X Short UNH ETF,Tidal Trust II,never_launched_or_no_filings,-2.0,daily,UNH
S000096889,Defiance Daily Target 2X Short APP ETF,Tidal Trust II,never_launched_or_no_filings,-2.0,daily,APP
S000096891,Defiance Daily Target 2X Short AVGO ETF,Tidal Trust II,never_launched_or_no_filings,-2.0,daily,AVGO
S000096892,Defiance Daily Target 2X Short BBAI ETF,Tidal Trust II,never_launched_or_no_filings,-2.0,daily,BBAI
S000096894,Defiance Daily Target 2X Short CRCL ETF,Tidal Trust II,never_launched_or_no_filings,-2.0,daily,CRCL
S000096895,Defiance Daily Target 2X Short HIMS ETF,Tidal Trust II,never_launched_or_no_filings,-2.0,daily,HIMS
S000097126,ProShares Ultra KLAR,PROSHARES TRUST,never_launched_or_no_filings,2.0,daily,KLAR
S000097127,ProShares Ultra FIGR,PROSHARES TRUST,never_launched_or_no_filings,2.0,daily,FIGR
S000097176,Defiance Daily Target 2X Long AA ETF,Tidal Trust II,never_launched_or_no_filings,2.0,daily,AA
S000097177,Defiance Daily Target 2X Long PFE ETF,Tidal Trust II,never_launched_or_no_filings,2.0,daily,PFE
S000097178,Defiance Daily Target 2X Long SE ETF,Tidal Trust II,never_launched_or_no_filings,2.0,daily,SE
S000097179,Defiance Daily Target 2X Long UPS ETF,Tidal Trust II,never_launched_or_no_filings,2.0,daily,UPS
S000097180,Defiance Daily Target 2X Long CAE ETF,Tidal Trust II,never_launched_or_no_filings,2.0,daily,CAE
S000097181,Defiance Daily Target 2X Long CSCO ETF,Tidal Trust II,never_launched_or_no_filings,2.0,daily,CSCO
S000097182,Defiance Daily Target 2X Long EBAY ETF,Tidal Trust II,never_launched_or_no_filings,2.0,daily,EBAY
S000097183,Defiance Daily Target 2X Long ERIC ETF,Tidal Trust II,never_launched_or_no_filings,2.0,daily,ERIC
S000097184,Defiance Daily Target 2X Long EXEL ETF,Tidal Trust II,never_launched_or_no_filings,2.0,daily,EXEL
S000097185,Defiance Daily Target 2X Long IBKR ETF,Tidal Trust II,never_launched_or_no_filings,2.0,daily,IBKR
S000097186,Defiance Daily Target 2X Long KLAC ETF,Tidal Trust II,never_launched_or_no_filings,2.0,daily,KLAC
S000097187,Defiance Daily Target 2X Long MPWR ETF,Tidal Trust II,never_launched_or_no_filings,2.0,daily,MPWR
S000097196,T-REX 2X LONG KLAR DAILY TARGET ETF,ETF Opportunities Trust,never_launched_or_no_filings,2.0,daily,KLAR
S000097414,T-REX 2X LONG ABTC DAILY TARGET ETF,ETF Opportunities Trust,never_launched_or_no_filings,2.0,daily,ABTC
S000097415,T-REX 2X LONG CORZ DAILY TARGET ETF,ETF Opportunities Trust,never_launched_or_no_filings,2.0,daily,CORZ
S000097416,T-REX 2X LONG DNUT DAILY TARGET ETF,ETF Opportunities Trust,never_launched_or_no_filings,2.0,daily,DNUT
S000097417,T-REX 2X LONG EMPD DAILY TARGET ETF,ETF Opportunities Trust,never_launched_or_no_filings,2.0,daily,EMPD
S000097420,T-REX 2X LONG FRMM DAILY TARGET ETF,ETF Opportunities Trust,never_launched_or_no_filings,2.0,daily,FRMM
S000097421,T-REX 2X LONG GPRO DAILY TARGET ETF,ETF Opportunities Trust,never_launched_or_no_filings,2.0,daily,GPRO
S000097422,T-REX 2X LONG GTLS DAILY TARGET ETF,ETF Opportunities Trust,never_launched_or_no_filings,2.0,daily,GTLS
S000097423,T-REX 2X LONG ICHR DAILY TARGET ETF,ETF Opportunities Trust,never_launched_or_no_filings,2.0,daily,ICHR
S000097424,T-REX 2X LONG ICLR DAILY TARGET ETF,ETF Opportunities Trust,never_launched_or_no_filings,2.0,daily,ICLR
S000097425,T-REX 2X LONG ASST DAILY TARGET ETF,ETF Opportunities Trust,never_launched_or_no_filings,2.0,daily,ASST
S000097426,T-REX 2X LONG IREN DAILY TARGET ETF,ETF Opportunities Trust,never_launched_or_no_filings,2.0,daily,IREN
S000097427,T-REX 2X LONG KSS DAILY TARGET ETF,ETF Opportunities Trust,never_launched_or_no_filings,2.0,daily,KSS
S000097428,T-REX 2X LONG MBLY DAILY TARGET ETF,ETF Opportunities Trust,never_launched_or_no_filings,2.0,daily,MBLY
S000097429,T-REX 2X LONG LITS DAILY TARGET ETF,ETF Opportunities Trust,never_launched_or_no_filings,2.0,daily,LITS
S000097430,T-REX 2X LONG NVTS DAILY TARGET ETF,ETF Opportunities Trust,never_launched_or_no_filings,2.0,daily,NVTS
S000097431,T-REX 2X LONG OPEN DAILY TARGET ETF,ETF Opportunities Trust,never_launched_or_no_filings,2.0,daily,OPEN
S000097432,T-REX 2X LONG POOL DAILY TARGET ETF,ETF Opportunities Trust,never_launched_or_no_filings,2.0,daily,POOL
S000097433,T-REX 2X LONG PTON DAILY TARGET ETF,ETF Opportunities Trust,never_launched_or_no_filings,2.0,daily,PTON
S000097434,T-REX 2X LONG SUIG DAILY TARGET ETF,ETF Opportunities Trust,never_launched_or_no_filings,2.0,daily,SUIG
S000097435,T-REX 2X LONG TMUS DAILY TARGET ETF,ETF Opportunities Trust,never_launched_or_no_filings,2.0,daily,TMUS
S000097436,T-REX 2X LONG BNC DAILY TARGET ETF,ETF Opportunities Trust,never_launched_or_no_filings,2.0,daily,BNC
S000097437,T-REX 2X LONG TONX DAILY TARGET ETF,ETF Opportunities Trust,never_launched_or_no_filings,2.0,daily,TONX
S000097438,T-REX 2X LONG VEEV DAILY TARGET ETF,ETF Opportunities Trust,never_launched_or_no_filings,2.0,daily,VEEV
S000097439,T-REX 2X LONG BTDR DAILY TARGET ETF,ETF Opportunities Trust,never_launched_or_no_filings,2.0,daily,BTDR
S000097440,T-REX 2X LONG CANG DAILY TARGET ETF,ETF Opportunities Trust,never_launched_or_no_filings,2.0,daily,CANG
S000097441,T-REX 2X LONG CAVA DAILY TARGET ETF,ETF Opportunities Trust,never_launched_or_no_filings,2.0,daily,CAVA
S000097442,T-REX 2X LONG CELH DAILY TARGET ETF,ETF Opportunities Trust,never_launched_or_no_filings,2.0,daily,CELH
S000097443,T-REX 2X LONG CHWY DAILY TARGET ETF,ETF Opportunities Trust,never_launched_or_no_filings,2.0,daily,CHWY
S000097444,T-REX 2X LONG CLS DAILY TARGET ETF,ETF Opportunities Trust,never_launched_or_no_filings,2.0,daily,CLS
S000097513,T-REX 2X LONG DFDV DAILY TARGET ETF,ETF Opportunities Trust,never_launched_or_no_filings,2.0,daily,DFDV
S000097515,T-REX 2X LONG FMCC DAILY TARGET ETF,ETF Opportunities Trust,never_launched_or_no_filings,2.0,daily,FMCC
S000097516,T-REX 2X LONG FNMA DAILY TARGET ETF,ETF Opportunities Trust,never_launched_or_no_filings,2.0,daily,FNMA
S000097517,T-REX 2X LONG FWDI DAILY TARGET ETF,ETF Opportunities Trust,never_launched_or_no_filings,2.0,daily,FWDI
S000097518,T-REX 2X LONG ORBS DAILY TARGET ETF,ETF Opportunities Trust,never_launched_or_no_filings,2.0,daily,ORBS
S000097911,Leverage Shares 2X Long ASST Daily ETF,Themes ETF Trust,never_launched_or_no_filings,2.0,daily,ASST
S000097912,Leverage Shares 2X Long HUM Daily ETF,Themes ETF Trust,never_launched_or_no_filings,2.0,daily,HUM
S000097914,Leverage Shares 2X Long KMX Daily ETF,Themes ETF Trust,never_launched_or_no_filings,2.0,daily,KMX
S000097916,Leverage Shares 2X Long LRCX Daily ETF,Themes ETF Trust,never_launched_or_no_filings,2.0,daily,LRCX
S000097917,Leverage Shares 2X Long LYFT Daily ETF,Themes ETF Trust,never_launched_or_no_filings,2.0,daily,LYFT
S000097918,Leverage Shares 2X Long NVTS Daily ETF,Themes ETF Trust,never_launched_or_no_filings,2.0,daily,NVTS
S000097921,Leverage Shares 2X Long SBET Daily ETF,Themes ETF Trust,never_launched_or_no_filings,2.0,daily,SBET
S000097922,Leverage Shares 2X Long CI Daily ETF,Themes ETF Trust,never_launched_or_no_filings,2.0,daily,CI
S000097923,Leverage Shares 2X Long TTD Daily ETF,Themes ETF Trust,never_launched_or_no_filings,2.0,daily,TTD
S000097926,Leverage Shares 2X Long ZM Daily ETF,Themes ETF Trust,never_launched_or_no_filings,2.0,daily,ZM
S000097929,Leverage Shares 2X Long DECK Daily ETF,Themes ETF Trust,never_launched_or_no_filings,2.0,daily,DECK
S000097930,Leverage Shares 2X Long DOW Daily ETF,Themes ETF Trust,never_launched_or_no_filings,2.0,daily,DOW
S000097932,Leverage Shares 2X Long ELV Daily ETF,Themes ETF Trust,never_launched_or_no_filings,2.0,daily,ELV
S000098203,T-REX 2X LONG SRFM DAILY TARGET ETF,ETF Opportunities Trust,never_launched_or_no_filings,2.0,daily,SRFM
S000098204,T-REX 2X LONG STSS DAILY TARGET ETF,ETF Opportunities Trust,never_launched_or_no_filings,2.0,daily,STSS
S000098205,T-REX 2X LONG UI DAILY TARGET ETF,ETF Opportunities Trust,never_launched_or_no_filings,2.0,daily,UI
S000098206,T-REX 2X LONG SLMT DAILY TARGET ETF,ETF Opportunities Trust,never_launched_or_no_filings,2.0,daily,SLMT
S000098207,T-REX 2X LONG DEFT DAILY TARGET ETF,ETF Opportunities Trust,never_launched_or_no_filings,2.0,daily,DEFT
S000098208,T-REX 2X LONG FLGC DAILY TARGET ETF,ETF Opportunities Trust,never_launched_or_no_filings,2.0,daily,FLGC
S000098209,T-REX 2X LONG HIVE DAILY TARGET ETF,ETF Opportunities Trust,never_launched_or_no_filings,2.0,daily,HIVE
S000098210,T-REX 2X LONG HOLO DAILY TARGET ETF,ETF Opportunities Trust,never_launched_or_no_filings,2.0,daily,HOLO
S000098211,T-REX 2X LONG HSDT DAILY TARGET ETF,ETF Opportunities Trust,never_launched_or_no_filings,2.0,daily,HSDT
S000098212,T-REX 2X LONG NAKA DAILY TARGET ETF,ETF Opportunities Trust,never_launched_or_no_filings,2.0,daily,NAKA
S000098213,T-REX 2X LONG NXTT DAILY TARGET ETF,ETF Opportunities Trust,never_launched_or_no_filings,2.0,daily,NXTT
S000098413,Defiance Daily Target 3X Short MAGS ETF,ETF Series Solutions,never_launched_or_no_filings,-3.0,daily,MAGS
S000098414,Defiance Daily Target 3X Short BABA ETF,ETF Series Solutions,never_launched_or_no_filings,-3.0,daily,BABA
S000098415,Defiance Daily Target 3X Short AMD ETF,ETF Series Solutions,never_launched_or_no_filings,-3.0,daily,AMD
S000098416,Defiance Daily Target 3X Short SMCI ETF,ETF Series Solutions,never_launched_or_no_filings,-3.0,daily,SMCI
S000098417,Defiance Daily Target 3X Short AAPL ETF,ETF Series Solutions,never_launched_or_no_filings,-3.0,daily,AAPL
S000098418,Defiance Daily Target 3X Short GOOG ETF,ETF Series Solutions,never_launched_or_no_filings,-3.0,daily,GOOG
S000098419,Defiance Daily Target 3X Short AMZN ETF,ETF Series Solutions,never_launched_or_no_filings,-3.0,daily,AMZN
S000098420,Defiance Daily Target 3X Short MSFT ETF,ETF Series Solutions,never_launched_or_no_filings,-3.0,daily,MSFT
S000098421,Defiance Daily Target 3X Short AVGO ETF,ETF Series Solutions,never_launched_or_no_filings,-3.0,daily,AVGO
S000098422,Defiance Daily Target 3X Short TSM ETF,ETF Series Solutions,never_launched_or_no_filings,-3.0,daily,TSM
S000098423,Defiance Daily Target 3X Short HOOD ETF,ETF Series Solutions,never_launched_or_no_filings,-3.0,daily,HOOD
S000098424,Defiance Daily Target 3X Short GDX ETF,ETF Series Solutions,never_launched_or_no_filings,-3.0,daily,GDX
S000098425,Defiance Daily Target 3X Short MSTR ETF,ETF Series Solutions,never_launched_or_no_filings,-3.0,daily,MSTR
S000098426,Defiance Daily Target 3X Short COIN ETF,ETF Series Solutions,never_launched_or_no_filings,-3.0,daily,COIN
S000098427,Defiance Daily Target 3X Short PLTR ETF,ETF Series Solutions,never_launched_or_no_filings,-3.0,daily,PLTR
S000098428,Defiance Daily Target 3X Short TSLA ETF,ETF Series Solutions,never_launched_or_no_filings,-3.0,daily,TSLA
S000098429,Defiance Daily Target 3X Short NVDA ETF,ETF Series Solutions,never_launched_or_no_filings,-3.0,daily,NVDA
S000098430,Defiance Daily Target 3X Long GRNY ETF,ETF Series Solutions,never_launched_or_no_filings,3.0,daily,GRNY
S000098431,Defiance Daily Target 3X Long MAGS ETF,ETF Series Solutions,never_launched_or_no_filings,3.0,daily,MAGS
S000098432,Defiance Daily Target 3X Long GDX ETF,ETF Series Solutions,never_launched_or_no_filings,3.0,daily,GDX
S000098433,Defiance Daily Target 3X Long GLD ETF,ETF Series Solutions,never_launched_or_no_filings,3.0,daily,GLD
S000098435,Defiance Daily Target 3X Short GLD ETF,ETF Series Solutions,never_launched_or_no_filings,-3.0,daily,GLD
S000098436,Defiance Daily Target 3X Long BTC ETF,ETF Series Solutions,never_launched_or_no_filings,3.0,daily,BTC
S000098437,Defiance Daily Target 3X Long ETH ETF,ETF Series Solutions,never_launched_or_no_filings,3.0,daily,ETH
S000098438,Defiance Daily Target 3X Long BMNR ETF,ETF Series Solutions,never_launched_or_no_filings,3.0,daily,BMNR
S000098439,Defiance Daily Target 3X Long HIMS ETF,ETF Series Solutions,never_launched_or_no_filings,3.0,daily,HIMS
S000098440,Defiance Daily Target 3X Long CRCL ETF,ETF Series Solutions,never_launched_or_no_filings,3.0,daily,CRCL
S000098441,Defiance Daily Target 3X Long BABA ETF,ETF Series Solutions,never_launched_or_no_filings,3.0,daily,BABA
S000098442,Defiance Daily Target 3X Long AMD ETF,ETF Series Solutions,never_launched_or_no_filings,3.0,daily,AMD
S000098443,Defiance Daily Target 3X Long SMCI ETF,ETF Series Solutions,never_launched_or_no_filings,3.0,daily,SMCI
S000098444,Defiance Daily Target 3X Long AAPL ETF,ETF Series Solutions,never_launched_or_no_filings,3.0,daily,AAPL
S000098445,Defiance Daily Target 3X Long GOOG ETF,ETF Series Solutions,never_launched_or_no_filings,3.0,daily,GOOG
S000098447,Defiance Daily Target 3X Long AMZN ETF,ETF Series Solutions,never_launched_or_no_filings,3.0,daily,AMZN
S000098448,Defiance Daily Target 3X Long MSFT ETF,ETF Series Solutions,never_launched_or_no_filings,3.0,daily,MSFT
S000098449,Defiance Daily Target 3X Long AVGO ETF,ETF Series Solutions,never_launched_or_no_filings,3.0,daily,AVGO
S000098450,Defiance Daily Target 3X Long TSM ETF,ETF Series Solutions,never_launched_or_no_filings,3.0,daily,TSM
S000098451,Defiance Daily Target 3X Long HOOD ETF,ETF Series Solutions,never_launched_or_no_filings,3.0,daily,HOOD
S000098452,Defiance Daily Target 3X Long MSTR ETF,ETF Series Solutions,never_launched_or_no_filings,3.0,daily,MSTR
S000098453,Defiance Daily Target 3X Long COIN ETF,ETF Series Solutions,never_launched_or_no_filings,3.0,daily,COIN
S000098454,Defiance Daily Target 3X Long PLTR ETF,ETF Series Solutions,never_launched_or_no_filings,3.0,daily,PLTR
S000098455,Defiance Daily Target 3X Long TSLA ETF,ETF Series Solutions,never_launched_or_no_filings,3.0,daily,TSLA
S000098456,Defiance Daily Target 3X Long NVDA ETF,ETF Series Solutions,never_launched_or_no_filings,3.0,daily,NVDA
S000098457,Defiance Daily Target 3X Short BTC ETF,ETF Series Solutions,never_launched_or_no_filings,-3.0,daily,BTC
S000098458,Defiance Daily Target 3X Short ETH ETF,ETF Series Solutions,never_launched_or_no_filings,-3.0,daily,ETH
S000098459,Defiance Daily Target 3X Short BMNR ETF,ETF Series Solutions,never_launched_or_no_filings,-3.0,daily,BMNR
S000098460,Defiance Daily Target 3X Short HIMS ETF,ETF Series Solutions,never_launched_or_no_filings,-3.0,daily,HIMS
S000098461,Defiance Daily Target 3X Short CRCL ETF,ETF Series Solutions,never_launched_or_no_filings,-3.0,daily,CRCL
S000098553,Direxion Daily AAPL Bull 3X ETF,Direxion Shares ETF Trust,never_launched_or_no_filings,3.0,daily,AAPL
S000098554,Direxion Daily TSM Bull 3X ETF,Direxion Shares ETF Trust,never_launched_or_no_filings,3.0,daily,TSM
S000098555,Direxion Daily AMZN Bull 3X ETF,Direxion Shares ETF Trust,never_launched_or_no_filings,3.0,daily,AMZN
S000098556,Direxion Daily GOOGL Bull 3X ETF,Direxion Shares ETF Trust,never_launched_or_no_filings,3.0,daily,GOOGL
S000098557,Direxion Daily META Bull 3X ETF,Direxion Shares ETF Trust,never_launched_or_no_filings,3.0,daily,META
S000098558,Direxion Daily MU Bull 3X ETF,Direxion Shares ETF Trust,never_launched_or_no_filings,3.0,daily,MU
S000098559,Direxion Daily NFLX Bull 3X ETF,Direxion Shares ETF Trust,never_launched_or_no_filings,3.0,daily,NFLX
S000098560,Direxion Daily NVDA Bull 3X ETF,Direxion Shares ETF Trust,never_launched_or_no_filings,3.0,daily,NVDA
S000098561,Direxion Daily PLTR Bull 3X ETF,Direxion Shares ETF Trust,never_launched_or_no_filings,3.0,daily,PLTR
S000098562,Direxion Daily TSLA Bull 3X ETF,Direxion Shares ETF Trust,never_launched_or_no_filings,3.0,daily,TSLA
S000098591,Leverage Shares 3X Long AAPL Daily ETF,Themes ETF Trust,never_launched_or_no_filings,3.0,daily,AAPL
S000098592,Leverage Shares 3X Long MSFT Daily ETF,Themes ETF Trust,never_launched_or_no_filings,3.0,daily,MSFT
S000098593,Leverage Shares 3X Long NVDA Daily ETF,Themes ETF Trust,never_launched_or_no_filings,3.0,daily,NVDA
S000098594,Leverage Shares 3X Long PLTR Daily ETF,Themes ETF Trust,never_launched_or_no_filings,3.0,daily,PLTR
S000098595,Leverage Shares 3X Long TSLA Daily ETF,Themes ETF Trust,never_launched_or_no_filings,3.0,daily,TSLA
S000098596,Leverage Shares 3X Long UNH Daily ETF,Themes ETF Trust,never_launched_or_no_filings,3.0,daily,UNH
S000098597,Leverage Shares 3X Long AMD Daily ETF,Themes ETF Trust,never_launched_or_no_filings,3.0,daily,AMD
S000098598,Leverage Shares 3X Long AMZN Daily ETF,Themes ETF Trust,never_launched_or_no_filings,3.0,daily,AMZN
S000098599,Leverage Shares 3X Long AVGO Daily ETF,Themes ETF Trust,never_launched_or_no_filings,3.0,daily,AVGO
S000098600,Leverage Shares 3X Long BABA Daily ETF,Themes ETF Trust,never_launched_or_no_filings,3.0,daily,BABA
S000098601,Leverage Shares 3X Long COIN Daily ETF,Themes ETF Trust,never_launched_or_no_filings,3.0,daily,COIN
S000098602,Leverage Shares 3X Long GOOG Daily ETF,Themes ETF Trust,never_launched_or_no_filings,3.0,daily,GOOG
S000098603,Leverage Shares 3X Long HOOD Daily ETF,Themes ETF Trust,never_launched_or_no_filings,3.0,daily,HOOD
S000098604,Leverage Shares 3X Long META Daily ETF,Themes ETF Trust,never_launched_or_no_filings,3.0,daily,META
S000098721,ProShares Daily Target 3x MSTR,PROSHARES TRUST,never_launched_or_no_filings,3.0,daily,MSTR
S000098726,ProShares Daily Target 3x AMD,PROSHARES TRUST,never_launched_or_no_filings,3.0,daily,AMD
S000098727,ProShares Daily Target 3x AMZN,PROSHARES TRUST,never_launched_or_no_filings,3.0,daily,AMZN
S000098728,ProShares Daily Target 3x CRCL,PROSHARES TRUST,never_launched_or_no_filings,3.0,daily,CRCL
S000098729,ProShares Daily Target 3x COIN,PROSHARES TRUST,never_launched_or_no_filings,3.0,daily,COIN
S000098730,ProShares Daily Target 3x GOOGL,PROSHARES TRUST,never_launched_or_no_filings,3.0,daily,GOOGL
S000098731,ProShares Daily Target 3x NVDA,PROSHARES TRUST,never_launched_or_no_filings,3.0,daily,NVDA
S000098732,ProShares Daily Target 3x PLTR,PROSHARES TRUST,never_launched_or_no_filings,3.0,daily,PLTR
S000098733,ProShares Daily Target 3x TSLA,PROSHARES TRUST,never_launched_or_no_filings,3.0,daily,TSLA
S000098793,T-REX 3X Long AAPL Daily Target ETF,ETF Opportunities Trust,never_launched_or_no_filings,3.0,daily,AAPL
S000098794,T-REX 3X Long BMNR Daily Target ETF,ETF Opportunities Trust,never_launched_or_no_filings,3.0,daily,BMNR
S000098795,T-REX 3X Long BRKB Daily Target ETF,ETF Opportunities Trust,never_launched_or_no_filings,3.0,daily,BRKB
S000098796,T-REX 3X Long COIN Daily Target ETF,ETF Opportunities Trust,never_launched_or_no_filings,3.0,daily,COIN
S000098797,T-REX 3X Long CRCL Daily Target ETF,ETF Opportunities Trust,never_launched_or_no_filings,3.0,daily,CRCL
S000098798,T-REX 3X Long CRWD Daily Target ETF,ETF Opportunities Trust,never_launched_or_no_filings,3.0,daily,CRWD
S000098799,T-REX 3X Long CRWV Daily Target ETF,ETF Opportunities Trust,never_launched_or_no_filings,3.0,daily,CRWV
S000098800,T-REX 3X Long DJT Daily Target ETF,ETF Opportunities Trust,never_launched_or_no_filings,3.0,daily,DJT
S000098801,T-REX 3X Long ETHA Daily Target ETF,ETF Opportunities Trust,never_launched_or_no_filings,3.0,daily,ETHA
S000098802,T-REX 3X Long GLXY Daily Target ETF,ETF Opportunities Trust,never_launched_or_no_filings,3.0,daily,GLXY
S000098803,T-REX 3X Long GME Daily Target ETF,ETF Opportunities Trust,never_launched_or_no_filings,3.0,daily,GME
S000098804,T-REX 3X Long ALAB Daily Target ETF,ETF Opportunities Trust,never_launched_or_no_filings,3.0,daily,ALAB
S000098805,T-REX 3X Long GOOG Daily Target ETF,ETF Opportunities Trust,never_launched_or_no_filings,3.0,daily,GOOG
S000098806,T-REX 3X Long GRNY Daily Target ETF,ETF Opportunities Trust,never_launched_or_no_filings,3.0,daily,GRNY
S000098807,T-REX 3X Long HIMS Daily Target ETF,ETF Opportunities Trust,never_launched_or_no_filings,3.0,daily,HIMS
S000098808,T-REX 3X Long HOOD Daily Target ETF,ETF Opportunities Trust,never_launched_or_no_filings,3.0,daily,HOOD
S000098810,T-REX 3X Long INTC Daily Target ETF,ETF Opportunities Trust,never_launched_or_no_filings,3.0,daily,INTC
S000098811,T-REX 3X Long IONQ Daily Target ETF,ETF Opportunities Trust,never_launched_or_no_filings,3.0,daily,IONQ
S000098812,T-REX 3X Long LLY Daily Target ETF,ETF Opportunities Trust,never_launched_or_no_filings,3.0,daily,LLY
S000098813,T-REX 3X Long MAGS Daily Target ETF,ETF Opportunities Trust,never_launched_or_no_filings,3.0,daily,MAGS
S000098814,T-REX 3X Long MARA Daily Target ETF,ETF Opportunities Trust,never_launched_or_no_filings,3.0,daily,MARA
S000098815,T-REX 3X Long AMD Daily Target ETF,ETF Opportunities Trust,never_launched_or_no_filings,3.0,daily,AMD
S000098816,T-REX 3X Long META Daily Target ETF,ETF Opportunities Trust,never_launched_or_no_filings,3.0,daily,META
S000098817,T-REX 3X Long MRVL Daily Target ETF,ETF Opportunities Trust,never_launched_or_no_filings,3.0,daily,MRVL
S000098818,T-REX 3X Long MSFT Daily Target ETF,ETF Opportunities Trust,never_launched_or_no_filings,3.0,daily,MSFT
S000098819,T-REX 3X Long MSTR Daily Target ETF,ETF Opportunities Trust,never_launched_or_no_filings,3.0,daily,MSTR
S000098820,T-REX 3X Long MU Daily Target ETF,ETF Opportunities Trust,never_launched_or_no_filings,3.0,daily,MU
S000098821,T-REX 3X Long NBIS Daily Target ETF,ETF Opportunities Trust,never_launched_or_no_filings,3.0,daily,NBIS
S000098822,T-REX 3X Long NFLX Daily Target ETF,ETF Opportunities Trust,never_launched_or_no_filings,3.0,daily,NFLX
S000098823,T-REX 3X Long NVDA Daily Target ETF,ETF Opportunities Trust,never_launched_or_no_filings,3.0,daily,NVDA
S000098824,T-REX 3X Long NVO Daily Target ETF,ETF Opportunities Trust,never_launched_or_no_filings,3.0,daily,NVO
S000098825,T-REX 3X Long OKLO Daily Target ETF,ETF Opportunities Trust,never_launched_or_no_filings,3.0,daily,OKLO
S000098826,T-REX 3X Long AMZN Daily Target ETF,ETF Opportunities Trust,never_launched_or_no_filings,3.0,daily,AMZN
S000098827,T-REX 3X Long ORCL Daily Target ETF,ETF Opportunities Trust,never_launched_or_no_filings,3.0,daily,ORCL
S000098828,T-REX 3X Long PLTR Daily Target ETF,ETF Opportunities Trust,never_launched_or_no_filings,3.0,daily,PLTR
S000098829,T-REX 3X Long PYPL Daily Target ETF,ETF Opportunities Trust,never_launched_or_no_filings,3.0,daily,PYPL
S000098830,T-REX 3X Long QBTS Daily Target ETF,ETF Opportunities Trust,never_launched_or_no_filings,3.0,daily,QBTS
S000098831,T-REX 3X Long QUBT Daily Target ETF,ETF Opportunities Trust,never_launched_or_no_filings,3.0,daily,QUBT
S000098832,T-REX 3X Long RDDT Daily Target ETF,ETF Opportunities Trust,never_launched_or_no_filings,3.0,daily,RDDT
S000098833,T-REX 3X Long RGTI Daily Target ETF,ETF Opportunities Trust,never_launched_or_no_filings,3.0,daily,RGTI
S000098834,T-REX 3X Long RIOT Daily Target ETF,ETF Opportunities Trust,never_launched_or_no_filings,3.0,daily,RIOT
S000098835,T-REX 3X Long RKLB Daily Target ETF,ETF Opportunities Trust,never_launched_or_no_filings,3.0,daily,RKLB
S000098836,T-REX 3X Long SLV Daily Target ETF,ETF Opportunities Trust,never_launched_or_no_filings,3.0,daily,SLV
S000098837,T-REX 3X Long APP Daily Target ETF,ETF Opportunities Trust,never_launched_or_no_filings,3.0,daily,APP
S000098838,T-REX 3X Long SMCI Daily Target ETF,ETF Opportunities Trust,never_launched_or_no_filings,3.0,daily,SMCI
S000098839,T-REX 3X Long SMR Daily Target ETF,ETF Opportunities Trust,never_launched_or_no_filings,3.0,daily,SMR
S000098840,T-REX 3X Long SOFI Daily Target ETF,ETF Opportunities Trust,never_launched_or_no_filings,3.0,daily,SOFI
S000098841,T-REX 3X Long SOUN Daily Target ETF,ETF Opportunities Trust,never_launched_or_no_filings,3.0,daily,SOUN
S000098842,T-REX 3X Long TEM Daily Target ETF,ETF Opportunities Trust,never_launched_or_no_filings,3.0,daily,TEM
S000098843,T-REX 3X Long TSLA Daily Target ETF,ETF Opportunities Trust,never_launched_or_no_filings,3.0,daily,TSLA
S000098844,T-REX 3X Long TSM Daily Target ETF,ETF Opportunities Trust,never_launched_or_no_filings,3.0,daily,TSM
S000098845,T-REX 3X Long UBER Daily Target ETF,ETF Opportunities Trust,never_launched_or_no_filings,3.0,daily,UBER
S000098846,T-REX 3X Long UNH Daily Target ETF,ETF Opportunities Trust,never_launched_or_no_filings,3.0,daily,UNH
S000098847,T-REX 3X Long UPST Daily Target ETF,ETF Opportunities Trust,never_launched_or_no_filings,3.0,daily,UPST
S000098848,T-REX 3X Long ARKK Daily Target ETF,ETF Opportunities Trust,never_launched_or_no_filings,3.0,daily,ARKK
S000098849,T-REX 3X Long ASTS Daily Target ETF,ETF Opportunities Trust,never_launched_or_no_filings,3.0,daily,ASTS
S000098850,T-REX 3X Long AVGO Daily Target ETF,ETF Opportunities Trust,never_launched_or_no_filings,3.0,daily,AVGO
S000098851,T-REX 3X Long BABA Daily Target ETF,ETF Opportunities Trust,never_launched_or_no_filings,3.0,daily,BABA
S000098956,GraniteShares 3x Long AAPL Daily ETF,GraniteShares ETF Trust,never_launched_or_no_filings,3.0,daily,AAPL
S000098957,GraniteShares 3x Short MSFT Daily ETF,GraniteShares ETF Trust,never_launched_or_no_filings,-3.0,daily,MSFT
S000098958,GraniteShares 3x Long AMZN Daily ETF,GraniteShares ETF Trust,never_launched_or_no_filings,3.0,daily,AMZN
S000098959,GraniteShares 3x Long GOOGL Daily ETF,GraniteShares ETF Trust,never_launched_or_no_filings,3.0,daily,GOOGL
S000098960,GraniteShares 3x Long META Daily ETF,GraniteShares ETF Trust,never_launched_or_no_filings,3.0,daily,META
S000098961,GraniteShares 3x Long MSFT Daily ETF,GraniteShares ETF Trust,never_launched_or_no_filings,3.0,daily,MSFT
S000098962,GraniteShares 3x Short AAPL Daily ETF,GraniteShares ETF Trust,never_launched_or_no_filings,-3.0,daily,AAPL
S000098963,GraniteShares 3x Short AMZN Daily ETF,GraniteShares ETF Trust,never_launched_or_no_filings,-3.0,daily,AMZN
S000098964,GraniteShares 3x Short GOOGL Daily ETF,GraniteShares ETF Trust,never_launched_or_no_filings,-3.0,daily,GOOGL
S000098965,GraniteShares 3x Short META Daily ETF,GraniteShares ETF Trust,never_launched_or_no_filings,-3.0,daily,META
S000098978,Leverage Shares 3X Long BMNR Daily ETF,Themes ETF Trust,never_launched_or_no_filings,3.0,daily,BMNR
S000098979,Leverage Shares 3X Long ORCL Daily ETF,Themes ETF Trust,never_launched_or_no_filings,3.0,daily,ORCL
S000098980,Leverage Shares 3X Long RKLB Daily ETF,Themes ETF Trust,never_launched_or_no_filings,3.0,daily,RKLB
S000098981,Leverage Shares 3X Long SBET Daily ETF,Themes ETF Trust,never_launched_or_no_filings,3.0,daily,SBET
S000098982,Leverage Shares 3X Long CIFR Daily ETF,Themes ETF Trust,never_launched_or_no_filings,3.0,daily,CIFR
S000098983,Leverage Shares 3X Long CRCL Daily ETF,Themes ETF Trust,never_launched_or_no_filings,3.0,daily,CRCL
S000098984,Leverage Shares 3X Long CRWV Daily ETF,Themes ETF Trust,never_launched_or_no_filings,3.0,daily,CRWV
S000098985,Leverage Shares 3X Long IONQ Daily ETF,Themes ETF Trust,never_launched_or_no_filings,3.0,daily,IONQ
S000098986,Leverage Shares 3X Long LULU Daily ETF,Themes ETF Trust,never_launched_or_no_filings,3.0,daily,LULU
S000098987,Leverage Shares 3X Long NBIS Daily ETF,Themes ETF Trust,never_launched_or_no_filings,3.0,daily,NBIS
S000098988,Leverage Shares 3X Long NFLX Daily ETF,Themes ETF Trust,never_launched_or_no_filings,3.0,daily,NFLX
S000098989,Leverage Shares 3X Long OPEN Daily ETF,Themes ETF Trust,never_launched_or_no_filings,3.0,daily,OPEN
S000098991,ProShares Daily Target 3x ORCL,PROSHARES TRUST,never_launched_or_no_filings,3.0,daily,ORCL
S000098992,ProShares Daily Target 3x MSFT,PROSHARES TRUST,never_launched_or_no_filings,3.0,daily,MSFT
S000098993,ProShares Daily Target 3x BABA,PROSHARES TRUST,never_launched_or_no_filings,3.0,daily,BABA
S000098994,ProShares Daily Target 3x HIMS,PROSHARES TRUST,never_launched_or_no_filings,3.0,daily,HIMS
S000098995,ProShares Daily Target 3x TSM,PROSHARES TRUST,never_launched_or_no_filings,3.0,daily,TSM
S000098997,ProShares Daily Target 3x BMNR,PROSHARES TRUST,never_launched_or_no_filings,3.0,daily,BMNR
S000098998,ProShares Daily Target 3x SMCI,PROSHARES TRUST,never_launched_or_no_filings,3.0,daily,SMCI
S000098999,ProShares Daily Target 3x CRWV,PROSHARES TRUST,never_launched_or_no_filings,3.0,daily,CRWV
S000099000,ProShares Daily Target 3x AAPL,PROSHARES TRUST,never_launched_or_no_filings,3.0,daily,AAPL
S000099001,ProShares Daily Target 3x HOOD,PROSHARES TRUST,never_launched_or_no_filings,3.0,daily,HOOD
S000099002,ProShares Daily Target 3x META,PROSHARES TRUST,never_launched_or_no_filings,3.0,daily,META
S000099003,ProShares Daily Target 3x AVGO,PROSHARES TRUST,never_launched_or_no_filings,3.0,daily,AVGO
S000099130,GraniteShares 3x Long TSLA Daily ETF,GraniteShares ETF Trust,never_launched_or_no_filings,3.0,daily,TSLA
S000099131,GraniteShares 3x Short TSLA Daily ETF,GraniteShares ETF Trust,never_launched_or_no_filings,-3.0,daily,TSLA
S000099134,GraniteShares 3x Long NVDA Daily ETF,GraniteShares ETF Trust,never_launched_or_no_filings,3.0,daily,NVDA
S000099135,GraniteShares 3x Short NVDA Daily ETF,GraniteShares ETF Trust,never_launched_or_no_filings,-3.0,daily,NVDA
S000099142,GraniteShares 3x Long AVGO Daily ETF,GraniteShares ETF Trust,never_launched_or_no_filings,3.0,daily,AVGO
S000099143,GraniteShares 3x Long BABA Daily ETF,GraniteShares ETF Trust,never_launched_or_no_filings,3.0,daily,BABA
S000099144,GraniteShares 3x Long ORCL Daily ETF,GraniteShares ETF Trust,never_launched_or_no_filings,3.0,daily,ORCL
S000099145,GraniteShares 3x Short AVGO Daily ETF,GraniteShares ETF Trust,never_launched_or_no_filings,-3.0,daily,AVGO
S000099146,GraniteShares 3x Short BABA Daily ETF,GraniteShares ETF Trust,never_launched_or_no_filings,-3.0,daily,BABA
S000099147,GraniteShares 3x Short ORCL Daily ETF,GraniteShares ETF Trust,never_launched_or_no_filings,-3.0,daily,ORCL
S000099240,TRadr 3X Long FLY Daily ETF,Investment Managers Series Trust II,never_launched_or_no_filings,3.0,daily,FLY
S000099241,Tradr 3X Long CRM Daily ETF,Investment Managers Series Trust II,never_launched_or_no_filings,3.0,daily,CRM
S000099242,Tradr 3X Long CRWV Daily ETF,Investment Managers Series Trust II,never_launched_or_no_filings,3.0,daily,CRWV
S000099243,Tradr 3X Long CSCO Daily ETF,Investment Managers Series Trust II,never_launched_or_no_filings,3.0,daily,CSCO
S000099244,Tradr 3X Long FRMI Daily ETF,Investment Managers Series Trust II,never_launched_or_no_filings,3.0,daily,FRMI
S000099245,Tradr 3X Long GLXY Daily ETF,Investment Managers Series Trust II,never_launched_or_no_filings,3.0,daily,GLXY
S000099246,Tradr 3X Long INTC Daily ETF,Investment Managers Series Trust II,never_launched_or_no_filings,3.0,daily,INTC
S000099247,Tradr 3X Long IONQ Daily ETF,Investment Managers Series Trust II,never_launched_or_no_filings,3.0,daily,IONQ
S000099248,Tradr 3X Long IREN Daily ETF,Investment Managers Series Trust II,never_launched_or_no_filings,3.0,daily,IREN
S000099249,Tradr 3X Long JOBY Daily ETF,Investment Managers Series Trust II,never_launched_or_no_filings,3.0,daily,JOBY
S000099250,Tradr 3X Long LLY Daily ETF,Investment Managers Series Trust II,never_launched_or_no_filings,3.0,daily,LLY
S000099251,Tradr 3X Long ACHR Daily ETF,Investment Managers Series Trust II,never_launched_or_no_filings,3.0,daily,ACHR
S000099252,Tradr 3X Long MARA Daily ETF,Investment Managers Series Trust II,never_launched_or_no_filings,3.0,daily,MARA
S000099253,Tradr 3X Long MRVL Daily ETF,Investment Managers Series Trust II,never_launched_or_no_filings,3.0,daily,MRVL
S000099254,Tradr 3X Long NBIS Daily ETF,Investment Managers Series Trust II,never_launched_or_no_filings,3.0,daily,NBIS
S000099255,Tradr 3X Long NOW Daily ETF,Investment Managers Series Trust II,never_launched_or_no_filings,3.0,daily,NOW
S000099256,Tradr 3X Long OKLO Daily ETF,Investment Managers Series Trust II,never_launched_or_no_filings,3.0,daily,OKLO
S000099257,Tradr 3X Long OPEN Daily ETF,Investment Managers Series Trust II,never_launched_or_no_filings,3.0,daily,OPEN
S000099258,Tradr 3X Long ORCL Daily ETF,Investment Managers Series Trust II,never_launched_or_no_filings,3.0,daily,ORCL
S000099259,Tradr 3X Long PANW Daily ETF,Investment Managers Series Trust II,never_launched_or_no_filings,3.0,daily,PANW
S000099260,Tradr 3X Long QBTS Daily ETF,Investment Managers Series Trust II,never_launched_or_no_filings,3.0,daily,QBTS
S000099261,Tradr 3X Long QCOM Daily ETF,Investment Managers Series Trust II,never_launched_or_no_filings,3.0,daily,QCOM
S000099262,Tradr 3X Long ALAB Daily ETF,Investment Managers Series Trust II,never_launched_or_no_filings,3.0,daily,ALAB
S000099263,Tradr 3X Long RDDT Daily ETF,Investment Managers Series Trust II,never_launched_or_no_filings,3.0,daily,RDDT
S000099264,Tradr 3X Long RGTI Daily ETF,Investment Managers Series Trust II,never_launched_or_no_filings,3.0,daily,RGTI
S000099265,Tradr 3X Long RIOT Daily ETF,Investment Managers Series Trust II,never_launched_or_no_filings,3.0,daily,RIOT
S000099266,Tradr 3X Long RKLB Daily ETF,Investment Managers Series Trust II,never_launched_or_no_filings,3.0,daily,RKLB
S000099267,Tradr 3X Long SMR Daily ETF,Investment Managers Series Trust II,never_launched_or_no_filings,3.0,daily,SMR
S000099268,Tradr 3X Long SNOW Daily ETF,Investment Managers Series Trust II,never_launched_or_no_filings,3.0,daily,SNOW
S000099269,Tradr 3X Long SOFI Daily ETF,Investment Managers Series Trust II,never_launched_or_no_filings,3.0,daily,SOFI
S000099270,Tradr 3X Long SOUN Daily ETF,Investment Managers Series Trust II,never_launched_or_no_filings,3.0,daily,SOUN
S000099271,Tradr 3X Long TEM Daily ETF,Investment Managers Series Trust II,never_launched_or_no_filings,3.0,daily,TEM
S000099272,Tradr 3X Long TXN Daily ETF,Investment Managers Series Trust II,never_launched_or_no_filings,3.0,daily,TXN
S000099273,Tradr 3X Long APLD Daily ETF,Investment Managers Series Trust II,never_launched_or_no_filings,3.0,daily,APLD
S000099274,Tradr 3X Long UBER Daily ETF,Investment Managers Series Trust II,never_launched_or_no_filings,3.0,daily,UBER
S000099275,Tradr 3X Long UPST Daily ETF,Investment Managers Series Trust II,never_launched_or_no_filings,3.0,daily,UPST
S000099276,Tradr 3X Short NVDA Daily ETF,Investment Managers Series Trust II,never_launched_or_no_filings,-3.0,daily,NVDA
S000099277,Tradr 3X Short TSLA Daily ETF,Investment Managers Series Trust II,never_launched_or_no_filings,-3.0,daily,TSLA
S000099278,Tradr 3X Long APP Daily ETF,Investment Managers Series Trust II,never_launched_or_no_filings,3.0,daily,APP
S000099279,Tradr 3X Long ASTS Daily ETF,Investment Managers Series Trust II,never_launched_or_no_filings,3.0,daily,ASTS
S000099280,Tradr 3X Long BE Daily ETF,Investment Managers Series Trust II,never_launched_or_no_filings,3.0,daily,BE
S000099281,Tradr 3X Long BLSH Daily ETF,Investment Managers Series Trust II,never_launched_or_no_filings,3.0,daily,BLSH
S000099282,Tradr 3X Long BRKB Daily ETF,Investment Managers Series Trust II,never_launched_or_no_filings,3.0,daily,BRKB
S000099442,Defiance Daily Target 2X Long CLS ETF,Tidal Trust II,never_launched_or_no_filings,2.0,daily,CLS
S000099443,Defiance Daily Target 2X Long HPQ ETF,Tidal Trust II,never_launched_or_no_filings,2.0,daily,HPQ
S000099444,Defiance Daily Target 2X Long JMIA ETF,Tidal Trust II,never_launched_or_no_filings,2.0,daily,JMIA
S000099447,Defiance Daily Target 2X Long PGY ETF,Tidal Trust II,never_launched_or_no_filings,2.0,daily,PGY
S000099513,GraniteShares 3x Long AMD Daily ETF,GraniteShares ETF Trust,never_launched_or_no_filings,3.0,daily,AMD
S000099514,GraniteShares 3x Long MRVL Daily ETF,GraniteShares ETF Trust,never_launched_or_no_filings,3.0,daily,MRVL
S000099515,GraniteShares 3x Long MSTR Daily ETF,GraniteShares ETF Trust,never_launched_or_no_filings,3.0,daily,MSTR
S000099516,GraniteShares 3x Long NBIS Daily ETF,GraniteShares ETF Trust,never_launched_or_no_filings,3.0,daily,NBIS
S000099517,GraniteShares 3x Long PLTR Daily ETF,GraniteShares ETF Trust,never_launched_or_no_filings,3.0,daily,PLTR
S000099518,GraniteShares 3x Long RGTI Daily ETF,GraniteShares ETF Trust,never_launched_or_no_filings,3.0,daily,RGTI
S000099519,GraniteShares 3x Long RKLB Daily ETF,GraniteShares ETF Trust,never_launched_or_no_filings,3.0,daily,RKLB
S000099520,GraniteShares 3x Long SMCI Daily ETF,GraniteShares ETF Trust,never_launched_or_no_filings,3.0,daily,SMCI
S000099521,GraniteShares 3x Long SMR Daily ETF,GraniteShares ETF Trust,never_launched_or_no_filings,3.0,daily,SMR
S000099522,GraniteShares 3x Long UBER Daily ETF,GraniteShares ETF Trust,never_launched_or_no_filings,3.0,daily,UBER
S000099523,GraniteShares 3x Short AMD Daily ETF,GraniteShares ETF Trust,never_launched_or_no_filings,-3.0,daily,AMD
S000099524,GraniteShares 3x Long COIN Daily ETF,GraniteShares ETF Trust,never_launched_or_no_filings,3.0,daily,COIN
S000099525,GraniteShares 3x Short COIN Daily ETF,GraniteShares ETF Trust,never_launched_or_no_filings,-3.0,daily,COIN
S000099526,GraniteShares 3x Short CRCL Daily ETF,GraniteShares ETF Trust,never_launched_or_no_filings,-3.0,daily,CRCL
S000099527,GraniteShares 3x Short CRWD Daily ETF,GraniteShares ETF Trust,never_launched_or_no_filings,-3.0,daily,CRWD
S000099528,GraniteShares 3x Short CRWV Daily ETF,GraniteShares ETF Trust,never_launched_or_no_filings,-3.0,daily,CRWV
S000099529,GraniteShares 3x Short HOOD Daily ETF,GraniteShares ETF Trust,never_launched_or_no_filings,-3.0,daily,HOOD
S000099530,GraniteShares 3x Short INTC Daily ETF,GraniteShares ETF Trust,never_launched_or_no_filings,-3.0,daily,INTC
S000099531,GraniteShares 3x Short IONQ Daily ETF,GraniteShares ETF Trust,never_launched_or_no_filings,-3.0,daily,IONQ
S000099532,GraniteShares 3x Short MARA Daily ETF,GraniteShares ETF Trust,never_launched_or_no_filings,-3.0,daily,MARA
S000099533,GraniteShares 3x Short MRVL Daily ETF,GraniteShares ETF Trust,never_launched_or_no_filings,-3.0,daily,MRVL
S000099534,GraniteShares 3x Short MSTR Daily ETF,GraniteShares ETF Trust,never_launched_or_no_filings,-3.0,daily,MSTR
S000099535,GraniteShares 3x Long CRCL Daily ETF,GraniteShares ETF Trust,never_launched_or_no_filings,3.0,daily,CRCL
S000099536,GraniteShares 3x Short NBIS Daily ETF,GraniteShares ETF Trust,never_launched_or_no_filings,-3.0,daily,NBIS
S000099537,GraniteShares 3x Short PLTR Daily ETF,GraniteShares ETF Trust,never_launched_or_no_filings,-3.0,daily,PLTR
S000099538,GraniteShares 3x Short RGTI Daily ETF,GraniteShares ETF Trust,never_launched_or_no_filings,-3.0,daily,RGTI
S000099539,GraniteShares 3x Short RKLB Daily ETF,GraniteShares ETF Trust,never_launched_or_no_filings,-3.0,daily,RKLB
S000099540,GraniteShares 3x Short SMCI Daily ETF,GraniteShares ETF Trust,never_launched_or_no_filings,-3.0,daily,SMCI
S000099541,GraniteShares 3x Short SMR Daily ETF,GraniteShares ETF Trust,never_launched_or_no_filings,-3.0,daily,SMR
S000099542,GraniteShares 3x Short UBER Daily ETF,GraniteShares ETF Trust,never_launched_or_no_filings,-3.0,daily,UBER
S000099543,GraniteShares 3x Long CRWD Daily ETF,GraniteShares ETF Trust,never_launched_or_no_filings,3.0,daily,CRWD
S000099544,GraniteShares 3x Long CRWV Daily ETF,GraniteShares ETF Trust,never_launched_or_no_filings,3.0,daily,CRWV
S000099545,GraniteShares 3x Long HOOD Daily ETF,GraniteShares ETF Trust,never_launched_or_no_filings,3.0,daily,HOOD
S000099546,GraniteShares 3x Long INTC Daily ETF,GraniteShares ETF Trust,never_launched_or_no_filings,3.0,daily,INTC
S000099547,GraniteShares 3x Long IONQ Daily ETF,GraniteShares ETF Trust,never_launched_or_no_filings,3.0,daily,IONQ
S000099548,GraniteShares 3x Long MARA Daily ETF,GraniteShares ETF Trust,never_launched_or_no_filings,3.0,daily,MARA
S000099654,Tradr 3X Long AMD Daily ETF,Investment Managers Series Trust II,never_launched_or_no_filings,3.0,daily,AMD
S000099655,Tradr 3X Long MSTR Daily ETF,Investment Managers Series Trust II,never_launched_or_no_filings,3.0,daily,MSTR
S000099656,Tradr 3X Long NVDA Daily ETF,Investment Managers Series Trust II,never_launched_or_no_filings,3.0,daily,NVDA
S000099657,Tradr 3X Long PLTR Daily ETF,Investment Managers Series Trust II,never_launched_or_no_filings,3.0,daily,PLTR
S000099658,Tradr 3X Long TSLA Daily ETF,Investment Managers Series Trust II,never_launched_or_no_filings,3.0,daily,TSLA
S000099659,Tradr 3X Long TSM Daily ETF,Investment Managers Series Trust II,never_launched_or_no_filings,3.0,daily,TSM
S000099660,Tradr 3X Short IONQ Daily ETF,Investment Managers Series Trust II,never_launched_or_no_filings,-3.0,daily,IONQ
S000099661,Tradr 3X Short QBTS Daily ETF,Investment Managers Series Trust II,never_launched_or_no_filings,-3.0,daily,QBTS
S000099662,Tradr 3X Short RGTI Daily ETF,Investment Managers Series Trust II,never_launched_or_no_filings,-3.0,daily,RGTI
S000099663,Tradr 3X Long ARKK Daily ETF,Investment Managers Series Trust II,never_launched_or_no_filings,3.0,daily,ARKK
S000099664,Tradr 3X Long BMNR Daily ETF,Investment Managers Series Trust II,never_launched_or_no_filings,3.0,daily,BMNR
S000099665,Tradr 3X Long COIN Daily ETF,Investment Managers Series Trust II,never_launched_or_no_filings,3.0,daily,COIN
S000099666,Tradr 3X Long ETH Daily ETF,Investment Managers Series Trust II,never_launched_or_no_filings,3.0,daily,ETH
S000099667,Tradr 3X Long FIG Daily ETF,Investment Managers Series Trust II,never_launched_or_no_filings,3.0,daily,FIG
S000099668,Tradr 3X Long HIMS Daily ETF,Investment Managers Series Trust II,never_launched_or_no_filings,3.0,daily,HIMS
S000099669,Tradr 3X Long HOOD Daily ETF,Investment Managers Series Trust II,never_launched_or_no_filings,3.0,daily,HOOD
S000099670,Tradr 3X Long IBIT Daily ETF,Investment Managers Series Trust II,never_launched_or_no_filings,3.0,daily,IBIT
S000099691,Direxion Daily AMD Bull 3X ETF,Direxion Shares ETF Trust,never_launched_or_no_filings,3.0,daily,AMD
S000099692,Direxion Daily UNH Bull 3X ETF,Direxion Shares ETF Trust,never_launched_or_no_filings,3.0,daily,UNH
S000099693,Direxion Daily AVGO Bull 3X ETF,Direxion Shares ETF Trust,never_launched_or_no_filings,3.0,daily,AVGO
S000099694,Direxion Daily BABA Bull 3X ETF,Direxion Shares ETF Trust,never_launched_or_no_filings,3.0,daily,BABA
S000099695,Direxion Daily BRKB Bull 3X ETF,Direxion Shares ETF Trust,never_launched_or_no_filings,3.0,daily,BRKB
S000099696,Direxion Daily COIN Bull 3X ETF,Direxion Shares ETF Trust,never_launched_or_no_filings,3.0,daily,COIN
S000099697,Direxion Daily HOOD Bull 3X ETF,Direxion Shares ETF Trust,never_launched_or_no_filings,3.0,daily,HOOD
S000099698,Direxion Daily INTC Bull 3X ETF,Direxion Shares ETF Trust,never_launched_or_no_filings,3.0,daily,INTC
S000099699,Direxion Daily MSFT Bull 3X ETF,Direxion Shares ETF Trust,never_launched_or_no_filings,3.0,daily,MSFT
S000099700,Direxion Daily ORCL Bull 3X ETF,Direxion Shares ETF Trust,never_launched_or_no_filings,3.0,daily,ORCL
S000099711,Direxion Daily Energy Bull 3X ETF,Direxion Shares ETF Trust,never_launched_or_no_filings,3.0,daily,Energy
S000099715,Direxion Daily MAG7+ Bull 3X ETF,Direxion Shares ETF Trust,never_launched_or_no_filings,3.0,daily,MAG7+
S000099717,Direxion Daily Qs Bull 3X ETF,Direxion Shares ETF Trust,never_launched_or_no_filings,3.0,daily,Qs
S000099718,Direxion Daily QQQE Bull 3X ETF,Direxion Shares ETF Trust,never_launched_or_no_filings,3.0,daily,QQQE
S000099856,3x AMD ETF,Volatility Shares Trust,never_launched_or_no_filings,3.0,unknown,AMD
S000099857,3x AMZN ETF,Volatility Shares Trust,never_launched_or_no_filings,3.0,unknown,AMZN
S000099858,3x COIN ETF,Volatility Shares Trust,never_launched_or_no_filings,3.0,unknown,COIN
S000099859,3x CRCL ETF,Volatility Shares Trust,never_launched_or_no_filings,3.0,unknown,CRCL
S000099860,3x GOOGL ETF,Volatility Shares Trust,never_launched_or_no_filings,3.0,unknown,GOOGL
S000099861,3x MSTR ETF,Volatility Shares Trust,never_launched_or_no_filings,3.0,unknown,MSTR
S000099862,3x NVDA ETF,Volatility Shares Trust,never_launched_or_no_filings,3.0,unknown,NVDA
S000099863,3x PLTR ETF,Volatility Shares Trust,never_launched_or_no_filings,3.0,unknown,PLTR
S000099864,3x TSLA ETF,Volatility Shares Trust,never_launched_or_no_filings,3.0,unknown,TSLA
S000099872,5x AMD ETF,Volatility Shares Trust,never_launched_or_no_filings,5.0,unknown,AMD
S000099873,5x AMZN ETF,Volatility Shares Trust,never_launched_or_no_filings,5.0,unknown,AMZN
S000099874,5x COIN ETF,Volatility Shares Trust,never_launched_or_no_filings,5.0,unknown,COIN
S000099875,5x CRCL ETF,Volatility Shares Trust,never_launched_or_no_filings,5.0,unknown,CRCL
S000099876,5x GOOGL ETF,Volatility Shares Trust,never_launched_or_no_filings,5.0,unknown,GOOGL
S000099877,5x MSTR ETF,Volatility Shares Trust,never_launched_or_no_filings,5.0,unknown,MSTR
S000099878,5x NVDA ETF,Volatility Shares Trust,never_launched_or_no_filings,5.0,unknown,NVDA
S000099879,5x PLTR ETF,Volatility Shares Trust,never_launched_or_no_filings,5.0,unknown,PLTR
S000099880,5x TSLA ETF,Volatility Shares Trust,never_launched_or_no_filings,5.0,unknown,TSLA
S000099903,ProShares Daily Target 3x AI Innovation and Technology,PROSHARES TRUST,never_launched_or_no_filings,3.0,daily,AI Innovation Technology
S000099904,ProShares Daily Target 3x NYSE FANG+,PROSHARES TRUST,never_launched_or_no_filings,3.0,daily,NYSE FANG+
S000099906,ProShares Daily Target 3x QQQ Equal Weight,PROSHARES TRUST,never_launched_or_no_filings,3.0,daily,QQQ Equal Weight
S000099907,ProShares Daily Target 3x Semiconductors,PROSHARES TRUST,never_launched_or_no_filings,3.0,daily,Semiconductors
S000099912,ProShares Daily Target 3x Brazil,PROSHARES TRUST,never_launched_or_no_filings,3.0,daily,Brazil
S000099913,ProShares Daily Target 3x CSI 300 China A-Shares,PROSHARES TRUST,never_launched_or_no_filings,3.0,daily,CSI 300 China A-Shares
S000099914,ProShares Daily Target 3x CSI China Internet,PROSHARES TRUST,never_launched_or_no_filings,3.0,daily,CSI China Internet
S000099915,ProShares Daily Target 3x Energy,PROSHARES TRUST,never_launched_or_no_filings,3.0,daily,Energy
S000099916,ProShares Daily Target 3x India,PROSHARES TRUST,never_launched_or_no_filings,3.0,daily,India
S000099917,ProShares Daily Target 3x Machine Learning and Quantum Computing,PROSHARES TRUST,never_launched_or_no_filings,3.0,daily,Machine Learning Quantum Computing
S000099918,ProShares Daily Target 3x Mag7,PROSHARES TRUST,never_launched_or_no_filings,3.0,daily,Mag7
S000099919,ProShares Daily Target 3x Mega QQQ,PROSHARES TRUST,never_launched_or_no_filings,3.0,daily,Mega QQQ
S000099959,5x IWM ETF,Volatility Shares Trust,never_launched_or_no_filings,5.0,unknown,IWM
S000099961,5x QQQ ETF,Volatility Shares Trust,never_launched_or_no_filings,5.0,unknown,QQQ
S000099963,5x SPY ETF,Volatility Shares Trust,never_launched_or_no_filings,5.0,unknown,SPY
S000100044,T-REX 2X INVERSE BMNR DAILY TARGET ETF,ETF Opportunities Trust,never_launched_or_no_filings,-2.0,daily,BMNR
S000100045,T-REX 2X LONG PGY DAILY TARGET ETF,ETF Opportunities Trust,never_launched_or_no_filings,2.0,daily,PGY
S000100046,T-REX 2X LONG PL DAILY TARGET ETF,ETF Opportunities Trust,never_launched_or_no_filings,2.0,daily,PL
S000100047,T-REX 2X LONG TBH DAILY TARGET ETF,ETF Opportunities Trust,never_launched_or_no_filings,2.0,daily,TBH
S000100048,T-REX 2X LONG TMQ DAILY TARGET ETF,ETF Opportunities Trust,never_launched_or_no_filings,2.0,daily,TMQ
S000100049,T-REX 2X LONG UEC DAILY TARGET ETF,ETF Opportunities Trust,never_launched_or_no_filings,2.0,daily,UEC
S000100050,T-REX 2X LONG USAR DAILY TARGET ETF,ETF Opportunities Trust,never_launched_or_no_filings,2.0,daily,USAR
S000100051,T-REX 2X LONG UUU DAILY TARGET ETF,ETF Opportunities Trust,never_launched_or_no_filings,2.0,daily,UUU
S000100052,T-REX 2X LONG ZIM DAILY TARGET ETF,ETF Opportunities Trust,never_launched_or_no_filings,2.0,daily,ZIM
S000100053,T-REX 2X LONG AQMS DAILY TARGET ETF,ETF Opportunities Trust,never_launched_or_no_filings,2.0,daily,AQMS
S000100054,T-REX 2X LONG AREC DAILY TARGET ETF,ETF Opportunities Trust,never_launched_or_no_filings,2.0,daily,AREC
S000100055,T-REX 2X LONG BLBX DAILY TARGET ETF,ETF Opportunities Trust,never_launched_or_no_filings,2.0,daily,BLBX
S000100056,T-REX 2X LONG FTEL DAILY TARGET ETF,ETF Opportunities Trust,never_launched_or_no_filings,2.0,daily,FTEL
S000100057,T-REX 2X LONG IDR DAILY TARGET ETF,ETF Opportunities Trust,never_launched_or_no_filings,2.0,daily,IDR
S000100058,T-REX 2X LONG ONDS DAILY TARGET ETF,ETF Opportunities Trust,never_launched_or_no_filings,2.0,daily,ONDS
S000100059,T-REX 2X LONG PC DAILY TARGET ETF,ETF Opportunities Trust,never_launched_or_no_filings,2.0,daily,PC
S000100060,T-REX 2X LONG PCH DAILY TARGET ETF,ETF Opportunities Trust,never_launched_or_no_filings,2.0,daily,PCH
S000100116,3x GDX ETF,Volatility Shares Trust,never_launched_or_no_filings,3.0,unknown,GDX
S000100117,3x MAGS ETF,Volatility Shares Trust,never_launched_or_no_filings,3.0,unknown,MAGS
S000100118,3x GLD ETF,Volatility Shares Trust,never_launched_or_no_filings,3.0,unknown,GLD
S000100119,3x SLV ETF,Volatility Shares Trust,never_launched_or_no_filings,3.0,unknown,SLV
S000100120,5x GDX ETF,Volatility Shares Trust,never_launched_or_no_filings,5.0,unknown,GDX
S000100121,5x GLD ETF,Volatility Shares Trust,never_launched_or_no_filings,5.0,unknown,GLD
S000100122,5x MAGS ETF,Volatility Shares Trust,never_launched_or_no_filings,5.0,unknown,MAGS
S000100123,5x SLV ETF,Volatility Shares Trust,never_launched_or_no_filings,5.0,unknown,SLV
S000100124,5x SOXQ ETF,Volatility Shares Trust,never_launched_or_no_filings,5.0,unknown,SOXQ
S000100260,Defiance Daily Target 2X Long WLTH ETF,Tidal Trust II,never_launched_or_no_filings,2.0,daily,WLTH
S000100299,Defiance Daily Target 3X Long META ETF,ETF Series Solutions,never_launched_or_no_filings,3.0,daily,META
S000100300,Defiance Daily Target 3X Long ASTS ETF,ETF Series Solutions,never_launched_or_no_filings,3.0,daily,ASTS
S000100301,Defiance Daily Target 3X Long ORCL ETF,ETF Series Solutions,never_launched_or_no_filings,3.0,daily,ORCL
S000100302,Defiance Daily Target 3X Long UNH ETF,ETF Series Solutions,never_launched_or_no_filings,3.0,daily,UNH
S000100303,Defiance Daily Target 3X Long INTC ETF,ETF Series Solutions,never_launched_or_no_filings,3.0,daily,INTC
S000100304,Defiance Daily Target 3X Long MARA ETF,ETF Series Solutions,never_launched_or_no_filings,3.0,daily,MARA
S000100305,Defiance Daily Target 3X Long OKLO ETF,ETF Series Solutions,never_launched_or_no_filings,3.0,daily,OKLO
S000100306,Defiance Daily Target 3X Long QUBT ETF,ETF Series Solutions,never_launched_or_no_filings,3.0,daily,QUBT
S000100307,Defiance Daily Target 3X Long JOBY ETF,ETF Series Solutions,never_launched_or_no_filings,3.0,daily,JOBY
S000100308,Defiance Daily Target 3X Long OPEN ETF,ETF Series Solutions,never_launched_or_no_filings,3.0,daily,OPEN
S000100309,Defiance Daily Target 3X Long APLD ETF,ETF Series Solutions,never_launched_or_no_filings,3.0,daily,APLD
S000100310,Defiance Daily Target 3X Long IONQ ETF,ETF Series Solutions,never_launched_or_no_filings,3.0,daily,IONQ
S000100311,Defiance Daily Target 3X Long QBTS ETF,ETF Series Solutions,never_launched_or_no_filings,3.0,daily,QBTS
S000100312,Defiance Daily Target 3X Long RGTI ETF,ETF Series Solutions,never_launched_or_no_filings,3.0,daily,RGTI
S000100313,Defiance Daily Target 3X Long RKLB ETF,ETF Series Solutions,never_launched_or_no_filings,3.0,daily,RKLB
S000100314,Defiance Daily Target 3X Long TEM ETF,ETF Series Solutions,never_launched_or_no_filings,3.0,daily,TEM
S000100315,Defiance Daily Target 3X Long SOFI ETF,ETF Series Solutions,never_launched_or_no_filings,3.0,daily,SOFI
S000100316,Defiance Daily Target 3X Long GEMI ETF,ETF Series Solutions,never_launched_or_no_filings,3.0,daily,GEMI
S000100317,Defiance Daily Target 3X Long NBIS ETF,ETF Series Solutions,never_launched_or_no_filings,3.0,daily,NBIS
S000100323,T-REX 2X LONG ABAT DAILY TARGET ETF,ETF Opportunities Trust,never_launched_or_no_filings,2.0,daily,ABAT
S000100324,T-REX 2X LONG LAES DAILY TARGET ETF,ETF Opportunities Trust,never_launched_or_no_filings,2.0,daily,LAES
S000100326,T-REX 2X LONG NAVN DAILY TARGET ETF,ETF Opportunities Trust,never_launched_or_no_filings,2.0,daily,NAVN
S000100327,T-REX 2X LONG QSI DAILY TARGET ETF,ETF Opportunities Trust,never_launched_or_no_filings,2.0,daily,QSI
S000100328,T-REX 2X LONG ALB DAILY TARGET ETF,ETF Opportunities Trust,never_launched_or_no_filings,2.0,daily,ALB
S000100329,T-REX 2X LONG BITF DAILY TARGET ETF,ETF Opportunities Trust,never_launched_or_no_filings,2.0,daily,BITF
S000100330,T-REX 2X LONG BTG DAILY TARGET ETF,ETF Opportunities Trust,never_launched_or_no_filings,2.0,daily,BTG
S000100331,T-REX 2X LONG CRML DAILY TARGET ETF,ETF Opportunities Trust,never_launched_or_no_filings,2.0,daily,CRML
S000100332,T-REX 2X LONG DVLT DAILY TARGET ETF,ETF Opportunities Trust,never_launched_or_no_filings,2.0,daily,DVLT
S000100333,T-REX 2X LONG ENVX DAILY TARGET ETF,ETF Opportunities Trust,never_launched_or_no_filings,2.0,daily,ENVX
S000100334,T-REX 2X LONG GSIT DAILY TARGET ETF,ETF Opportunities Trust,never_launched_or_no_filings,2.0,daily,GSIT
S000100335,T-REX 2X LONG LAC DAILY TARGET ETF,ETF Opportunities Trust,never_launched_or_no_filings,2.0,daily,LAC
S000100369,3x AAPL ETF,Volatility Shares Trust,never_launched_or_no_filings,3.0,unknown,AAPL
S000100370,5x AAPL ETF,Volatility Shares Trust,never_launched_or_no_filings,5.0,unknown,AAPL
S000100371,3x AVGO ETF,Volatility Shares Trust,never_launched_or_no_filings,3.0,unknown,AVGO
S000100372,5x AVGO ETF,Volatility Shares Trust,never_launched_or_no_filings,5.0,unknown,AVGO
S000100373,3x BABA ETF,Volatility Shares Trust,never_launched_or_no_filings,3.0,unknown,BABA
S000100374,5x BABA ETF,Volatility Shares Trust,never_launched_or_no_filings,5.0,unknown,BABA
S000100375,3x BMNR ETF,Volatility Shares Trust,never_launched_or_no_filings,3.0,unknown,BMNR
S000100376,5x BMNR ETF,Volatility Shares Trust,never_launched_or_no_filings,5.0,unknown,BMNR
S000100377,3x CRWV ETF,Volatility Shares Trust,never_launched_or_no_filings,3.0,unknown,CRWV
S000100378,5x CRWV ETF,Volatility Shares Trust,never_launched_or_no_filings,5.0,unknown,CRWV
S000100379,3x HIMS ETF,Volatility Shares Trust,never_launched_or_no_filings,3.0,unknown,HIMS
S000100380,5x HIMS ETF,Volatility Shares Trust,never_launched_or_no_filings,5.0,unknown,HIMS
S000100381,3x HOOD ETF,Volatility Shares Trust,never_launched_or_no_filings,3.0,unknown,HOOD
S000100382,5x HOOD ETF,Volatility Shares Trust,never_launched_or_no_filings,5.0,unknown,HOOD
S000100383,3x INTC ETF,Volatility Shares Trust,never_launched_or_no_filings,3.0,unknown,INTC
S000100384,5x INTC ETF,Volatility Shares Trust,never_launched_or_no_filings,5.0,unknown,INTC
S000100385,3x META ETF,Volatility Shares Trust,never_launched_or_no_filings,3.0,unknown,META
S000100386,5x META ETF,Volatility Shares Trust,never_launched_or_no_filings,5.0,unknown,META
S000100387,3x MSFT ETF,Volatility Shares Trust,never_launched_or_no_filings,3.0,unknown,MSFT
S000100388,5x MSFT ETF,Volatility Shares Trust,never_launched_or_no_filings,5.0,unknown,MSFT
S000100389,3x NFLX ETF,Volatility Shares Trust,never_launched_or_no_filings,3.0,unknown,NFLX
S000100390,5x NFLX ETF,Volatility Shares Trust,never_launched_or_no_filings,5.0,unknown,NFLX
S000100393,3x ORCL ETF,Volatility Shares Trust,never_launched_or_no_filings,3.0,unknown,ORCL
S000100396,5x ORCL ETF,Volatility Shares Trust,never_launched_or_no_filings,5.0,unknown,ORCL
S000100397,3x SMCI ETF,Volatility Shares Trust,never_launched_or_no_filings,3.0,unknown,SMCI
S000100398,5x SMCI ETF,Volatility Shares Trust,never_launched_or_no_filings,5.0,unknown,SMCI
S000100399,3x TSM ETF,Volatility Shares Trust,never_launched_or_no_filings,3.0,unknown,TSM
S000100400,5x TSM ETF,Volatility Shares Trust,never_launched_or_no_filings,5.0,unknown,TSM
S000100401,3x UNH ETF,Volatility Shares Trust,never_launched_or_no_filings,3.0,unknown,UNH
S000100402,5x UNH ETF,Volatility Shares Trust,never_launched_or_no_filings,5.0,unknown,UNH
S000100403,Tradr 2X Long IMSR Daily ETF,Investment Managers Series Trust II,never_launched_or_no_filings,2.0,daily,IMSR
S000100404,Tradr 2X Long NKLR Daily ETF,Investment Managers Series Trust II,never_launched_or_no_filings,2.0,daily,NKLR
S000100405,Tradr 2X Long NUCL Daily ETF,Investment Managers Series Trust II,never_launched_or_no_filings,2.0,daily,NUCL
S000100407,Tradr 2X Long USDE Daily ETF,Investment Managers Series Trust II,never_launched_or_no_filings,2.0,daily,USDE
S000100535,Leverage Shares 2X Long DFDV Daily ETF,Themes ETF Trust,never_launched_or_no_filings,2.0,daily,DFDV
S000100539,Leverage Shares 2X Long GAP Daily ETF,Themes ETF Trust,never_launched_or_no_filings,2.0,daily,GAP
S000100540,Leverage Shares 2X Long GILD Daily ETF,Themes ETF Trust,never_launched_or_no_filings,2.0,daily,GILD
S000100542,Leverage Shares 2X Long HIVE Daily ETF,Themes ETF Trust,never_launched_or_no_filings,2.0,daily,HIVE
S000100545,Leverage Shares 2X Long LAES Daily ETF,Themes ETF Trust,never_launched_or_no_filings,2.0,daily,LAES
S000100546,Leverage Shares 2X Long LI Daily ETF,Themes ETF Trust,never_launched_or_no_filings,2.0,daily,LI
S000100547,Leverage Shares 2X Long NMAX Daily ETF,Themes ETF Trust,never_launched_or_no_filings,2.0,daily,NMAX
S000100551,Leverage Shares 2X Long POET Daily ETF,Themes ETF Trust,never_launched_or_no_filings,2.0,daily,POET
S000100552,Leverage Shares 2X Long RCAT Daily ETF,Themes ETF Trust,never_launched_or_no_filings,2.0,daily,RCAT
S000100553,Leverage Shares 2X Long RR Daily ETF,Themes ETF Trust,never_launched_or_no_filings,2.0,daily,RR
S000100554,Leverage Shares 2X Long SKYT Daily ETF,Themes ETF Trust,never_launched_or_no_filings,2.0,daily,SKYT
S000100555,Leverage Shares 2X Long BITF Daily ETF,Themes ETF Trust,never_launched_or_no_filings,2.0,daily,BITF
S000100556,Leverage Shares 2X Long SLB Daily ETF,Themes ETF Trust,never_launched_or_no_filings,2.0,daily,SLB
S000100557,Leverage Shares 2X Long SUIG Daily ETF,Themes ETF Trust,never_launched_or_no_filings,2.0,daily,SUIG
S000100558,Leverage Shares 2X Long UAMY Daily ETF,Themes ETF Trust,never_launched_or_no_filings,2.0,daily,UAMY
S000100560,Leverage Shares 2X Long UPXI Daily ETF,Themes ETF Trust,never_launched_or_no_filings,2.0,daily,UPXI
S000100563,Leverage Shares 2X Long WULF Daily ETF,Themes ETF Trust,never_launched_or_no_filings,2.0,daily,WULF
S000100565,Leverage Shares 2X Long ZS Daily ETF,Themes ETF Trust,never_launched_or_no_filings,2.0,daily,ZS
S000100566,Leverage Shares 2X Long BTBT Daily ETF,Themes ETF Trust,never_launched_or_no_filings,2.0,daily,BTBT
S000100567,Leverage Shares 2X Short OKLO Daily ETF,Themes ETF Trust,never_launched_or_no_filings,-2.0,daily,OKLO
S000100568,Leverage Shares 2X Long BTCS Daily ETF,Themes ETF Trust,never_launched_or_no_filings,2.0,daily,BTCS
S000100569,Leverage Shares 2X Long BTDR Daily ETF,Themes ETF Trust,never_launched_or_no_filings,2.0,daily,BTDR
S000100570,Leverage Shares 2X Long BYND Daily ETF,Themes ETF Trust,never_launched_or_no_filings,2.0,daily,BYND
S000100571,Leverage Shares 2X Long CAVA Daily ETF,Themes ETF Trust,never_launched_or_no_filings,2.0,daily,CAVA
S000100572,Leverage Shares 2X Long CORZ Daily ETF,Themes ETF Trust,never_launched_or_no_filings,2.0,daily,CORZ
S000100573,Tradr 2X Long ARQQ Daily ETF,Investment Managers Series Trust II,never_launched_or_no_filings,2.0,daily,ARQQ
S000100577,Tradr 2X Long LAC Daily ETF,Investment Managers Series Trust II,never_launched_or_no_filings,2.0,daily,LAC
S000100578,Tradr 2X Long NTSK Daily ETF,Investment Managers Series Trust II,never_launched_or_no_filings,2.0,daily,NTSK
S000100581,Tradr 2X Long QURE Daily ETF,Investment Managers Series Trust II,never_launched_or_no_filings,2.0,daily,QURE
S000100582,Tradr 2X Long RZLV Daily ETF,Investment Managers Series Trust II,never_launched_or_no_filings,2.0,daily,RZLV
S000100583,Tradr 2X Long SHLS Daily ETF,Investment Managers Series Trust II,never_launched_or_no_filings,2.0,daily,SHLS
S000100584,Tradr 2X Long BETR Daily ETF,Investment Managers Series Trust II,never_launched_or_no_filings,2.0,daily,BETR
S000100588,Tradr 2X Long BKKT Daily ETF,Investment Managers Series Trust II,never_launched_or_no_filings,2.0,daily,BKKT
S000100593,Tradr 2X Long FRMI Daily ETF,Investment Managers Series Trust II,never_launched_or_no_filings,2.0,daily,FRMI
S000100594,Tradr 2X Long INOD Daily ETF,Investment Managers Series Trust II,never_launched_or_no_filings,2.0,daily,INOD
S000100673,GraniteShares 3x Long AI Daily ETF,GraniteShares ETF Trust,never_launched_or_no_filings,3.0,daily,AI
S000100675,GraniteShares 3x Long AI Semiconductor Daily ETF,GraniteShares ETF Trust,never_launched_or_no_filings,3.0,daily,AI Semiconductor
S000100676,GraniteShares 3x Long AI and Robotics Daily ETF,GraniteShares ETF Trust,never_launched_or_no_filings,3.0,daily,AI Robotics
S000100677,GraniteShares 3x Long Cloud Computing Daily ETF,GraniteShares ETF Trust,never_launched_or_no_filings,3.0,daily,Cloud Computing
S000100679,GraniteShares 3x Long Cybersecurity Daily ETF,GraniteShares ETF Trust,never_launched_or_no_filings,3.0,daily,Cybersecurity
S000100680,GraniteShares 3x Long Data Centers and Digital Infrastructure Daily ETF,GraniteShares ETF Trust,never_launched_or_no_filings,3.0,daily,Data Centers Digital Infrastructure
S000100682,GraniteShares 3x Long Quantum Computing Daily ETF,GraniteShares ETF Trust,never_launched_or_no_filings,3.0,daily,Quantum Computing
S000101010,T-REX 2X LONG INFQ DAILY TARGET ETF,ETF Opportunities Trust,never_launched_or_no_filings,2.0,daily,INFQ
S000101018,Data Center Power & Cooling 2x Daily ETF,Corgi ETF Trust II,never_launched_or_no_filings,2.0,daily,Data Center Power Cooling
S000101020,AI Data Center REIT & Infrastructure 2x Daily ETF,Corgi ETF Trust II,never_launched_or_no_filings,2.0,daily,AI Data Center REIT Infrastructure
S000101022,AGI Readiness 2x Daily ETF,Corgi ETF Trust II,never_launched_or_no_filings,2.0,daily,AGI Readiness
S000101024,Nuclear Energy & Infrastructure 2x Daily ETF,Corgi ETF Trust II,never_launched_or_no_filings,2.0,daily,Nuclear Energy Infrastructure
S000101081,Leverage Shares 2X Long GRAY Daily ETF,Themes ETF Trust,never_launched_or_no_filings,2.0,daily,GRAY
S000101093,Defiance Daily Target 2X Short RKT ETF,Tidal Trust II,never_launched_or_no_filings,-2.0,daily,RKT
S000101158,Leverage Shares 2X Long KRKN Daily ETF,Themes ETF Trust,never_launched_or_no_filings,2.0,daily,KRKN
S000101250,5x TLT ETF,Volatility Shares Trust,never_launched_or_no_filings,5.0,unknown,TLT
S000101251,5x XLF ETF,Volatility Shares Trust,never_launched_or_no_filings,5.0,unknown,XLF
S000101253,5x FAANG ETF,Volatility Shares Trust,never_launched_or_no_filings,5.0,unknown,FAANG
S000101255,Leverage Shares 3X Target Long Artificial Intelligence Daily ETF,Themes ETF Trust,never_launched_or_no_filings,3.0,daily,Artificial Intelligence
S000101256,Leverage Shares 3X Target Long China Technology Daily ETF,Themes ETF Trust,never_launched_or_no_filings,3.0,daily,China Technology
S000101257,Leverage Shares 3X Target Long Equal Weight US 500 Daily ETF,Themes ETF Trust,never_launched_or_no_filings,3.0,daily,Equal Weight US 500
S000101259,Leverage Shares 3X Target Long India Daily ETF,Themes ETF Trust,never_launched_or_no_filings,3.0,daily,India
S000101260,Leverage Shares 3X Target Long Magnificent 7 Daily ETF,Themes ETF Trust,never_launched_or_no_filings,3.0,daily,Magnificent 7
S000101261,Leverage Shares 3X Target Long Quantum Computing Daily ETF,Themes ETF Trust,never_launched_or_no_filings,3.0,daily,Quantum Computing
S000101263,Leverage Shares 3X Target Long World Markets Daily ETF,Themes ETF Trust,never_launched_or_no_filings,3.0,daily,World Markets
S000101633,T-REX 2X LONG GPCR DAILY TARGET ETF,ETF Opportunities Trust,never_launched_or_no_filings,2.0,daily,GPCR
S000101634,T-REX 2X LONG IWC DAILY TARGET ETF,ETF Opportunities Trust,never_launched_or_no_filings,2.0,daily,IWC
S000101638,T-REX 2X LONG WLTH DAILY TARGET ETF,ETF Opportunities Trust,never_launched_or_no_filings,2.0,daily,WLTH
S000101639,T-REX 2X LONG WVE DAILY TARGET ETF,ETF Opportunities Trust,never_launched_or_no_filings,2.0,daily,WVE
S000102001,VegaShares 3x Long GDX Daily Target ETF,VegaShares ETF Trust,never_launched_or_no_filings,3.0,daily,VegaShares GDX
S000102002,VegaShares 4x Long MAGS Daily Target ETF,VegaShares ETF Trust,never_launched_or_no_filings,4.0,daily,VegaShares MAGS
S000102003,VegaShares 4x Long QQQ Daily Target ETF,VegaShares ETF Trust,never_launched_or_no_filings,4.0,daily,VegaShares QQQ
S000102004,VegaShares 4x Long SOXX Daily Target ETF,VegaShares ETF Trust,never_launched_or_no_filings,4.0,daily,VegaShares SOXX
S000102005,VegaShares 4x Long SPY Daily Target ETF,VegaShares ETF Trust,never_launched_or_no_filings,4.0,daily,VegaShares SPY
S000102006,VegaShares 4x Long TLT Daily Target ETF,VegaShares ETF Trust,never_launched_or_no_filings,4.0,daily,VegaShares TLT
S000102007,VegaShares 4x Long XLF Daily Target ETF,VegaShares ETF Trust,never_launched_or_no_filings,4.0,daily,VegaShares XLF
S000102008,VegaShares 4x Long XLK Daily Target ETF,VegaShares ETF Trust,never_launched_or_no_filings,4.0,daily,VegaShares XLK
S000102009,VegaShares 3x Long GDXJ Daily Target ETF,VegaShares ETF Trust,never_launched_or_no_filings,3.0,daily,VegaShares GDXJ
S000102010,VegaShares 3x Long MAGS Daily Target ETF,VegaShares ETF Trust,never_launched_or_no_filings,3.0,daily,VegaShares MAGS
S000102011,VegaShares 3x Long VT Daily Target ETF,VegaShares ETF Trust,never_launched_or_no_filings,3.0,daily,VegaShares VT
S000102012,VegaShares 3x Long VTI Daily Target ETF,VegaShares ETF Trust,never_launched_or_no_filings,3.0,daily,VegaShares VTI
S000102013,VegaShares 4x Long FXI Daily Target ETF,VegaShares ETF Trust,never_launched_or_no_filings,4.0,daily,VegaShares FXI
S000102014,VegaShares 4x Long GDX Daily Target ETF,VegaShares ETF Trust,never_launched_or_no_filings,4.0,daily,VegaShares GDX
S000102015,VegaShares 4x Long GDXJ Daily Target ETF,VegaShares ETF Trust,never_launched_or_no_filings,4.0,daily,VegaShares GDXJ
S000102016,VegaShares 4x Long IWM Daily Target ETF,VegaShares ETF Trust,never_launched_or_no_filings,4.0,daily,VegaShares IWM
S000102150,Defiance Daily Target 2X Long ABTC ETF,Tidal Trust II,never_launched_or_no_filings,2.0,daily,ABTC
S000102151,Defiance Daily Target 2X Long WBD ETF,Tidal Trust II,never_launched_or_no_filings,2.0,daily,WBD
S000102153,Defiance Daily Target 2X Long GCT ETF,Tidal Trust II,never_launched_or_no_filings,2.0,daily,GCT
S000102154,Defiance Daily Target 2X Long LUMN ETF,Tidal Trust II,never_launched_or_no_filings,2.0,daily,LUMN
S000102155,Defiance Daily Target 2X Long MDLN ETF,Tidal Trust II,never_launched_or_no_filings,2.0,daily,MDLN
S000102156,Defiance Daily Target 2X Long PINS ETF,Tidal Trust II,never_launched_or_no_filings,2.0,daily,PINS
S000102157,Defiance Daily Target 2X Long ROKU ETF,Tidal Trust II,never_launched_or_no_filings,2.0,daily,ROKU
S000102158,Defiance Daily Target 2X Long SATS ETF,Tidal Trust II,never_launched_or_no_filings,2.0,daily,SATS
S000102159,Defiance Daily Target 2X Long SNDL ETF,Tidal Trust II,never_launched_or_no_filings,2.0,daily,SNDL
S000102160,Defiance Daily Target 2X Long TLRY ETF,Tidal Trust II,never_launched_or_no_filings,2.0,daily,TLRY
S000102253,T-REX 2X LONG ALMU DAILY TARGET ETF,ETF Opportunities Trust,never_launched_or_no_filings,2.0,daily,ALMU
S000102254,T-REX 2X LONG NU DAILY TARGET ETF,ETF Opportunities Trust,never_launched_or_no_filings,2.0,daily,NU
S000102255,T-REX 2X LONG RCT DAILY TARGET ETF,ETF Opportunities Trust,never_launched_or_no_filings,2.0,daily,RCT
S000102256,T-REX 2X LONG RIO DAILY TARGET ETF,ETF Opportunities Trust,never_launched_or_no_filings,2.0,daily,RIO
S000102257,T-REX 2X LONG SATS DAILY TARGET ETF,ETF Opportunities Trust,never_launched_or_no_filings,2.0,daily,SATS
S000102258,T-REX 2X LONG SCCO DAILY TARGET ETF,ETF Opportunities Trust,never_launched_or_no_filings,2.0,daily,SCCO
S000102259,T-REX 2X LONG SIL DAILY TARGET ETF,ETF Opportunities Trust,never_launched_or_no_filings,2.0,daily,SIL
S000102261,T-REX 2X LONG TECK DAILY TARGET ETF,ETF Opportunities Trust,never_launched_or_no_filings,2.0,daily,TECK
S000102262,T-REX 2X LONG ZETA DAILY TARGET ETF,ETF Opportunities Trust,never_launched_or_no_filings,2.0,daily,ZETA
S000102263,T-REX 2X LONG AMPX DAILY TARGET ETF,ETF Opportunities Trust,never_launched_or_no_filings,2.0,daily,AMPX
S000102265,T-REX 2X LONG BHP DAILY TARGET ETF,ETF Opportunities Trust,never_launched_or_no_filings,2.0,daily,BHP
S000102267,T-REX 2X LONG ERO DAILY TARGET ETF,ETF Opportunities Trust,never_launched_or_no_filings,2.0,daily,ERO
S000102268,T-REX 2X LONG FER DAILY TARGET ETF,ETF Opportunities Trust,never_launched_or_no_filings,2.0,daily,FER
S000102269,T-REX 2X LONG HBM DAILY TARGET ETF,ETF Opportunities Trust,never_launched_or_no_filings,2.0,daily,HBM
S000102270,T-REX 2X LONG COMP DAILY TARGET ETF,ETF Opportunities Trust,never_launched_or_no_filings,2.0,daily,COMP
S000102328,YC Alumni 2x Daily ETF,Corgi ETF Trust I,never_launched_or_no_filings,2.0,daily,YC Alumni
S000102421,Leverage Shares 2X Long CBRS Daily ETF,Themes ETF Trust,never_launched_or_no_filings,2.0,daily,CBRS
S000102422,Leverage Shares 2X Long MTVE Daily ETF,Themes ETF Trust,never_launched_or_no_filings,2.0,daily,MTVE
S000102423,Leverage Shares 2X Long XNDU Daily ETF,Themes ETF Trust,never_launched_or_no_filings,2.0,daily,XNDU
S000102424,Leverage Shares 2X Short CBRS Daily ETF,Themes ETF Trust,never_launched_or_no_filings,-2.0,daily,CBRS
S000102425,Leverage Shares 2X Short MTVE Daily ETF,Themes ETF Trust,never_launched_or_no_filings,-2.0,daily,MTVE
S000102426,Leverage Shares 2X Short XNDU Daily ETF,Themes ETF Trust,never_launched_or_no_filings,-2.0,daily,XNDU
S000102462,Roundhill 4X QQQQ ETF,Roundhill ETF Trust,never_launched_or_no_filings,4.0,unknown,QQQQ
S000102463,Roundhill 4X SPY ETF,Roundhill ETF Trust,never_launched_or_no_filings,4.0,unknown,SPY
S000102574,Leverage Shares 3X Long CBRS Daily Target ETF,Themes ETF Trust,never_launched_or_no_filings,3.0,daily,CBRS
S000102575,Leverage Shares 3X Long MTVE Daily Target ETF,Themes ETF Trust,never_launched_or_no_filings,3.0,daily,MTVE
S000102576,Leverage Shares 3X Long [XNDU] Daily Target ETF,Themes ETF Trust,never_launched_or_no_filings,3.0,daily,[XNDU]
S000102577,Leverage Shares 3X Short CBRS Daily Target ETF,Themes ETF Trust,never_launched_or_no_filings,-3.0,daily,CBRS
S000102578,Leverage Shares 3X Short MTVE Daily Target ETF,Themes ETF Trust,never_launched_or_no_filings,-3.0,daily,MTVE
S000102579,Leverage Shares 3X Short [XNDU] Daily Target ETF,Themes ETF Trust,never_launched_or_no_filings,-3.0,daily,[XNDU]
S000102776,Corgi U.S. Large-Cap 2x Daily ETF,Corgi ETF Trust I,never_launched_or_no_filings,2.0,daily,U.S. Large-Cap
S000102777,Corgi U.S. Mega-Cap Growth 2x Daily ETF,Corgi ETF Trust I,never_launched_or_no_filings,2.0,daily,U.S. Mega-Cap Growth
S000102778,Corgi U.S. Mid-Cap 2x Daily ETF,Corgi ETF Trust I,never_launched_or_no_filings,2.0,daily,U.S. Mid-Cap
S000102781,Corgi U.S. Small-Cap 2x Daily ETF,Corgi ETF Trust I,never_launched_or_no_filings,2.0,daily,U.S. Small-Cap
S000102782,Corgi South Korea 2x Daily ETF,Corgi ETF Trust I,never_launched_or_no_filings,2.0,daily,South Korea
S000102783,Corgi Taiwan 2x Daily ETF,Corgi ETF Trust I,never_launched_or_no_filings,2.0,daily,Taiwan
S000102784,Corgi Total U.S. Market 2x Daily ETF,Corgi ETF Trust I,never_launched_or_no_filings,2.0,daily,Total U.S. Market
S000102785,Corgi U.S. Biotech 2x Daily ETF,Corgi ETF Trust I,never_launched_or_no_filings,2.0,daily,U.S. Biotech
S000102787,Corgi U.S. Consumer Discretionary 2x Daily ETF,Corgi ETF Trust I,never_launched_or_no_filings,2.0,daily,U.S. Consumer Discretionary
S000102788,Corgi U.S. Consumer Staples 2x Daily ETF,Corgi ETF Trust I,never_launched_or_no_filings,2.0,daily,U.S. Consumer Staples
S000102789,Corgi U.S. Energy 2x Daily ETF,Corgi ETF Trust I,never_launched_or_no_filings,2.0,daily,U.S. Energy
S000102790,Corgi U.S. Financials 2x Daily ETF,Corgi ETF Trust I,never_launched_or_no_filings,2.0,daily,U.S. Financials
S000102791,Corgi U.S. Growth 2x Daily ETF,Corgi ETF Trust I,never_launched_or_no_filings,2.0,daily,U.S. Growth
S000102792,Corgi U.S. Healthcare 2x Daily ETF,Corgi ETF Trust I,never_launched_or_no_filings,2.0,daily,U.S. Healthcare
S000102793,Corgi U.S. Industrials 2x Daily ETF,Corgi ETF Trust I,never_launched_or_no_filings,2.0,daily,U.S. Industrials
S000102794,Corgi U.S. Infrastructure 2x Daily ETF,Corgi ETF Trust I,never_launched_or_no_filings,2.0,daily,U.S. Infrastructure
S000102795,Corgi U.S. Materials 2x Daily ETF,Corgi ETF Trust I,never_launched_or_no_filings,2.0,daily,U.S. Materials
S000102796,Corgi U.S. Micro-Cap 2x Daily ETF,Corgi ETF Trust I,never_launched_or_no_filings,2.0,daily,U.S. Micro-Cap
S000102798,Corgi U.S. Real Estate 2x Daily ETF,Corgi ETF Trust I,never_launched_or_no_filings,2.0,daily,U.S. Real Estate
S000102799,Corgi U.S. Regional Banks 2x Daily ETF,Corgi ETF Trust I,never_launched_or_no_filings,2.0,daily,U.S. Regional Banks
S000102800,Corgi U.S. Semiconductors 2x Daily ETF,Corgi ETF Trust I,never_launched_or_no_filings,2.0,daily,U.S. Semiconductors
S000102801,Corgi U.S. Technology 2x Daily ETF,Corgi ETF Trust I,never_launched_or_no_filings,2.0,daily,U.S. Technology
S000102802,Corgi U.S. Utilities 2x Daily ETF,Corgi ETF Trust I,never_launched_or_no_filings,2.0,daily,U.S. Utilities
S000102808,Corgi Chinese Internet 2x Daily ETF,Corgi ETF Trust I,never_launched_or_no_filings,2.0,daily,Chinese Internet
S000102810,Corgi Aerospace & Commercial Aviation 2x Daily ETF,Corgi ETF Trust I,never_launched_or_no_filings,2.0,daily,Aerospace Commercial Aviation
S000102811,Corgi AI Cybersecurity 2x Daily ETF,Corgi ETF Trust I,never_launched_or_no_filings,2.0,daily,AI Cybersecurity
S000102812,Corgi Battery Energy Storage Systems 2x Daily ETF,Corgi ETF Trust I,never_launched_or_no_filings,2.0,daily,Battery Energy Storage Systems
S000102813,Corgi Bay Area Based 2x Daily ETF,Corgi ETF Trust I,never_launched_or_no_filings,2.0,daily,Bay Area Based
S000102814,"Corgi Beauty, Skincare & Aesthetics 2x Daily ETF",Corgi ETF Trust I,never_launched_or_no_filings,2.0,daily,"Beauty, Skincare Aesthetics"
S000102815,Corgi Coffee & Energy Drinks 2x Daily ETF,Corgi ETF Trust I,never_launched_or_no_filings,2.0,daily,Coffee Energy Drinks
S000102817,Corgi Data & Surveillance 2x Daily ETF,Corgi ETF Trust I,never_launched_or_no_filings,2.0,daily,Data Surveillance
S000102818,Corgi Genomics & Precision Medicine 2x Daily ETF,Corgi ETF Trust I,never_launched_or_no_filings,2.0,daily,Genomics Precision Medicine
S000102820,Corgi High Voltage Grid Equipment 2x Daily ETF,Corgi ETF Trust I,never_launched_or_no_filings,2.0,daily,High Voltage Grid Equipment
S000102821,Corgi Lifestyle Brands 2x Daily ETF,Corgi ETF Trust I,never_launched_or_no_filings,2.0,daily,Lifestyle Brands
S000102822,Corgi Longevity Consumer 2x Daily ETF,Corgi ETF Trust I,never_launched_or_no_filings,2.0,daily,Longevity Consumer
S000102824,Corgi NYC Based 2x Daily ETF,Corgi ETF Trust I,never_launched_or_no_filings,2.0,daily,NYC Based
S000102825,"Corgi Ports, Rail & Freight 2x Daily ETF",Corgi ETF Trust I,never_launched_or_no_filings,2.0,daily,"Ports, Rail Freight"
S000102826,Corgi Quantum Computing 2x Daily ETF,Corgi ETF Trust I,never_launched_or_no_filings,2.0,daily,Quantum Computing
S000102827,Corgi Robots & Humanoids 2x Daily ETF,Corgi ETF Trust I,never_launched_or_no_filings,2.0,daily,Robots Humanoids
S000102828,Corgi Shipping & Global Logistics 2x Daily ETF,Corgi ETF Trust I,never_launched_or_no_filings,2.0,daily,Shipping Global Logistics
S000102829,Corgi Sports Betting & Gambling 2x Daily ETF,Corgi ETF Trust I,never_launched_or_no_filings,2.0,daily,Sports Betting Gambling
S000102831,Corgi Travel & Leisure 2x Daily ETF,Corgi ETF Trust I,never_launched_or_no_filings,2.0,daily,Travel Leisure
S000102832,Venezuelan Liberation 2x Daily ETF,Corgi ETF Trust I,never_launched_or_no_filings,2.0,daily,Venezuelan Liberation
S000102833,Corgi U.S. War Machine 2x Daily ETF,Corgi ETF Trust I,never_launched_or_no_filings,2.0,daily,U.S. War Machine
S000102834,Corgi Buy Now Pay Later 2x Daily ETF,Corgi ETF Trust I,never_launched_or_no_filings,2.0,daily,Buy Now Pay Later
S000102836,Corgi Mag 7 2x Daily ETF,Corgi ETF Trust I,never_launched_or_no_filings,2.0,daily,Mag 7
S000102837,Corgi IP Licensing & Royalties 2x Daily ETF,Corgi ETF Trust I,never_launched_or_no_filings,2.0,daily,IP Licensing Royalties
S000102838,Corgi Drones & Urban Air Mobility 2x Daily ETF,Corgi ETF Trust I,never_launched_or_no_filings,2.0,daily,Drones Urban Air Mobility
S000102839,Corgi Lithography & Semiconductor Photonics 2x Daily ETF,Corgi ETF Trust I,never_launched_or_no_filings,2.0,daily,Lithography Semiconductor Photonics
S000102840,Corgi Digital Banking & Fintech Infrastructure 2x Daily ETF,Corgi ETF Trust I,never_launched_or_no_filings,2.0,daily,Digital Banking Fintech Infrastructure
S000102842,Corgi AGIX 2x Daily ETF,Corgi ETF Trust I,never_launched_or_no_filings,2.0,daily,AGIX
S000103006,Tradr 2X Short CRML Daily ETF,Investment Managers Series Trust II,never_launched_or_no_filings,-2.0,daily,CRML
S000103007,Tradr 2X Short WDC Daily ETF,Investment Managers Series Trust II,never_launched_or_no_filings,-2.0,daily,WDC
S000103009,Tradr 2X Short MARA Daily ETF,Investment Managers Series Trust II,never_launched_or_no_filings,-2.0,daily,MARA
S000103010,Tradr 2X Short ONDS Daily ETF,Investment Managers Series Trust II,never_launched_or_no_filings,-2.0,daily,ONDS
S000103011,Tradr 2X Short RDW Daily ETF,Investment Managers Series Trust II,never_launched_or_no_filings,-2.0,daily,RDW
S000103013,Tradr 2X Short STX Daily ETF,Investment Managers Series Trust II,never_launched_or_no_filings,-2.0,daily,STX
S000103014,Tradr 2X Short USAR Daily ETF,Investment Managers Series Trust II,never_launched_or_no_filings,-2.0,daily,USAR
S000103015,Tradr 2X Short UUUU Daily ETF,Investment Managers Series Trust II,never_launched_or_no_filings,-2.0,daily,UUUU
S000103137,Defiance Daily Target 2X Long RDW ETF,Tidal Trust II,never_launched_or_no_filings,2.0,daily,RDW
S000103138,Defiance Daily Target 2X Long RVMD ETF,Tidal Trust II,never_launched_or_no_filings,2.0,daily,RVMD
S000103140,Defiance Daily Target 2X Long VSAT ETF,Tidal Trust II,never_launched_or_no_filings,2.0,daily,VSAT
S000103141,Defiance Daily Target 2X Long BKSY ETF,Tidal Trust II,never_launched_or_no_filings,2.0,daily,BKSY
S000103142,Defiance Daily Target 2X Long COHR ETF,Tidal Trust II,never_launched_or_no_filings,2.0,daily,COHR
S000103143,Defiance Daily Target 2X Long ENVX ETF,Tidal Trust II,never_launched_or_no_filings,2.0,daily,ENVX
S000103144,Defiance Daily Target 2X Long FRSH ETF,Tidal Trust II,never_launched_or_no_filings,2.0,daily,FRSH
S000103145,Defiance Daily Target 2X Long GSAT ETF,Tidal Trust II,never_launched_or_no_filings,2.0,daily,GSAT
S000103146,Defiance Daily Target 2X Long JD ETF,Tidal Trust II,never_launched_or_no_filings,2.0,daily,JD
S000103147,Defiance Daily Target 2X Long LEU ETF,Tidal Trust II,never_launched_or_no_filings,2.0,daily,LEU
S000103148,Defiance Daily Target 2X Long OUST ETF,Tidal Trust II,never_launched_or_no_filings,2.0,daily,OUST
S000103181,Tradr 2X Long YSS Daily ETF,Investment Managers Series Trust II,never_launched_or_no_filings,2.0,daily,YSS
S000103185,Tradr 2X Long PDYN Daily ETF,Investment Managers Series Trust II,never_launched_or_no_filings,2.0,daily,PDYN
S000103186,Tradr 2X Long SIDU Daily ETF,Investment Managers Series Trust II,never_launched_or_no_filings,2.0,daily,SIDU
S000103188,Tradr 2X Long TER Daily ETF,Investment Managers Series Trust II,never_launched_or_no_filings,2.0,daily,TER
S000103223,ProShares UltraPro Magnificent 7,PROSHARES TRUST,never_launched_or_no_filings,3.0,daily,Magnificent 7
S000103256,Leverage Shares 2X Long YSS Daily ETF,Themes ETF Trust,never_launched_or_no_filings,2.0,daily,YSS
S000103257,Leverage Shares 2X Short YSS Daily ETF,Themes ETF Trust,never_launched_or_no_filings,-2.0,daily,YSS
S000103268,Defiance Daily Target 2X Long ABAT ETF,Tidal Trust II,never_launched_or_no_filings,2.0,daily,ABAT
S000103270,Defiance Daily Target 2X Long ALMU ETF,Tidal Trust II,never_launched_or_no_filings,2.0,daily,ALMU
S000103271,Defiance Daily Target 2X Long FJET ETF,Tidal Trust II,never_launched_or_no_filings,2.0,daily,FJET
S000103272,Defiance Daily Target 2X Long KULR ETF,Tidal Trust II,never_launched_or_no_filings,2.0,daily,KULR
S000103273,Defiance Daily Target 2X Long PRME ETF,Tidal Trust II,never_launched_or_no_filings,2.0,daily,PRME
S000103274,Defiance Daily Target 2X Long RYAAY ETF,Tidal Trust II,never_launched_or_no_filings,2.0,daily,RYAAY
S000103276,Defiance Daily Target 2X Long SPCE ETF,Tidal Trust II,never_launched_or_no_filings,2.0,daily,SPCE
S000103328,GraniteShares 4x Long IEMG Daily ETF,GraniteShares ETF Trust,never_launched_or_no_filings,4.0,daily,IEMG
S000103329,GraniteShares 4x Long XLK Daily ETF,GraniteShares ETF Trust,never_launched_or_no_filings,4.0,daily,XLK
S000103330,GraniteShares 4x Long XLP Daily ETF,GraniteShares ETF Trust,never_launched_or_no_filings,4.0,daily,XLP
S000103331,GraniteShares 4x Long XLRE Daily ETF,GraniteShares ETF Trust,never_launched_or_no_filings,4.0,daily,XLRE
S000103332,GraniteShares 4x Long XLU Daily ETF,GraniteShares ETF Trust,never_launched_or_no_filings,4.0,daily,XLU
S000103333,GraniteShares 4x Long XLV Daily ETF,GraniteShares ETF Trust,never_launched_or_no_filings,4.0,daily,XLV
S000103334,GraniteShares 4x Long XLY Daily ETF,GraniteShares ETF Trust,never_launched_or_no_filings,4.0,daily,XLY
S000103335,GraniteShares 4x Short IEMG Daily ETF,GraniteShares ETF Trust,never_launched_or_no_filings,-4.0,daily,IEMG
S000103336,GraniteShares 4x Short IWM Daily ETF,GraniteShares ETF Trust,never_launched_or_no_filings,-4.0,daily,IWM
S000103337,GraniteShares 4x Short QQQ Daily ETF,GraniteShares ETF Trust,never_launched_or_no_filings,-4.0,daily,QQQ
S000103338,GraniteShares 4x Short SPY Daily ETF,GraniteShares ETF Trust,never_launched_or_no_filings,-4.0,daily,SPY
S000103339,GraniteShares 4x Long IWM Daily ETF,GraniteShares ETF Trust,never_launched_or_no_filings,4.0,daily,IWM
S000103340,GraniteShares 4x Short XLB Daily ETF,GraniteShares ETF Trust,never_launched_or_no_filings,-4.0,daily,XLB
S000103341,GraniteShares 4x Short XLC Daily ETF,GraniteShares ETF Trust,never_launched_or_no_filings,-4.0,daily,XLC
S000103342,GraniteShares 4x Short XLE Daily ETF,GraniteShares ETF Trust,never_launched_or_no_filings,-4.0,daily,XLE
S000103343,GraniteShares 4x Short XLF Daily ETF,GraniteShares ETF Trust,never_launched_or_no_filings,-4.0,daily,XLF
S000103344,GraniteShares 4x Short XLI Daily ETF,GraniteShares ETF Trust,never_launched_or_no_filings,-4.0,daily,XLI
S000103345,GraniteShares 4x Short XLK Daily ETF,GraniteShares ETF Trust,never_launched_or_no_filings,-4.0,daily,XLK
S000103346,GraniteShares 4x Short XLP Daily ETF,GraniteShares ETF Trust,never_launched_or_no_filings,-4.0,daily,XLP
S000103347,GraniteShares 4x Short XLRE Daily ETF,GraniteShares ETF Trust,never_launched_or_no_filings,-4.0,daily,XLRE
S000103348,GraniteShares 4x Short XLU Daily ETF,GraniteShares ETF Trust,never_launched_or_no_filings,-4.0,daily,XLU
S000103349,GraniteShares 4x Short XLV Daily ETF,GraniteShares ETF Trust,never_launched_or_no_filings,-4.0,daily,XLV
S000103350,GraniteShares 4x Long QQQ Daily ETF,GraniteShares ETF Trust,never_launched_or_no_filings,4.0,daily,QQQ
S000103351,GraniteShares 4x Short XLY Daily ETF,GraniteShares ETF Trust,never_launched_or_no_filings,-4.0,daily,XLY
S000103352,GraniteShares 4x Long SPY Daily ETF,GraniteShares ETF Trust,never_launched_or_no_filings,4.0,daily,SPY
S000103353,GraniteShares 4x Long XLB Daily ETF,GraniteShares ETF Trust,never_launched_or_no_filings,4.0,daily,XLB
S000103354,GraniteShares 4x Long XLC Daily ETF,GraniteShares ETF Trust,never_launched_or_no_filings,4.0,daily,XLC
S000103355,GraniteShares 4x Long XLE Daily ETF,GraniteShares ETF Trust,never_launched_or_no_filings,4.0,daily,XLE
S000103356,GraniteShares 4x Long XLF Daily ETF,GraniteShares ETF Trust,never_launched_or_no_filings,4.0,daily,XLF
S000103357,GraniteShares 4x Long XLI Daily ETF,GraniteShares ETF Trust,never_launched_or_no_filings,4.0,daily,XLI
S000103484,GraniteShares 4x Long AI Daily ETF,GraniteShares ETF Trust,never_launched_or_no_filings,4.0,daily,AI
S000103485,GraniteShares 4x Long Mag 7 Daily ETF,GraniteShares ETF Trust,never_launched_or_no_filings,4.0,daily,Mag 7
S000103486,GraniteShares 4x Long Quantum Computing Daily ETF,GraniteShares ETF Trust,never_launched_or_no_filings,4.0,daily,Quantum Computing
S000103487,GraniteShares 4x Long Robotics Daily ETF,GraniteShares ETF Trust,never_launched_or_no_filings,4.0,daily,Robotics
S000103488,GraniteShares 4x Long Semiconductor Daily ETF,GraniteShares ETF Trust,never_launched_or_no_filings,4.0,daily,Semiconductor
S000103491,GraniteShares 4x Short AI Daily ETF,GraniteShares ETF Trust,never_launched_or_no_filings,-4.0,daily,AI
S000103493,GraniteShares 4x Short China Internet Daily ETF,GraniteShares ETF Trust,never_launched_or_no_filings,-4.0,daily,China Internet
S000103494,GraniteShares 4x Short Cybersecurity Daily ETF,GraniteShares ETF Trust,never_launched_or_no_filings,-4.0,daily,Cybersecurity
S000103497,GraniteShares 4x Short IVES Daily ETF,GraniteShares ETF Trust,never_launched_or_no_filings,-4.0,daily,IVES
S000103500,GraniteShares 4x Short Lithium and Battery Daily ETF,GraniteShares ETF Trust,never_launched_or_no_filings,-4.0,daily,Lithium Battery
S000103501,GraniteShares 4x Short Mag 7 Daily ETF,GraniteShares ETF Trust,never_launched_or_no_filings,-4.0,daily,Mag 7
S000103502,GraniteShares 4x Short Quantum Computing Daily ETF,GraniteShares ETF Trust,never_launched_or_no_filings,-4.0,daily,Quantum Computing
S000103503,GraniteShares 4x Short Robotics Daily ETF,GraniteShares ETF Trust,never_launched_or_no_filings,-4.0,daily,Robotics
S000103504,GraniteShares 4x Short Semiconductor Daily ETF,GraniteShares ETF Trust,never_launched_or_no_filings,-4.0,daily,Semiconductor
S000103506,GraniteShares 4x Long China Internet Daily ETF,GraniteShares ETF Trust,never_launched_or_no_filings,4.0,daily,China Internet
S000103508,GraniteShares 4x Long Cybersecurity Daily ETF,GraniteShares ETF Trust,never_launched_or_no_filings,4.0,daily,Cybersecurity
S000103510,GraniteShares 4x Long IVES Daily ETF,GraniteShares ETF Trust,never_launched_or_no_filings,4.0,daily,IVES
S000103513,GraniteShares 4x Long Lithium and Battery Daily ETF,GraniteShares ETF Trust,never_launched_or_no_filings,4.0,daily,Lithium Battery
S000103697,T-REX 3X LONG IREN DAILY TARGET ETF,ETF Opportunities Trust,never_launched_or_no_filings,3.0,daily,IREN
S000103698,T-REX 3X LONG LITE DAILY TARGET ETF,ETF Opportunities Trust,never_launched_or_no_filings,3.0,daily,LITE
S000103699,T-REX 3X LONG SNDK DAILY TARGET ETF,ETF Opportunities Trust,never_launched_or_no_filings,3.0,daily,SNDK
S000103710,T-REX 4X LONG AMD DAILY TARGET ETF,ETF Opportunities Trust,never_launched_or_no_filings,4.0,daily,AMD
S000103711,T-REX 4X LONG TSLA DAILY TARGET ETF,ETF Opportunities Trust,never_launched_or_no_filings,4.0,daily,TSLA
S000103712,T-REX 4X LONG AMZN DAILY TARGET ETF,ETF Opportunities Trust,never_launched_or_no_filings,4.0,daily,AMZN
S000103713,T-REX 4X LONG AVGO DAILY TARGET ETF,ETF Opportunities Trust,never_launched_or_no_filings,4.0,daily,AVGO
S000103714,T-REX 4X LONG COIN DAILY TARGET ETF,ETF Opportunities Trust,never_launched_or_no_filings,4.0,daily,COIN
S000103715,T-REX 4X LONG META DAILY TARGET ETF,ETF Opportunities Trust,never_launched_or_no_filings,4.0,daily,META
S000103716,T-REX 4X LONG MSFT DAILY TARGET ETF,ETF Opportunities Trust,never_launched_or_no_filings,4.0,daily,MSFT
S000103717,T-REX 4X LONG NVDA DAILY TARGET ETF,ETF Opportunities Trust,never_launched_or_no_filings,4.0,daily,NVDA
S000103718,T-REX 4X LONG GOOG DAILY TARGET ETF,ETF Opportunities Trust,never_launched_or_no_filings,4.0,daily,GOOG
S000103719,T-REX 4X LONG PLTR DAILY TARGET ETF,ETF Opportunities Trust,never_launched_or_no_filings,4.0,daily,PLTR
S000103754,GraniteShares 3x Short AI Daily ETF,GraniteShares ETF Trust,never_launched_or_no_filings,-3.0,daily,AI
S000103756,GraniteShares 3x Short China Internet Daily ETF,GraniteShares ETF Trust,never_launched_or_no_filings,-3.0,daily,China Internet
S000103757,GraniteShares 3x Short Cybersecurity Daily ETF,GraniteShares ETF Trust,never_launched_or_no_filings,-3.0,daily,Cybersecurity
S000103759,GraniteShares 3x Short IVES Daily ETF,GraniteShares ETF Trust,never_launched_or_no_filings,-3.0,daily,IVES
S000103762,GraniteShares 3x Short Lithium and Battery Daily ETF,GraniteShares ETF Trust,never_launched_or_no_filings,-3.0,daily,Lithium Battery
S000103763,GraniteShares 3x Long China Internet Daily ETF,GraniteShares ETF Trust,never_launched_or_no_filings,3.0,daily,China Internet
S000103764,GraniteShares 3x Short Mag 7 Daily ETF,GraniteShares ETF Trust,never_launched_or_no_filings,-3.0,daily,Mag 7
S000103765,GraniteShares 3x Short Quantum Computing Daily ETF,GraniteShares ETF Trust,never_launched_or_no_filings,-3.0,daily,Quantum Computing
S000103766,GraniteShares 3x Short Robotics Daily ETF,GraniteShares ETF Trust,never_launched_or_no_filings,-3.0,daily,Robotics
S000103767,GraniteShares 3x Short Semiconductor Daily ETF,GraniteShares ETF Trust,never_launched_or_no_filings,-3.0,daily,Semiconductor
S000103770,GraniteShares 3x Long IVES Daily ETF,GraniteShares ETF Trust,never_launched_or_no_filings,3.0,daily,IVES
S000103773,GraniteShares 3x Long Lithium and Battery Daily ETF,GraniteShares ETF Trust,never_launched_or_no_filings,3.0,daily,Lithium Battery
S000103774,GraniteShares 3x Long Mag 7 Daily ETF,GraniteShares ETF Trust,never_launched_or_no_filings,3.0,daily,Mag 7
S000103775,GraniteShares 3x Long Robotics Daily ETF,GraniteShares ETF Trust,never_launched_or_no_filings,3.0,daily,Robotics
S000103776,GraniteShares 3x Long Semiconductor Daily ETF,GraniteShares ETF Trust,never_launched_or_no_filings,3.0,daily,Semiconductor
S000103836,Leverage Shares 4X Long Homebuilders Daily ETF,Themes ETF Trust,never_launched_or_no_filings,4.0,daily,Homebuilders
S000103837,Leverage Shares 4X Long India Daily ETF,Themes ETF Trust,never_launched_or_no_filings,4.0,daily,India
S000103839,Leverage Shares 4X Long Magnificent 7 Daily ETF,Themes ETF Trust,never_launched_or_no_filings,4.0,daily,Magnificent 7
S000103840,Leverage Shares 4X Long Quantum Computing Daily ETF,Themes ETF Trust,never_launched_or_no_filings,4.0,daily,Quantum Computing
S000103841,Leverage Shares 4X Long Regional Banks Daily ETF,Themes ETF Trust,never_launched_or_no_filings,4.0,daily,Regional Banks
S000103842,Leverage Shares 4X Long Semiconductors Daily ETF,Themes ETF Trust,never_launched_or_no_filings,4.0,daily,Semiconductors
S000103843,Leverage Shares 4X Long US Growth 100 Daily ETF,Themes ETF Trust,never_launched_or_no_filings,4.0,daily,US Growth 100
S000103844,Leverage Shares 4X Long US Large Cap 500 Daily ETF,Themes ETF Trust,never_launched_or_no_filings,4.0,daily,US Large Cap 500
S000103845,Leverage Shares 4X Long US Small Cap 2000 Daily ETF,Themes ETF Trust,never_launched_or_no_filings,4.0,daily,US Small Cap 2000
S000103846,Leverage Shares 4X Long Aerospace & Defense Daily ETF,Themes ETF Trust,never_launched_or_no_filings,4.0,daily,Aerospace Defense
S000103848,Leverage Shares 4X Long World Stock Daily ETF,Themes ETF Trust,never_launched_or_no_filings,4.0,daily,World Stock
S000103849,Leverage Shares 4X Long Artificial Intelligence Daily ETF,Themes ETF Trust,never_launched_or_no_filings,4.0,daily,Artificial Intelligence
S000103850,Leverage Shares 4X Long China Daily ETF,Themes ETF Trust,never_launched_or_no_filings,4.0,daily,China
S000103851,Leverage Shares 4X Long China Technology Daily ETF,Themes ETF Trust,never_launched_or_no_filings,4.0,daily,China Technology
S000103852,Leverage Shares 4X Long Developed Markets Daily ETF,Themes ETF Trust,never_launched_or_no_filings,4.0,daily,Developed Markets
S000103853,Leverage Shares 4X Long Emerging Markets Daily ETF,Themes ETF Trust,never_launched_or_no_filings,4.0,daily,Emerging Markets
S000103854,Leverage Shares 4X Long Financials Daily ETF,Themes ETF Trust,never_launched_or_no_filings,4.0,daily,Financials
S000103891,Defiance Daily Target 2X Long HXSCL ETF,Tidal Trust II,never_launched_or_no_filings,2.0,daily,HXSCL
S000103893,Defiance Daily Target 2X Long OPTT ETF,Tidal Trust II,never_launched_or_no_filings,2.0,daily,OPTT
S000103894,Defiance Daily Target 2X Long SIDU ETF,Tidal Trust II,never_launched_or_no_filings,2.0,daily,SIDU
S000104013,Defiance Daily Target 2X Long BEAT ETF,Tidal Trust II,never_launched_or_no_filings,2.0,daily,BEAT
S000104014,Defiance Daily Target 2X Long KOPN ETF,Tidal Trust II,never_launched_or_no_filings,2.0,daily,KOPN
S000104015,Defiance Daily Target 2X Long LTRX ETF,Tidal Trust II,never_launched_or_no_filings,2.0,daily,LTRX
S000104017,Defiance Daily Target 2X Long REKR ETF,Tidal Trust II,never_launched_or_no_filings,2.0,daily,REKR
S000104019,Defiance Daily Target 2X Long YALL ETF,Tidal Trust II,never_launched_or_no_filings,2.0,daily,YALL
S000104020,Defiance Daily Target 2X Long YSS ETF,Tidal Trust II,never_launched_or_no_filings,2.0,daily,YSS
S000104052,Corgi TEL 2x Daily ETF,Corgi ETF Trust I,never_launched_or_no_filings,2.0,daily,TEL
S000104054,Corgi ASM 2x Daily ETF,Corgi ETF Trust I,never_launched_or_no_filings,2.0,daily,ASM
S000104185,Direxion Daily Russell 2000 Bull 4X ETF,Direxion Shares ETF Trust,never_launched_or_no_filings,4.0,daily,Russell 2000
S000104186,Direxion Daily S&P 500 Bull 4X ETF,Direxion Shares ETF Trust,never_launched_or_no_filings,4.0,daily,S&P 500
S000104187,Direxion Daily Semiconductors Bull 4X ETF,Direxion Shares ETF Trust,never_launched_or_no_filings,4.0,daily,Semiconductors
S000104188,Direxion Daily Emerging Markets Bull 4X ETF,Direxion Shares ETF Trust,never_launched_or_no_filings,4.0,daily,Emerging Markets
S000104190,Direxion Daily Consumer Discretionary Bull 4X ETF,Direxion Shares ETF Trust,never_launched_or_no_filings,4.0,daily,Consumer Discretionary
S000104191,Direxion Daily Consumer Staples Bull 4X ETF,Direxion Shares ETF Trust,never_launched_or_no_filings,4.0,daily,Consumer Staples
S000104192,Direxion Daily Energy Bull 4X ETF,Direxion Shares ETF Trust,never_launched_or_no_filings,4.0,daily,Energy
S000104193,Direxion Daily Health Care Bull 4X ETF,Direxion Shares ETF Trust,never_launched_or_no_filings,4.0,daily,Health Care
S000104194,Direxion Daily Industrials Bull 4X ETF,Direxion Shares ETF Trust,never_launched_or_no_filings,4.0,daily,Industrials
S000104196,Direxion Daily Materials Bull 4X ETF,Direxion Shares ETF Trust,never_launched_or_no_filings,4.0,daily,Materials
S000104197,Direxion Daily Real Estate Bull 4X ETF,Direxion Shares ETF Trust,never_launched_or_no_filings,4.0,daily,Real Estate
S000104198,Direxion Daily Technology Bull 4X ETF,Direxion Shares ETF Trust,never_launched_or_no_filings,4.0,daily,Technology
S000104199,Direxion Daily Utilities Bull 4X ETF,Direxion Shares ETF Trust,never_launched_or_no_filings,4.0,daily,Utilities
S000104200,Direxion Daily MAG 7 Bull 4X ETF,Direxion Shares ETF Trust,never_launched_or_no_filings,4.0,daily,MAG 7
S000104204,Direxion Daily Dow 30 Bull 4X ETF,Direxion Shares ETF Trust,never_launched_or_no_filings,4.0,daily,Dow 30
S000104205,Direxion Daily Financials Bull 4X ETF,Direxion Shares ETF Trust,never_launched_or_no_filings,4.0,daily,Financials
S000104206,Direxion Daily QQQ Bull 4X ETF,Direxion Shares ETF Trust,never_launched_or_no_filings,4.0,daily,QQQ
S000104245,Leverage Shares 2X Long AAOI Daily ETF,Themes ETF Trust,never_launched_or_no_filings,2.0,daily,AAOI
S000104246,Leverage Shares 2X Long COHR Daily ETF,Themes ETF Trust,never_launched_or_no_filings,2.0,daily,COHR
S000104247,Leverage Shares 2X Long CPNG Daily ETF,Themes ETF Trust,never_launched_or_no_filings,2.0,daily,CPNG
S000104248,Leverage Shares 2X Long ENTG Daily ETF,Themes ETF Trust,never_launched_or_no_filings,2.0,daily,ENTG
S000104249,Leverage Shares 2X Long ETN Daily ETF,Themes ETF Trust,never_launched_or_no_filings,2.0,daily,ETN
S000104250,Leverage Shares 2X Long FORM Daily ETF,Themes ETF Trust,never_launched_or_no_filings,2.0,daily,FORM
S000104251,Leverage Shares 2X Long FPS Daily ETF,Themes ETF Trust,never_launched_or_no_filings,2.0,daily,FPS
S000104252,Leverage Shares 2X Long HL Daily ETF,Themes ETF Trust,never_launched_or_no_filings,2.0,daily,HL
S000104253,Leverage Shares 2X Long HON Daily ETF,Themes ETF Trust,never_launched_or_no_filings,2.0,daily,HON
S000104254,Leverage Shares 2X Long KTOS Daily ETF,Themes ETF Trust,never_launched_or_no_filings,2.0,daily,KTOS
S000104255,Leverage Shares 2X Long LEU Daily ETF,Themes ETF Trust,never_launched_or_no_filings,2.0,daily,LEU
S000104256,Leverage Shares 2X Long AG Daily ETF,Themes ETF Trust,never_launched_or_no_filings,2.0,daily,AG
S000104257,Leverage Shares 2X Long NTAP Daily ETF,Themes ETF Trust,never_launched_or_no_filings,2.0,daily,NTAP
S000104259,Leverage Shares 2X Long ON Daily ETF,Themes ETF Trust,never_launched_or_no_filings,2.0,daily,ON
S000104260,Leverage Shares 2X Long P Daily ETF,Themes ETF Trust,never_launched_or_no_filings,2.0,daily,P
S000104261,Leverage Shares 2X Long SAP Daily ETF,Themes ETF Trust,never_launched_or_no_filings,2.0,daily,SAP
S000104262,Leverage Shares 2X Long SNDK Daily ETF,Themes ETF Trust,never_launched_or_no_filings,2.0,daily,SNDK
S000104263,Leverage Shares 2X Long STX Daily ETF,Themes ETF Trust,never_launched_or_no_filings,2.0,daily,STX
S000104264,Leverage Shares 2X Long TMC Daily ETF,Themes ETF Trust,never_launched_or_no_filings,2.0,daily,TMC
S000104265,Leverage Shares 2X Long TXN Daily ETF,Themes ETF Trust,never_launched_or_no_filings,2.0,daily,TXN
S000104266,Leverage Shares 2X Long VSAT Daily ETF,Themes ETF Trust,never_launched_or_no_filings,2.0,daily,VSAT
S000104267,Leverage Shares 2X Long AI Daily ETF,Themes ETF Trust,never_launched_or_no_filings,2.0,daily,AI
S000104268,Leverage Shares 2X Long WDC Daily ETF,Themes ETF Trust,never_launched_or_no_filings,2.0,daily,WDC
S000104269,Leverage Shares 2X Long AMAT Daily ETF,Themes ETF Trust,never_launched_or_no_filings,2.0,daily,AMAT
S000104270,Leverage Shares 2X Long AMKR Daily ETF,Themes ETF Trust,never_launched_or_no_filings,2.0,daily,AMKR
S000104271,Leverage Shares 2X Long APD Daily ETF,Themes ETF Trust,never_launched_or_no_filings,2.0,daily,APD
S000104272,Leverage Shares 2X Long CAT Daily ETF,Themes ETF Trust,never_launched_or_no_filings,2.0,daily,CAT
S000104273,Leverage Shares 2X Long CDNS Daily ETF,Themes ETF Trust,never_launched_or_no_filings,2.0,daily,CDNS
S000104274,Leverage Shares 2X Long CIEN Daily ETF,Themes ETF Trust,never_launched_or_no_filings,2.0,daily,CIEN
S000104498,Leverage Shares 5X Long Homebuilders Daily ETF,Themes ETF Trust,never_launched_or_no_filings,5.0,daily,Homebuilders
S000104499,Leverage Shares 5X Long India Daily ETF,Themes ETF Trust,never_launched_or_no_filings,5.0,daily,India
S000104501,Leverage Shares 5X Long Magnificent 7 Daily ETF,Themes ETF Trust,never_launched_or_no_filings,5.0,daily,Magnificent 7
S000104502,Leverage Shares 5X Long Quantum Computing Daily ETF,Themes ETF Trust,never_launched_or_no_filings,5.0,daily,Quantum Computing
S000104503,Leverage Shares 5X Long Regional Banks Daily ETF,Themes ETF Trust,never_launched_or_no_filings,5.0,daily,Regional Banks
S000104504,Leverage Shares 5X Long Semiconductors Daily ETF,Themes ETF Trust,never_launched_or_no_filings,5.0,daily,Semiconductors
S000104505,Leverage Shares 5X Long US Growth 100 Daily ETF,Themes ETF Trust,never_launched_or_no_filings,5.0,daily,US Growth 100
S000104506,Leverage Shares 5X Long US Large Cap 500 Daily ETF,Themes ETF Trust,never_launched_or_no_filings,5.0,daily,US Large Cap 500
S000104507,Leverage Shares 5X Long US Small Cap 2000 Daily ETF,Themes ETF Trust,never_launched_or_no_filings,5.0,daily,US Small Cap 2000
S000104508,Leverage Shares 5X Long Aerospace & Defense Daily ETF,Themes ETF Trust,never_launched_or_no_filings,5.0,daily,Aerospace Defense
S000104510,Leverage Shares 5X Long World Stock Daily ETF,Themes ETF Trust,never_launched_or_no_filings,5.0,daily,World Stock
S000104511,Leverage Shares 5X Long Artificial Intelligence Daily ETF,Themes ETF Trust,never_launched_or_no_filings,5.0,daily,Artificial Intelligence
S000104512,Leverage Shares 5X Long China Daily ETF,Themes ETF Trust,never_launched_or_no_filings,5.0,daily,China
S000104513,Leverage Shares 5X Long China Technology Daily ETF,Themes ETF Trust,never_launched_or_no_filings,5.0,daily,China Technology
S000104514,Leverage Shares 5X Long Developed Markets Daily ETF,Themes ETF Trust,never_launched_or_no_filings,5.0,daily,Developed Markets
S000104515,Leverage Shares 5X Long Emerging Markets Daily ETF,Themes ETF Trust,never_launched_or_no_filings,5.0,daily,Emerging Markets
S000104516,Leverage Shares 5X Long Financials Daily ETF,Themes ETF Trust,never_launched_or_no_filings,5.0,daily,Financials
S000104579,Leverage Shares 3X Long ASTS Daily ETF,Themes ETF Trust,never_launched_or_no_filings,3.0,daily,ASTS
S000104580,Leverage Shares 3X Long WDC Daily ETF,Themes ETF Trust,never_launched_or_no_filings,3.0,daily,WDC
S000104581,Leverage Shares 3X Long IREN Daily ETF,Themes ETF Trust,never_launched_or_no_filings,3.0,daily,IREN
S000104582,Leverage Shares 3X Long LITE Daily ETF,Themes ETF Trust,never_launched_or_no_filings,3.0,daily,LITE
S000104583,Leverage Shares 3X Long MU Daily ETF,Themes ETF Trust,never_launched_or_no_filings,3.0,daily,MU
S000104584,Leverage Shares 3X Long OKLO Daily ETF,Themes ETF Trust,never_launched_or_no_filings,3.0,daily,OKLO
S000104585,Leverage Shares 3X Long QBTS Daily ETF,Themes ETF Trust,never_launched_or_no_filings,3.0,daily,QBTS
S000104586,Leverage Shares 3X Long SMCI Daily ETF,Themes ETF Trust,never_launched_or_no_filings,3.0,daily,SMCI
S000104587,Leverage Shares 3X Long SNDK Daily ETF,Themes ETF Trust,never_launched_or_no_filings,3.0,daily,SNDK
S000104588,Leverage Shares 3X Long TSM Daily ETF,Themes ETF Trust,never_launched_or_no_filings,3.0,daily,TSM
S000104692,Leverage Shares 4x Long ASTS Daily ETF,Themes ETF Trust,never_launched_or_no_filings,4.0,daily,ASTS
S000104693,Leverage Shares 4x Long WDC Daily ETF,Themes ETF Trust,never_launched_or_no_filings,4.0,daily,WDC
S000104694,Leverage Shares 4x Long IREN Daily ETF,Themes ETF Trust,never_launched_or_no_filings,4.0,daily,IREN
S000104695,Leverage Shares 4x Long LITE Daily ETF,Themes ETF Trust,never_launched_or_no_filings,4.0,daily,LITE
S000104696,Leverage Shares 4x Long MU Daily ETF,Themes ETF Trust,never_launched_or_no_filings,4.0,daily,MU
S000104697,Leverage Shares 4x Long OKLO Daily ETF,Themes ETF Trust,never_launched_or_no_filings,4.0,daily,OKLO
S000104698,Leverage Shares 4x Long QBTS Daily ETF,Themes ETF Trust,never_launched_or_no_filings,4.0,daily,QBTS
S000104699,Leverage Shares 4x Long SMCI Daily ETF,Themes ETF Trust,never_launched_or_no_filings,4.0,daily,SMCI
S000104700,Leverage Shares 4x Long SNDK Daily ETF,Themes ETF Trust,never_launched_or_no_filings,4.0,daily,SNDK
S000104701,Leverage Shares 4x Long TSM Daily ETF,Themes ETF Trust,never_launched_or_no_filings,4.0,daily,TSM
S000104818,Corgi NVDA 2x Daily ETF,Corgi ETF Trust I,never_launched_or_no_filings,2.0,daily,NVDA
S000104819,Corgi PLTR 2x Daily ETF,Corgi ETF Trust I,never_launched_or_no_filings,2.0,daily,PLTR
S000104820,Corgi COIN 2x Daily ETF,Corgi ETF Trust I,never_launched_or_no_filings,2.0,daily,COIN
S000104821,Corgi AMZN 2x Daily ETF,Corgi ETF Trust I,never_launched_or_no_filings,2.0,daily,AMZN
S000104822,Corgi TSM 2x Daily ETF,Corgi ETF Trust I,never_launched_or_no_filings,2.0,daily,TSM
S000104823,Corgi APP 2x Daily ETF,Corgi ETF Trust I,never_launched_or_no_filings,2.0,daily,APP
S000104824,Corgi ASTS 2x Daily ETF,Corgi ETF Trust I,never_launched_or_no_filings,2.0,daily,ASTS
S000104825,Corgi AVGO 2x Daily ETF,Corgi ETF Trust I,never_launched_or_no_filings,2.0,daily,AVGO
S000104826,Corgi ORCL 2x Daily ETF,Corgi ETF Trust I,never_launched_or_no_filings,2.0,daily,ORCL
S000104827,Corgi ASML 2x Daily ETF,Corgi ETF Trust I,never_launched_or_no_filings,2.0,daily,ASML
S000104828,Corgi SMCI 2x Daily ETF,Corgi ETF Trust I,never_launched_or_no_filings,2.0,daily,SMCI
S000104829,Corgi TSLA 2x Daily ETF,Corgi ETF Trust I,never_launched_or_no_filings,2.0,daily,TSLA
S000104830,Corgi IONQ 2x Daily ETF,Corgi ETF Trust I,never_launched_or_no_filings,2.0,daily,IONQ
S000104831,Corgi RKLB 2x Daily ETF,Corgi ETF Trust I,never_launched_or_no_filings,2.0,daily,RKLB
S000104832,Corgi AAPL 2x Daily ETF,Corgi ETF Trust I,never_launched_or_no_filings,2.0,daily,AAPL
S000104833,Corgi UNH 2x Daily ETF,Corgi ETF Trust I,never_launched_or_no_filings,2.0,daily,UNH
S000104834,Corgi OKLO 2x Daily ETF,Corgi ETF Trust I,never_launched_or_no_filings,2.0,daily,OKLO
S000104835,Corgi NFLX 2x Daily ETF,Corgi ETF Trust I,never_launched_or_no_filings,2.0,daily,NFLX
S000104836,Corgi BRKB 2x Daily ETF,Corgi ETF Trust I,never_launched_or_no_filings,2.0,daily,BRKB
S000104837,Corgi CRWV 2x Daily ETF,Corgi ETF Trust I,never_launched_or_no_filings,2.0,daily,CRWV
S000104838,Corgi INTC 2x Daily ETF,Corgi ETF Trust I,never_launched_or_no_filings,2.0,daily,INTC
S000104839,Corgi BABA 2x Daily ETF,Corgi ETF Trust I,never_launched_or_no_filings,2.0,daily,BABA
S000104840,Corgi MU 2x Daily ETF,Corgi ETF Trust I,never_launched_or_no_filings,2.0,daily,MU
S000104841,Corgi HOOD 2x Daily ETF,Corgi ETF Trust I,never_launched_or_no_filings,2.0,daily,HOOD
S000104842,Corgi GEV 2x Daily ETF,Corgi ETF Trust I,never_launched_or_no_filings,2.0,daily,GEV
S000104843,Corgi BMNR 2x Daily ETF,Corgi ETF Trust I,never_launched_or_no_filings,2.0,daily,BMNR
S000104844,Corgi JOBY 2x Daily ETF,Corgi ETF Trust I,never_launched_or_no_filings,2.0,daily,JOBY
S000104845,Corgi ALAB 2x Daily ETF,Corgi ETF Trust I,never_launched_or_no_filings,2.0,daily,ALAB
S000104846,Corgi LITE 2x Daily ETF,Corgi ETF Trust I,never_launched_or_no_filings,2.0,daily,LITE
S000104847,Corgi TEM 2x Daily ETF,Corgi ETF Trust I,never_launched_or_no_filings,2.0,daily,TEM
S000104848,Corgi UPST 2x Daily ETF,Corgi ETF Trust I,never_launched_or_no_filings,2.0,daily,UPST
S000104849,Corgi WDC 2x Daily ETF,Corgi ETF Trust I,never_launched_or_no_filings,2.0,daily,WDC
S000104850,Corgi UUUU 2x Daily ETF,Corgi ETF Trust I,never_launched_or_no_filings,2.0,daily,UUUU
S000104851,Corgi SNDK 2x Daily ETF,Corgi ETF Trust I,never_launched_or_no_filings,2.0,daily,SNDK
S000104852,Corgi SMR 2x Daily ETF,Corgi ETF Trust I,never_launched_or_no_filings,2.0,daily,SMR
S000104853,Corgi QBTS 2x Daily ETF,Corgi ETF Trust I,never_launched_or_no_filings,2.0,daily,QBTS
S000104854,Corgi SOFI 2x Daily ETF,Corgi ETF Trust I,never_launched_or_no_filings,2.0,daily,SOFI
S000104855,Corgi HIMS 2x Daily ETF,Corgi ETF Trust I,never_launched_or_no_filings,2.0,daily,HIMS
S000104856,Corgi RGTI 2x Daily ETF,Corgi ETF Trust I,never_launched_or_no_filings,2.0,daily,RGTI
S000104857,Corgi NVO 2x Daily ETF,Corgi ETF Trust I,never_launched_or_no_filings,2.0,daily,NVO
S000104858,Corgi RDDT 2x Daily ETF,Corgi ETF Trust I,never_launched_or_no_filings,2.0,daily,RDDT
S000104859,Corgi MRVL 2x Daily ETF,Corgi ETF Trust I,never_launched_or_no_filings,2.0,daily,MRVL
S000104860,Corgi CRWD 2x Daily ETF,Corgi ETF Trust I,never_launched_or_no_filings,2.0,daily,CRWD
S000104861,Corgi MARA 2x Daily ETF,Corgi ETF Trust I,never_launched_or_no_filings,2.0,daily,MARA
S000104862,Corgi GOOGL 2x Daily ETF,Corgi ETF Trust I,never_launched_or_no_filings,2.0,daily,GOOGL
S000104863,Corgi IREN 2x Daily ETF,Corgi ETF Trust I,never_launched_or_no_filings,2.0,daily,IREN
S000104864,Corgi NBIS 2x Daily ETF,Corgi ETF Trust I,never_launched_or_no_filings,2.0,daily,NBIS
S000104865,Corgi VRT 2x Daily ETF,Corgi ETF Trust I,never_launched_or_no_filings,2.0,daily,VRT
S000104866,Corgi NOW 2x Daily ETF,Corgi ETF Trust I,never_launched_or_no_filings,2.0,daily,NOW
S000104867,Corgi RIVN 2x Daily ETF,Corgi ETF Trust I,never_launched_or_no_filings,2.0,daily,RIVN
S000104868,Corgi CRDO 2x Daily ETF,Corgi ETF Trust I,never_launched_or_no_filings,2.0,daily,CRDO
S000104869,Corgi GLXY 2x Daily ETF,Corgi ETF Trust I,never_launched_or_no_filings,2.0,daily,GLXY
S000104870,Corgi ARM 2x Daily ETF,Corgi ETF Trust I,never_launched_or_no_filings,2.0,daily,ARM
S000104871,Corgi GME 2x Daily ETF,Corgi ETF Trust I,never_launched_or_no_filings,2.0,daily,GME
S000104872,Corgi EOSE 2x Daily ETF,Corgi ETF Trust I,never_launched_or_no_filings,2.0,daily,EOSE
S000104873,Corgi MSTR 2x Daily ETF,Corgi ETF Trust I,never_launched_or_no_filings,2.0,daily,MSTR
S000104874,Corgi CIFR 2x Daily ETF,Corgi ETF Trust I,never_launched_or_no_filings,2.0,daily,CIFR
S000104876,Corgi BE 2x Daily ETF,Corgi ETF Trust I,never_launched_or_no_filings,2.0,daily,BE
S000104877,Corgi NVTS 2x Daily ETF,Corgi ETF Trust I,never_launched_or_no_filings,2.0,daily,NVTS
S000104878,Corgi LRCX 2x Daily ETF,Corgi ETF Trust I,never_launched_or_no_filings,2.0,daily,LRCX
S000104879,Corgi ONDS 2x Daily ETF,Corgi ETF Trust I,never_launched_or_no_filings,2.0,daily,ONDS
S000104880,Corgi LRN 2x Daily ETF,Corgi ETF Trust I,never_launched_or_no_filings,2.0,daily,LRN
S000104881,Corgi TER 2x Daily ETF,Corgi ETF Trust I,never_launched_or_no_filings,2.0,daily,TER
S000104882,Corgi COHR 2x Daily ETF,Corgi ETF Trust I,never_launched_or_no_filings,2.0,daily,COHR
S000104883,Corgi UCTT 2x Daily ETF,Corgi ETF Trust I,never_launched_or_no_filings,2.0,daily,UCTT
S000104885,Corgi LASR 2x Daily ETF,Corgi ETF Trust I,never_launched_or_no_filings,2.0,daily,LASR
S000104887,Corgi SIMO 2x Daily ETF,Corgi ETF Trust I,never_launched_or_no_filings,2.0,daily,SIMO
S000104888,Corgi CAMT 2x Daily ETF,Corgi ETF Trust I,never_launched_or_no_filings,2.0,daily,CAMT
S000104889,Corgi MNST 2x Daily ETF,Corgi ETF Trust I,never_launched_or_no_filings,2.0,daily,MNST
S000104890,Corgi CRUS 2x Daily ETF,Corgi ETF Trust I,never_launched_or_no_filings,2.0,daily,CRUS
S000104891,Corgi AMKR 2x Daily ETF,Corgi ETF Trust I,never_launched_or_no_filings,2.0,daily,AMKR
S000104892,Corgi UMC 2x Daily ETF,Corgi ETF Trust I,never_launched_or_no_filings,2.0,daily,UMC
S000104893,Corgi AMAT 2x Daily ETF,Corgi ETF Trust I,never_launched_or_no_filings,2.0,daily,AMAT
S000104895,Corgi MSFT 2x Daily ETF,Corgi ETF Trust I,never_launched_or_no_filings,2.0,daily,MSFT
S000104896,Corgi ONTO 2x Daily ETF,Corgi ETF Trust I,never_launched_or_no_filings,2.0,daily,ONTO
S000104897,Corgi KEYS 2x Daily ETF,Corgi ETF Trust I,never_launched_or_no_filings,2.0,daily,KEYS
S000104898,Corgi RMBS 2x Daily ETF,Corgi ETF Trust I,never_launched_or_no_filings,2.0,daily,RMBS
S000104899,Corgi AXTI 2x Daily ETF,Corgi ETF Trust I,never_launched_or_no_filings,2.0,daily,AXTI
S000104900,Corgi TPL 2x Daily ETF,Corgi ETF Trust I,never_launched_or_no_filings,2.0,daily,TPL
S000104901,Corgi MPWR 2x Daily ETF,Corgi ETF Trust I,never_launched_or_no_filings,2.0,daily,MPWR
S000104902,Corgi CRCL 2x Daily ETF,Corgi ETF Trust I,never_launched_or_no_filings,2.0,daily,CRCL
S000104903,Corgi MSI 2x Daily ETF,Corgi ETF Trust I,never_launched_or_no_filings,2.0,daily,MSI
S000104904,Corgi CART 2x Daily ETF,Corgi ETF Trust I,never_launched_or_no_filings,2.0,daily,CART
S000104905,Corgi META 2x Daily ETF,Corgi ETF Trust I,never_launched_or_no_filings,2.0,daily,META
S000105073,Defiance Daily Target 2X Long AAOI ETF,Tidal Trust II,never_launched_or_no_filings,2.0,daily,AAOI
S000105074,Defiance Daily Target 2X Long CRSR ETF,Tidal Trust II,never_launched_or_no_filings,2.0,daily,CRSR
S000105075,Defiance Daily Target 2X Long FSLY ETF,Tidal Trust II,never_launched_or_no_filings,2.0,daily,FSLY
S000105077,Defiance Daily Target 2X Long PI ETF,Tidal Trust II,never_launched_or_no_filings,2.0,daily,PI
S000105078,Defiance Daily Target 2X Long RPID ETF,Tidal Trust II,never_launched_or_no_filings,2.0,daily,RPID
S000105146,GraniteShares 2x Long AI Daily ETF,GraniteShares ETF Trust,never_launched_or_no_filings,2.0,daily,AI
S000105147,GraniteShares 2x Long HUT Daily ETF,GraniteShares ETF Trust,never_launched_or_no_filings,2.0,daily,HUT
S000105148,GraniteShares 2x Long IOT Daily ETF,GraniteShares ETF Trust,never_launched_or_no_filings,2.0,daily,IOT
S000105149,GraniteShares 2x Long IREN Daily ETF,GraniteShares ETF Trust,never_launched_or_no_filings,2.0,daily,IREN
S000105150,GraniteShares 2x Long LITE Daily ETF,GraniteShares ETF Trust,never_launched_or_no_filings,2.0,daily,LITE
S000105151,GraniteShares 2x Long NTAP Daily ETF,GraniteShares ETF Trust,never_launched_or_no_filings,2.0,daily,NTAP
S000105152,GraniteShares 2x Long PATH Daily ETF,GraniteShares ETF Trust,never_launched_or_no_filings,2.0,daily,PATH
S000105154,GraniteShares 2x Long QLYS Daily ETF,GraniteShares ETF Trust,never_launched_or_no_filings,2.0,daily,QLYS
S000105155,GraniteShares 2x Long RKLB Daily ETF,GraniteShares ETF Trust,never_launched_or_no_filings,2.0,daily,RKLB
S000105156,GraniteShares 2x Long SNDK Daily ETF,GraniteShares ETF Trust,never_launched_or_no_filings,2.0,daily,SNDK
S000105157,GraniteShares 2x Long ASTS Daily ETF,GraniteShares ETF Trust,never_launched_or_no_filings,2.0,daily,ASTS
S000105158,GraniteShares 2x Long SOUN Daily ETF,GraniteShares ETF Trust,never_launched_or_no_filings,2.0,daily,SOUN
S000105159,GraniteShares 2x Long STX Daily ETF,GraniteShares ETF Trust,never_launched_or_no_filings,2.0,daily,STX
S000105160,GraniteShares 2x Long TDC Daily ETF,GraniteShares ETF Trust,never_launched_or_no_filings,2.0,daily,TDC
S000105161,GraniteShares 2x Short AI Daily ETF,GraniteShares ETF Trust,never_launched_or_no_filings,-2.0,daily,AI
S000105162,GraniteShares 2x Short APP Daily ETF,GraniteShares ETF Trust,never_launched_or_no_filings,-2.0,daily,APP
S000105163,GraniteShares 2x Short ASTS Daily ETF,GraniteShares ETF Trust,never_launched_or_no_filings,-2.0,daily,ASTS
S000105164,GraniteShares 2x Short BB Daily ETF,GraniteShares ETF Trust,never_launched_or_no_filings,-2.0,daily,BB
S000105165,GraniteShares 2x Short BMNR Daily ETF,GraniteShares ETF Trust,never_launched_or_no_filings,-2.0,daily,BMNR
S000105166,GraniteShares 2x Short BTDR Daily ETF,GraniteShares ETF Trust,never_launched_or_no_filings,-2.0,daily,BTDR
S000105167,GraniteShares 2x Short CRSR Daily ETF,GraniteShares ETF Trust,never_launched_or_no_filings,-2.0,daily,CRSR
S000105168,GraniteShares 2x Long BB Daily ETF,GraniteShares ETF Trust,never_launched_or_no_filings,2.0,daily,BB
S000105169,GraniteShares 2x Short DBX Daily ETF,GraniteShares ETF Trust,never_launched_or_no_filings,-2.0,daily,DBX
S000105170,GraniteShares 2x Short ETN Daily ETF,GraniteShares ETF Trust,never_launched_or_no_filings,-2.0,daily,ETN
S000105171,GraniteShares 2x Short FIVN Daily ETF,GraniteShares ETF Trust,never_launched_or_no_filings,-2.0,daily,FIVN
S000105172,GraniteShares 2x Short HUT Daily ETF,GraniteShares ETF Trust,never_launched_or_no_filings,-2.0,daily,HUT
S000105173,GraniteShares 2x Short IOT Daily ETF,GraniteShares ETF Trust,never_launched_or_no_filings,-2.0,daily,IOT
S000105174,GraniteShares 2x Short IREN Daily ETF,GraniteShares ETF Trust,never_launched_or_no_filings,-2.0,daily,IREN
S000105175,GraniteShares 2x Short LITE Daily ETF,GraniteShares ETF Trust,never_launched_or_no_filings,-2.0,daily,LITE
S000105176,GraniteShares 2x Short NTAP Daily ETF,GraniteShares ETF Trust,never_launched_or_no_filings,-2.0,daily,NTAP
S000105177,GraniteShares 2x Short PATH Daily ETF,GraniteShares ETF Trust,never_launched_or_no_filings,-2.0,daily,PATH
S000105179,GraniteShares 2x Long BMNR Daily ETF,GraniteShares ETF Trust,never_launched_or_no_filings,2.0,daily,BMNR
S000105180,GraniteShares 2x Short QLYS Daily ETF,GraniteShares ETF Trust,never_launched_or_no_filings,-2.0,daily,QLYS
S000105181,GraniteShares 2x Short RKLB Daily ETF,GraniteShares ETF Trust,never_launched_or_no_filings,-2.0,daily,RKLB
S000105182,GraniteShares 2x Short SNDK Daily ETF,GraniteShares ETF Trust,never_launched_or_no_filings,-2.0,daily,SNDK
S000105183,GraniteShares 2x Short SOUN Daily ETF,GraniteShares ETF Trust,never_launched_or_no_filings,-2.0,daily,SOUN
S000105184,GraniteShares 2x Short STX Daily ETF,GraniteShares ETF Trust,never_launched_or_no_filings,-2.0,daily,STX
S000105185,GraniteShares 2x Short TDC Daily ETF,GraniteShares ETF Trust,never_launched_or_no_filings,-2.0,daily,TDC
S000105186,GraniteShares 2x Long BTDR Daily ETF,GraniteShares ETF Trust,never_launched_or_no_filings,2.0,daily,BTDR
S000105187,GraniteShares 2x Long CRSR Daily ETF,GraniteShares ETF Trust,never_launched_or_no_filings,2.0,daily,CRSR
S000105188,GraniteShares 2x Long DBX Daily ETF,GraniteShares ETF Trust,never_launched_or_no_filings,2.0,daily,DBX
S000105189,GraniteShares 2x Long ETN Daily ETF,GraniteShares ETF Trust,never_launched_or_no_filings,2.0,daily,ETN
S000105190,GraniteShares 2x Long FIVN Daily ETF,GraniteShares ETF Trust,never_launched_or_no_filings,2.0,daily,FIVN
S000105658,Defiance 2X Daily Short Taiwan ETF,Tidal Trust II,never_launched_or_no_filings,-2.0,daily,Taiwan
S000105889,T-REX 2X LONG VSAT DAILY TARGET ETF,ETF Opportunities Trust,never_launched_or_no_filings,2.0,daily,VSAT
S000105890,T-REX 2X LONG VIAV DAILY TARGET ETF,ETF Opportunities Trust,never_launched_or_no_filings,2.0,daily,VIAV
S000105891,T-REX 2X LONG TSEM DAILY TARGET ETF,ETF Opportunities Trust,never_launched_or_no_filings,2.0,daily,TSEM
S000105892,T-REX 2X LONG TER DAILY TARGET ETF,ETF Opportunities Trust,never_launched_or_no_filings,2.0,daily,TER
S000105893,T-REX 2X LONG JBL DAILY TARGET ETF,ETF Opportunities Trust,never_launched_or_no_filings,2.0,daily,JBL
S000105894,T-REX 2X LONG FSLY DAILY TARGET ETF,ETF Opportunities Trust,never_launched_or_no_filings,2.0,daily,FSLY
S000105895,T-REX 2X LONG DOCN DAILY TARGET ETF,ETF Opportunities Trust,never_launched_or_no_filings,2.0,daily,DOCN
S000105896,T-REX 2X LONG CIEN DAILY TARGET ETF,ETF Opportunities Trust,never_launched_or_no_filings,2.0,daily,CIEN
S000105897,T-REX 2X LONG AKAM DAILY TARGET ETF,ETF Opportunities Trust,never_launched_or_no_filings,2.0,daily,AKAM
S000105956,T-REX 2X LONG XOVR DAILY TARGET ETF,ETF Opportunities Trust,never_launched_or_no_filings,2.0,daily,XOVR
S000105957,T-REX 2X LONG ROBO DAILY TARGET ETF,ETF Opportunities Trust,never_launched_or_no_filings,2.0,daily,ROBO
S000105958,T-REX 2X LONG KOID DAILY TARGET ETF,ETF Opportunities Trust,never_launched_or_no_filings,2.0,daily,KOID
S000105959,T-REX 2X LONG EUAD DAILY TARGET ETF,ETF Opportunities Trust,never_launched_or_no_filings,2.0,daily,EUAD
S000105960,T-REX 2X LONG DRNZ DAILY TARGET ETF,ETF Opportunities Trust,never_launched_or_no_filings,2.0,daily,DRNZ
S000105961,T-REX 2X LONG DRAM DAILY TARGET ETF,ETF Opportunities Trust,never_launched_or_no_filings,2.0,daily,DRAM
S000105969,Defiance Daily Target 2X Long FLNC ETF,Tidal Trust II,never_launched_or_no_filings,2.0,daily,FLNC
S000105970,Defiance Daily Target 2X Long KRMN ETF,Tidal Trust II,never_launched_or_no_filings,2.0,daily,KRMN
S000105971,Defiance Daily Target 2X Long MTSI ETF,Tidal Trust II,never_launched_or_no_filings,2.0,daily,MTSI
S000106092,Defiance Daily Target 2X Long LWLG ETF,Tidal Trust II,never_launched_or_no_filings,2.0,daily,LWLG
S000106146,GraniteShares 2x Long XNDU Daily ETF,GraniteShares ETF Trust,never_launched_or_no_filings,2.0,daily,XNDU
S000106147,GraniteShares 2x Short XNDU Daily ETF,GraniteShares ETF Trust,never_launched_or_no_filings,-2.0,daily,XNDU
S000106150,GraniteShares 2x Long CBRS Daily ETF,GraniteShares ETF Trust,never_launched_or_no_filings,2.0,daily,CBRS
S000106151,GraniteShares 2x Short CBRS Daily ETF,GraniteShares ETF Trust,never_launched_or_no_filings,-2.0,daily,CBRS
S000106223,Defiance Daily 2X Long Brazil ETF,Tidal Trust II,never_launched_or_no_filings,2.0,daily,Brazil
S000106225,Defiance Daily 2X Long South Korea ETF,Tidal Trust II,never_launched_or_no_filings,2.0,daily,South Korea
S000106226,Defiance Daily 2X Long Taiwan ETF,Tidal Trust II,never_launched_or_no_filings,2.0,daily,Taiwan
S000106475,Defiance Daily Target 2X Long MRAM ETF,Tidal Trust II,never_launched_or_no_filings,2.0,daily,MRAM
S000106576,T-REX 2X LONG AEHR DAILY TARGET ETF,ETF Opportunities Trust,never_launched_or_no_filings,2.0,daily,AEHR
S000106577,T-REX 2X LONG PENG DAILY TARGET ETF,ETF Opportunities Trust,never_launched_or_no_filings,2.0,daily,PENG
S000106578,T-REX 2X LONG PURR DAILY TARGET ETF,ETF Opportunities Trust,never_launched_or_no_filings,2.0,daily,PURR
S000106579,T-REX 2X LONG SHMD DAILY TARGET ETF,ETF Opportunities Trust,never_launched_or_no_filings,2.0,daily,SHMD
S000106580,T-REX 2X LONG TEAM DAILY TARGET ETF,ETF Opportunities Trust,never_launched_or_no_filings,2.0,daily,TEAM
S000106581,T-REX 2X LONG TTMI DAILY TARGET ETF,ETF Opportunities Trust,never_launched_or_no_filings,2.0,daily,TTMI
S000106582,T-REX 2X LONG VECO DAILY TARGET ETF,ETF Opportunities Trust,never_launched_or_no_filings,2.0,daily,VECO
S000106583,T-REX 2X LONG WOLF DAILY TARGET ETF,ETF Opportunities Trust,never_launched_or_no_filings,2.0,daily,WOLF
S000106584,T-REX 2X LONG AMSC DAILY TARGET ETF,ETF Opportunities Trust,never_launched_or_no_filings,2.0,daily,AMSC
S000106585,T-REX 2X LONG BB DAILY TARGET ETF,ETF Opportunities Trust,never_launched_or_no_filings,2.0,daily,BB
S000106586,T-REX 2X LONG FLEX DAILY TARGET ETF,ETF Opportunities Trust,never_launched_or_no_filings,2.0,daily,FLEX
S000106587,T-REX 2X LONG GRAB DAILY TARGET ETF,ETF Opportunities Trust,never_launched_or_no_filings,2.0,daily,GRAB
S000106588,T-REX 2X LONG LWLG DAILY TARGET ETF,ETF Opportunities Trust,never_launched_or_no_filings,2.0,daily,LWLG
S000106589,T-REX 2X LONG MXL DAILY TARGET ETF,ETF Opportunities Trust,never_launched_or_no_filings,2.0,daily,MXL
S000106590,T-REX 2X LONG NOK DAILY TARGET ETF,ETF Opportunities Trust,never_launched_or_no_filings,2.0,daily,NOK
S000106591,T-REX 2X LONG OSS DAILY TARGET ETF,ETF Opportunities Trust,never_launched_or_no_filings,2.0,daily,OSS
S000106601,Leverage Shares 2X Long Memory Daily ETF,Themes ETF Trust,never_launched_or_no_filings,2.0,daily,Memory
S000106635,Leverage Shares 1X Short QNT Daily ETF,Themes ETF Trust,never_launched_or_no_filings,-1.0,daily,QNT
S000106636,Leverage Shares 2X Long QNT Daily ETF,Themes ETF Trust,never_launched_or_no_filings,2.0,daily,QNT
S000106637,Leverage Shares 2X Short QNT Daily ETF,Themes ETF Trust,never_launched_or_no_filings,-2.0,daily,QNT
S000106718,Roundhill Daily Short Software ETF,Roundhill ETF Trust,never_launched_or_no_filings,-1.0,daily,Software
S000106720,Roundhill Daily 2X Short Software ETF,Roundhill ETF Trust,never_launched_or_no_filings,-2.0,daily,Software
S000106721,Roundhill Daily 2X Long Software ETF,Roundhill ETF Trust,never_launched_or_no_filings,2.0,daily,Software
S000106723,T-REX 2X INVERSE DRAM DAILY TARGET ETF,ETF Opportunities Trust,never_launched_or_no_filings,-2.0,daily,DRAM
S000106776,ProShares Ultra AI Computing Power,PROSHARES TRUST,never_launched_or_no_filings,2.0,daily,AI Computing Power
S000106797,Defiance Daily Target 2X Long HQ ETF,Tidal Trust V,never_launched_or_no_filings,2.0,daily,HQ
S000106798,Defiance Daily Target 2X Long JBL ETF,Tidal Trust V,never_launched_or_no_filings,2.0,daily,JBL
S000106799,Defiance Daily Target 2X Long MXL ETF,Tidal Trust V,never_launched_or_no_filings,2.0,daily,MXL
S000106800,Defiance Daily Target 2X Long P ETF,Tidal Trust V,never_launched_or_no_filings,2.0,daily,P
S000106801,Defiance Daily Target 2X Long STM ETF,Tidal Trust V,never_launched_or_no_filings,2.0,daily,STM
S000106802,Defiance Daily Target 2X Long SYM ETF,Tidal Trust V,never_launched_or_no_filings,2.0,daily,SYM
S000106848,GraniteShares 2x Long MAIR Daily ETF,GraniteShares ETF Trust,never_launched_or_no_filings,2.0,daily,MAIR
S000106849,GraniteShares 2x Long RVMD Daily ETF,GraniteShares ETF Trust,never_launched_or_no_filings,2.0,daily,RVMD
S000106850,GraniteShares 2x Long XE Daily ETF,GraniteShares ETF Trust,never_launched_or_no_filings,2.0,daily,XE
S000106853,GraniteShares 2x Long QNT Daily ETF,GraniteShares ETF Trust,never_launched_or_no_filings,2.0,daily,QNT
S000106854,GraniteShares 2x Short QNT Daily ETF,GraniteShares ETF Trust,never_launched_or_no_filings,-2.0,daily,QNT
S000107040,Defiance Pure Memory Daily 2X Strategy ETF,Tidal Trust V,never_launched_or_no_filings,2.0,daily,Memory Strategy
S000107173,REX -1x AI Compute Power ETF,REX ETF Trust,never_launched_or_no_filings,-1.0,unknown,AI Compute Power
S000107174,REX 2x AI Compute Power ETF,REX ETF Trust,never_launched_or_no_filings,2.0,unknown,AI Compute Power
S000107344,Direxion Daily ANET Bull 2X ETF,Direxion Shares ETF Trust,never_launched_or_no_filings,2.0,daily,ANET
S000107345,Direxion Daily CRWV Bear 2X ETF,Direxion Shares ETF Trust,never_launched_or_no_filings,-2.0,daily,CRWV
S000107346,Direxion Daily GEV Bear 2X ETF,Direxion Shares ETF Trust,never_launched_or_no_filings,-2.0,daily,GEV
S000107347,Direxion Daily LRCX Bear 2X ETF,Direxion Shares ETF Trust,never_launched_or_no_filings,-2.0,daily,LRCX
S000107348,Direxion Daily NEM Bear 2X ETF,Direxion Shares ETF Trust,never_launched_or_no_filings,-2.0,daily,NEM
S000107349,Direxion Daily SNDK Bear 2X ETF,Direxion Shares ETF Trust,never_launched_or_no_filings,-2.0,daily,SNDK
S000107350,Direxion Daily WDC Bear 2X ETF,Direxion Shares ETF Trust,never_launched_or_no_filings,-2.0,daily,WDC
S000107351,Direxion Daily DRAM Bear 2X ETF,Direxion Shares ETF Trust,never_launched_or_no_filings,-2.0,daily,DRAM
S000107352,Direxion Daily CRWV Bull 2X ETF,Direxion Shares ETF Trust,never_launched_or_no_filings,2.0,daily,CRWV
S000107353,Direxion Daily GEV Bull 2X ETF,Direxion Shares ETF Trust,never_launched_or_no_filings,2.0,daily,GEV
S000107354,Direxion Daily LRCX Bull 2X ETF,Direxion Shares ETF Trust,never_launched_or_no_filings,2.0,daily,LRCX
S000107355,Direxion Daily NEM Bull 2X ETF,Direxion Shares ETF Trust,never_launched_or_no_filings,2.0,daily,NEM
S000107356,Direxion Daily SNDK Bull 2X ETF,Direxion Shares ETF Trust,never_launched_or_no_filings,2.0,daily,SNDK
S000107357,Direxion Daily WDC Bull 2X ETF,Direxion Shares ETF Trust,never_launched_or_no_filings,2.0,daily,WDC
S000107358,Direxion Daily DRAM Bull 2X ETF,Direxion Shares ETF Trust,never_launched_or_no_filings,2.0,daily,DRAM
S000107359,Direxion Daily ANET Bear 2X ETF,Direxion Shares ETF Trust,never_launched_or_no_filings,-2.0,daily,ANET
S000107390,T-REX 2X LONG AMBQ DAILY TARGET ETF,ETF Opportunities Trust,never_launched_or_no_filings,2.0,daily,AMBQ
S000107391,T-REX 2X LONG BW DAILY TARGET ETF,ETF Opportunities Trust,never_launched_or_no_filings,2.0,daily,BW
S000107392,T-REX 2X LONG GFS DAILY TARGET ETF,ETF Opportunities Trust,never_launched_or_no_filings,2.0,daily,GFS
S000107393,T-REX 2X LONG INFY DAILY TARGET ETF,ETF Opportunities Trust,never_launched_or_no_filings,2.0,daily,INFY
S000107394,T-REX 2X LONG PSIX DAILY TARGET ETF,ETF Opportunities Trust,never_launched_or_no_filings,2.0,daily,PSIX
S000107395,T-REX 2X LONG PUMP DAILY TARGET ETF,ETF Opportunities Trust,never_launched_or_no_filings,2.0,daily,PUMP
S000107396,T-REX 2X LONG SEI DAILY TARGET ETF,ETF Opportunities Trust,never_launched_or_no_filings,2.0,daily,SEI
S000107397,T-REX 2X LONG SHAZ DAILY TARGET ETF,ETF Opportunities Trust,never_launched_or_no_filings,2.0,daily,SHAZ
S000107410,Leverage Shares 2X Long APP Daily ETF,Themes ETF Trust,never_launched_or_no_filings,2.0,daily,APP
S000107411,Leverage Shares 2X Long OUST Daily ETF,Themes ETF Trust,never_launched_or_no_filings,2.0,daily,OUST
S000107412,Leverage Shares 2X Long PURR Daily ETF,Themes ETF Trust,never_launched_or_no_filings,2.0,daily,PURR
S000107413,Leverage Shares 2X Long SEDG Daily ETF,Themes ETF Trust,never_launched_or_no_filings,2.0,daily,SEDG
S000107414,Leverage Shares 2X Long SIDU Daily ETF,Themes ETF Trust,never_launched_or_no_filings,2.0,daily,SIDU
S000107415,Leverage Shares 2X Long SIMO Daily ETF,Themes ETF Trust,never_launched_or_no_filings,2.0,daily,SIMO
S000107416,Leverage Shares 2X Long STRL Daily ETF,Themes ETF Trust,never_launched_or_no_filings,2.0,daily,STRL
S000107417,Leverage Shares 2X Long TDG Daily ETF,Themes ETF Trust,never_launched_or_no_filings,2.0,daily,TDG
S000107418,Leverage Shares 2X Long TE Daily ETF,Themes ETF Trust,never_launched_or_no_filings,2.0,daily,TE
S000107419,Leverage Shares 2X Long UMC Daily ETF,Themes ETF Trust,never_launched_or_no_filings,2.0,daily,UMC
S000107420,Leverage Shares 2X Long DGXX Daily ETF,Themes ETF Trust,never_launched_or_no_filings,2.0,daily,DGXX
S000107421,Leverage Shares 2X Long KEEL Daily ETF,Themes ETF Trust,never_launched_or_no_filings,2.0,daily,KEEL
S000107422,Leverage Shares 2X Long KOPN Daily ETF,Themes ETF Trust,never_launched_or_no_filings,2.0,daily,KOPN
S000107423,Leverage Shares 2X Long LITE Daily ETF,Themes ETF Trust,never_launched_or_no_filings,2.0,daily,LITE
S000107424,Leverage Shares 2X Long MRAM Daily ETF,Themes ETF Trust,never_launched_or_no_filings,2.0,daily,MRAM
S000107425,Leverage Shares 2X Long MXL Daily ETF,Themes ETF Trust,never_launched_or_no_filings,2.0,daily,MXL
S000107426,Leverage Shares 2X Long NEE Daily ETF,Themes ETF Trust,never_launched_or_no_filings,2.0,daily,NEE
S000107427,Leverage Shares 2X Long NVMI Daily ETF,Themes ETF Trust,never_launched_or_no_filings,2.0,daily,NVMI
S000107459,Defiance Daily Target 2X Long AMSC ETF,Tidal Trust V,never_launched_or_no_filings,2.0,daily,AMSC
S000107460,Defiance Daily Target 2X Long CAMT ETF,Tidal Trust V,never_launched_or_no_filings,2.0,daily,CAMT
S000107461,Defiance Daily Target 2X Long NTNX ETF,Tidal Trust V,never_launched_or_no_filings,2.0,daily,NTNX
S000107462,Defiance Daily Target 2X Long PENG ETF,Tidal Trust V,never_launched_or_no_filings,2.0,daily,PENG
S000107463,Defiance Daily Target 2X Long PLPC ETF,Tidal Trust V,never_launched_or_no_filings,2.0,daily,PLPC
S000107464,Defiance Daily Target 2X Long RXT ETF,Tidal Trust V,never_launched_or_no_filings,2.0,daily,RXT
S000107465,Defiance Daily Target 2X Long SHAZ ETF,Tidal Trust V,never_launched_or_no_filings,2.0,daily,SHAZ
S000107466,Defiance Daily Target 2X Long SIMO ETF,Tidal Trust V,never_launched_or_no_filings,2.0,daily,SIMO
S000107496,GraniteShares 2x Long WOLF Daily ETF,GraniteShares ETF Trust,never_launched_or_no_filings,2.0,daily,WOLF
S000107497,GraniteShares 2x Short WOLF Daily ETF,GraniteShares ETF Trust,never_launched_or_no_filings,-2.0,daily,WOLF
S000107509,ProShares Short AI Computing Power,PROSHARES TRUST,never_launched_or_no_filings,-1.0,daily,AI Computing Power
S000107516,ProShares UltraShort AI Computing Power,PROSHARES TRUST,never_launched_or_no_filings,-2.0,daily,AI Computing Power
S000107549,Leverage Shares 2X Long Lithography & Semiconductor Photonics Daily ETF,Themes ETF Trust,never_launched_or_no_filings,2.0,daily,Lithography Semiconductor Photonics
S000107647,Leverage Shares 3X Long SPCX Daily ETF,Themes ETF Trust,never_launched_or_no_filings,3.0,daily,SPCX
S000107679,-1x AI Computing Power ETF,Volatility Shares Trust,never_launched_or_no_filings,-1.0,unknown,AI Computing Power
S000107680,-2x AI Computing Power ETF,Volatility Shares Trust,never_launched_or_no_filings,-2.0,unknown,AI Computing Power
S000107681,2x AI Computing Power ETF,Volatility Shares Trust,never_launched_or_no_filings,2.0,unknown,AI Computing Power
S000107699,T-REX 2X LONG AADX DAILY TARGET ETF,ETF Opportunities Trust,never_launched_or_no_filings,2.0,daily,AADX
S000107700,T-REX 2X LONG AMBA DAILY TARGET ETF,ETF Opportunities Trust,never_launched_or_no_filings,2.0,daily,AMBA
S000107701,T-REX 2X LONG BRUN DAILY TARGET ETF,ETF Opportunities Trust,never_launched_or_no_filings,2.0,daily,BRUN
S000107702,T-REX 2X LONG MOD DAILY TARGET ETF,ETF Opportunities Trust,never_launched_or_no_filings,2.0,daily,MOD
S000107703,T-REX 2X LONG MTSI DAILY TARGET ETF,ETF Opportunities Trust,never_launched_or_no_filings,2.0,daily,MTSI
S000107704,T-REX 2X LONG VPG DAILY TARGET ETF,ETF Opportunities Trust,never_launched_or_no_filings,2.0,daily,VPG
S000107705,T-REX 2X INVERSE MU DAILY TARGET ETF,ETF Opportunities Trust,never_launched_or_no_filings,-2.0,daily,MU
S000107706,Defiance Daily Target 3X Long SPCX ETF,ETF Series Solutions,never_launched_or_no_filings,3.0,daily,SPCX
S000107719,Leverage Shares 2X Long Computing Power Daily ETF,Themes ETF Trust,never_launched_or_no_filings,2.0,daily,Computing Power
