ticker,issuer,underlying,leverage,reset,status,series_id,series_name,trust,trust_cik,kind,underlying_token,listed_now,n_nport,first_report,last_report,last_net_assets,max_net_assets,launched_evidence,nport_ref,ref_match,nport_designated_index,leverage_history,names_by_year
AIRD,GraniteShares,AAL,-2.0,daily,active,S000081167,GraniteShares 2x Short AAL Daily ETF,GraniteShares ETF Trust,0001689873,stock,AAL,True,0,,,,,listed_no_nport_yet,,no_ref,,2023:-1.5; 2024:-2.0,2023:GraniteShares 1.5x Short AAL Daily ETF; 2024:GraniteShares 2x Short AAL Daily ETF
LAS,GraniteShares,AAL,-1.0,daily,active,S000081150,GraniteShares 1x Short AAL Daily ETF,GraniteShares ETF Trust,0001689873,stock,AAL,True,0,,,,,listed_no_nport_yet,,no_ref,,2023:-1.0,2023:GraniteShares 1x Short AAL Daily ETF
AIRL,GraniteShares,AAL,2.0,daily,active,S000081158,GraniteShares 2x Long AAL Daily ETF,GraniteShares ETF Trust,0001689873,stock,AAL,True,0,,,,,listed_no_nport_yet,,no_ref,,2023:1.5; 2024:2.0,2023:GraniteShares 1.5x Long AAL Daily ETF; 2024:GraniteShares 2x Long AAL Daily ETF
AALG,Leverage Shares,AAL,2.0,daily,active,S000091218,Leverage Shares 2X Long AAL Daily ETF,Themes ETF Trust,0001976322,stock,AAL,True,4,2025-07-31,2026-04-30,4075837.23,4075837.23,nport,American Airlines Group Inc / American Airlines Group Inc / AMERICAN AIRLINES SWAP - L  - CLEARSTREET || American Airlines Group Inc / American Airlines Group Inc / AMERICAN AIRLINES SWAP - L  - CANTOR || American Airlines Group Inc / American Airlines Group Inc / RTX CORPORATION SWAP - L  - MAREX,ok_name,AAL US Equity,2025:2.0,2025:Leverage Shares 2X Long AAL Daily ETF
AAOZ,Tradr,AAOI,-2.0,daily,active,S000105722,Tradr 2X Short AAOI Daily ETF,Investment Managers Series Trust II,0001587982,stock,AAOI,True,0,,,,,listed_no_nport_yet,,no_ref,,2026:-2.0,2026:Tradr 2X Short AAOI Daily ETF
AAOX,Tradr,AAOI,2.0,daily,active,S000100913,Tradr 2X Long AAOI Daily ETF,Investment Managers Series Trust II,0001587982,stock,AAOI,True,1,2026-04-30,2026-04-30,334120092.47,334120092.47,nport,"AAOI / Applied Optoelectronics, Inc. / Applied Optoelectronics, Inc. / CFD APPLIED OPTOELECTRONICS INC / CFD APPLIED OPTOELECTRONICS INC",ok_ticker,"Applied Optoelectronics, Inc.",2026:2.0,2026:Tradr 2X Long AAOI Daily ETF
HOTT,Tradr,AAON,2.0,daily,active,S000106989,Tradr 2X Long AAON Daily ETF,Investment Managers Series Trust II,0001587982,stock,AAON,True,0,,,,,listed_no_nport_yet,,no_ref,,2026:2.0,2026:Tradr 2X Long AAON Daily ETF
APII,GraniteShares,AAPL,-2.0,daily,active,S000081148,GraniteShares 2x Short AAPL Daily ETF,GraniteShares ETF Trust,0001689873,stock,AAPL,True,0,,,,,listed_no_nport_yet,,no_ref,,2023:-1.75; 2024:-2.0,2023:GraniteShares 1.75x Short AAPL Daily ETF; 2024:GraniteShares 2x Short AAPL Daily ETF
AAPM,Tradr,AAPL,-2.0,daily,active,S000106996,Tradr 2X Short AAPL Daily ETF,Investment Managers Series Trust II,0001587982,stock,AAPL,True,0,,,,,listed_no_nport_yet,,no_ref,,2026:-2.0,2026:Tradr 2X Short AAPL Daily ETF
AAPD,Direxion,AAPL,-1.0,daily,active,S000076244,Direxion Daily AAPL Bear 1X Shares,Direxion Shares ETF Trust,0001424958,stock,AAPL,True,15,2022-10-31,2026-04-30,18607370.66,36563023.67,nport,APPLE INC SWAP || APPLE INC Swap,ok_name,Apple Inc.,2022:-1.0; 2026:-1.0,2022:Direxion Daily AAPL Bear 1X Shares; 2026:Direxion Daily AAPL Bear 1X ETF
PHS,GraniteShares,AAPL,-1.0,daily,active,S000081151,GraniteShares 1x Short AAPL Daily ETF,GraniteShares ETF Trust,0001689873,stock,AAPL,True,0,,,,,listed_no_nport_yet,,no_ref,,2023:-1.0,2023:GraniteShares 1x Short AAPL Daily ETF
AAPU,Direxion,AAPL,2.0,daily,active,S000076233,Direxion Daily AAPL Bull 2X Shares,Direxion Shares ETF Trust,0001424958,stock,AAPL,True,15,2022-10-31,2026-04-30,205313245.56,271848036.12,nport,APPLE INC SWAP || APPLE INC Swap,ok_name,Apple Inc.,2022:2.0; 2023:1.5; 2026:2.0,2022:Direxion Daily AAPL Bull 2X Shares; 2023:Direxion Daily AAPL Bull 1.5X Shares; 2026:Direxion Daily AAPL Bull 2X ETF
AAPB,GraniteShares,AAPL,2.0,daily,active,S000076355,GraniteShares 2x Long AAPL Daily ETF,GraniteShares ETF Trust,0001689873,stock,AAPL,True,16,2022-09-30,2026-06-30,18340331.3,35995188.01,nport,"Apple, Inc. / TD Cowen / AAPL EQUITY SWAP 1",ok_ticker,APPLE GROSS CLOSE,2022:2.0; 2023:1.75; 2024:2.0,2022:GraniteShares 2x Long Apple Daily ETF; 2023:GraniteShares 1.75x Long AAPL Daily ETF; 2024:GraniteShares 2x Long AAPL Daily ETF
AAPX,T-REX,AAPL,2.0,daily,active,S000083676,T-REX 2X Long Apple Daily Target ETF,ETF Opportunities Trust,0001771146,stock,Apple,True,10,2024-03-31,2026-06-30,10435012.59,19348034.79,nport,AAPX TRS AAPL EQ / APPLE INC. / AAPX TRS AAPL EQ || RECV AAPX TRS AAPL EQ / APPLE INC. / AAPX TRS AAPL EQ,ok_ticker,MS AI TECH BENEFICIARIES INDEX,2024:2.0,2024:T-REX 2X LONG APPLE DAILY TARGET ETF
,Leverage Shares,ABNB,2.0,daily,closed,S000093815,Leverage Shares 2x Long ABNB Daily ETF,Themes ETF Trust,0001976322,stock,ABNB,False,2,2026-01-31,2026-04-30,536871.55,536871.55,nport,Airbnb Inc / Airbnb Inc / AIRBNB INC? SWAP CS || Airbnb Inc / Airbnb Inc / AIRBNB INC? SWAP CF || Airbnb Inc / Airbnb Inc / AIRBNB INC? SWAP MAR,ok_name,ABNB US Equity,2025:2.0,2025:Leverage Shares 2X Long ABNB Daily ETF
ARCX,Tradr,ACHR,2.0,daily,active,S000091891,Tradr 2X Long ACHR Daily ETF,Investment Managers Series Trust II,0001587982,stock,ACHR,True,5,2025-06-30,2026-06-30,6043594.09,22397643.72,nport,ACHR / Archer Aviation Inc. / CFD ARCHER AVIATION INC-A / CFD ARCHER AVIATION INC-A,ok_ticker,"Archer Aviation, Inc.",2025:2.0,2025:Tradr 2X Long ACHR Daily ETF
ACHU,T-REX,ACHR,2.0,daily,active,S000093872,T-REX 2X LONG ACHR DAILY TARGET ETF,ETF Opportunities Trust,0001771146,stock,ACHR,True,0,,,,,listed_no_nport_yet,,no_ref,,2025:2.0,2025:T-REX 2X LONG ACHR DAILY TARGET ETF
,Corgi,ACHR,2.0,daily,closed,S000104875,Corgi ACHR 2x Daily ETF,Corgi ETF Trust I,0002078265,stock,ACHR,False,1,2026-06-30,2026-06-30,255105.92,255105.92,nport,ACHR / Archer Aviation Inc / ARCHER AVIATION INC.-SWAP-MREX-L,ok_ticker,ACHR (the underlying security referenced by the swap),2026:2.0,2026:Corgi ACHR 2x Daily ETF
,Corgi,ACLS,2.0,daily,closed,S000104886,Corgi ACLS 2x Daily ETF,Corgi ETF Trust I,0002078265,stock,ACLS,False,1,2026-06-30,2026-06-30,302687.67,302687.67,nport,"ACLS / Axcelis Technologies Inc / AXCELIS TECHNOLOGIES, INC.-SWAP-CANT-L",ok_ticker,"Axcelis Technologies, Inc.",2026:2.0,2026:Corgi ACLS 2x Daily ETF
,Corgi,ACMR,2.0,daily,closed,S000104894,Corgi ACMR 2x Daily ETF,Corgi ETF Trust I,0002078265,stock,ACMR,False,1,2026-06-30,2026-06-30,399726.28,399726.28,nport,"ACMR / ACM Research Inc / ACM RESEARCH, INC.-SWAP-MREX-L",ok_ticker,"ACM Research, Inc.",2026:2.0,2026:Corgi ACMR 2x Daily ETF
ADS,GraniteShares,ADBE,-2.0,daily,active,S000088296,GraniteShares 2x Short ADBE Daily ETF,GraniteShares ETF Trust,0001689873,stock,ADBE,True,0,,,,,listed_no_nport_yet,,no_ref,,2025:-2.0,2025:GraniteShares 2x Short ADBE Daily ETF
ADL,GraniteShares,ADBE,2.0,daily,active,S000088313,GraniteShares 2x Long ADBE Daily ETF,GraniteShares ETF Trust,0001689873,stock,ADBE,True,0,,,,,listed_no_nport_yet,,no_ref,,2025:2.0,2025:GraniteShares 2x Long ADBE Daily ETF
ADBG,Leverage Shares,ADBE,2.0,daily,active,S000091233,Leverage Shares 2X Long ADBE Daily ETF,Themes ETF Trust,0001976322,stock,ADBE,True,5,2025-04-30,2026-04-30,38480087.04,38480087.04,nport,Adobe Inc / Adobe Inc / ADOBE INC SWAP - L - CS || Adobe Inc / Adobe Inc / ADOBE INC SWAP - L - CANTOR || Adobe Inc / Adobe Inc / ADOBE INC SWAP - L - MAREX,ok_name,ADBE US Equity,2025:2.0,2025:Leverage Shares 2X Long ADBE Daily ETF
ADBU,Direxion,ADBE,2.0,daily,active,S000094236,Direxion Daily ADBE Bull 2X ETF,Direxion Shares ETF Trust,0001424958,stock,ADBE,True,1,2026-04-30,2026-04-30,3860922.57,3860922.57,nport,ADOBE INC SWAP,ok_name,Adobe Inc.,2025:2.0,2025:Direxion Daily ADBE Bull 2X ETF
ADIX,Tradr,ADI,2.0,daily,active,S000103180,Tradr 2X Long ADI Daily ETF,Investment Managers Series Trust II,0001587982,stock,ADI,True,0,,,,,listed_no_nport_yet,,no_ref,,2026:2.0,2026:Tradr 2X Long ADI Daily ETF
ADIU,Leverage Shares,ADI,2.0,daily,active,S000105552,Leverage Shares 2X Long ADI Daily ETF,Themes ETF Trust,0001976322,stock,ADI,True,0,,,,,listed_no_nport_yet,,no_ref,,2026:2.0,2026:Leverage Shares 2X Long ADI Daily ETF
AEHG,Leverage Shares,AEHR,2.0,daily,active,S000105563,Leverage Shares 2X Long AEHR Daily ETF,Themes ETF Trust,0001976322,stock,AEHR,True,0,,,,,listed_no_nport_yet,,no_ref,,2026:2.0,2026:Leverage Shares 2X Long AEHR Daily ETF
AEHX,Tradr,AEHR,2.0,daily,active,S000107000,Tradr 2X Long AEHR Daily ETF,Investment Managers Series Trust II,0001587982,stock,AEHR,True,0,,,,,listed_no_nport_yet,,no_ref,,2026:2.0,2026:Tradr 2X Long AEHR Daily ETF
AEOX,Defiance,AEO,2.0,daily,active,S000096288,Defiance Daily Target 2X Long AEO ETF,Tidal Trust II,0001924868,stock,AEO,True,0,,,,,listed_no_nport_yet,,no_ref,,2026:2.0,2026:Defiance Daily Target 2X Long AEO ETF
AFRU,T-REX,AFRM,2.0,daily,active,S000093883,T-Rex 2X Long AFRM Daily Target ETF,ETF Opportunities Trust,0001771146,stock,AFRM,True,4,2025-09-30,2026-06-30,4423433.65,4423433.65,nport,AFRM / Affirm Holdings Inc / AFFIRM HLDGS INC SWAP CLEARSTREET,ok_ticker,AFRM US EQUITY,2025:2.0,2025:T-REX 2X LONG AFRM DAILY TARGET ETF
ALAQ,Tradr,ALAB,-2.0,daily,active,S000100827,Tradr 2X Short ALAB Daily ETF,Investment Managers Series Trust II,0001587982,stock,ALAB,True,0,,,,,listed_no_nport_yet,,no_ref,,2026:-2.0,2026:Tradr 2X Short ALAB Daily ETF
LABX,Tradr,ALAB,2.0,daily,active,S000091893,Tradr 2X Long ALAB Daily ETF,Investment Managers Series Trust II,0001587982,stock,ALAB,True,4,2025-09-30,2026-06-30,136298928.08,136298928.08,nport,"ALAB / Astera Labs, Inc. / CFD ASTERA LABS INC / CFD ASTERA LABS INC",ok_ticker,"Astera Labs, Inc.",2025:2.0,2025:Tradr 2X Long ALAB Daily ETF
ALAX,Defiance,ALAB,2.0,daily,active,S000095537,Defiance Daily Target 2X Long ALAB ETF,Tidal Trust II,0001924868,stock,ALAB,True,0,,,,,listed_no_nport_yet,,no_ref,,2026:2.0,2026:Defiance Daily Target 2X Long ALAB ETF
,Leverage Shares,ALB,2.0,daily,closed,S000100533,Leverage Shares 2X Long ALB Daily ETF,Themes ETF Trust,0001976322,stock,ALB,False,2,2026-01-31,2026-04-30,1449449.61,1449449.61,nport,Albemarle Corp / Albemarle Corp / ALBEMARLE CORP SWAP CS || Albemarle Corp / Albemarle Corp / ALBEMARLE CORP SWAP MAREX || Albemarle Corp / Albemarle Corp / ALBEMARLE CORP SWAP CF,ok_name,ALB US Equity,2026:2.0,2026:Leverage Shares 2X Long ALB Daily ETF
AMA,Defiance,AMAT,2.0,daily,active,S000089799,Defiance Daily Target 2X Long AMAT ETF,Tidal Trust II,0001924868,stock,AMAT,True,0,,,,,listed_no_nport_yet,,no_ref,,2025:2.0,2025:Defiance Daily Target 2X Long AMAT ETF
AML,GraniteShares,AMC,2.0,daily,active,S000090802,GraniteShares 2x Long AMC Daily ETF,GraniteShares ETF Trust,0001689873,stock,AMC,True,0,,,,,listed_no_nport_yet,,no_ref,,2025:2.0,2025:GraniteShares 2x Long AMC Daily ETF
AMDS,GraniteShares,AMD,-2.0,daily,active,S000081136,GraniteShares 2x Short AMD Daily ETF,GraniteShares ETF Trust,0001689873,stock,AMD,True,0,,,,,listed_no_nport_yet,,no_ref,,2023:-1.25; 2024:-2.0,2023:GraniteShares 1.25x Short AMD Daily ETF; 2024:GraniteShares 2x Short AMD Daily ETF
DAMD,Defiance,AMD,-2.0,daily,active,S000096879,Defiance Daily Target 2x Short Amd ETF,Tidal Trust II,0001924868,stock,Amd,True,2,2026-01-31,2026-04-30,24210354.47,24210354.47,nport,common stock / ADVANCED MICRO DEVICES SWAP NM || common stock / ADVANCED MICRO DEVICES SWAP MAR || common stock / ADVANCED MICRO DEVICES SWAP CANTOR-S,ok_name,Advanced Micro Devices,2026:-2.0,2026:Defiance Daily Target 2X Short AMD ETF
,GraniteShares,AMD,-1.0,daily,closed,S000081152,GraniteShares 1x Short AMD Daily ETF,GraniteShares ETF Trust,0001689873,stock,AMD,False,7,2023-09-30,2025-03-31,1452268.1,3023489.82,nport,"Advanced Micro Devices, Inc. / Advanced Micro Devices, Inc. / Cowen Group / AMD EQUITY SWAP 1",ok_ticker,AMD GROSS CLOSE,2023:-1.0,2023:GraniteShares 1x Short AMD Daily ETF
AMDD,Direxion,AMD,-1.0,daily,active,S000088058,Direxion Daily AMD Bear 1X Shares,Direxion Shares ETF Trust,0001424958,stock,AMD,True,5,2025-04-30,2026-04-30,22313552.03,24243220.42,nport,Direxion Daily AMD Shares || AMD Shares SWAP,ok_ticker,"Advanced Micro Devices, Inc.",2025:-1.0; 2026:-1.0,2025:Direxion Daily AMD Bear 1X Shares; 2026:Direxion Daily AMD Bear 1X ETF
AMDL,GraniteShares,AMD,2.0,daily,active,S000076350,GraniteShares 2x Long AMD Daily ETF,GraniteShares ETF Trust,0001689873,stock,AMD,True,10,2024-03-31,2026-06-30,1661346362.67,1661346362.67,nport,"Advanced Micro Devices, Inc. / Wells Fargo Securities, LLC / Recv Long 2x Amd Trs Wf || Advanced Micro Devices, Inc. / BMO Capital Markets / Recv Long 2x Amd Trs Bmo || Advanced Micro Devices, Inc. / Nomura Securities / Recv Long 2x Amd Trs Nm",ok_ticker,AMD GROSS CLOSE,2022:2.0; 2023:1.25,2022:GraniteShares 2x Long AMD Daily ETF; 2023:GraniteShares 1.25x Long AMD Daily ETF
AMDG,Leverage Shares,AMD,2.0,daily,active,S000086639,Leverage Shares 2X Long AMD Daily ETF,Themes ETF Trust,0001976322,stock,AMD,True,6,2025-01-31,2026-04-30,25744850.05,28595215.81,nport,Advanced Micro Devices Inc / Advanced Micro Devices Inc / ADVANCED MICRO DEVICES INC  SWAP - L  - CLEARSTREE || Advanced Micro Devices Inc / Advanced Micro Devices Inc / ADVANCED MICRO DEVICES INC  SWAP - L  - CANTOR || Advanced Micro Devices Inc / Advanced Micro Devices Inc / ADVANCED MICRO DEVICES INC  SWAP - L  - MAREX,ok_name,AMD US Equity,2025:2.0,2025:Leverage Shares 2X Long AMD Daily ETF
AMUU,Direxion,AMD,2.0,daily,active,S000088048,Direxion Daily AMD Bull 2X Shares,Direxion Shares ETF Trust,0001424958,stock,AMD,True,5,2025-04-30,2026-04-30,74172662.53,74172662.53,nport,AMD Shares SWAP || Direxion Daily AMD Shares,ok_ticker,"Advanced Micro Devices, Inc.",2025:2.0; 2026:2.0,2025:Direxion Daily AMD Bull 2X Shares; 2026:Direxion Daily AMD Bull 2X ETF
,Corgi,AMD,2.0,daily,closed,S000104884,Corgi AMD 2x Daily ETF,Corgi ETF Trust I,0002078265,stock,AMD,False,1,2026-06-30,2026-06-30,294861.65,294861.65,nport,"AMD / Advanced Micro Devices Inc / ADVANCED MICRO DEVICES, INC.-SWAP-CLST-L",ok_ticker,Advanced Micro Devices Inc,2026:2.0,2026:Corgi AMD 2x Daily ETF
AMKL,Defiance,AMKR,2.0,daily,active,S000100996,Defiance Daily Target 2X Long AMKR ETF,Tidal Trust II,0001924868,stock,AMKR,True,0,,,,,listed_no_nport_yet,,no_ref,,2026:2.0,2026:Defiance Daily Target 2X Long AMKR ETF
,Defiance,AMPX,2.0,daily,closed,S000104012,Defiance Daily Target 2x Long AMPX ETF,Tidal Trust II,0001924868,stock,AMPX,False,1,2026-06-30,2026-06-30,4542976.58,4542976.58,nport,"AMPRIUS TECHNOLOGIES, INC.-SWAP-CANT-L || AMPRIUS TECHNOLOGIES, INC.-SWAP-JNST-L || AMPRIUS TECHNOLOGIES, INC.-SWAP-NMRA-L",ok_name,"Amprius Technologies, Inc.",2026:2.0,2026:Defiance Daily Target 2X Long AMPX ETF
AMTL,Defiance,AMTM,2.0,daily,active,S000101614,Defiance Daily Target 2X Long AMTM ETF,Tidal Trust II,0001924868,stock,AMTM,True,0,,,,,listed_no_nport_yet,,no_ref,,2026:2.0,2026:Defiance Daily Target 2X Long AMTM ETF
AMZO,Tradr,AMZN,-2.0,daily,active,S000100828,Tradr 2X Short AMZN Daily ETF,Investment Managers Series Trust II,0001587982,stock,AMZN,True,2,2026-03-31,2026-06-30,1087568.51,1087568.51,nport,"AMZN / Amazon.com, Inc. / CFD AMAZON.COM INC / CFD AMAZON.COM INC",ok_ticker,"Amazon.com, Inc.",2026:-2.0,2026:Tradr 2X Short AMZN Daily ETF
AMZD,Direxion,AMZN,-1.0,daily,active,S000076246,Direxion Daily AMZN Bear 1X Shares,Direxion Shares ETF Trust,0001424958,stock,AMZN,True,15,2022-10-31,2026-04-30,14632222.52,14632222.52,nport,Amazon Inc Swap || AMAZON.COM INC SWAP,ok_name,"Amazon.com, Inc.",2022:-1.0; 2026:-1.0,2022:Direxion Daily AMZN Bear 1X Shares; 2026:Direxion Daily AMZN Bear 1X ETF
AMZU,Direxion,AMZN,2.0,daily,active,S000076237,Direxion Daily AMZN Bull 2X Shares,Direxion Shares ETF Trust,0001424958,stock,AMZN,True,15,2022-10-31,2026-04-30,427879693.63,490277710.51,nport,Amazon Inc Swap,ok_name,"Amazon.com, Inc.",2022:2.0; 2023:1.5; 2026:2.0,2022:Direxion Daily AMZN Bull 2X Shares; 2023:Direxion Daily AMZN Bull 1.5X Shares; 2026:Direxion Daily AMZN Bull 2X ETF
AMZZ,GraniteShares,AMZN,2.0,daily,active,S000076354,GraniteShares 2x Long AMZN Daily ETF,GraniteShares ETF Trust,0001689873,stock,AMZN,True,10,2024-03-31,2026-06-30,45186743.01,65434371.69,nport,"Amazon.com, Inc. / TD Cowen / AMZN EQUITY SWAP 1",ok_ticker,AMAZON GROSS CLOSE,2022:2.0; 2023:1.5; 2024:2.0,2022:GraniteShares 2x Long Amazon Daily ETF; 2023:GraniteShares 1.5x Long AMZN Daily ETF; 2024:GraniteShares 2x Long AMZN Daily ETF
ANEL,Defiance,ANET,2.0,daily,active,S000092416,Defiance Daily Target 2x Long Anet ETF,Tidal Trust II,0001924868,stock,Anet,True,3,2025-10-31,2026-04-30,6339672.39,8605475.93,nport,common stock / ARISTA NETWORKS INC SWAP CANTOR || common stock / ARISTA NETWORKS SWAP CS || common stock / ARISTA NETWORKS INC SWAP MAREX,ok_name,Arista Networks,2025:2.0,2025:Defiance Daily Target 2X Long ANET ETF
APHU,T-REX,APH,2.0,daily,active,S000098202,T-REX 2X Long APH Daily Target ETF,ETF Opportunities Trust,0001771146,stock,APH,True,2,2026-03-31,2026-06-30,3421516.7,3421516.7,nport,APH / Amphenol Corp / AMPHENOL CORP SWAP CLEAR STREET,ok_ticker,APH US EQUITY,2026:2.0,2026:T-REX 2X LONG APH DAILY TARGET ETF
APHG,Leverage Shares,APH,2.0,daily,active,S000105565,Leverage Shares 2X Long APH Daily ETF,Themes ETF Trust,0001976322,stock,APH,True,0,,,,,listed_no_nport_yet,,no_ref,,2026:2.0,2026:Leverage Shares 2X Long APH Daily ETF
SAPL,Defiance,APLD,-2.0,daily,active,S000099408,Defiance Daily Target 2X Short APLD ETF,Tidal Trust II,0001924868,stock,APLD,True,0,,,,,listed_no_nport_yet,,no_ref,,2026:-2.0,2026:Defiance Daily Target 2X Short APLD ETF
APLZ,Tradr,APLD,-2.0,daily,active,S000100830,Tradr 2x Short APLD Daily ETF,Investment Managers Series Trust II,0001587982,stock,APLD,True,2,2026-03-31,2026-06-30,4840642.11,4840642.11,nport,APLD / Applied Digital Corporation / CFD APPLIED DIGITAL CORP / CFD APPLIED DIGITAL CORP,ok_ticker,Applied Digital Corp.,2026:-2.0,2026:Tradr 2X Short APLD Daily ETF
APLX,Tradr,APLD,2.0,daily,active,S000095051,Tradr 2X Long APLD Daily ETF,Investment Managers Series Trust II,0001587982,stock,APLD,True,4,2025-09-30,2026-06-30,60897511.02,60897511.02,nport,APLD / Applied Digital Corp. / CFD APPLIED DIGITAL CORP / CFD APPLIED DIGITAL CORP,ok_ticker,Applied Digital Corp.,2026:2.0,2026:Tradr 2X Long APLD Daily ETF
APLL,Defiance,APLD,2.0,daily,active,S000095542,Defiance Daily Target 2X Long APLD ETF,Tidal Trust II,0001924868,stock,APLD,True,0,,,,,listed_no_nport_yet,,no_ref,,2026:2.0,2026:Defiance Daily Target 2X Long APLD ETF
APPX,Tradr,APP,2.0,daily,active,S000091894,Tradr 2X Long APP Daily ETF,Investment Managers Series Trust II,0001587982,stock,APP,True,5,2025-06-30,2026-06-30,112236949.11,118435837.36,nport,APP / APPLOVIN CORP. / CFD APPLOVIN CORP-CLASS A / CFD APPLOVIN CORP-CLASS A,ok_ticker,Applovin Corp,2025:2.0,2025:Tradr 2X Long APP Daily ETF
SARM,Defiance,ARM,-2.0,daily,active,S000099415,Defiance Daily Target 2X Short ARM ETF,Tidal Trust II,0001924868,stock,ARM,True,0,,,,,listed_no_nport_yet,,no_ref,,2026:-2.0,2026:Defiance Daily Target 2X Short ARM ETF
ARMG,Leverage Shares,ARM,2.0,daily,active,S000086640,Leverage Shares 2X Long ARM Daily ETF,Themes ETF Trust,0001976322,stock,ARM,True,6,2025-01-31,2026-04-30,63707600.81,63707600.81,nport,ARM Holdings PLC / ARM Holdings PLC / ARM HOLDINGS SWAP - L - CS || ARM Holdings PLC / ARM Holdings PLC / ARM HOLDINGS SWAP - L - CF || ARM Holdings PLC / ARM Holdings PLC / ARM HOLDINGS SWAP - L - MAR,ok_ticker,ARM US Equity,2025:2.0,2025:Leverage Shares 2X Long ARM Daily ETF
ARMU,T-REX,ARM,2.0,daily,active,S000087463,T-Rex 2X Long ARM Daily Target ETF,ETF Opportunities Trust,0001771146,stock,ARM,True,4,2025-03-31,2025-12-31,1961771.73,2577808.56,nport,ARM Holdings PLC / ARM Holdings PLC / ARM HOLDINGS PLC SWAP CANTOR,ok_ticker,ARM US EQUITY,2025:2.0,2025:T-REX 2X LONG ARM DAILY TARGET ETF
ARMX,Defiance,ARM,2.0,daily,active,S000092417,Defiance Daily Target 2X Long ARM ETF,Tidal Trust II,0001924868,stock,ARM,True,0,,,,,listed_no_nport_yet,,no_ref,,2025:2.0,2025:Defiance Daily Target 2X Long ARM ETF
ASMG,Leverage Shares,ASML,2.0,daily,active,S000086641,Leverage Shares 2X Long ASML Daily ETF,Themes ETF Trust,0001976322,stock,ASML,True,6,2025-01-31,2026-04-30,32277298.87,43753296.24,nport,ASML Holding NV / ASML Holding NV / ASML HOLDING NV SWAP - L - CLEARSTREET || ASML Holding NV / ASML Holding NV / ASML HOLDING NV SWAP - L - CANTOR || ASML Holding NV / ASML Holding NV / ASML HOLDING NV SWAP - L - MAREX,ok_ticker,ASML US Equity,2025:2.0,2025:Leverage Shares 2X Long ASML Daily ETF
KASM,KraneShares,ASML,2.0,daily,active,S000091099,KraneShares 2x Long ASML Daily ETF,Krane Shares Trust,0001547576,stock,ASML,True,0,,,,,listed_no_nport_yet,,no_ref,,2025:2.0,2025:KraneShares 2x Long ASML Daily ETF
ASMU,Direxion,ASML,2.0,daily,active,S000092925,Direxion Daily ASML Bull 2X ETF,Direxion Shares ETF Trust,0001424958,stock,ASML,True,1,2026-04-30,2026-04-30,6648722.41,6648722.41,nport,ASML HOLDING NV-NY REG SHS SWAP,ok_ticker,ASML Holding NV-NY Reg Shs,2025:2.0; 2026:2.0,2025:Direxion Daily ASML Bull 2X Shares; 2026:Direxion Daily ASML Bull 2X ETF
ASPX,Tradr,ASPI,2.0,daily,active,S000107004,Tradr 2X Long ASPI Daily ETF,Investment Managers Series Trust II,0001587982,stock,ASPI,True,0,,,,,listed_no_nport_yet,,no_ref,,2026:2.0,2026:Tradr 2X Long ASPI Daily ETF
ASTN,Defiance,ASTS,-2.0,daily,active,S000096890,Defiance Daily Target 2x Short Asts ETF,Tidal Trust II,0001924868,stock,Asts,True,1,2026-04-30,2026-04-30,2216725.71,2216725.71,nport,common stock / AST SPACEMOBILE SWAP CF-S || common stock / AST SPACEMOBILE SWAP MAREX-S || common stock / AST SPACEMOBILE SWAP CS-S,ok_name,AST SpaceMobile Inc,2026:-2.0,2026:Defiance Daily Target 2X Short ASTS ETF
ASTX,Tradr,ASTS,2.0,daily,active,S000093731,Tradr 2X Long ASTS Daily ETF,Investment Managers Series Trust II,0001587982,stock,ASTS,True,4,2025-09-30,2026-06-30,601492126.8,601492126.8,nport,"ASTS / AST SpaceMobile, Inc. / CFD AST SPACEMOBILE INC / CFD AST SPACEMOBILE INC",ok_ticker,"AST SpaceMobile, Inc.",2025:2.0,2025:Tradr 2X Long ASTS Daily ETF
ASTY,Defiance,ASTS,2.0,daily,active,S000103136,Defiance Daily Target 2x Long Asts ETF,Tidal Trust II,0001924868,stock,Asts,True,1,2026-06-30,2026-06-30,15492413.48,15492413.48,nport,"AST SPACEMOBILE, INC.-SWAP-CANT-L || AST SPACEMOBILE, INC.-SWAP-CLST-L || AST SPACEMOBILE, INC.-SWAP-MREX-L",ok_name,AST SpaceMobile Inc,2026:2.0,2026:Defiance Daily Target 2X Long ASTS ETF
ASTG,Leverage Shares,ASTS,2.0,daily,active,S000105566,Leverage Shares 2X Long ASTS Daily ETF,Themes ETF Trust,0001976322,stock,ASTS,True,0,,,,,listed_no_nport_yet,,no_ref,,2026:2.0,2026:Leverage Shares 2X Long ASTS Daily ETF
ASXG,Leverage Shares,ASX,2.0,daily,active,S000105567,Leverage Shares 2X Long ASX Daily ETF,Themes ETF Trust,0001976322,stock,ASX,True,0,,,,,listed_no_nport_yet,,no_ref,,2026:2.0,2026:Leverage Shares 2X Long ASX Daily ETF
AURL,T-REX,AUR,2.0,daily,active,S000093890,T-REX 2X LONG AUR DAILY TARGET ETF,ETF Opportunities Trust,0001771146,stock,AUR,True,0,,,,,listed_no_nport_yet,,no_ref,,2025:2.0,2025:T-REX 2X LONG AUR DAILY TARGET ETF
,Tradr,AUR,2.0,daily,closed,S000095062,Tradr 2X Long AUR Daily ETF,Investment Managers Series Trust II,0001587982,stock,AUR,False,1,2025-12-31,2025-12-31,1242917.58,1242917.58,nport,"AUR / Aurora Innovation, Inc. / Aurora Innovation, Inc. / CFD AURORA INNOVATION INC / CFD AURORA INNOVATION INC",ok_ticker,"Aurora Innovation, Inc.",2026:2.0,2026:Tradr 2X Long AUR Daily ETF
AVUP,T-REX,AVAV,2.0,daily,active,S000093891,T-REX 2X LONG AVAV DAILY TARGET ETF,ETF Opportunities Trust,0001771146,stock,AVAV,True,0,,,,,listed_no_nport_yet,,no_ref,,2025:2.0,2025:T-REX 2X LONG AVAV DAILY TARGET ETF
AVXX,Defiance,AVAV,2.0,daily,active,S000095543,Defiance Daily Target 2x Long Avav ETF,Tidal Trust II,0001924868,stock,Avav,True,3,2025-10-31,2026-04-30,9264101.37,9264101.37,nport,common stock / AEROVIRONMENT INC SWAP MAREX || common stock / AEROVIRONMENT INC SWAP CS || common stock / AEROVIRONMENT INC COM SWAP CAN,ok_name,AeroVironment,2026:2.0,2026:Defiance Daily Target 2X Long AVAV ETF
AVGD,T-REX,AVGO,-2.0,daily,active,S000087484,T-REX 2X INVERSE AVGO DAILY TARGET ETF,ETF Opportunities Trust,0001771146,stock,AVGO,True,0,,,,,listed_no_nport_yet,,no_ref,,2025:-2.0,2025:T-REX 2X INVERSE AVGO DAILY TARGET ETF
AVGS,GraniteShares,AVGO,-2.0,daily,active,S000088298,GraniteShares 2x Short AVGO Daily ETF,GraniteShares ETF Trust,0001689873,stock,AVGO,True,0,,,,,listed_no_nport_yet,,no_ref,,2025:-2.0,2025:GraniteShares 2x Short AVGO Daily ETF
AVS,Direxion,AVGO,-1.0,daily,active,S000088060,Direxion Daily AVGO Bear 1X Shares,Direxion Shares ETF Trust,0001424958,stock,AVGO,True,7,2024-10-31,2026-04-30,6934120.22,11628306.84,nport,Direxion Daily AVGO Bull/Bear SWAP,ok_ticker,Broadcom Inc.,2025:-1.0; 2026:-1.0,2025:Direxion Daily AVGO Bear 1X Shares; 2026:Direxion Daily AVGO Bear 1X ETF
AVGX,Defiance,AVGO,2.0,daily,active,S000085139,Defiance Daily Target 2x Long Avgo ETF,Tidal Trust II,0001924868,stock,Avgo,True,7,2024-10-31,2026-04-30,164787612.22,228032959.92,nport,common stock / BROADCOM INC SWAP MS || common stock / BROADCOM INC SWAP NBC-L || common stock / BROADCOM INC COM SWAP CS - L,ok_name,Broadcom,2024:2.0; 2025:2.0,2024:Defiance Daily Target 2X Long PANW ETF; 2025:Defiance Daily Target 2X Long AVGO ETF
AVL,Direxion,AVGO,2.0,daily,active,S000088059,Direxion Daily AVGO Bull 2X Shares,Direxion Shares ETF Trust,0001424958,stock,AVGO,True,7,2024-10-31,2026-04-30,188507190.49,188507190.49,nport,Direxion Daily AVGO Bull/Bear SWAP,ok_ticker,Broadcom Inc.,2025:2.0; 2026:2.0,2025:Direxion Daily AVGO Bull 2X Shares; 2026:Direxion Daily AVGO Bull 2X ETF
AVGU,GraniteShares,AVGO,2.0,daily,active,S000088314,GraniteShares 2x Long AVGO Daily ETF,GraniteShares ETF Trust,0001689873,stock,AVGO,True,4,2025-09-30,2026-06-30,35646974.53,35646974.53,nport,"Broadcom, Inc. / Cantor Fitzgerald / GRANITESHARES LONG AVGO SWAP CANTOR FITZGERALD",ok_ticker,AVGO GROSS CLOSE,2025:2.0,2025:GraniteShares 2x Long AVGO Daily ETF
AVGG,Leverage Shares,AVGO,2.0,daily,active,S000091235,Leverage Shares 2X Long AVGO Daily ETF,Themes ETF Trust,0001976322,stock,AVGO,True,4,2025-07-31,2026-04-30,39071180.1,39071180.1,nport,Broadcom Inc / Broadcom Inc / BROADCOM INC SWAP - L  - CLEARSTREET || Broadcom Inc / Broadcom Inc / BROADCOM INC SWAP - L  - CANTOR || Broadcom Inc / Broadcom Inc / BROADCOM INC SWAP - L  - MAREX,ok_name,AVGO US Equity,2025:2.0,2025:Leverage Shares 2X Long AVGO Daily ETF
AXUP,T-REX,AXON,2.0,daily,active,S000093892,T-Rex 2x Long AXON Daily Target ETF,ETF Opportunities Trust,0001771146,stock,AXON,True,2,2025-09-30,2025-12-31,2312865.53,2312865.53,nport,Axon Enterprise Inc / Axon Enterprise Inc / AXON ENTERPRISE INC SWAP CLEARSTREET,ok_ticker,NDX INDEX,2025:2.0,2025:T-REX 2X LONG AXON DAILY TARGET ETF
,Leverage Shares,AXP,2.0,daily,closed,S000100544,Leverage Shares 2X Long AXP Daily ETF,Themes ETF Trust,0001976322,stock,AXP,False,1,2026-04-30,2026-04-30,686596.91,686596.91,nport,American Express Co / American Express Co / AMERICAN EXPRESS SWAP - L  - MAREX || American Express Co / American Express Co / AMERICAN EXPRESS SWAP - L  - CF || American Express Co / American Express Co / AMERICAN EXPRESS SWAP - L  - CS,ok_name,AXP US Equity,2026:2.0,2026:Leverage Shares 2X Long AXP Daily ETF
AXTQ,Tradr,AXTI,-2.0,daily,active,S000106997,Tradr 2X Short AXTI Daily ETF,Investment Managers Series Trust II,0001587982,stock,AXTI,True,0,,,,,listed_no_nport_yet,,no_ref,,2026:-2.0,2026:Tradr 2X Short AXTI Daily ETF
,T-REX,AXTI,2.0,daily,closed,S000102264,T-Rex 2X Long AXTI Daily Target ETF,ETF Opportunities Trust,0001771146,stock,AXTI,False,1,2026-06-30,2026-06-30,14375306.02,14375306.02,nport,RECV 2199 TRS AXTI EQ / RECV 2199 TRS AXTI EQ / RECV 2199 TRS AXTI EQ,ok_ticker,AXTI US EQUITY,2026:2.0,2026:T-REX 2X LONG AXTI DAILY TARGET ETF
AXTX,Tradr,AXTI,2.0,daily,active,S000103182,Tradr 2X Long AXTI Daily ETF,Investment Managers Series Trust II,0001587982,stock,AXTI,True,1,2026-06-30,2026-06-30,221426584.57,221426584.57,nport,"AXTI / AXT, Inc. / CFD AXT INC / CFD AXT INC",ok_ticker,"AXT, Inc.",2026:2.0,2026:Tradr 2X Long AXTI Daily ETF
AXTL,Leverage Shares,AXTI,2.0,daily,active,S000105568,Leverage Shares 2X Long AXTI Daily ETF,Themes ETF Trust,0001976322,stock,AXTI,True,0,,,,,listed_no_nport_yet,,no_ref,,2026:2.0,2026:Leverage Shares 2X Long AXTI Daily ETF
BU,Defiance,B,2.0,daily,active,S000089802,Defiance Daily Target 2x Long B ETF,Tidal Trust II,0001924868,stock,B,True,2,2026-01-31,2026-04-30,563762.03,823864.57,nport,common stock / BARRICK MNG CORP SWAP CS || common stock / BARRICK MNG CORP SWAP CF-L || common stock / BARRICK MNG CORP SWAP MAREX,ok_name,Barrick Mining,2025:2.0; 2026:2.0,2025:Defiance Daily Target 2X Long GOLD ETF; 2026:Defiance Daily Target 2X Long B ETF
GLDU,T-REX,B,2.0,daily,active,S000093877,T-REX 2X LONG B DAILY TARGET ETF,ETF Opportunities Trust,0001771146,stock,B,True,0,,,,,listed_no_nport_yet,,no_ref,,2025:2.0; 2026:2.0,2025:T-REX 2X LONG GOLD DAILY TARGET ETF; 2026:T-REX 2X LONG B DAILY TARGET ETF
BAD,T-REX,BA,-2.0,daily,active,S000087485,T-REX 2X INVERSE BA DAILY TARGET ETF,ETF Opportunities Trust,0001771146,stock,BA,True,0,,,,,listed_no_nport_yet,,no_ref,,2025:-2.0,2025:T-REX 2X INVERSE BA DAILY TARGET ETF
BOED,Direxion,BA,-1.0,daily,active,S000088062,Direxion Daily BA Bear 1X Shares,Direxion Shares ETF Trust,0001424958,stock,BA,True,4,2025-04-30,2026-01-31,2077747.43,2460269.5,nport,BOEING CO SWAP,ok_name,The Boeing Company,2025:-1.0; 2026:-1.0,2025:Direxion Daily BA Bear 1X Shares; 2026:Direxion Daily BA Bear 1X ETF
BOEG,Leverage Shares,BA,2.0,daily,active,S000086642,Leverage Shares 2X Long BA Daily ETF,Themes ETF Trust,0001976322,stock,BA,True,4,2025-07-31,2026-04-30,4620096.59,4620096.59,nport,Boeing Co/The / Boeing Co/The / THE BOEING COMPANY SWAP - L  - CLEARSTREET || Boeing Co/The / Boeing Co/The / THE BOEING COMPANY - L  - CANTOR || Boeing Co/The / Boeing Co/The / THE BOEING COMPANY SWAP - L  - MAREX,ok_name,BA US Equity,2025:2.0,2025:Leverage Shares 2X Long BA Daily ETF
BOEU,Direxion,BA,2.0,daily,active,S000088061,Direxion Daily BA Bull 2X Shares,Direxion Shares ETF Trust,0001424958,stock,BA,True,5,2025-04-30,2026-04-30,18806135.28,25168849.36,nport,BOEING CO SWAP,ok_name,The Boeing Company,2025:2.0; 2026:2.0,2025:Direxion Daily BA Bull 2X Shares; 2026:Direxion Daily BA Bull 2X ETF
BABX,GraniteShares,BABA,2.0,daily,active,S000076352,GraniteShares 2x Long BABA Daily ETF,GraniteShares ETF Trust,0001689873,stock,BABA,True,15,2022-12-31,2026-06-30,74512515.2,216675273.76,nport,"Alibaba Group Holding, Ltd. / Clear Street / Recv Long Baba Trs Cs1 || Alibaba Group Holding, Ltd. / TD Cowen / BABA EQUITY SWAP 1 || Alibaba Group Holding, Ltd. / Wells Fargo Securities, LLC / Recv Long Baba Trs Wf",ok_ticker,ALIBABA GROSS CLOSE,2022:2.0; 2023:1.75; 2024:2.0,2022:GraniteShares 2x Long Alibaba Daily ETF; 2023:GraniteShares 1.75x Long BABA Daily ETF; 2024:GraniteShares 2x Long BABA Daily ETF
KBAB,KraneShares,BABA,2.0,daily,active,S000089268,KraneShares 2x Long BABA Daily ETF,Krane Shares Trust,0001547576,stock,BABA,True,6,2025-03-31,2026-06-30,2170152.86,5327613.05,nport,REF: 2X BABA US EQUITY / REF: 2X BABA US EQUITY BRK :MAREX,ok_ticker,Alibaba Group Holding Ltd.,2025:2.0,2025:KraneShares 2x Long BABA Daily ETF
BABU,Direxion,BABA,2.0,daily,active,S000092939,Direxion Daily BABA Bull 2X ETF,Direxion Shares ETF Trust,0001424958,stock,BABA,True,1,2026-04-30,2026-04-30,3314418.42,3314418.42,nport,ALIBABA GROUP HOLDING-SP ADR SWAP || BABA / ALIBABA GROUP HOLDING-SP ADR / ALIBABA GROUP HOLDING-SP ADR,ok_ticker,Alibaba Group Holding - SP ADR,2025:2.0; 2026:2.0,2025:Direxion Daily BABA Bull 2X Shares; 2026:Direxion Daily BABA Bull 2X ETF
BAIG,Leverage Shares,BBAI,2.0,daily,active,S000093823,Leverage Shares 2x Long BBAI Daily ETF,Themes ETF Trust,0001976322,stock,BBAI,True,3,2025-10-31,2026-04-30,14990102.96,23386861.2,nport,BigBear.ai Holdings Inc / BigBear.ai Holdings Inc / BIGBEAR AI HLDGS INC SWAP - L  - MAREX || BigBear.ai Holdings Inc / BigBear.ai Holdings Inc / BIGBEAR AI HLDGS INC SWAP - L  - CLEARSTREET || BigBear.ai Holdings Inc / BigBear.ai Holdings Inc / BIGBEAR AI HLDGS INC SWAP- L  - CANTOR,ok_name,BBAI US Equity,2025:2.0,2025:Leverage Shares 2X Long BBAI Daily ETF
BBUP,T-REX,BBAI,2.0,daily,active,S000093893,T-REX 2X LONG BBAI DAILY TARGET ETF,ETF Opportunities Trust,0001771146,stock,BBAI,True,0,,,,,listed_no_nport_yet,,no_ref,,2025:2.0,2025:T-REX 2X LONG BBAI DAILY TARGET ETF
BES,Defiance,BE,-2.0,daily,active,S000099416,Defiance Daily Target 2X Short BE ETF,Tidal Trust II,0001924868,stock,BE,True,0,,,,,listed_no_nport_yet,,no_ref,,2026:-2.0,2026:Defiance Daily Target 2X Short BE ETF
BEZ,Tradr,BE,-2.0,daily,active,S000100831,Tradr 2X Short BE Daily ETF,Investment Managers Series Trust II,0001587982,stock,BE,True,2,2026-03-31,2026-06-30,10101641.53,10101641.53,nport,BE / Bloom Energy Corporation / CFD BLOOM ENERGY CORP- A / CFD BLOOM ENERGY CORP- A,ok_ticker,Bloom Energy Corp.,2026:-2.0,2026:Tradr 2X Short BE Daily ETF
BEX,Tradr,BE,2.0,daily,closed,S000096127,Tradr 2X Long BE Daily ETF,Investment Managers Series Trust II,0001587982,stock,BE,False,3,2025-12-31,2026-06-30,164755761.32,164755761.32,nport,BE / Bloom Energy Corporation / CFD BLOOM ENERGY CORP- A / CFD BLOOM ENERGY CORP- A,ok_ticker,Bloom Energy Corp.,2026:2.0,2026:Tradr 2X Long BE Daily ETF
,Leverage Shares,BE,2.0,daily,closed,S000098107,Leverage Shares 2X Long BE Daily ETF,Themes ETF Trust,0001976322,stock,BE,False,2,2026-01-31,2026-04-30,22546962.72,22546962.72,nport,Bloom Energy Corp / Bloom Energy Corp / BLOOM ENERGY SWAP CS || Bloom Energy Corp / Bloom Energy Corp / BLOOM ENERGY SWAP MAR || Bloom Energy Corp / Bloom Energy Corp / BLOOM ENERGY SWAP CF,ok_name,BE US Equity,2026:2.0,2026:Leverage Shares 2X Long BE Daily ETF
LBE,Defiance,BE,2.0,daily,active,S000100079,Defiance Daily Target 2X Long BE ETF,Tidal Trust II,0001924868,stock,BE,True,0,,,,,listed_no_nport_yet,,no_ref,,2026:2.0,2026:Defiance Daily Target 2X Long BE ETF
KBDU,KraneShares,BIDU,2.0,daily,active,S000089269,KraneShares 2x Long BIDU Daily ETF,Krane Shares Trust,0001547576,stock,BIDU,True,3,2025-12-31,2026-06-30,487025.36,1542907.17,nport,REF: 2X BIDU US EQUITY / REF: 2X BIDU US EQUITY BRK: MAREX,ok_ticker,Baidu Inc.,2025:2.0,2025:KraneShares 2x Long BIDU Daily ETF
,Leverage Shares,BIDU,2.0,daily,closed,S000098108,Leverage Shares 2X Long BIDU Daily ETF,Themes ETF Trust,0001976322,stock,BIDU,False,2,2026-01-31,2026-04-30,1641169.42,1995368.0,nport,Baidu Inc / Baidu Inc / BAIDU INC SWAP CS || Baidu Inc / Baidu Inc / BAIDU INC SWAP CF || Baidu Inc / Baidu Inc / BAIDU INC SWAP MAR,ok_name,BIDU US Equity,2026:2.0,2026:Leverage Shares 2X Long BIDU Daily ETF
LBII,Defiance,BIIB,2.0,daily,active,S000100082,Defiance Daily Target 2X Long BIIB ETF,Tidal Trust II,0001924868,stock,BIIB,True,0,,,,,listed_no_nport_yet,,no_ref,,2026:2.0,2026:Defiance Daily Target 2X Long BIIB ETF
BTSS,Defiance,BITF,-2.0,daily,active,S000099417,Defiance Daily Target 2X Short BITF ETF,Tidal Trust II,0001924868,stock_unverified,BITF,True,0,,,,,listed_no_nport_yet,,no_ref,,2026:-2.0,2026:Defiance Daily Target 2X Short BITF ETF
BKNU,T-REX,BKNG,2.0,daily,active,S000093894,T-REX 2X Long BKNG Daily Target ETF,ETF Opportunities Trust,0001771146,stock,BKNG,True,2,2025-09-30,2025-12-31,1646350.11,1646350.11,nport,Booking Holdings Inc / Booking Holdings Inc / BOOKING HOLDINGS INC SWAP CLEARSTREET,ok_name,BKNG US EQUITY,2025:2.0,2025:T-REX 2X LONG BKNG DAILY TARGET ETF
BLSX,Tradr,BLSH,2.0,daily,active,S000096129,Tradr 2X Long BLSH Daily ETF,Investment Managers Series Trust II,0001587982,stock,BLSH,True,1,2025-12-31,2025-12-31,1659379.11,1659379.11,nport,BLSH / Bullish / Bullish / CFD BULLISH / CFD BULLISH,ok_ticker,Bullish,2026:2.0,2026:Tradr 2X Long BLSH Daily ETF
BLSL,Defiance,BLSH,2.0,daily,active,S000096289,Defiance Daily Target 2X Long BLSH ETF,Tidal Trust II,0001924868,stock,BLSH,True,0,,,,,listed_no_nport_yet,,no_ref,,2026:2.0,2026:Defiance Daily Target 2X Long BLSH ETF
BLSG,Leverage Shares,BLSH,2.0,daily,active,S000096298,Leverage Shares 2X Long BLSH Daily ETF,Themes ETF Trust,0001976322,stock,BLSH,True,3,2025-10-31,2026-04-30,1648500.84,1648500.84,nport,Bullish / Bullish / BULLISH SWAP-L - MAREX || Bullish / Bullish / BULLISH SWAP-L - CANTOR || Bullish / Bullish / BULLISH SWAP-L - CLEARSTREET,ok_name,BLSH US Equity,2026:2.0,2026:Leverage Shares 2X Long BLSH Daily ETF
BLHU,T-REX,BLSH,2.0,daily,active,S000096350,T-REX 2X LONG BLSH DAILY TARGET ETF,ETF Opportunities Trust,0001771146,stock,BLSH,True,0,,,,,listed_no_nport_yet,,no_ref,,2026:2.0,2026:T-REX 2X LONG BLSH DAILY TARGET ETF
,Defiance,BMNR,-2.0,daily,closed,S000096893,Defiance Daily Target 2x Short Bmnr ETF,Tidal Trust II,0001924868,stock,Bmnr,False,2,2026-01-31,2026-04-30,21222972.62,21222972.62,nport,common stock / BITMINE IMMERSION TECNOLOGIES SWAP MAREX || common stock / BITMINE IMMERSION TECH SWAP JNST-S || common stock / BITMINE IMMERSION TECNOLOGIES SWAP CANTOR-S,ok_name,Bitmine Immersion Technologies,2026:-2.0,2026:Defiance Daily Target 2X Short BMNR ETF
BMNU,T-REX,BMNR,2.0,daily,active,S000095473,T-REX 2X Long BMNR Daily Target ETF,ETF Opportunities Trust,0001771146,stock,BMNR,True,4,2025-09-30,2026-06-30,162999130.0,422948099.46,nport,BMNR / BitMine Immersion Technologies / BITMINE IMMERSION TECHNOLOGIES SWAP CS || BMNR / BitMine Immersion Technologies / BITMINE IMMERSION TECHNOLOGIES SWAP MAREX || BMNR / BitMine Immersion Technologies / BITMINE IMMERSION TECNOLOGIES SWAP JS,ok_ticker,BMNR US EQUITY,2026:2.0,2026:T-REX 2X LONG BMNR DAILY TARGET ETF
BMNG,Leverage Shares,BMNR,2.0,daily,active,S000096186,Leverage Shares 2X Long BMNR Daily ETF,Themes ETF Trust,0001976322,stock,BMNR,True,3,2025-10-31,2026-04-30,38292363.07,38292363.07,nport,BitMine Immersion Technologies / BitMine Immersion Technologies Inc / BITMINE IMMERSION TECNOLOGIES COM NEW SWAP MAR || BitMine Immersion Technologies / BitMine Immersion Technologies Inc / BITMINE IMMERSION SWAP CS || BitMine Immersion Technologies / BitMine Immersion Technologies Inc / BITMINE IMMERSION SWAP CANTOR,ok_name,BMNR US Equity,2026:2.0,2026:Leverage Shares 2X Long BMNR Daily ETF
BRKD,Direxion,BRK-B,-1.0,daily,active,S000088064,Direxion Daily BRKB Bear 1X Shares,Direxion Shares ETF Trust,0001424958,stock,BRKB,True,5,2025-01-31,2026-01-31,2423850.33,3107250.27,nport,DIREXION DAILY BRK/B BULL / BEAR,ok_ticker,Berkshire Hathaway Inc - Class B,2025:-1.0; 2026:-1.0,2025:Direxion Daily&nbsp;BRKB Bear 1X Shares; 2026:Direxion Daily BRKB Bear 1X ETF
BRKU,Direxion,BRK-B,2.0,daily,active,S000088063,Direxion Daily BRKB Bull 2X Shares,Direxion Shares ETF Trust,0001424958,stock,BRKB,True,6,2025-01-31,2026-04-30,58526386.73,76191875.06,nport,DIREXION DAILY BRK/B BULL / BEAR || Berkshire Hathaway Inc. / Berkshire Hathaway Inc. COM USD0.0033 CLASS'B',ok_name,Berkshire Hathaway Inc - Class B,2025:2.0; 2026:2.0,2025:Direxion Daily BRKB Bull 2X Shares; 2026:Direxion Daily BRKB Bull 2X ETF
BTOO,T-REX,BTBT,2.0,daily,active,S000096440,T-REX 2X Long BTBT Daily Target ETF,ETF Opportunities Trust,0001771146,stock,BTBT,True,0,,,,,listed_no_nport_yet,,no_ref,,2026:2.0,2026:T-REX 2X Long BTBT Daily Target ETF
BTBX,Tradr,BTBT,2.0,daily,active,S000100924,Tradr 2X Long BTBT Daily ETF,Investment Managers Series Trust II,0001587982,stock,BTBT,True,0,,,,,listed_no_nport_yet,,no_ref,,2026:2.0,2026:Tradr 2X Long BTBT Daily ETF
BTDX,Tradr,BTDR,2.0,daily,active,S000100928,Tradr 2X Long BTDR Daily ETF,Investment Managers Series Trust II,0001587982,stock,BTDR,True,0,,,,,listed_no_nport_yet,,no_ref,,2026:2.0,2026:Tradr 2X Long BTDR Daily ETF
BTQL,Defiance,BTQ,2.0,daily,active,S000100083,Defiance Daily Target 2X Long BTQ ETF,Tidal Trust II,0001924868,stock,BTQ,True,0,,,,,listed_no_nport_yet,,no_ref,,2026:2.0,2026:Defiance Daily Target 2X Long BTQ ETF
CBRZ,Tradr,CBRS,-2.0,daily,active,S000105240,Tradr 2X Short CBRS Daily ETF,Investment Managers Series Trust II,0001587982,stock,CBRS,True,0,,,,,listed_no_nport_yet,,no_ref,,2026:-2.0,2026:Tradr 2X Short CBRS Daily ETF
CBRX,Tradr,CBRS,2.0,daily,active,S000105239,Tradr 2X Long CBRS Daily ETF,Investment Managers Series Trust II,0001587982,stock,CBRS,True,0,,,,,listed_no_nport_yet,,no_ref,,2026:2.0,2026:Tradr 2X Long CBRS Daily ETF
CCJX,Tradr,CCJ,2.0,daily,active,S000100930,Tradr 2X Long CCJ Daily ETF,Investment Managers Series Trust II,0001587982,stock,CCJ,True,0,,,,,listed_no_nport_yet,,no_ref,,2026:2.0,2026:Tradr 2X Long CCJ Daily ETF
CCJL,Defiance,CCJ,2.0,daily,active,S000101000,Defiance Daily Target 2X Long CCJ ETF,Tidal Trust II,0001924868,stock,CCJ,True,0,,,,,listed_no_nport_yet,,no_ref,,2026:2.0,2026:Defiance Daily Target 2X Long CCJ ETF
CCLS,GraniteShares,CCL,-2.0,daily,active,S000088299,GraniteShares 2x Short CCL Daily ETF,GraniteShares ETF Trust,0001689873,stock,CCL,True,0,,,,,listed_no_nport_yet,,no_ref,,2025:-2.0,2025:GraniteShares 2x Short CCL Daily ETF
CCLU,GraniteShares,CCL,2.0,daily,active,S000088315,GraniteShares 2x Long CCL Daily ETF,GraniteShares ETF Trust,0001689873,stock,CCL,True,0,,,,,listed_no_nport_yet,,no_ref,,2025:2.0,2025:GraniteShares 2x Long CCL Daily ETF
CDEX,Tradr,CDE,2.0,daily,active,S000100931,Tradr 2X Long CDE Daily ETF,Investment Managers Series Trust II,0001587982,stock,CDE,True,0,,,,,listed_no_nport_yet,,no_ref,,2026:2.0,2026:Tradr 2X Long CDE Daily ETF
CEGX,Tradr,CEG,2.0,daily,active,S000093733,Tradr 2X Long CEG Daily ETF,Investment Managers Series Trust II,0001587982,stock,CEG,True,4,2025-09-30,2026-06-30,19213279.78,19213279.78,nport,CEG / Constellation Energy Corp. / CFD CONSTELLATION ENERGY / CFD CONSTELLATION ENERGY,ok_ticker,Constellation Energy Corp.,2025:2.0,2025:Tradr 2X Long CEG Daily ETF
CEGU,T-REX,CEG,2.0,daily,active,S000093895,T-REX 2X LONG CEG DAILY TARGET ETF,ETF Opportunities Trust,0001771146,stock,CEG,True,0,,,,,listed_no_nport_yet,,no_ref,,2025:2.0,2025:T-REX 2X LONG CEG DAILY TARGET ETF
CELT,Tradr,CELH,2.0,daily,active,S000095065,Tradr 2X Long CELH Daily ETF,Investment Managers Series Trust II,0001587982,stock,CELH,True,1,2025-12-31,2025-12-31,2994118.0,2994118.0,nport,"CELH / Celsius Holdings, Inc. / Celsius Holdings, Inc. / CFD CELSIUS HOLDINGS INC / CFD CELSIUS HOLDINGS INC",ok_ticker,"Celsius Holdings, Inc.",2026:2.0,2026:Tradr 2X Long CELH Daily ETF
XXIX,Tradr,CEP,2.0,daily,active,S000093734,Tradr 2X Long CEP Daily ETF,Investment Managers Series Trust II,0001587982,stock_unverified,CEP,True,0,,,,,listed_no_nport_yet,,no_ref,,2025:2.0,2025:Tradr 2X Long CEP Daily ETF
CIEX,Tradr,CIEN,2.0,daily,active,S000105751,Tradr 2X Long CIEN Daily ETF,Investment Managers Series Trust II,0001587982,stock,CIEN,True,1,2026-06-30,2026-06-30,250000.0,250000.0,nport,,no_ref,N/A,2026:2.0,2026:Tradr 2X Long CIEN Daily ETF
CIFU,T-REX,CIFR,2.0,daily,active,S000096441,T-REX 2X Long CIFR Daily Target ETF,ETF Opportunities Trust,0001771146,stock,CIFR,True,2,2026-01-31,2026-04-30,15519441.4,15519441.4,nport,Cipher Digital Inc / Cipher Digital Inc / CIPHER MINING INC SWAP MAREX || Cipher Digital Inc / Cipher Digital Inc / CIPHER MINING INC SWAP CS,ok_name,CIFR US EQUITY,2026:2.0,2026:T-REX 2X Long CIFR Daily Target ETF
,Leverage Shares,CIFR,2.0,daily,closed,S000097927,Leverage Shares 2X Long CIFR Daily ETF,Themes ETF Trust,0001976322,stock,CIFR,False,2,2026-01-31,2026-04-30,2514994.0,2514994.0,nport,Cipher Digital Inc / Cipher Digital Inc / CIPHER MINING INC SWAP MAR || Cipher Digital Inc / Cipher Digital Inc / CIPHER MINING INC SWAP CS || Cipher Digital Inc / Cipher Digital Inc / CIPHER DIGITAL INC.-SWAP-JNST-L,ok_name,CIFR US Equity,2026:2.0,2026:Leverage Shares 2X Long CIFR Daily ETF
CLFX,Tradr,CLF,2.0,daily,active,S000100932,Tradr 2X Long CLF Daily ETF,Investment Managers Series Trust II,0001587982,stock,CLF,True,0,,,,,listed_no_nport_yet,,no_ref,,2026:2.0,2026:Tradr 2X Long CLF Daily ETF
CLFL,Defiance,CLF,2.0,daily,active,S000101001,Defiance Daily Target 2X Long CLF ETF,Tidal Trust II,0001924868,stock,CLF,True,0,,,,,listed_no_nport_yet,,no_ref,,2026:2.0,2026:Defiance Daily Target 2X Long CLF ETF
CSEX,Tradr,CLS,2.0,daily,closed,S000096130,Tradr 2X Long CLS Daily ETF,Investment Managers Series Trust II,0001587982,stock,CLS,False,3,2025-12-31,2026-06-30,13990675.48,13990675.48,nport,"CLS / Celestica, Inc. / CFD CELESTICA INC / CFD CELESTICA INC",ok_ticker,"Celestica, Inc.",2026:2.0,2026:Tradr 2X Long CLS Daily ETF
CLSS,Defiance,CLSK,-2.0,daily,active,S000099418,Defiance Daily Target 2X Short CLSK ETF,Tidal Trust II,0001924868,stock,CLSK,True,0,,,,,listed_no_nport_yet,,no_ref,,2026:-2.0,2026:Defiance Daily Target 2X Short CLSK ETF
CLSZ,Tradr,CLSK,-2.0,daily,active,S000100810,Tradr 2X Short CLSK Daily ETF,Investment Managers Series Trust II,0001587982,stock,CLSK,True,1,2026-03-31,2026-03-31,228993.27,228993.27,nport,"CLSK / CleanSpark, Inc. / CleanSpark, Inc. / CFD CLEANSPARK INC / CFD CLEANSPARK INC",ok_ticker,"CleanSpark, Inc.",2026:-2.0,2026:Tradr 2X Short CLSK Daily ETF
CLSX,Tradr,CLSK,2.0,daily,active,S000095066,Tradr 2X Long CLSK Daily ETF,Investment Managers Series Trust II,0001587982,stock,CLSK,True,4,2025-09-30,2026-06-30,21982384.41,27436800.51,nport,"CLSK / CleanSpark, Inc. / CFD CLEANSPARK INC / CFD CLEANSPARK INC",ok_ticker,"CleanSpark, Inc.",2026:2.0,2026:Tradr 2X Long CLSK Daily ETF
,Leverage Shares,CMG,2.0,daily,closed,S000091237,Leverage Shares 2X Long CMG Daily ETF,Themes ETF Trust,0001976322,stock,CMG,False,2,2026-01-31,2026-04-30,548125.48,979575.91,nport,Chipotle Mexican Grill Inc / Chipotle Mexican Grill Inc / CHIPOTLE MEXICAN GRILL INC COM SWAP CS || Chipotle Mexican Grill Inc / Chipotle Mexican Grill Inc / CHIPOTLE MEXICAN GRILL INC COM SWAP CF || Chipotle Mexican Grill Inc / Chipotle Mexican Grill Inc / CHIPOTLE MEXICAN GRILL INC COM SWAP MAR,ok_name,CMG US Equity,2025:2.0,2025:Leverage Shares 2X Long CMG Daily ETF
,Leverage Shares,CNC,2.0,daily,closed,S000097928,Leverage Shares 2X Long CNC Daily ETF,Themes ETF Trust,0001976322,stock,CNC,False,2,2026-01-31,2026-04-30,844891.94,844891.94,nport,Centene Corp / Centene Corp / CENTENE CORP SWAP CS || Centene Corp / Centene Corp / CENTENE CORP SWAP MAR || Centene Corp / Centene Corp / CENTENE CORP SWAP CF,ok_name,CNC US Equity,2026:2.0,2026:Leverage Shares 2X Long CNC Daily ETF
COHQ,Tradr,COHR,-2.0,daily,active,S000106998,Tradr 2X Short COHR Daily ETF,Investment Managers Series Trust II,0001587982,stock,COHR,True,0,,,,,listed_no_nport_yet,,no_ref,,2026:-2.0,2026:Tradr 2X Short COHR Daily ETF
COHX,Tradr,COHR,2.0,daily,closed,S000100933,Tradr 2X Long COHR Daily ETF,Investment Managers Series Trust II,0001587982,stock,COHR,False,1,2026-04-30,2026-04-30,74263993.54,74263993.54,nport,COHR / Coherent Corporation / Coherent Corporation / CFD COHERENT CORP / CFD COHERENT CORP,ok_ticker,Coherent Corp.,2026:2.0,2026:Tradr 2X Long COHR Daily ETF
CONI,GraniteShares,COIN,-2.0,daily,active,S000081138,GraniteShares 2x Short COIN Daily ETF,GraniteShares ETF Trust,0001689873,stock,COIN,True,0,,,,,listed_no_nport_yet,,no_ref,,2023:-1.5; 2024:-2.0,2023:GraniteShares 1.5x Short COIN Daily ETF; 2024:GraniteShares 2x Short COIN Daily ETF
,GraniteShares,COIN,-2.0,daily,closed,S000081153,GraniteShares 2x Short COIN Daily ETF,GraniteShares ETF Trust,0001689873,stock,COIN,False,8,2024-09-30,2026-06-30,15960232.0,36675932.55,nport,"Coinbase Global, Inc. / Marex / GRANITESHARES SHORT COIN SWAP MAREX || Coinbase Global, Inc. / Nomura Securities / Recv Short 2x Coin Nm1",ok_ticker,COIN GROSS CLOSE,2023:-1.0,2023:GraniteShares 1x Short COIN Daily ETF
COID,T-REX,COIN,-2.0,daily,active,S000087486,T-REX 2X INVERSE COIN DAILY TARGET ETF,ETF Opportunities Trust,0001771146,stock,COIN,True,0,,,,,listed_no_nport_yet,,no_ref,,2025:-2.0,2025:T-REX 2X INVERSE COIN DAILY TARGET ETF
COND,ProShares,COIN,-2.0,daily,active,S000087810,Proshares UltraShort COIN ETF,PROSHARES TRUST,0001174610,stock,COIN,True,0,,,,,listed_no_nport_yet,,no_ref,,2025:-2.0,2025:Proshares UltraShort COIN ETF
CONL,GraniteShares,COIN,2.0,daily,active,S000076356,GraniteShares 2x Long COIN Daily ETF,GraniteShares ETF Trust,0001689873,stock,COIN,True,16,2022-09-30,2026-06-30,549416200.67,1056622703.39,nport,"Coinbase Global, Inc. / Clear Street / COIN EQUITY SWAP 7 || Coinbase Global, Inc. / TD Cowen / COIN EQUITY SWAP 6 || Coinbase Global, Inc. / Nomura Securities / COIN EQUITY SWAP 4",ok_ticker,COIN GROSS CLOSE,2022:2.0; 2023:1.5; 2024:2.0,2022:GraniteShares 2x Long Coinbase Daily ETF; 2023:GraniteShares 1.5x Long COIN Daily ETF; 2024:GraniteShares 2x Long COIN Daily ETF
COIG,Leverage Shares,COIN,2.0,daily,active,S000086643,Leverage Shares 2X Long COIN Daily ETF,Themes ETF Trust,0001976322,stock,COIN,True,5,2025-04-30,2026-04-30,7640127.77,8431695.99,nport,Coinbase Global Inc / Coinbase Global Inc / COINBASE SWAP - L - CF || Coinbase Global Inc / Coinbase Global Inc / COINBASE SWAP - L - MAR || Coinbase Global Inc / Coinbase Global Inc / COINBASE SWAP - L - CS,ok_name,COIN US Equity,2025:2.0,2025:Leverage Shares 2X Long COIN Daily ETF
COIA,ProShares,COIN,2.0,daily,active,S000087811,ProShares Ultra COIN,PROSHARES TRUST,0001174610,stock,COIN,True,3,2025-11-30,2026-05-31,1906931.77,5826281.77,nport,"COIN / Coinbase Global, Inc. / Total Return Swap",ok_ticker,Coinbase Global Inc.,2025:2.0; 2026:2.0,2025:ProShares Ultra COIN ETF; 2026:ProShares Ultra COIN
CONX,Direxion,COIN,2.0,daily,active,S000092873,Direxion Daily COIN Bull 2X ETF,Direxion Shares ETF Trust,0001424958,stock,COIN,True,2,2026-01-31,2026-04-30,3052928.21,3052928.21,nport,COINBASE GLOBAL INC SWAP,ok_name,"Coinbase Global, Inc.",2025:2.0; 2026:2.0,2025:Direxion Daily COIN Bull 2X Shares; 2026:Direxion Daily COIN Bull 2X ETF
COML,Defiance,COMM,2.0,daily,active,S000101002,Defiance Daily Target 2X Long COMM ETF,Tidal Trust II,0001924868,stock_unverified,COMM,True,0,,,,,listed_no_nport_yet,,no_ref,,2026:2.0,2026:Defiance Daily Target 2X Long COMM ETF
COZX,Tradr,CORZ,2.0,daily,active,S000095067,Tradr 2X Long CORZ Daily ETF,Investment Managers Series Trust II,0001587982,stock,CORZ,True,3,2025-12-31,2026-06-30,14000579.1,14000579.1,nport,"CORZ / Core Scientific, Inc. / CFD CORE SCIENTIFIC INC / CFD CORE SCIENTIFIC INC",ok_ticker,"Core Scientific, Inc.",2026:2.0,2026:Tradr 2X Long CORZ Daily ETF
COTG,Leverage Shares,COST,2.0,daily,active,S000093824,Leverage Shares 2x Long COST Daily ETF,Themes ETF Trust,0001976322,stock,COST,True,3,2025-10-31,2026-04-30,4894417.64,8424364.27,nport,Costco Wholesale Corp / Costco Wholesale Corp / COSTCO WHSL CORP SWAP CLEARSTREET || Costco Wholesale Corp / Costco Wholesale Corp / COSTCO WHSL CORP SWAP CANTOR || Costco Wholesale Corp / Costco Wholesale Corp / COSTCO WHSL CORP SWAP MAREX,ok_name,COST US Equity,2025:2.0,2025:Leverage Shares 2X Long COST Daily ETF
,Tradr,CPNG,2.0,daily,closed,S000103183,Tradr 2X Long CPNG Daily ETF,Investment Managers Series Trust II,0001587982,stock,CPNG,False,1,2026-06-30,2026-06-30,1836607.81,1836607.81,nport,"CPNG / Coupang, Inc. / CFD COUPANG INC / CFD COUPANG INC",ok_ticker,"Coupang, Inc.",2026:2.0,2026:Tradr 2X Long CPNG Daily ETF
CRCD,T-REX,CRCL,-2.0,daily,active,S000095464,T-REX 2X Inverse CRCL Daily Target ETF,ETF Opportunities Trust,0001771146,stock,CRCL,True,4,2025-09-30,2026-06-30,8550596.73,13723926.76,nport,CRCL / Circle Internet Group Inc / CIRCLE INTERNET GROUP SWAP CLEAR STREET || CRCL / Circle Internet Group Inc / CIRCLE INTERNET GROUP SWAP CANTOR,ok_ticker,CRCL US EQUITY,2026:-2.0,2026:T-REX 2X INVERSE CRCL DAILY TARGET ETF
CRCG,Leverage Shares,CRCL,2.0,daily,active,S000081035,Leverage Shares 2x Long CRCL Daily ETF,Themes ETF Trust,0001976322,stock,CRCL,True,3,2025-10-31,2026-04-30,132767477.83,132767477.83,nport,Circle Internet Group Inc / Circle Internet Group Inc / CIRCLE INTERNET GROUP SWAP - L  - CLEARSTREET || Circle Internet Group Inc / Circle Internet Group Inc / CIRCLE INTERNET GROUP SWAP - L  - MAREX || Circle Internet Group Inc / Circle Internet Group Inc / CIRCLE INTERNET GROUP SWAP - L  - CANTOR,ok_name,CRCL US Equity,2026:2.0,2026:Leverage Shares 2X Long CRCL Daily ETF
CCUP,T-REX,CRCL,2.0,daily,active,S000087460,T-Rex 2X Long CRCL Daily Target ETF,ETF Opportunities Trust,0001771146,stock,CRCL,True,4,2025-09-30,2026-06-30,25407665.28,25407665.28,nport,CRCL / Circle Internet Group Inc / CIRCLE INTERNET GROUP SWAP CLEARSTREET,ok_ticker,CRCL US EQUITY,2025:2.0; 2026:2.0,2025:T-REX 2X LONG AI DAILY TARGET ETF; 2026:T-REX 2X LONG CRCL DAILY TARGET ETF
CRCA,ProShares,CRCL,2.0,daily,active,S000094784,ProShares Ultra CRCL,PROSHARES TRUST,0001174610,stock,CRCL,True,4,2025-08-31,2026-05-31,227543617.71,227543617.71,nport,"CRCL / Circle Internet Group, Inc. / Total Return Swap",ok_ticker,Circle Internet Group Inc.,2026:2.0,2026:ProShares Ultra CRCL
CRDZ,Tradr,CRDO,-2.0,daily,active,S000100811,Tradr 2X Short CRDO Daily ETF,Investment Managers Series Trust II,0001587982,stock,CRDO,True,0,,,,,listed_no_nport_yet,,no_ref,,2026:-2.0,2026:Tradr 2X Short CRDO Daily ETF
CRDU,Tradr,CRDO,2.0,daily,active,S000095068,Tradr 2X Long CRDO Daily ETF,Investment Managers Series Trust II,0001587982,stock,CRDO,True,4,2025-09-30,2026-06-30,158126332.16,158126332.16,nport,CRDO / Credo Technology Group Holding Ltd. / CFD CREDO TECHNOLOGY GROUP HOLDI / CFD CREDO TECHNOLOGY GROUP HOLDI,ok_ticker,Credo Technology Group Holding Ltd.,2026:2.0,2026:Tradr 2X Long CRDO Daily ETF
CRMG,Leverage Shares,CRM,2.0,daily,active,S000091238,Leverage Shares 2X Long CRM Daily ETF,Themes ETF Trust,0001976322,stock,CRM,True,5,2025-04-30,2026-04-30,30638412.24,30638412.24,nport,Salesforce Inc / Salesforce Inc / SALESFORCE INC  SWAP - L  - CLEARSTREET || Salesforce Inc / Salesforce Inc / SALESFORCE INC  SWAP - L  - CANTOR || Salesforce Inc / Salesforce Inc / SALESFORCE INC INC  SWAP - L  - MAREX,ok_name,CRM US Equity,2025:2.0,2025:Leverage Shares 2X Long CRM Daily ETF
,Leverage Shares,CRML,2.0,daily,closed,S000100534,Leverage Shares 2X Long CRML Daily ETF,Themes ETF Trust,0001976322,stock,CRML,False,1,2026-04-30,2026-04-30,3320421.49,3320421.49,nport,Critical Metals Corp / Critical Metals Corp / CRITICAL METALS CORP SWAP - L  - MAREX || Critical Metals Corp / Critical Metals Corp / CRITICAL METALS CORP SWAP - L  - CLEARSTREET || Critical Metals Corp / Critical Metals Corp / CRITICAL METALS CORP.-SWAP-JNST-L,ok_name,CRML US Equity,2026:2.0,2026:Leverage Shares 2X Long CRML Daily ETF
CRMX,Tradr,CRML,2.0,daily,active,S000100590,Tradr 2x Long CRML Daily ETF,Investment Managers Series Trust II,0001587982,stock,CRML,True,2,2026-03-31,2026-06-30,17421605.16,17421605.16,nport,CRML / Critical Metals Corporation / CFD CRITICAL METALS CORP / CFD CRITICAL METALS CORP,ok_ticker,Critical Metals Corp.,2026:2.0,2026:Tradr 2X Long CRML Daily ETF
CRWQ,GraniteShares,CRWD,-2.0,daily,active,S000088300,GraniteShares 2x Short CRWD Daily ETF,GraniteShares ETF Trust,0001689873,stock,CRWD,True,0,,,,,listed_no_nport_yet,,no_ref,,2025:-2.0,2025:GraniteShares 2x Short CRWD Daily ETF
CRWL,GraniteShares,CRWD,2.0,daily,active,S000088316,GraniteShares 2x Long CRWD Daily ETF,GraniteShares ETF Trust,0001689873,stock,CRWD,True,7,2024-12-31,2026-06-30,53004702.62,53004702.62,nport,"Crowdstrike Holdings, Inc. / Nomura Securities / Recv Long 2x Crwd Trs Nm1",ok_ticker,CROWDSTRIKE GROSS CLOSE,2025:2.0,2025:GraniteShares 2x Long CRWD Daily ETF
CORD,T-REX,CRWV,-2.0,daily,active,S000095471,T-REX 2X Inverse CRWV Daily Target ETF,ETF Opportunities Trust,0001771146,stock,CRWV,True,4,2025-09-30,2026-06-30,16876247.15,16876247.15,nport,CRWV / CoreWeave Inc / COREWEAVE SWAP CLEAR STREET || CRWV / CoreWeave Inc / COREWEAVE SWAP JANE STREET || CRWV / CoreWeave Inc / COREWEAVE SWAP CANTOR,ok_ticker,CRWV US EQUITY,2026:-2.0,2026:T-REX 2X INVERSE CRWV DAILY TARGET ETF
SCRW,Defiance,CRWV,-2.0,daily,active,S000099419,Defiance Daily Target 2X Short CRWV ETF,Tidal Trust II,0001924868,stock,CRWV,True,0,,,,,listed_no_nport_yet,,no_ref,,2026:-2.0,2026:Defiance Daily Target 2X Short CRWV ETF
CRWG,Leverage Shares,CRWV,2.0,daily,active,S000081029,Leverage Shares 2x Long CRWV Daily ETF,Themes ETF Trust,0001976322,stock,CRWV,True,3,2025-10-31,2026-04-30,151630074.25,151630074.25,nport,CoreWeave Inc / CoreWeave Inc / COREWEAVE INC SWAP - L  - CLEARSTREET || CoreWeave Inc / CoreWeave Inc / COREWEAVE INC SWAP - L  - MAREX || CoreWeave Inc / CoreWeave Inc / COREWEAVE INC SWAP - L  - CANTOR,ok_name,CRWV US Equity,2026:2.0,2026:Leverage Shares 2X Long CRWV Daily ETF
CRWU,T-REX,CRWV,2.0,daily,active,S000087465,T-REX 2X Long CRWV Daily Target ETF,ETF Opportunities Trust,0001771146,stock,CRWV,True,4,2025-09-30,2026-06-30,36667999.19,36667999.19,nport,CRWV / CoreWeave Inc / COREWEAVE INC SWAP CLEARSTREET,ok_ticker,CRWV US EQUITY,2025:2.0; 2026:2.0,2025:T-REX 2X LONG BA DAILY TARGET ETF; 2026:T-REX 2X Long CRWV Daily Target ETF
CWVX,Tradr,CRWV,2.0,daily,active,S000093735,Tradr 2X Long CRWV Daily ETF,Investment Managers Series Trust II,0001587982,stock,CRWV,True,4,2025-09-30,2026-06-30,103737564.12,291499738.15,nport,"CRWV / CoreWeave, Inc. / CFD COREWEAVE INC-CL A / CFD COREWEAVE INC-CL A",ok_ticker,"CoreWeave, Inc.",2025:2.0,2025:Tradr 2X Long CRWV Daily ETF
CSCS,Direxion,CSCO,-1.0,daily,active,S000090379,Direxion Daily CSCO Bear 1X ETF,Direxion Shares ETF Trust,0001424958,stock,CSCO,True,4,2025-07-31,2026-04-30,1767540.28,2492777.8,nport,CISCO SYSTEMS INC SWAP,ok_name,Cisco Systems Inc,2025:-1.0,2025:Direxion Daily CSCO Bear 1X ETF
CSCL,Direxion,CSCO,2.0,daily,active,S000090378,Direxion Daily CSCO Bull 2X ETF,Direxion Shares ETF Trust,0001424958,stock,CSCO,True,4,2025-07-31,2026-04-30,4969911.53,4969911.53,nport,CISCO SYSTEMS INC SWAP,ok_name,Cisco Systems Inc,2025:2.0,2025:Direxion Daily CSCO Bull 2X ETF
CVNZ,Defiance,CVNA,-2.0,daily,active,S000092365,Defiance Daily Target 2X Short CVNA ETF,Tidal Trust II,0001924868,stock,CVNA,True,0,,,,,listed_no_nport_yet,,no_ref,,2025:-2.0,2025:Defiance Daily Target 2X Short CVNA ETF
CVNX,Defiance,CVNA,2.0,daily,active,S000091049,Defiance Daily Target 2x Long Cvna ETF,Tidal Trust II,0001924868,stock,Cvna,True,4,2025-07-31,2026-04-30,4066162.66,4274054.14,nport,common stock / CARVANA CO SWAP JNST-L || common stock / CARVANA CO SWAP CS || common stock / CARVANA CO SWAP CANTOR,ok_name,Carvana,2025:2.0,2025:Defiance Daily Target 2X Long CVNA ETF
CVNU,T-REX,CVNA,2.0,daily,active,S000093896,T-REX 2X LONG CVNA DAILY TARGET ETF,ETF Opportunities Trust,0001771146,stock,CVNA,True,0,,,,,listed_no_nport_yet,,no_ref,,2025:2.0,2025:T-REX 2X LONG CVNA DAILY TARGET ETF
DASX,Tradr,DASH,2.0,daily,closed,S000096131,Tradr 2X Long DASH Daily ETF,Investment Managers Series Trust II,0001587982,stock,DASH,False,1,2025-12-31,2025-12-31,1645981.72,1645981.72,nport,"DASH / DoorDash, Inc. / DoorDash, Inc. / CFD DOORDASH INC - A / CFD DOORDASH INC - A",ok_ticker,"DoorDash, Inc.",2026:2.0,2026:Tradr 2X Long DASH Daily ETF
DASX,Defiance,DASH,2.0,daily,active,S000096290,Defiance Daily Target 2X Long DASH ETF,Tidal Trust II,0001924868,stock,DASH,True,0,,,,,listed_no_nport_yet,,no_ref,,2026:2.0,2026:Defiance Daily Target 2X Long DASH ETF
DOGD,Tradr,DDOG,2.0,daily,closed,S000093736,Tradr 2X Long DDOG Daily ETF,Investment Managers Series Trust II,0001587982,stock,DDOG,True,3,2025-09-30,2026-03-31,2410521.28,2410521.28,nport,"DDOG / Datadog, Inc. / Datadog, Inc. / CFD DATADOG INC - CLASS A / CFD DATADOG INC - CLASS A",ok_ticker,"Datadog, Inc.",2025:2.0,2025:Tradr 2X Long DDOG Daily ETF
DOGU,T-REX,DDOG,2.0,daily,active,S000093873,T-REX 2X LONG DDOG DAILY TARGET ETF,ETF Opportunities Trust,0001771146,stock,DDOG,True,0,,,,,listed_no_nport_yet,,no_ref,,2025:2.0,2025:T-REX 2X LONG DDOG DAILY TARGET ETF
DLLS,GraniteShares,DELL,-2.0,daily,active,S000088301,GraniteShares 2x Short DELL Daily ETF,GraniteShares ETF Trust,0001689873,stock,DELL,True,0,,,,,listed_no_nport_yet,,no_ref,,2025:-2.0,2025:GraniteShares 2x Short DELL Daily ETF
DLLL,GraniteShares,DELL,2.0,daily,active,S000088317,GraniteShares 2x Long DELL Daily ETF,GraniteShares ETF Trust,0001689873,stock,DELL,True,6,2025-03-31,2026-06-30,160581965.29,160581965.29,nport,"Dell Technologies, Inc. / TD Cowen / Recv Long 2x Dell Cowen || Dell Technologies, Inc. / BofA Securities, Inc / GRANITESHARES 2X LONG DELL SWAP BAML",ok_ticker,DELL GROSS CLOSE,2025:2.0,2025:GraniteShares 2x Long DELL Daily ETF
DHIX,Tradr,DHI,2.0,daily,active,S000095069,Tradr 2X Long DHI Daily ETF,Investment Managers Series Trust II,0001587982,stock,DHI,True,0,,,,,listed_no_nport_yet,,no_ref,,2026:2.0,2026:Tradr 2X Long DHI Daily ETF
DISL,GraniteShares,DIS,2.0,daily,active,S000076357,GraniteShares 2x Long DIS Daily ETF,GraniteShares ETF Trust,0001689873,stock,DIS,True,0,,,,,listed_no_nport_yet,,no_ref,,2022:2.0; 2023:1.5; 2024:2.0,2022:GraniteShares 2x Long Disney Daily ETF; 2023:GraniteShares 1.5x Long DIS Daily ETF; 2024:GraniteShares 2x Long DIS Daily ETF
DJTU,T-REX,DJT,2.0,daily,active,S000087468,T-Rex 2X Long DJT Daily Target ETF,ETF Opportunities Trust,0001771146,stock,DJT,True,6,2025-03-31,2026-06-30,9396982.06,16696036.29,nport,DJT / Trump Media & Technology Group / TRUMP MEDIA & TECHNOLOGY GROUP COM SWAP CS || DJT / Trump Media & Technology Group / TRUMP MEDIA & TECH GROUP SWAP CANTOR,ok_ticker,DJT US EQUITY,2025:2.0,2025:T-REX 2X LONG DJT DAILY TARGET ETF
DKUP,T-REX,DKNG,2.0,daily,active,S000087477,T-REX 2X Long DKNG Daily Target ETF,ETF Opportunities Trust,0001771146,stock,DKNG,True,2,2025-09-30,2025-12-31,1347211.2,1347211.2,nport,DraftKings Inc / DraftKings Inc / DRAFTKINGS INC SWAP CLEARSTREET,ok_name,DKNG US EQUITY,2025:2.0; 2026:2.0,2025:T-REX 2X LONG SMCI DAILY TARGET ETF; 2026:T-REX 2X Long DKNG Daily Target ETF
DKNX,Defiance,DKNG,2.0,daily,active,S000089800,Defiance Daily Target 2x Long Dkng ETF,Tidal Trust II,0001924868,stock,Dkng,True,4,2025-07-31,2026-04-30,5087680.69,7241156.58,nport,common stock / DRAFTKINGS INC SWAP MS-L || common stock / DRAFTKINGS INC SWAP JNST-L || common stock / DRAFTKINGS INC SWAP MAREX,ok_name,Draftkings,2025:2.0,2025:Defiance Daily Target 2X Long DKNG ETF
DNUP,T-REX,DNA,2.0,daily,active,S000093874,T-REX 2X LONG DNA DAILY TARGET ETF,ETF Opportunities Trust,0001771146,stock,DNA,True,0,,,,,listed_no_nport_yet,,no_ref,,2025:2.0,2025:T-REX 2X LONG DNA DAILY TARGET ETF
,Leverage Shares,DNN,2.0,daily,closed,S000100536,Leverage Shares 2X Long DNN Daily ETF,Themes ETF Trust,0001976322,stock,DNN,False,1,2026-04-30,2026-04-30,307596.74,307596.74,nport,Denison Mines Corp / Denison Mines Corp / DENISON MINES CORP SWAP - L - MAREX || Denison Mines Corp / Denison Mines Corp / DENISON MINES CORP SWAP - L  - CANTOR || Denison Mines Corp / Denison Mines Corp / DENISON MINES CORP SWAP - L   - CLEARSTREET,ok_name,DNN US Equity,2026:2.0,2026:Leverage Shares 2X Long DNN Daily ETF
DNNL,Defiance,DNN,2.0,daily,active,S000101003,Defiance Daily Target 2X Long DNN ETF,Tidal Trust II,0001924868,stock,DNN,True,0,,,,,listed_no_nport_yet,,no_ref,,2026:2.0,2026:Defiance Daily Target 2X Long DNN ETF
DULU,T-REX,DUOL,2.0,daily,active,S000093875,T-REX 2X LONG DUOL DAILY TARGET ETF,ETF Opportunities Trust,0001771146,stock,DUOL,True,0,,,,,listed_no_nport_yet,,no_ref,,2025:2.0,2025:T-REX 2X LONG DUOL DAILY TARGET ETF
,Leverage Shares,DUOL,2.0,daily,closed,S000097931,Leverage Shares 2X Long DUOL Daily ETF,Themes ETF Trust,0001976322,stock,DUOL,False,2,2026-01-31,2026-04-30,5607575.01,5607575.01,nport,"Duolingo Inc / Duolingo Inc / DUOLINGO INC SWAP CS || Duolingo Inc / Duolingo Inc / DUOLINGO INC SWAP MAR || Duolingo Inc / Duolingo Inc / DUOLINGO, INC.-SWAP-JNST-L",ok_name,DUOL US Equity,2026:2.0,2026:Leverage Shares 2X Long DUOL Daily ETF
ENPX,Tradr,ENPH,2.0,daily,closed,S000095070,Tradr 2X Long ENPH Daily ETF,Investment Managers Series Trust II,0001587982,stock,ENPH,True,3,2025-09-30,2026-03-31,2577237.36,4283351.55,nport,"ENPH / Enphase Energy, Inc. / Enphase Energy, Inc. / CFD ENPHASE ENERGY INC / CFD ENPHASE ENERGY INC",ok_ticker,"Enphase Energy, Inc.",2026:2.0,2026:Tradr 2X Long ENPH Daily ETF
EOSU,T-REX,EOSE,2.0,daily,active,S000097418,T-REX 2X Long EOSE Daily Target ETF,ETF Opportunities Trust,0001771146,stock,EOSE,True,2,2026-03-31,2026-06-30,9174064.31,9174064.31,nport,EOSE / Eos Energy Enterprises Inc / EOS ENERGY ENTERPRISES INC SWAP MAREX || EOSE / Eos Energy Enterprises Inc / EOS ENERGY ENTERPRISES INC SWAP CS,ok_ticker,EOSE US EQUITY,2026:2.0,2026:T-REX 2X LONG EOSE DAILY TARGET ETF
,GraniteShares,ETOR,2.0,daily,closed,S000094388,GraniteShares 2x Long ETOR Daily ETF,GraniteShares ETF Trust,0001689873,stock,ETOR,False,3,2025-09-30,2026-03-31,1116930.8,1849642.63,nport,"Etoro Group, Ltd. / Etoro Group, Ltd. / Marex / GRANITESHARES LONG 2X ETOR TRS MAREX",ok_ticker,ETOR GROSS CLOSE,2025:2.0,2025:GraniteShares 2x Long ETOR Daily ETF
ETOU,T-REX,ETOR,2.0,daily,active,S000095476,T-REX 2X LONG ETOR DAILY TARGET ETF,ETF Opportunities Trust,0001771146,stock,ETOR,True,0,,,,,listed_no_nport_yet,,no_ref,,2026:2.0,2026:T-REX 2X LONG ETOR DAILY TARGET ETF
FRDD,Direxion,F,-1.0,daily,active,S000092883,Direxion Daily F Bear 1X ETF,Direxion Shares ETF Trust,0001424958,stock,F,True,3,2025-07-31,2026-01-31,1902845.51,2526552.62,nport,FORD MOTOR CO SWAP,ok_name,Ford Motor Company,2025:-1.0; 2026:-1.0,2025:Direxion Daily F Bear 1X Shares; 2026:Direxion Daily F Bear 1X ETF
FRDL,GraniteShares,F,2.0,daily,active,S000076358,GraniteShares 2x Long F Daily ETF,GraniteShares ETF Trust,0001689873,stock,F,True,0,,,,,listed_no_nport_yet,,no_ref,,2022:2.0; 2023:1.25; 2024:2.0,2022:GraniteShares 2x Long Ford Daily ETF; 2023:GraniteShares 1.25x Long F Daily ETF; 2024:GraniteShares 2x Long F Daily ETF
FRDU,Direxion,F,2.0,daily,active,S000092882,Direxion Daily F Bull 2X ETF,Direxion Shares ETF Trust,0001424958,stock,F,True,3,2025-07-31,2026-01-31,3585309.05,4119375.46,nport,FORD MOTOR CO SWAP,ok_name,Ford Motor Company,2025:2.0; 2026:2.0,2025:Direxion Daily F Bull 2X Shares; 2026:Direxion Daily F Bull 2X ETF
FANX,Tradr,FANG,2.0,daily,active,S000105760,Tradr 2X Long FANG Daily ETF,Investment Managers Series Trust II,0001587982,stock,FANG,True,0,,,,,listed_no_nport_yet,,no_ref,,2026:2.0,2026:Tradr 2X Long FANG Daily ETF
,Leverage Shares,FCX,2.0,daily,closed,S000100537,Leverage Shares 2X Long FCX Daily ETF,Themes ETF Trust,0001976322,stock,FCX,False,1,2026-04-30,2026-04-30,1405525.9,1405525.9,nport,Freeport-McMoRan Inc / Freeport-McMoRan Inc / FREEPORT MCMORAN INC SWAP - L  - MAREX || Freeport-McMoRan Inc / Freeport-McMoRan Inc / FREEPORT MCMORAN INC SWAP - L  - CS || Freeport-McMoRan Inc / Freeport-McMoRan Inc / FREEPORT MCMORAN INC SWAP - L  - CF,ok_name,FCX US Equity,2026:2.0,2026:Leverage Shares 2X Long FCX Daily ETF
FIGQ,T-REX,FIG,-2.0,daily,active,S000095962,T-REX 2X Inverse FIG Daily Target ETF,ETF Opportunities Trust,0001771146,stock,FIG,True,0,,,,,listed_no_nport_yet,,no_ref,,2026:-2.0,2026:T-REX 2X Inverse FIG Daily Target ETF
FIGG,Leverage Shares,FIG,2.0,daily,active,S000084597,Leverage Shares 2x Long FIG Daily ETF,Themes ETF Trust,0001976322,stock,FIG,True,3,2025-10-31,2026-04-30,9885777.16,9885777.16,nport,Figma Inc / Figma Inc / FIGMA INC SWAP - L ? CS || Figma Inc / Figma Inc / FIGMA INC SWAP CANTOR || Figma Inc / Figma Inc / FIGMA INC SWAP MAREX,ok_name,FIG US Equity,2026:2.0,2026:Leverage Shares 2X Long FIG Daily ETF
FIGO,T-REX,FIG,2.0,daily,active,S000095872,T-REX 2X LONG FIG DAILY TARGET ETF,ETF Opportunities Trust,0001771146,stock,FIG,True,0,,,,,listed_no_nport_yet,,no_ref,,2026:2.0,2026:T-REX 2X LONG FIG DAILY TARGET ETF
FGRU,T-REX,FIGR,2.0,daily,closed,S000097514,T-REX 2X Long FIGR Daily Target ETF,ETF Opportunities Trust,0001771146,stock,FIGR,False,2,2026-03-31,2026-06-30,6631563.17,6631563.17,nport,FIGR / Figure Technology Solutions In / FIGURE TECHNOLOGY SOLUTIONS SWAP CLEAR STREET,ok_ticker,FIGR US EQUITY,2026:2.0,2026:T-REX 2X LONG FIGR DAILY TARGET ETF
FLYQ,T-REX,FLY,-2.0,daily,active,S000095963,T-REX 2X Inverse FLY Daily Target ETF,ETF Opportunities Trust,0001771146,stock,FLY,True,0,,,,,listed_no_nport_yet,,no_ref,,2026:-2.0,2026:T-REX 2X Inverse FLY Daily Target ETF
FLYZ,Tradr,FLY,-2.0,daily,active,S000100812,Tradr 2X Short FLY Daily ETF,Investment Managers Series Trust II,0001587982,stock,FLY,True,0,,,,,listed_no_nport_yet,,no_ref,,2026:-2.0,2026:Tradr 2X Short FLY Daily ETF
FLIE,T-REX,FLY,2.0,daily,active,S000095964,T-REX 2X Long FLY Daily Target ETF,ETF Opportunities Trust,0001771146,stock,FLY,True,0,,,,,listed_no_nport_yet,,no_ref,,2026:2.0,2026:T-REX 2X Long FLY Daily Target ETF
FLYT,Tradr,FLY,2.0,daily,closed,S000096133,Tradr 2X Long FLY Daily ETF,Investment Managers Series Trust II,0001587982,stock,FLY,False,3,2025-12-31,2026-06-30,13986467.76,13986467.76,nport,"FLY / Firefly Aerospace, Inc. / CFD FIREFLY AEROSPACE INC / CFD FIREFLY AEROSPACE INC",ok_ticker,"Firefly Aerospace, Inc.",2026:2.0,2026:Tradr 2X Long FLY Daily ETF
FNG,Leverage Shares,FN,2.0,daily,active,S000105569,Leverage Shares 2X Long FN Daily ETF,Themes ETF Trust,0001976322,stock,FN,True,0,,,,,listed_no_nport_yet,,no_ref,,2026:2.0,2026:Leverage Shares 2X Long FN Daily ETF
FNU,Tradr,FN,2.0,daily,active,S000105761,Tradr 2X Long FN Daily ETF,Investment Managers Series Trust II,0001587982,stock,FN,True,0,,,,,listed_no_nport_yet,,no_ref,,2026:2.0,2026:Tradr 2X Long FN Daily ETF
FORN,Tradr,FORM,2.0,daily,active,S000107005,Tradr 2X Long FORM Daily ETF,Investment Managers Series Trust II,0001587982,stock,FORM,True,0,,,,,listed_no_nport_yet,,no_ref,,2026:2.0,2026:Tradr 2X Long FORM Daily ETF
FSLX,Defiance,FSLR,2.0,daily,active,S000089801,Defiance Daily Target 2X Long FSLR ETF,Tidal Trust II,0001924868,stock,FSLR,True,0,,,,,listed_no_nport_yet,,no_ref,,2025:2.0,2025:Defiance Daily Target 2X Long FSLR ETF
FTAX,Tradr,FTAI,2.0,daily,active,S000105762,Tradr 2X Long FTAI Daily ETF,Investment Managers Series Trust II,0001587982,stock,FTAI,True,0,,,,,listed_no_nport_yet,,no_ref,,2026:2.0,2026:Tradr 2X Long FTAI Daily ETF
FUTG,Leverage Shares,FUTU,2.0,daily,active,S000093825,Leverage Shares 2x Long FUTU Daily ETF,Themes ETF Trust,0001976322,stock,FUTU,True,3,2025-10-31,2026-04-30,7564000.01,7564000.01,nport,Futu Holdings Ltd / Futu Holdings Ltd / FUTU HLDGS LTD SWAP CLEARSTREET || Futu Holdings Ltd / Futu Holdings Ltd / FUTU HLDGS LTD SWAP CANTOR || Futu Holdings Ltd / Futu Holdings Ltd / FUTU HLDGS LTD SWAP MAREX,ok_ticker,FUTU US Equity,2025:2.0,2025:Leverage Shares 2X Long FUTU Daily ETF
FOGG,Leverage Shares,FWDI,2.0,daily,active,S000100538,Leverage Shares 2X Long FWDI Daily ETF,Themes ETF Trust,0001976322,stock,FWDI,True,0,,,,,listed_no_nport_yet,,no_ref,,2026:2.0,2026:Leverage Shares 2X Long FWDI Daily ETF
,Leverage Shares,GEMI,2.0,daily,closed,S000096597,Leverage Shares 2X Long GEMI Daily ETF,Themes ETF Trust,0001976322,stock,GEMI,False,2,2026-01-31,2026-04-30,637499.57,791401.33,nport,"Gemini Space Station Inc / Gemini Space Station Inc / GEMINI SPACE SWAP MAREX || Gemini Space Station Inc / Gemini Space Station Inc / GEMINI SPACE SWAP CS || Gemini Space Station Inc / Gemini Space Station Inc / GEMINI SPACE STATION, INC.-SWAP-JNST-L",ok_name,GEMI US Equity,2026:2.0,2026:Leverage Shares 2X Long GEMI Daily ETF
GEVX,Tradr,GEV,2.0,daily,active,S000093737,Tradr 2X Long GEV Daily ETF,Investment Managers Series Trust II,0001587982,stock,GEV,True,4,2025-09-30,2026-06-30,52200479.76,52200479.76,nport,"GEV / GE Vernova, inc. / CFD GE VERNOVA INC / CFD GE VERNOVA INC",ok_ticker,"GE Vernova, Inc.",2025:2.0,2025:Tradr 2X Long GEV Daily ETF
,Leverage Shares,GEV,2.0,daily,closed,S000098109,Leverage Shares 2X Long GEV Daily ETF,Themes ETF Trust,0001976322,stock,GEV,False,2,2026-01-31,2026-04-30,10332582.17,10332582.17,nport,GE Vernova Inc / GE Vernova Inc / GE VERNOVA SWAP CS || GE Vernova Inc / GE Vernova Inc / GE VERNOVA SWAP CF || GE Vernova Inc / GE Vernova Inc / GE VERNOVA SWAP MAR,ok_name,GEV US Equity,2026:2.0,2026:Leverage Shares 2X Long GEV Daily ETF
GFSG,Leverage Shares,GFS,2.0,daily,active,S000105570,Leverage Shares 2X Long GFS Daily ETF,Themes ETF Trust,0001976322,stock,GFS,True,0,,,,,listed_no_nport_yet,,no_ref,,2026:2.0,2026:Leverage Shares 2X Long GFS Daily ETF
GFSL,Defiance,GFS,2.0,daily,active,S000106473,Defiance Daily Target 2X Long GFS ETF,Tidal Trust II,0001924868,stock,GFS,True,0,,,,,listed_no_nport_yet,,no_ref,,2026:2.0,2026:Defiance Daily Target 2X Long GFS ETF
GFSX,Tradr,GFS,2.0,daily,active,S000107006,Tradr 2X Long GFS Daily ETF,Investment Managers Series Trust II,0001587982,stock,GFS,True,0,,,,,listed_no_nport_yet,,no_ref,,2026:2.0,2026:Tradr 2X Long GFS Daily ETF
,Leverage Shares,GLW,2.0,daily,closed,S000100541,Leverage Shares 2X Long GLW Daily ETF,Themes ETF Trust,0001976322,stock,GLW,False,1,2026-04-30,2026-04-30,25784058.26,25784058.26,nport,Corning Inc / Corning Inc / CORNING INC COM SWAP CLEAR STREET || Corning Inc / Corning Inc / CORNING INC COM SWAP MAREX || Corning Inc / Corning Inc / CORNING INC COM SWAP CANTOR,ok_name,GLW US Equity,2026:2.0,2026:Leverage Shares 2X Long GLW Daily ETF
GLGG,Leverage Shares,GLXY,2.0,daily,active,S000081031,Leverage Shares 2x Long GLXY Daily ETF,Themes ETF Trust,0001976322,stock,GLXY,True,3,2025-10-31,2026-04-30,3848455.27,4160459.63,nport,Galaxy Digital Inc / Galaxy Digital Inc / GALAXY DIGITAL INC  SWAP - L  - CLEARSTREET || Galaxy Digital Inc / Galaxy Digital Inc / GALAXY DIGITAL INC SWAP - L  - MAREX || Galaxy Digital Inc / Galaxy Digital Inc / GALAXY DIGITAL INC  SWAP - L  - CANTOR,ok_name,GLXY US Equity,2026:2.0,2026:Leverage Shares 2X Long GLXY Daily ETF
GLXU,T-REX,GLXY,2.0,daily,active,S000093876,T-REX 2X Long GLXY Daily Target ETF,ETF Opportunities Trust,0001771146,stock,GLXY,True,4,2025-09-30,2026-06-30,18249990.96,18249990.96,nport,GLXY / Galaxy Digital Inc / GALAXY DIGITAL INC SWAP CLEARSTREET,ok_ticker,GLXY US EQUITY,2025:2.0,2025:T-REX 2X LONG GLXY DAILY TARGET ETF
GMEU,T-REX,GME,2.0,daily,active,S000087469,T-Rex 2X Long GME Daily Target ETF,ETF Opportunities Trust,0001771146,stock,GME,True,5,2025-06-30,2026-06-30,24525452.24,40397599.31,nport,GME / GameStop Corp / GAMESTOP SWAP CLEARSTREET || GME / GameStop Corp / GAMESTOP SWAP MAREX,ok_ticker,GME US EQUITY,2025:2.0,2025:T-REX 2X LONG GME DAILY TARGET ETF
GML,GraniteShares,GME,2.0,daily,active,S000090804,GraniteShares 2x Long GME Daily ETF,GraniteShares ETF Trust,0001689873,stock,GME,True,0,,,,,listed_no_nport_yet,,no_ref,,2025:2.0,2025:GraniteShares 2x Long GME Daily ETF
GGLS,Direxion,GOOGL,-1.0,daily,active,S000076247,Direxion Daily GOOGL Bear 1X Shares,Direxion Shares ETF Trust,0001424958,stock,GOOGL,True,15,2022-10-31,2026-04-30,18439386.73,18439386.73,nport,Google Class A Swap || ALPHABET INC-CL A SWAP,ok_name,Alphabet Inc - Class A,2022:-1.0; 2026:-1.0,2022:Direxion Daily GOOGL Bear 1X Shares; 2026:Direxion Daily GOOGL Bear 1X ETF
GGLL,Direxion,GOOGL,2.0,daily,active,S000076239,Direxion Daily GOOGL Bull 2X Shares,Direxion Shares ETF Trust,0001424958,stock,GOOGL,True,15,2022-10-31,2026-04-30,1136095171.39,1166102411.65,nport,Google Class A SWAP || GOOGLE CLASS A SWAP || Google Class A Swap,ok_name,Alphabet Inc - Class A,2022:2.0; 2023:1.5; 2026:2.0,2022:Direxion Daily GOOGL Bull 2X Shares; 2023:Direxion Daily GOOGL Bull 1.5X Shares; 2026:Direxion Daily GOOGL Bull 2X ETF
GOU,GraniteShares,GOOGL,2.0,daily,active,S000076353,GraniteShares 2x Long GOOGL Daily ETF,GraniteShares ETF Trust,0001689873,stock,GOOGL,True,3,2025-12-31,2026-06-30,12062848.69,12062848.69,nport,"Alphabet, Inc. / Marex / Recv Long 2x Googl Trs",ok_name,GOOGL GROSS CLOSE,2022:2.0; 2023:1.75; 2024:2.0,2022:GraniteShares 2x Long Alphabet Daily ETF; 2023:GraniteShares 1.75x Long GOOGL Daily ETF; 2024:GraniteShares 2x Long GOOGL Daily ETF
GOOX,T-REX,GOOGL,2.0,daily,active,S000083675,T-REX 2X Long Alphabet Daily Target ETF,ETF Opportunities Trust,0001771146,stock,Alphabet,True,10,2024-03-31,2026-06-30,52952711.22,52952711.22,nport,RECV GOOX TRS GOOG EQ / ALPHABET INC. / GOOX TRS GOOG EQ || GOOX TRS GOOG EQ / ALPHABET INC. / GOOX TRS GOOG EQ,ok_name,GOOG US EQUITY,2024:2.0,2024:T-REX 2X LONG ALPHABET DAILY TARGET ETF
GOOL,Leverage Shares,GOOGL,2.0,daily,active,S000105571,Leverage Shares 2X Long GOOGL Daily ETF,Themes ETF Trust,0001976322,stock,GOOGL,True,0,,,,,listed_no_nport_yet,,no_ref,,2026:2.0,2026:Leverage Shares 2X Long GOOGL Daily ETF
KGRB,KraneShares,GRAB,2.0,daily,active,S000091100,KraneShares 2x Long GRAB Daily ETF,Krane Shares Trust,0001547576,stock,GRAB,True,0,,,,,listed_no_nport_yet,,no_ref,,2025:2.0,2025:KraneShares 2x Long GRAB Daily ETF
,Leverage Shares,GRAB,2.0,daily,closed,S000097933,Leverage Shares 2X Long GRAB Daily ETF,Themes ETF Trust,0001976322,stock,GRAB,False,2,2026-01-31,2026-04-30,1252813.65,1252813.65,nport,Grab Holdings Ltd / Grab Holdings Ltd / GRAB HOLDINGS SWAP CS || Grab Holdings Ltd / Grab Holdings Ltd / GRAB HOLDINGS SWAP MAR || Grab Holdings Ltd / Grab Holdings Ltd / GRAB HOLDINGS SWAP CF,ok_ticker,GRAB US Equity,2026:2.0,2026:Leverage Shares 2X Long GRAB Daily ETF
,Tradr,GS,2.0,daily,closed,S000095052,Tradr 2X Long GS Daily ETF,Investment Managers Series Trust II,0001587982,stock,GS,False,2,2025-09-30,2025-12-31,1809181.66,1809181.66,nport,"GS / The Goldman Sachs Group, Inc. / The Goldman Sachs Group, Inc. / CFD GOLDMAN SACHS GROUP INC / CFD GOLDMAN SACHS GROUP INC",ok_ticker,"The Goldman Sachs Group, Inc.",2026:2.0,2026:Tradr 2X Long GS Daily ETF
HAWG,Tradr,HAWK,2.0,daily,active,S000107007,Tradr 2X Long HAWK Daily ETF,Investment Managers Series Trust II,0001587982,stock,HAWK,True,0,,,,,listed_no_nport_yet,,no_ref,,2026:2.0,2026:Tradr 2X Long HAWK Daily ETF
HIMZ,Defiance,HIMS,2.0,daily,active,S000091052,Defiance Daily Target 2x Long Hims ETF,Tidal Trust II,0001924868,stock,Hims,True,5,2025-04-30,2026-04-30,163774134.78,185757703.71,nport,common stock / HIMS & HERS HEALTH INC COM SWAP CANTOR || common stock / HIMS & HERS HEALTH INC SWAP MAREX || common stock / HIMS & HERS HEALTH INC COM? CS,ok_ticker,Hims & Hers Health,2025:2.0,2025:Defiance Daily Target 2X Long HIMS ETF
HLXX,Tradr,HL,2.0,daily,active,S000100914,Tradr 2X Long HL Daily ETF,Investment Managers Series Trust II,0001587982,stock,HL,True,1,2026-04-30,2026-04-30,366353.0,366353.0,nport,HL / Hecla Mining Company / Hecla Mining Company / CFD HECLA MINING CO / CFD HECLA MINING CO,ok_ticker,Hecla Mining Co.,2026:2.0,2026:Tradr 2X Long HL Daily ETF
HLU,Defiance,HL,2.0,daily,active,S000101004,Defiance Daily Target 2X Long HL ETF,Tidal Trust II,0001924868,stock,HL,True,0,,,,,listed_no_nport_yet,,no_ref,,2026:2.0,2026:Defiance Daily Target 2X Long HL ETF
HOOZ,Defiance,HOOD,-2.0,daily,active,S000096896,Defiance Daily Target 2x Short Hood ETF,Tidal Trust II,0001924868,stock,Hood,True,2,2026-01-31,2026-04-30,6531753.58,6531753.58,nport,common stock / ROBINHOOD MKTS SWAP JNST-S || common stock / ROBINHOOD MKTS INC SWAP MAREX || common stock / ROBINHOOD MKTS INC SWAP NOMURA-S,ok_name,Robinhood Markets,2026:-2.0,2026:Defiance Daily Target 2X Short HOOD ETF
ROBN,T-REX,HOOD,2.0,daily,active,S000087470,T-REX 2X Long HOOD Daily Target ETF,ETF Opportunities Trust,0001771146,stock,HOOD,True,6,2025-03-31,2026-06-30,126245548.0,198164206.32,nport,HOOD / Robinhood Markets Inc / ROBINHOOD MKTS SWAP CANTOR || HOOD / Robinhood Markets Inc / ROBINHOOD MKTS SWAP MAREX || HOOD / Robinhood Markets Inc / ROBINHOOD MKTS SWAP CLEAR STREET,ok_ticker,HOOD US EQUITY,2025:2.0,2025:T-REX 2X LONG HOOD DAILY TARGET ETF
HOOL,GraniteShares,HOOD,2.0,daily,active,S000090907,GraniteShares 2x Long HOOD Daily ETF,GraniteShares ETF Trust,0001689873,stock,HOOD,True,0,,,,,listed_no_nport_yet,,no_ref,,2025:2.0,2025:GraniteShares 2x Long HOOD Daily ETF
HOOX,Defiance,HOOD,2.0,daily,active,S000091053,Defiance Daily Target 2x Long Hood ETF,Tidal Trust II,0001924868,stock,Hood,True,5,2025-04-30,2026-04-30,14835941.72,29555221.66,nport,common stock / ROBINHOOD MKTS INC SWAP BMO || common stock / ROBINHOOD MKTS SWAP JNST-L || common stock / ROBINHOOD SWAP MAREX-L,ok_name,Robinhood Markets,2025:2.0,2025:Defiance Daily Target 2X Long HOOD ETF
HOOG,Leverage Shares,HOOD,2.0,daily,active,S000091219,Leverage Shares 2X Long HOOD Daily ETF,Themes ETF Trust,0001976322,stock,HOOD,True,5,2025-04-30,2026-04-30,63392927.27,103420579.57,nport,Robinhood Markets Inc / Robinhood Markets Inc / ROBINHOOD SWAP - L - CS || Robinhood Markets Inc / Robinhood Markets Inc / ROBINHOOD MKTS INC - L - MAREX || Robinhood Markets Inc / Robinhood Markets Inc / ROBINHOOD SWAP - L - CF,ok_name,HOOD US Equity,2025:2.0,2025:Leverage Shares 2X Long HOOD Daily ETF
HODU,Direxion,HOOD,2.0,daily,active,S000092884,Direxion Daily HOOD Bull 2X ETF,Direxion Shares ETF Trust,0001424958,stock,HOOD,True,2,2026-01-31,2026-04-30,9460730.0,9460730.0,nport,ROBINHOOD MARKETS INC SWAP,ok_name,"Robinhood Markets, Inc.",2025:2.0; 2026:2.0,2025:Direxion Daily HOOD Bull 2X Shares; 2026:Direxion Daily HOOD Bull 2X ETF
HPEL,Leverage Shares,HPE,2.0,daily,active,S000105553,Leverage Shares 2X Long HPE Daily ETF,Themes ETF Trust,0001976322,stock,HPE,True,0,,,,,listed_no_nport_yet,,no_ref,,2026:2.0,2026:Leverage Shares 2X Long HPE Daily ETF
,Leverage Shares,HUT,2.0,daily,closed,S000100543,Leverage Shares 2X Long HUT Daily ETF,Themes ETF Trust,0001976322,stock,HUT,False,2,2026-01-31,2026-04-30,3213249.43,3213249.43,nport,Hut 8 Corp / Hut 8 Corp / HUT 8 CORP SWAP CS || Hut 8 Corp / Hut 8 Corp / HUT 8 CORP SWAP MAREX || Hut 8 Corp / Hut 8 Corp / HUT 8 CORP.-SWAP-JNST-L,ok_ticker,HUT US Equity,2026:2.0,2026:Leverage Shares 2X Long HUT Daily ETF
IBX,Tradr,IBM,2.0,daily,active,S000095053,Tradr 2X Long IBM Daily ETF,Investment Managers Series Trust II,0001587982,stock,IBM,True,2,2026-03-31,2026-06-30,69540326.65,69540326.65,nport,IBM / International Business Machines Corporation / CFD INTL BUSINESS MACHINES CORP / CFD INTL BUSINESS MACHINES CORP,ok_ticker,International Business Machines Corp.,2026:2.0,2026:Tradr 2X Long IBM Daily ETF
IBRU,Tradr,IBRX,2.0,daily,active,S000105763,Tradr 2X Long IBRX Daily ETF,Investment Managers Series Trust II,0001587982,stock,IBRX,True,0,,,,,listed_no_nport_yet,,no_ref,,2026:2.0,2026:Tradr 2X Long IBRX Daily ETF
INXX,Tradr,INDI,2.0,daily,active,S000100916,Tradr 2X Long INDI Daily ETF,Investment Managers Series Trust II,0001587982,stock,INDI,True,0,,,,,listed_no_nport_yet,,no_ref,,2026:2.0,2026:Tradr 2X Long INDI Daily ETF
INFH,Defiance,INFQ,2.0,daily,active,S000105076,Defiance Daily Target 2x Long Infq ETF,Tidal Trust II,0001924868,stock,Infq,True,1,2026-06-30,2026-06-30,4953369.58,4953369.58,nport,"INFLEQTION, INC.-SWAP-CLST-L || INFLEQTION, INC.-SWAP-CANT-L || INFLEQTION, INC.-SWAP-JNST-L",ok_name,"Infleqtion, Inc.",2026:2.0,2026:Defiance Daily Target 2X Long INFQ ETF
INS,GraniteShares,INTC,-2.0,daily,active,S000088302,GraniteShares 2x Short INTC Daily ETF,GraniteShares ETF Trust,0001689873,stock,INTC,True,0,,,,,listed_no_nport_yet,,no_ref,,2025:-2.0,2025:GraniteShares 2x Short INTC Daily ETF
INTW,GraniteShares,INTC,2.0,daily,active,S000088287,GraniteShares 2x Long INTC Daily ETF,GraniteShares ETF Trust,0001689873,stock,INTC,True,6,2025-03-31,2026-06-30,808896263.99,808896263.99,nport,"Intel Corp. / TD Cowen / Recv Long 2x Intc Cowen || Intel Corp. / Wells Fargo Securities, LLC / Recv Long Intc 2x Trs Wf1 || Intel Corp. / Cantor Fitzgerald / Recv Long Intc 2x Trs Cf1",ok_ticker,INTC GROSS CLOSE,2025:2.0,2025:GraniteShares 2x Long INTC Daily ETF
LINT,Direxion,INTC,2.0,daily,active,S000092886,Direxion Daily INTC Bull 2X ETF,Direxion Shares ETF Trust,0001424958,stock,INTC,True,2,2026-01-31,2026-04-30,44487206.18,44487206.18,nport,INTEL CORP SWAP,ok_name,Intel Corporation,2025:2.0; 2026:2.0,2025:Direxion Daily INTC Bull 2X Shares; 2026:Direxion Daily INTC Bull 2X ETF
IONZ,Defiance,IONQ,-2.0,daily,active,S000092366,Defiance Daily Target 2x Short Ionq ETF,Tidal Trust II,0001924868,stock,Ionq,True,4,2025-07-31,2026-04-30,22434785.39,53772054.2,nport,common stock / IONQ INC SWAP JNST-S || common stock / IONQ INC MAREX-S || common stock / IONQ INC SWAP CANTOR-S,ok_ticker,IONQ Inc,2025:-2.0,2025:Defiance Daily Target 2X Short IONQ ETF
IONL,GraniteShares,IONQ,2.0,daily,active,S000090911,GraniteShares 2x Long IONQ Daily ETF,GraniteShares ETF Trust,0001689873,stock,IONQ,True,6,2025-03-31,2026-06-30,86977825.88,86977825.88,nport,"IonQ, Inc. / Marex / GRANITESHARES LONG IONQ SWAP MAREX || IonQ, Inc. / BofA Securities, Inc / Recv Long Ionq 2x Trs Ba1",ok_ticker,IONQ GROSS CLOSE,2025:2.0,2025:GraniteShares 2x Long IONQ Daily ETF
IONX,Defiance,IONQ,2.0,daily,active,S000091054,Defiance Daily Target 2x Long Ionq ETF,Tidal Trust II,0001924868,stock,Ionq,True,5,2025-04-30,2026-04-30,296790740.99,296790740.99,nport,common stock / IONQ INC SWAP JNST-L || common stock / IONQ INC SWAP L-CS || common stock / IONQ INC SWAP MAREX-L,ok_ticker,IONQ Inc,2025:2.0,2025:Defiance Daily Target 2X Long IONQ ETF
IPGU,Defiance,IPGP,2.0,daily,active,S000106474,Defiance Daily Target 2X Long IPGP ETF,Tidal Trust II,0001924868,stock,IPGP,True,0,,,,,listed_no_nport_yet,,no_ref,,2026:2.0,2026:Defiance Daily Target 2X Long IPGP ETF
IPGX,Tradr,IPGP,2.0,daily,active,S000107008,Tradr 2X Long IPGP Daily ETF,Investment Managers Series Trust II,0001587982,stock,IPGP,True,0,,,,,listed_no_nport_yet,,no_ref,,2026:2.0,2026:Tradr 2X Long IPGP Daily ETF
IRES,Defiance,IREN,-2.0,daily,active,S000099420,Defiance Daily Target 2X Short IREN ETF,Tidal Trust II,0001924868,stock,IREN,True,0,,,,,listed_no_nport_yet,,no_ref,,2026:-2.0,2026:Defiance Daily Target 2X Short IREN ETF
IREZ,Tradr,IREN,-2.0,daily,active,S000100813,Tradr 2x Short IREN Daily ETF,Investment Managers Series Trust II,0001587982,stock,IREN,True,2,2026-03-31,2026-06-30,15874863.89,16782930.53,nport,IREN / IREN Ltd. / CFD IREN LTD / CFD IREN LTD,ok_ticker,"IREN, Ltd.",2026:-2.0,2026:Tradr 2X Short IREN Daily ETF
IRE,Defiance,IREN,2.0,daily,active,S000095914,Defiance Daily Target 2x Long Iren ETF,Tidal Trust II,0001924868,stock,Iren,True,3,2025-10-31,2026-04-30,317240850.76,349151691.25,nport,common stock / IREN LTD SWAP CS-L || common stock / IREN LIMITED SWAP JNST-L || common stock / IREN LTD SWAP MAR-L,ok_ticker,IREN Ltd,2026:2.0,2026:Defiance Daily Target 2X Long IREN ETF
IREX,Tradr,IREN,2.0,daily,active,S000096134,Tradr 2X Long IREN Daily ETF,Investment Managers Series Trust II,0001587982,stock,IREN,True,3,2025-12-31,2026-06-30,60313800.2,60313800.2,nport,IREN / IREN Ltd. / CFD IREN LTD / CFD IREN LTD,ok_ticker,IREN Ltd.,2026:2.0,2026:Tradr 2X Long IREN Daily ETF
,Leverage Shares,IREN,2.0,daily,closed,S000098110,Leverage Shares 2X Long IREN Daily ETF,Themes ETF Trust,0001976322,stock,IREN,False,2,2026-01-31,2026-04-30,9447718.54,9447718.54,nport,IREN Ltd / IREN Ltd / IREN SWAP CS || IREN Ltd / IREN Ltd / IREN SWAP MAR || IREN Ltd / IREN Ltd / IREN SWAP CF,ok_ticker,IREN US Equity,2026:2.0,2026:Leverage Shares 2X Long IREN Daily ETF
ISRX,Tradr,ISRG,2.0,daily,active,S000093738,Tradr 2X Long ISRG Daily ETF,Investment Managers Series Trust II,0001587982,stock,ISRG,True,0,,,,,listed_no_nport_yet,,no_ref,,2025:2.0,2025:Tradr 2X Long ISRG Daily ETF
,GraniteShares,ISRG,2.0,daily,closed,S000094368,GraniteShares 2x Long ISRG Daily ETF,GraniteShares ETF Trust,0001689873,stock,ISRG,False,3,2025-12-31,2026-06-30,7143616.96,7143616.96,nport,"Intuitive Surgical, Inc. / Clear Street / GRANITESHARES 2X LONG ISRG SWAP CLEAR STREET",ok_ticker,ISRG GROSS CLOSE,2025:2.0,2025:GraniteShares 2x Long ISRG Daily ETF
JBLG,Leverage Shares,JBL,2.0,daily,active,S000105554,Leverage Shares 2X Long JBL Daily ETF,Themes ETF Trust,0001976322,stock,JBL,True,0,,,,,listed_no_nport_yet,,no_ref,,2026:2.0,2026:Leverage Shares 2X Long JBL Daily ETF
JBLL,Defiance,JBLU,2.0,daily,active,S000100085,Defiance Daily Target 2X Long JBLU ETF,Tidal Trust II,0001924868,stock,JBLU,True,0,,,,,listed_no_nport_yet,,no_ref,,2026:2.0,2026:Defiance Daily Target 2X Long JBLU ETF
KJD,KraneShares,JD,2.0,daily,active,S000089270,KraneShares 2x Long JD Daily ETF,Krane Shares Trust,0001547576,stock,JD,True,3,2025-12-31,2026-06-30,1048486.47,1868288.57,nport,REF: 2X JD.COM US EQUITY / REF: 2X JD.COM US EQUITY BRK :MAREX,ok_ticker,JD.com Inc.,2025:2.0,2025:KraneShares 2x Long JD Daily ETF
SJOB,Defiance,JOBY,-2.0,daily,active,S000099421,Defiance Daily Target 2X Short JOBY ETF,Tidal Trust II,0001924868,stock,JOBY,True,0,,,,,listed_no_nport_yet,,no_ref,,2026:-2.0,2026:Defiance Daily Target 2X Short JOBY ETF
JOBX,Tradr,JOBY,2.0,daily,active,S000095054,Tradr 2X Long JOBY Daily ETF,Investment Managers Series Trust II,0001587982,stock,JOBY,True,4,2025-09-30,2026-06-30,23764650.21,26779713.88,nport,"JOBY / Joby Aviation, Inc. / CFD JOBY AVIATION INC / CFD JOBY AVIATION INC",ok_ticker,"Joby Aviation, Inc.",2026:2.0,2026:Tradr 2X Long JOBY Daily ETF
JOBI,Defiance,JOBY,2.0,daily,active,S000095544,Defiance Daily Target 2X Long JOBY ETF,Tidal Trust II,0001924868,stock,JOBY,True,0,,,,,listed_no_nport_yet,,no_ref,,2026:2.0,2026:Defiance Daily Target 2X Long JOBY ETF
JMS,GraniteShares,JPM,-2.0,daily,active,S000081139,GraniteShares 2x Short JPM Daily ETF,GraniteShares ETF Trust,0001689873,stock,JPM,True,0,,,,,listed_no_nport_yet,,no_ref,,2023:-1.5; 2024:-2.0,2023:GraniteShares 1.5x Short JPM Daily ETF; 2024:GraniteShares 2x Short JPM Daily ETF
JMI,GraniteShares,JPM,-1.0,daily,active,S000081154,GraniteShares 1x Short JPM Daily ETF,GraniteShares ETF Trust,0001689873,stock,JPM,True,0,,,,,listed_no_nport_yet,,no_ref,,2023:-1.0,2023:GraniteShares 1x Short JPM Daily ETF
JPL,GraniteShares,JPM,2.0,daily,active,S000081162,GraniteShares 2x Long JPM Daily ETF,GraniteShares ETF Trust,0001689873,stock,JPM,True,0,,,,,listed_no_nport_yet,,no_ref,,2023:1.5; 2024:2.0,2023:GraniteShares 1.5x Long JPM Daily ETF; 2024:GraniteShares 2x Long JPM Daily ETF
JPX,Defiance,JPM,2.0,daily,active,S000091055,Defiance Daily Target 2X Long JPM ETF,Tidal Trust II,0001924868,stock,JPM,True,2,2025-07-31,2025-10-31,2778033.0,2778033.0,nport,JPMorgan Chase & Co / JPMorgan Chase & Co / JPMORGAN CHASE & CO. SWAP CLEARSTREET || JPMorgan Chase & Co / JPMorgan Chase & Co / JPMORGAN CHASE & CO. SWAP MAREX || JPMorgan Chase & Co / JPMorgan Chase & Co,ok_name,JPMorgan Chase & Co.,2025:2.0,2025:Defiance Daily Target 2X Long JPM ETF
KEEX,Defiance,KEEL,2.0,daily,active,S000099441,Defiance Daily Target 2x Long KEEL ETF,Tidal Trust II,0001924868,stock,KEEL,True,2,2026-01-31,2026-04-30,1906222.61,1906222.61,nport,common stock / KEEL INFRASTRUCTURE CORP COM SHS SWAP CS-L || common stock / KEEL INFRASTRUCTURE CORP COM SHS SWAP NBC-L || common stock / KEEL INFRASTRUCTURE CORP COM SHS SWAP CANT-L,ok_ticker,KEEL Infrastructure Corp,2026:2.0,2026:Defiance Daily Target 2x Long KEEL ETF
KEEF,Tradr,KEEL,2.0,daily,active,S000107010,Tradr 2X Long KEEL Daily ETF,Investment Managers Series Trust II,0001587982,stock,KEEL,True,0,,,,,listed_no_nport_yet,,no_ref,,2026:2.0,2026:Tradr 2X Long KEEL Daily ETF
KEYG,Leverage Shares,KEYS,2.0,daily,active,S000105555,Leverage Shares 2X Long KEYS Daily ETF,Themes ETF Trust,0001976322,stock,KEYS,True,0,,,,,listed_no_nport_yet,,no_ref,,2026:2.0,2026:Leverage Shares 2X Long KEYS Daily ETF
,Leverage Shares,KLAC,2.0,daily,closed,S000097913,Leverage Shares 2X Long KLAC Daily ETF,Themes ETF Trust,0001976322,stock,KLAC,False,2,2026-01-31,2026-04-30,5135224.87,5135224.87,nport,KLA Corp / KLA Corp / KLA CORP SWAP CS || KLA Corp / KLA Corp / KLA CORP SWAP CF || KLA Corp / KLA Corp / KLA CORP SWAP MAR,ok_name,KLAC US Equity,2026:2.0,2026:Leverage Shares 2X Long KLAC Daily ETF
KTUP,T-REX,KTOS,2.0,daily,active,S000093878,T-REX 2X Long KTOS Daily Target ETF,ETF Opportunities Trust,0001771146,stock,KTOS,True,4,2025-09-30,2026-06-30,10076218.54,10076218.54,nport,KTOS / Kratos Defense & Security Solu / KRATOS DEFENSE & SECURITY SOLUTIONS-SWAP-CANT-L || KTOS / Kratos Defense & Security Solu / KRATOS DEFENSE & SEC SOLUTIONS  SWAP CLEARSTREET,ok_ticker,KTOS US EQUITY,2025:2.0,2025:T-REX 2X LONG KTOS DAILY TARGET ETF
KTOX,Defiance,KTOS,2.0,daily,active,S000095545,Defiance Daily Target 2X Long KTOS ETF,Tidal Trust II,0001924868,stock,KTOS,True,0,,,,,listed_no_nport_yet,,no_ref,,2026:2.0,2026:Defiance Daily Target 2X Long KTOS ETF
,Leverage Shares,LAC,2.0,daily,closed,S000097915,Leverage Shares 2X Long LAC Daily ETF,Themes ETF Trust,0001976322,stock,LAC,False,2,2026-01-31,2026-04-30,1890578.2,1890578.2,nport,Lithium Americas Corp / Lithium Americas Corp / LITHIUM AMERS CORPSWAP MAR || Lithium Americas Corp / Lithium Americas Corp / LITHIUM AMERS CORPSWAP CS || Lithium Americas Corp / Lithium Americas Corp / LITHIUM AMERS CORPSWAP CF,ok_name,LAC US Equity,2026:2.0,2026:Leverage Shares 2X Long LAC Daily ETF
LASX,Tradr,LASR,2.0,daily,active,S000105764,Tradr 2X Long LASR Daily ETF,Investment Managers Series Trust II,0001587982,stock,LASR,True,0,,,,,listed_no_nport_yet,,no_ref,,2026:2.0,2026:Tradr 2X Long LASR Daily ETF
LDD,GraniteShares,LCID,-2.0,daily,active,S000081140,GraniteShares 2x Short LCID Daily ETF,GraniteShares ETF Trust,0001689873,stock,LCID,True,0,,,,,listed_no_nport_yet,,no_ref,,2023:-1.5; 2024:-2.0,2023:GraniteShares 1.5x Short LCID Daily ETF; 2024:GraniteShares 2x Short LCID Daily ETF
LCIZ,Tradr,LCID,-2.0,daily,active,S000100815,Tradr 2X Short LCID Daily ETF,Investment Managers Series Trust II,0001587982,stock,LCID,True,0,,,,,listed_no_nport_yet,,no_ref,,2026:-2.0,2026:Tradr 2X Short LCID Daily ETF
LCI,GraniteShares,LCID,-1.0,daily,active,S000081155,GraniteShares 1x Short LCID Daily ETF,GraniteShares ETF Trust,0001689873,stock,LCID,True,0,,,,,listed_no_nport_yet,,no_ref,,2023:-1.0,2023:GraniteShares 1x Short LCID Daily ETF
LCDL,GraniteShares,LCID,2.0,daily,closed,S000081163,GraniteShares 2x Long LCID Daily ETF,GraniteShares ETF Trust,0001689873,stock,LCID,True,5,2025-06-30,2026-06-30,6551848.88,7795593.86,nport,"Lucid Group, Inc. / Marex / Recv Long Lcid Trs Marex",ok_ticker,LCID GROSS CLOSE,2023:1.5; 2024:2.0,2023:GraniteShares 1.5x Long LCID Daily ETF; 2024:GraniteShares 2x Long LCID Daily ETF
LEUX,Tradr,LEU,2.0,daily,closed,S000100917,Tradr 2X Long LEU Daily ETF,Investment Managers Series Trust II,0001587982,stock,LEU,False,1,2026-04-30,2026-04-30,4778469.74,4778469.74,nport,LEU / Centrus Energy Corporation / Centrus Energy Corporation / CFD CENTRUS ENERGY CORP-CLASS A / CFD CENTRUS ENERGY CORP-CLASS A,ok_ticker,Centrus Energy Corp.,2026:2.0,2026:Tradr 2X Long LEU Daily ETF
LHXX,Tradr,LHX,2.0,daily,active,S000105765,Tradr 2X Long LHX Daily ETF,Investment Managers Series Trust II,0001587982,stock,LHX,True,0,,,,,listed_no_nport_yet,,no_ref,,2026:2.0,2026:Tradr 2X Long LHX Daily ETF
LITZ,Tradr,LITE,-2.0,daily,active,S000103008,Tradr 2X Short LITE Daily ETF,Investment Managers Series Trust II,0001587982,stock,LITE,True,1,2026-06-30,2026-06-30,5380411.94,5380411.94,nport,"LITE / Lumentum Holdings, Inc. / CFD LUMENTUM HOLDINGS INC / CFD LUMENTUM HOLDINGS INC",ok_ticker,"Lumentum Holdings, Inc.",2026:-2.0,2026:Tradr 2X Short LITE Daily ETF
LITX,Tradr,LITE,2.0,daily,active,S000100918,Tradr 2x Long LITE Daily ETF,Investment Managers Series Trust II,0001587982,stock,LITE,True,2,2026-01-31,2026-04-30,469544524.81,469544524.81,nport,"LITE / Lumentum Holdings, Inc. / Lumentum Holdings, Inc. / CFD LUMENTUM HOLDINGS INC / CFD LUMENTUM HOLDINGS INC",ok_ticker,"Lumentum Holdings, Inc.",2026:2.0,2026:Tradr 2X Long LITE Daily ETF
LITU,T-REX,LITE,2.0,daily,active,S000101635,T-REX 2X LONG LITE DAILY TARGET ETF,ETF Opportunities Trust,0001771146,stock,LITE,True,0,,,,,listed_no_nport_yet,,no_ref,,2026:2.0,2026:T-REX 2X LONG LITE DAILY TARGET ETF
LY,GraniteShares,LLY,-2.0,daily,active,S000088303,GraniteShares 2x Short LLY Daily ETF,GraniteShares ETF Trust,0001689873,stock,LLY,True,0,,,,,listed_no_nport_yet,,no_ref,,2025:-2.0,2025:GraniteShares 2x Short LLY Daily ETF
,Defiance,LLY,-2.0,daily,closed,S000091501,Defiance Daily Target 2X Short LLY ETF,Tidal Trust II,0001924868,stock,LLY,False,1,2025-10-31,2025-10-31,1382109.27,1382109.27,nport,Eli Lilly & Co / Eli Lilly & Co / ELI LILLY & CO SWAP MAREX - S || Eli Lilly & Co / Eli Lilly & Co / ELI LILLY & CO SWAP CANTOR || Eli Lilly & Co / Eli Lilly & Co / ELI LILLY & CO SWAP CS-S,ok_name,Eli Lilly & Co.,2025:-2.0,2025:Defiance Daily Target 2X Short LLY ETF
ELIS,Direxion,LLY,-1.0,daily,active,S000088049,Direxion Daily LLY Bear 1X Shares,Direxion Shares ETF Trust,0001424958,stock,LLY,True,4,2025-04-30,2026-01-31,1785562.46,4023974.15,nport,ELI LILLY AND CO SWAP,ok_name,Eli Lilly and Company,2025:-1.0; 2026:-1.0,2025:Direxion Daily LLY Bear 1X Shares; 2026:Direxion Daily LLY Bear 1X ETF
LLYX,Defiance,LLY,2.0,daily,active,S000085136,Defiance Daily Target 2x Long Lly ETF,Tidal Trust II,0001924868,stock,Lly,True,7,2024-10-31,2026-04-30,70686252.42,70686252.42,nport,common stock / ELI LILLY & CO SWAP MS || common stock / ELI LILLY & CO SWAP Cantor - L || common stock / ELI LILLY & CO SWAP CS,ok_name,Eli Lilly and Co,2024:2.0,2024:Defiance Daily Target 2X Long LLY ETF
ELIL,Direxion,LLY,2.0,daily,active,S000088065,Direxion Daily LLY Bull 2X Shares,Direxion Shares ETF Trust,0001424958,stock,LLY,True,5,2025-04-30,2026-04-30,21490523.87,21490523.87,nport,ELI LILLY AND CO SWAP || ELI LILLY & COMPANY / Eli Lilly & Co. COM NPV,ok_name,Eli Lilly and Company,2025:2.0; 2026:2.0,2025:Direxion Daily LLY Bull 2X Shares; 2026:Direxion Daily LLY Bull 2X ETF
LLL,GraniteShares,LLY,2.0,daily,active,S000088288,GraniteShares 2x Long LLY Daily ETF,GraniteShares ETF Trust,0001689873,stock,LLY,True,0,,,,,listed_no_nport_yet,,no_ref,,2025:2.0,2025:GraniteShares 2x Long LLY Daily ETF
LMNX,Defiance,LMND,2.0,daily,active,S000095546,Defiance Daily Target 2x Long Lmnd ETF,Tidal Trust II,0001924868,stock,Lmnd,True,3,2025-10-31,2026-04-30,4807261.34,4955434.46,nport,common stock / LEMONADE INC SWAP MAREX || common stock / LEMONADE INC SWAP JNST-L || common stock / LEMONADE INC SWAP NOMURA-L,ok_name,Lemonade,2026:2.0,2026:Defiance Daily Target 2X Long LMND ETF
LMTS,Direxion,LMT,-1.0,daily,active,S000090381,Direxion Daily LMT Bear 1X ETF,Direxion Shares ETF Trust,0001424958,stock,LMT,True,2,2025-10-31,2026-01-31,1647300.31,2169789.62,nport,LOCKHEED MARTIN CORP SWAP,ok_name,Lockheed Martin Corporation,2025:-1.0; 2026:-1.0,2025:Direxion Daily LMT Bear 1X Shares; 2026:Direxion Daily LMT Bear 1X ETF
LMTL,Direxion,LMT,2.0,daily,active,S000090380,Direxion Daily LMT Bull 2X ETF,Direxion Shares ETF Trust,0001424958,stock,LMT,True,3,2025-10-31,2026-04-30,7289545.23,7289545.23,nport,LOCKHEED MARTIN CORP SWAP,ok_name,Lockheed Martin Corporation,2025:2.0; 2026:2.0,2025:Direxion Daily LMT Bull 2X Shares; 2026:Direxion Daily LMT Bull 2X ETF
LNGU,Tradr,LNG,2.0,daily,active,S000105766,Tradr 2X Long LNG Daily ETF,Investment Managers Series Trust II,0001587982,stock,LNG,True,0,,,,,listed_no_nport_yet,,no_ref,,2026:2.0,2026:Tradr 2X Long LNG Daily ETF
LRCU,Tradr,LRCX,2.0,daily,active,S000093739,Tradr 2X Long LRCX Daily ETF,Investment Managers Series Trust II,0001587982,stock,LRCX,True,4,2025-09-30,2026-06-30,79162883.94,79162883.94,nport,LRCX / Lam Research Corp. / CFD LAM RESEARCH CORP / CFD LAM RESEARCH CORP,ok_ticker,Lam Research Corp.,2025:2.0,2025:Tradr 2X Long LRCX Daily ETF
LSCX,Tradr,LSCC,2.0,daily,active,S000105767,Tradr 2X Long LSCC Daily ETF,Investment Managers Series Trust II,0001587982,stock,LSCC,True,0,,,,,listed_no_nport_yet,,no_ref,,2026:2.0,2026:Tradr 2X Long LSCC Daily ETF
,Leverage Shares,LULU,2.0,daily,closed,S000096189,Leverage Shares 2X Long LULU Daily ETF,Themes ETF Trust,0001976322,stock,LULU,False,2,2026-01-31,2026-04-30,4476715.19,4476715.19,nport,Lululemon Athletica Inc / Lululemon Athletica Inc / WEBULL CORP SWAP CANTOR || Lululemon Athletica Inc / Lululemon Athletica Inc / LULULEMON SWAP CS || Lululemon Athletica Inc / Lululemon Athletica Inc / LULULEMON SWAP MAREX,ok_name,LULU US Equity,2026:2.0,2026:Leverage Shares 2X Long LULU Daily ETF
,Defiance,LUNR,2.0,daily,closed,S000099445,Defiance Daily Target 2x Long Lunr ETF,Tidal Trust II,0001924868,stock,Lunr,False,2,2026-01-31,2026-04-30,23057745.77,23057745.77,nport,common stock / INTUITIVE MACH SWAP CS-L || common stock / INTUITIVE MACHINES SWAP NBC-L || common stock / INTUITIVE MACH SWAP CANT-L_R,ok_name,Intuitive Machines,2026:2.0,2026:Defiance Daily Target 2X Long LUNR ETF
LWLX,Tradr,LWLG,2.0,daily,active,S000106990,Tradr 2X Long LWLG Daily ETF,Investment Managers Series Trust II,0001587982,stock,LWLG,True,0,,,,,listed_no_nport_yet,,no_ref,,2026:2.0,2026:Tradr 2X Long LWLG Daily ETF
,Tradr,LYFT,2.0,daily,closed,S000095055,Tradr 2X Long LYFT Daily ETF,Investment Managers Series Trust II,0001587982,stock,LYFT,False,1,2025-12-31,2025-12-31,1234089.92,1234089.92,nport,"LYFT / LYFT, Inc. / LYFT, Inc. / CFD LYFT INC-A / CFD LYFT INC-A",ok_ticker,"LYFT, Inc.",2026:2.0,2026:Tradr 2X Long LYFT Daily ETF
MARD,T-REX,MARA,-2.0,daily,active,S000087447,T-REX 2X INVERSE MARA DAILY TARGET ETF,ETF Opportunities Trust,0001771146,stock,MARA,True,0,,,,,listed_no_nport_yet,,no_ref,,2025:-2.0,2025:T-REX 2X INVERSE MARA DAILY TARGET ETF
MRAL,GraniteShares,MARA,2.0,daily,active,S000090912,GraniteShares 2x Long MARA Daily ETF,GraniteShares ETF Trust,0001689873,stock,MARA,True,6,2025-03-31,2026-06-30,72245188.68,83077958.99,nport,"MARA Holdings, Inc. / Marex / Recv Long 2x Mara Marex || MARA Holdings, Inc. / Clear Street / GRANITESHARES LONG MARA SWAP MAREX || MARA Holdings, Inc. / Nomura Securities / Recv Long 2x Mara Nomura",ok_ticker,MARATHON GROSS CLOSE,2025:2.0,2025:GraniteShares 2x Long MARA Daily ETF
MCHU,Tradr,MCHP,2.0,daily,active,S000096117,Tradr 2X Long MCHP Daily ETF,Investment Managers Series Trust II,0001587982,stock,MCHP,True,1,2026-06-30,2026-06-30,839665.67,839665.67,nport,"MCHP / Microchip Technology, Inc. / CFD MICROCHIP TECHNOLOGY INC / CFD MICROCHIP TECHNOLOGY INC",ok_ticker,Microchip Technology Inc.,2026:2.0,2026:Tradr 2X Long MCHP Daily ETF
MCHG,Leverage Shares,MCHP,2.0,daily,active,S000105556,Leverage Shares 2X Long MCHP Daily ETF,Themes ETF Trust,0001976322,stock,MCHP,True,0,,,,,listed_no_nport_yet,,no_ref,,2026:2.0,2026:Leverage Shares 2X Long MCHP Daily ETF
MDBX,Tradr,MDB,2.0,daily,closed,S000091895,Tradr 2X Long MDB Daily ETF,Investment Managers Series Trust II,0001587982,stock,MDB,True,3,2025-09-30,2026-03-31,3144675.42,3901729.19,nport,"MDB / MongoDB, Inc. / MongoDB, Inc. / CFD MONGODB INC / CFD MONGODB INC",ok_ticker,"MongoDB, Inc.",2025:2.0,2025:Tradr 2X Long MDB Daily ETF
KMLI,KraneShares,MELI,2.0,daily,active,S000091101,KraneShares 2x Long MELI Daily ETF,Krane Shares Trust,0001547576,stock,MELI,True,5,2025-06-30,2026-06-30,8762392.59,8762392.59,nport,REF: 2X MELI US EQUITY / REF: 2X MELI US EQUITY BRK: MAREX,ok_ticker,Mercado Libre Inc.,2025:2.0,2025:KraneShares 2x Long MELI Daily ETF
FBSS,GraniteShares,META,-2.0,daily,active,S000081141,GraniteShares 2x Short META Daily ETF,GraniteShares ETF Trust,0001689873,stock,META,True,0,,,,,listed_no_nport_yet,,no_ref,,2023:-1.5; 2024:-2.0,2023:GraniteShares 1.5x Short META Daily ETF; 2024:GraniteShares 2x Short META Daily ETF
METQ,Tradr,META,-2.0,daily,active,S000107001,Tradr 2X Short META Daily ETF,Investment Managers Series Trust II,0001587982,stock,META,True,0,,,,,listed_no_nport_yet,,no_ref,,2026:-2.0,2026:Tradr 2X Short META Daily ETF
METD,Direxion,META,-1.0,daily,active,S000076230,Direxion Daily META Bear 1X Shares,Direxion Shares ETF Trust,0001424958,stock,META,True,8,2024-07-31,2026-04-30,8999244.85,8999244.85,nport,DIREXION DAILY META SWAP || META PLATFORMS INC SWAP,ok_name,"Meta Platforms, Inc.",2022:-1.0; 2026:-1.0,2022:Direxion Daily META Bear 1X Shares; 2026:Direxion Daily META Bear 1X ETF
MTI,GraniteShares,META,-1.0,daily,active,S000081156,GraniteShares 1x Short META Daily ETF,GraniteShares ETF Trust,0001689873,stock,META,True,0,,,,,listed_no_nport_yet,,no_ref,,2023:-1.0,2023:GraniteShares 1x Short META Daily ETF
FBL,GraniteShares,META,2.0,daily,active,S000076340,GraniteShares 2x Long META Daily ETF,GraniteShares ETF Trust,0001689873,stock,META,True,15,2022-12-31,2026-06-30,197608106.06,379611451.63,nport,"Meta Platforms, Inc. / Clear Street / META EQUITY SWAP 2 || Meta Platforms, Inc. / Morgan Stanley / Recv Meta Trs:30303m102 || Meta Platforms, Inc. / Goldman Sachs / Recv Long  2x Meta Trs Gs",ok_name,FACEBOOK GROSS CLOSE,2022:2.0; 2023:1.5; 2024:2.0,2022:GraniteShares 2x Long Meta Platforms Daily ETF; 2023:GraniteShares 1.5x Long META Daily ETF; 2024:GraniteShares 2x Long META Daily ETF
METU,Direxion,META,2.0,daily,active,S000085276,Direxion Daily META Bull 2X Shares,Direxion Shares ETF Trust,0001424958,stock,META,True,8,2024-07-31,2026-04-30,415115168.25,643568668.88,nport,META PLATFORMS INC SWAP || DIREXION DAILY META SWAP,ok_name,"Meta Platforms, Inc.",2024:2.0; 2026:2.0,2024:Direxion Daily META Bull 2X Shares; 2026:Direxion Daily META Bull 2X ETF
MKSX,Tradr,MKSI,2.0,daily,active,S000105752,Tradr 2X Long MKSI Daily ETF,Investment Managers Series Trust II,0001587982,stock,MKSI,True,0,,,,,listed_no_nport_yet,,no_ref,,2026:2.0,2026:Tradr 2X Long MKSI Daily ETF
MPL,Defiance,MP,2.0,daily,active,S000095915,Defiance Daily Target 2x Long Mp ETF,Tidal Trust II,0001924868,stock,Mp,True,3,2025-10-31,2026-04-30,5666914.72,7839294.18,nport,common stock / MP MATERIALS CORP SWAP JNST-L || common stock / MP MATERIALS CORP SWAP NOMURA-L || common stock / MP MATERIALS CORP SWAP CANTOR,ok_ticker,MP Materials Corp,2026:2.0,2026:Defiance Daily Target 2X Long MP ETF
MPG,Leverage Shares,MP,2.0,daily,active,S000096190,Leverage Shares 2X Long MP Daily ETF,Themes ETF Trust,0001976322,stock,MP,True,3,2025-10-31,2026-04-30,3077314.46,4076019.37,nport,MP Materials Corp / MP Materials Corp / MP MATERIALS CORP COM MAR || MP Materials Corp / MP Materials Corp / MP MATERIALS CORP COM CS || MP Materials Corp / MP Materials Corp / MP MATERIALS CORP COM CF,ok_ticker,MP US Equity,2026:2.0,2026:Leverage Shares 2X Long MP Daily ETF
,Tradr,MPWR,2.0,daily,closed,S000103184,Tradr 2X Long MPWR Daily ETF,Investment Managers Series Trust II,0001587982,stock,MPWR,False,1,2026-06-30,2026-06-30,2196166.1,2196166.1,nport,"MPWR / Monolithic Power Systems, Inc. / CFD MONOLITHIC POWER SYSTEMS INC / CFD MONOLITHIC POWER SYSTEMS INC",ok_ticker,"Monolithic Power Systems, Inc.",2026:2.0,2026:Tradr 2X Long MPWR Daily ETF
MRAX,Tradr,MRAM,2.0,daily,active,S000106991,Tradr 2X Long MRAM Daily ETF,Investment Managers Series Trust II,0001587982,stock,MRAM,True,0,,,,,listed_no_nport_yet,,no_ref,,2026:2.0,2026:Tradr 2X Long MRAM Daily ETF
MRNX,Defiance,MRNA,2.0,daily,active,S000096291,Defiance Daily Target 2x Long Mrna ETF,Tidal Trust II,0001924868,stock,Mrna,True,1,2026-04-30,2026-04-30,415992.84,415992.84,nport,common stock / MODERNA INC SWAP CS-L || common stock / MODERNA INC SWAP MAREX-L || common stock / MODERNA INC SWAP NOMURA-L,ok_name,Moderna,2026:2.0,2026:Defiance Daily Target 2X Long MRNA ETF
MVLL,GraniteShares,MRVL,2.0,daily,active,S000090913,GraniteShares 2x Long MRVL Daily ETF,GraniteShares ETF Trust,0001689873,stock,MRVL,True,6,2025-03-31,2026-06-30,1033642179.41,1033642179.41,nport,"Marvell Technology, Inc. / Cantor Fitzgerald / Recv Long Mrvl Trs Cantor || Marvell Technology, Inc. / Marex / Recv Long 2x Mrvl Marex || Marvell Technology, Inc. / HSBC Holdings PLC / Recv Long 2x Mrvl Hsbc1",ok_ticker,MARVEL GROSS CLOSE,2025:2.0,2025:GraniteShares 2x Long MRVL Daily ETF
MRVX,Defiance,MRVL,2.0,daily,active,S000091056,Defiance Daily Target 2X Long MRVL ETF,Tidal Trust II,0001924868,stock,MRVL,True,0,,,,,listed_no_nport_yet,,no_ref,,2025:2.0,2025:Defiance Daily Target 2X Long MRVL ETF
MRVU,Direxion,MRVL,2.0,daily,active,S000094247,Direxion Daily MRVL Bull 2X ETF,Direxion Shares ETF Trust,0001424958,stock,MRVL,True,1,2026-04-30,2026-04-30,33730242.06,33730242.06,nport,MARVELL TECHNOLOGY INC SWAP,ok_name,"Marvell Technology, Inc.",2025:2.0,2025:Direxion Daily MRVL Bull 2X ETF
MSFQ,Tradr,MSFT,-2.0,daily,active,S000107002,Tradr 2X Short MSFT Daily ETF,Investment Managers Series Trust II,0001587982,stock,MSFT,True,0,,,,,listed_no_nport_yet,,no_ref,,2026:-2.0,2026:Tradr 2X Short MSFT Daily ETF
MSFD,Direxion,MSFT,-1.0,daily,active,S000076245,Direxion Daily MSFT Bear 1X Shares,Direxion Shares ETF Trust,0001424958,stock,MSFT,True,15,2022-10-31,2026-04-30,41328774.17,41328774.17,nport,Microsoft Inc Swap,ok_name,Microsoft Corporation,2022:-1.0; 2026:-1.0,2022:Direxion Daily MSFT Bear 1X Shares; 2026:Direxion Daily MSFT Bear 1X ETF
MSFU,Direxion,MSFT,2.0,daily,active,S000076235,Direxion Daily MSFT Bull 2X Shares,Direxion Shares ETF Trust,0001424958,stock,MSFT,True,15,2022-10-31,2026-04-30,847314508.05,847314508.05,nport,Microsoft Inc Swap,ok_name,Microsoft Corporation,2022:2.0; 2023:1.5; 2026:2.0,2022:Direxion Daily MSFT Bull 2X Shares; 2023:Direxion Daily MSFT Bull 1.5X Shares; 2026:Direxion Daily MSFT Bull 2X ETF
MSFL,GraniteShares,MSFT,2.0,daily,active,S000076341,GraniteShares 2x Long MSFT Daily ETF,GraniteShares ETF Trust,0001689873,stock,MSFT,True,10,2024-03-31,2026-06-30,125565685.81,125565685.81,nport,"Microsoft Corp. / BofA Securities, Inc / Recv Long 2x Msft Trs Boa || Microsoft Corp. / TD Cowen / MSFT EQUITY SWAP 1",ok_ticker,MICROSFT GROSS CLOSE,2022:2.0; 2023:2.0,2022:GraniteShares 2x Long Microsoft Daily ETF; 2023:GraniteShares 2x Long MSFT Daily ETF
MSFX,T-REX,MSFT,2.0,daily,active,S000083677,T-REX 2X Long Microsoft Daily Target ETF,ETF Opportunities Trust,0001771146,stock,Microsoft,True,10,2024-03-31,2026-06-30,29312148.79,29312148.79,nport,MSFX TRS MSFT EQ / MICROSOFT CORPORATION / MSFX TRS MSFT EQ,ok_ticker,MSXXAIB INDEX,2024:2.0,2024:T-REX 2X LONG MICROSOFT DAILY TARGET ETF
SMST,Defiance,MSTR,-2.0,daily,active,S000085368,Defiance Daily Target 2x Short Mstr ETF,Tidal Trust II,0001924868,stock,Mstr,True,7,2024-10-31,2026-04-30,30877065.84,44767601.2,nport,common stock / STRATEGY INC SWAP JNST-S || common stock / MICROSTRATEGY INC SWAP - S- CANTOR || common stock / STRATEGY INC SWAP MAREX-S,ok_name,Strategy,2024:-2.0; 2025:-2.0,2024:Defiance 2X Short MSTR ETF; 2025:Defiance Daily Target 2X Short MSTR ETF
MSTZ,T-REX,MSTR,-2.0,daily,active,S000087771,T-Rex 2X Inverse MSTR Daily Target ETF,ETF Opportunities Trust,0001771146,stock,MSTR,True,7,2024-11-30,2026-05-31,107182892.52,170859911.84,nport,RECV STRG TRS MSTR EQ / STRATEGY INC / RECV STRG TRS MSTR EQ || TRS MSTR US EQ / STRATEGY INC / TRS MSTR US EQ || RECV MSTU TRS MSTR US EQ / STRATEGY INC / RECV MSTU TRS MSTR US EQ,ok_name,MSTR US EQUITY,2025:-2.0,2025:T-REX 2X INVERSE MSTR DAILY TARGET ETF
MSTD,ProShares,MSTR,-2.0,daily,active,S000087809,Proshares UltraShort MSTR ETF,PROSHARES TRUST,0001174610,stock,MSTR,True,0,,,,,listed_no_nport_yet,,no_ref,,2025:-2.0,2025:Proshares UltraShort MSTR ETF
MSDD,GraniteShares,MSTR,-2.0,daily,active,S000090910,GraniteShares 2x Short MSTR Daily ETF,GraniteShares ETF Trust,0001689873,stock,MSTR,True,4,2025-06-30,2026-03-31,2721626.94,2804880.17,nport,"MicroStrategy, Inc. / MicroStrategy, Inc. / Marex / GRANITESHARES SHORT MSTR SWAP MAREX",ok_name,MSTR GROSS CLOSE,2025:-2.0,2025:GraniteShares 2x Short MSTR Daily ETF
MSTX,Defiance,MSTR,2.0,daily,active,S000085137,Defiance Daily Target 2x Long Mstr ETF,Tidal Trust II,0001924868,stock,Mstr,True,7,2024-10-31,2026-04-30,387694493.23,1677273977.82,nport,common stock / STRATEGY INC INC SWAP CANTOR || common stock / STRATEGY INC SWAP CLEARSTREET || common stock / STRATEGY INC SWAP MAREX,ok_name,Strategy,2024:2.0,2024:Defiance Daily Target 2X Long MSTR ETF
MSTU,T-REX,MSTR,2.0,daily,active,S000087772,T-Rex 2X Long MSTR Daily Target ETF,ETF Opportunities Trust,0001771146,stock,MSTR,True,7,2024-11-30,2026-05-31,525373861.89,2942336582.77,nport,RECV MSTU TRS MSTR US EQ / STRATEGY INC / STRG TRS MSTR EQ || STRG TRS MSTR EQ / STRATEGY INC / STRG TRS MSTR EQ,ok_name,MSTR US EQUITY,2025:2.0,2025:T-REX 2X LONG MSTR DAILY TARGET ETF
MSTA,ProShares,MSTR,2.0,daily,active,S000087807,ProShares Ultra MSTR,PROSHARES TRUST,0001174610,stock,MSTR,True,0,,,,,listed_no_nport_yet,,no_ref,,2025:2.0; 2026:2.0,2025:Proshares Ultra MSTR ETF; 2026:ProShares Ultra MSTR
MSTP,GraniteShares,MSTR,2.0,daily,active,S000090805,GraniteShares 2x Long MSTR Daily ETF,GraniteShares ETF Trust,0001689873,stock,MSTR,True,5,2025-06-30,2026-06-30,5167067.84,6406966.89,nport,"MicroStrategy, Inc. / Marex / GRANITESHARES SHORT MSTR SWAP MAREX",ok_name,MSTR GROSS CLOSE,2025:2.0,2025:GraniteShares 2x Long MSTR Daily ETF
MTSG,Leverage Shares,MTSI,2.0,daily,active,S000105557,Leverage Shares 2X Long MTSI Daily ETF,Themes ETF Trust,0001976322,stock,MTSI,True,0,,,,,listed_no_nport_yet,,no_ref,,2026:2.0,2026:Leverage Shares 2X Long MTSI Daily ETF
MUS,GraniteShares,MU,-2.0,daily,active,S000088304,GraniteShares 2x Short MU Daily ETF,GraniteShares ETF Trust,0001689873,stock,MU,True,0,,,,,listed_no_nport_yet,,no_ref,,2025:-2.0,2025:GraniteShares 2x Short MU Daily ETF
MUZ,Defiance,MU,-2.0,daily,active,S000096882,Defiance Daily Target 2X Short MU ETF,Tidal Trust II,0001924868,stock,MU,True,0,,,,,listed_no_nport_yet,,no_ref,,2026:-2.0,2026:Defiance Daily Target 2X Short MU ETF
MUQ,Tradr,MU,-2.0,daily,active,S000107003,Tradr 2X Short MU Daily ETF,Investment Managers Series Trust II,0001587982,stock,MU,True,0,,,,,listed_no_nport_yet,,no_ref,,2026:-2.0,2026:Tradr 2X Short MU Daily ETF
MUD,Direxion,MU,-1.0,daily,active,S000088051,Direxion Daily MU Bear 1X Shares,Direxion Shares ETF Trust,0001424958,stock,MU,True,7,2024-10-31,2026-04-30,27831120.36,68953068.65,nport,Direxion Daily MU Bull/Bear SWAP,ok_ticker,"Micron Technology, Inc.",2025:-1.0; 2026:-1.0,2025:Direxion Daily MU Bear 1X Shares; 2026:Direxion Daily MU Bear 1X ETF
MUU,Direxion,MU,2.0,daily,active,S000088050,Direxion Daily MU Bull 2X Shares,Direxion Shares ETF Trust,0001424958,stock,MU,True,7,2024-10-31,2026-04-30,1419509532.39,1419509532.39,nport,Direxion Daily MU Bull/Bear SWAP,ok_ticker,"Micron Technology, Inc.",2025:2.0; 2026:2.0,2025:Direxion Daily MU Bull 2X Shares; 2026:Direxion Daily MU Bull 2X ETF
MULL,GraniteShares,MU,2.0,daily,active,S000088289,GraniteShares 2x Long MU Daily ETF,GraniteShares ETF Trust,0001689873,stock,MU,True,7,2024-12-31,2026-06-30,1535590949.11,1535590949.11,nport,"Micron Technology, Inc. / Nomura Securities / Recv Long 2x Mu Trs Nm1 || Micron Technology, Inc. / Goldman Sachs / Recv Long 2x Mu Trs Gs1 || Micron Technology, Inc. / HSBC Holdings PLC / Recv Long 2x Mu Trs HSBC",ok_ticker,MICRON GROSS CLOSE,2025:2.0,2025:GraniteShares 2x Long MU Daily ETF
SNBI,Defiance,NBIS,-2.0,daily,active,S000099422,Defiance Daily Target 2X Short NBIS ETF,Tidal Trust II,0001924868,stock,NBIS,True,0,,,,,listed_no_nport_yet,,no_ref,,2026:-2.0,2026:Defiance Daily Target 2X Short NBIS ETF
NBIZ,Tradr,NBIS,-2.0,daily,active,S000100816,Tradr 2x Short NBIS Daily ETF,Investment Managers Series Trust II,0001587982,stock,NBIS,True,2,2026-03-31,2026-06-30,13386830.12,13386830.12,nport,NBIS / Nebius Group N.V. / CFD NEBIUS GROUP NV / CFD NEBIUS GROUP NV,ok_ticker,Nebius Group NV,2026:-2.0,2026:Tradr 2X Short NBIS Daily ETF
,GraniteShares,NBIS,2.0,daily,closed,S000094372,GraniteShares 2x Long NBIS Daily ETF,GraniteShares ETF Trust,0001689873,stock,NBIS,False,3,2025-12-31,2026-06-30,195598871.3,195598871.3,nport,Nebius Group NV / Clear Street / GRANITESHARES 2X LONG NBIS SWAP CLEAR STREET,ok_ticker,NBIS GROSS CLOSE,2025:2.0,2025:GraniteShares 2x Long NBIS Daily ETF
NEBX,Tradr,NBIS,2.0,daily,active,S000095056,Tradr 2X Long NBIS Daily ETF,Investment Managers Series Trust II,0001587982,stock,NBIS,True,4,2025-09-30,2026-06-30,353365496.53,353365496.53,nport,NBIS / Nebius Group N.V. / CFD NEBIUS GROUP NV / CFD NEBIUS GROUP NV,ok_ticker,Nebius Group N.V.,2026:2.0,2026:Tradr 2X Long NBIS Daily ETF
NBIU,Defiance,NBIS,2.0,daily,active,S000095547,Defiance Daily Target 2X Long NBIS ETF,Tidal Trust II,0001924868,stock,NBIS,True,0,,,,,listed_no_nport_yet,,no_ref,,2026:2.0,2026:Defiance Daily Target 2X Long NBIS ETF
NBIG,Leverage Shares,NBIS,2.0,daily,active,S000096191,Leverage Shares 2X Long NBIS Daily ETF,Themes ETF Trust,0001976322,stock,NBIS,True,3,2025-10-31,2026-04-30,27132642.6,27132642.6,nport,Nebius Group NV / Nebius Group NV / NEBIUS GROUP N.V. CS || Nebius Group NV / Nebius Group NV / NEBIUS GROUP N.V. MAR || Nebius Group NV / Nebius Group NV / NEBIUS GROUP N.V. CF,ok_name,NBIS US Equity,2026:2.0,2026:Leverage Shares 2X Long NBIS Daily ETF
NDAL,Defiance,NDAQ,2.0,daily,active,S000101005,Defiance Daily Target 2X Long NDAQ ETF,Tidal Trust II,0001924868,stock,NDAQ,True,0,,,,,listed_no_nport_yet,,no_ref,,2026:2.0,2026:Defiance Daily Target 2X Long NDAQ ETF
,Leverage Shares,NEM,2.0,daily,closed,S000093829,Leverage Shares 2x Long NEM Daily ETF,Themes ETF Trust,0001976322,stock,NEM,False,2,2026-01-31,2026-04-30,1829643.38,1829643.38,nport,Newmont Corp / Newmont Corp / NEWMONT CORP COM SWAP CS || Newmont Corp / Newmont Corp / NEWMONT CORP COM SWAP MAR || Newmont Corp / Newmont Corp / NEWMONT CORP COM SWAP CF,ok_name,NEM US Equity,2025:2.0,2025:Leverage Shares 2X Long NEM Daily ETF
,Tradr,NEM,2.0,daily,closed,S000096118,Tradr 2X Long NEM Daily ETF,Investment Managers Series Trust II,0001587982,stock,NEM,False,1,2025-12-31,2025-12-31,467407.52,467407.52,nport,NEM / Newmont Corp. / Newmont Corp. / CFD NEWMONT CORP / CFD NEWMONT CORP,ok_ticker,Newmont Corp.,2026:2.0,2026:Tradr 2X Long NEM Daily ETF
NETX,Tradr,NET,2.0,daily,active,S000093740,Tradr 2X Long NET Daily ETF,Investment Managers Series Trust II,0001587982,stock,NET,True,1,2025-12-31,2025-12-31,856890.36,856890.36,nport,"NET / Cloudflare, Inc. / Cloudflare, Inc. / CFD CLOUDFLARE INC - CLASS A / CFD CLOUDFLARE INC - CLASS A",ok_ticker,"Cloudflare, Inc.",2025:2.0,2025:Tradr 2X Long NET Daily ETF
,Leverage Shares,NET,2.0,daily,closed,S000096598,Leverage Shares 2X Long NET Daily ETF,Themes ETF Trust,0001976322,stock,NET,False,2,2026-01-31,2026-04-30,5466935.1,5466935.1,nport,Cloudflare Inc / Cloudflare Inc / CLOUDFLARE INC SWAP CS || Cloudflare Inc / Cloudflare Inc / CLOUDFLARE INC SWAP MAR || Cloudflare Inc / Cloudflare Inc / CLOUDFLARE INC SWAP CF,ok_name,NET US Equity,2026:2.0,2026:Leverage Shares 2X Long NET Daily ETF
NFLD,T-REX,NFLX,-2.0,daily,active,S000087448,T-REX 2X INVERSE NFLX DAILY TARGET ETF,ETF Opportunities Trust,0001771146,stock,NFLX,True,0,,,,,listed_no_nport_yet,,no_ref,,2025:-2.0,2025:T-REX 2X INVERSE NFLX DAILY TARGET ETF
NFS,GraniteShares,NFLX,-2.0,daily,active,S000088305,GraniteShares 2x Short NFLX Daily ETF,GraniteShares ETF Trust,0001689873,stock,NFLX,True,0,,,,,listed_no_nport_yet,,no_ref,,2025:-2.0,2025:GraniteShares 2x Short NFLX Daily ETF
NFXS,Direxion,NFLX,-1.0,daily,active,S000088053,Direxion Daily NFLX Bear 1X Shares,Direxion Shares ETF Trust,0001424958,stock,NFLX,True,7,2024-10-31,2026-04-30,5000350.43,14102028.27,nport,Direxion Daily NFLX Bear/Bull Swap,ok_ticker,"Netflix, Inc.",2025:-1.0; 2026:-1.0,2025:Direxion Daily NFLX Bear 1X Shares; 2026:Direxion Daily NFLX Bear 1X ETF
NFLU,T-REX,NFLX,2.0,daily,active,S000087472,T-Rex 2X Long NFLX Daily Target ETF,ETF Opportunities Trust,0001771146,stock,NFLX,True,7,2024-11-30,2026-05-31,30651553.02,54023159.52,nport,"NETFLIX, INC. / NETFLIX, INC. / NFLU TRS NFLX EQ",ok_ticker,NFLX US EQUITY,2025:2.0,2025:T-REX 2X LONG NFLX DAILY TARGET ETF
NFXL,Direxion,NFLX,2.0,daily,active,S000088052,Direxion Daily NFLX Bull 2X Shares,Direxion Shares ETF Trust,0001424958,stock,NFLX,True,7,2024-10-31,2026-04-30,173375440.31,173375440.31,nport,Direxion Daily NFLX Bear/Bull Swap,ok_ticker,"Netflix, Inc.",2025:2.0; 2026:2.0,2025:Direxion Daily NFLX Bull 2X Shares; 2026:Direxion Daily NFLX Bull 2X ETF
NFLL,GraniteShares,NFLX,2.0,daily,active,S000088290,GraniteShares 2x Long NFLX Daily ETF,GraniteShares ETF Trust,0001689873,stock,NFLX,True,0,,,,,listed_no_nport_yet,,no_ref,,2025:2.0,2025:GraniteShares 2x Long NFLX Daily ETF
NIOL,GraniteShares,NIO,1.1,daily,active,S000076343,GraniteShares 1.1x Long NIO Daily ETF,GraniteShares ETF Trust,0001689873,stock,NIO,True,0,,,,,listed_no_nport_yet,,no_ref,,2022:2.0; 2023:1.1,2022:GraniteShares 2x Long NIO Daily ETF; 2023:GraniteShares 1.1x Long NIO Daily ETF
,Leverage Shares,NIO,2.0,daily,closed,S000098111,Leverage Shares 2X Long NIO Daily ETF,Themes ETF Trust,0001976322,stock,NIO,False,2,2026-01-31,2026-04-30,3089571.55,3089571.55,nport,NIO Inc / NIO Inc / NIO INC SWAP CS || NIO Inc / NIO Inc / NIO INC SWAP MAR || NIO Inc / NIO Inc / NIO INC SWAP CF,ok_ticker,NIO US Equity,2026:2.0,2026:Leverage Shares 2X Long NIO Daily ETF
NKEQ,AXS,NKE,-2.0,daily,closed,S000076105,AXS 2X NKE Bear Daily ETF,Investment Managers Series Trust II,0001587982,stock,NKE,False,3,2022-09-30,2023-03-31,1026862.68,1690275.16,nport,"Nike, Inc. - Class B / Nike, Inc. - Class B / TRS NIKE INC -CL B / TRS NIKE INC -CL B",ok_name,S&P 500 High Beta Index,2022:-2.0,2022:AXS 2X NKE Bear Daily ETF
NKEL,AXS,NKE,2.0,daily,closed,S000076106,AXS 2X NKE Bull Daily ETF,Investment Managers Series Trust II,0001587982,stock,NKE,False,3,2022-09-30,2023-03-31,805827.08,1057354.7,nport,"Nike, Inc. - Class B / Nike, Inc. - Class B / TRS NIKE INC -CL B / TRS NIKE INC -CL B",ok_name,S&P 500 High Beta Index,2022:2.0,2022:AXS 2X NKE Bull Daily ETF
NNEX,Tradr,NNE,2.0,daily,closed,S000096120,Tradr 2X Long NNE Daily ETF,Investment Managers Series Trust II,0001587982,stock,NNE,True,2,2025-12-31,2026-03-31,969652.68,969652.68,nport,"NNE / Nano Nuclear Energy, Inc. / Nano Nuclear Energy, Inc. / CFD NANO NUCLEAR ENERGY INC / CFD NANO NUCLEAR ENERGY INC",ok_ticker,"Nano Nuclear Energy, Inc.",2026:2.0,2026:Tradr 2X Long NNE Daily ETF
LNOK,Defiance,NOK,2.0,daily,active,S000100086,Defiance Daily Target 2x Long Nok ETF,Tidal Trust II,0001924868,stock,Nok,True,2,2026-01-31,2026-04-30,22987222.78,22987222.78,nport,common stock / NOKIA CORP SWAP NMRA-L || common stock / NOKIA CORP SWAP CS-L || common stock / NOKIA CORP SWAP CF-L,ok_name,Nokia Oyj,2026:2.0,2026:Defiance Daily Target 2X Long NOK ETF
NOWL,GraniteShares,NOW,2.0,daily,active,S000090914,GraniteShares 2x Long NOW Daily ETF,GraniteShares ETF Trust,0001689873,stock,NOW,True,4,2025-09-30,2026-06-30,285642574.54,285642574.54,nport,"ServiceNow, Inc. / Marex / GRANITESHARES LONG 2X NOW TRS MAREX || ServiceNow, Inc. / Cantor Fitzgerald / GRANITESHARES LONG NOW SWAP CANTOR FITZGERALD",ok_ticker,NOW GROSS CLOSE,2025:2.0,2025:GraniteShares 2x Long NOW Daily ETF
,Leverage Shares,NU,2.0,daily,closed,S000096599,Leverage Shares 2X Long NU Daily ETF,Themes ETF Trust,0001976322,stock,NU,False,2,2026-01-31,2026-04-30,496891.97,807839.09,nport,NU Holdings Ltd/Cayman Islands / NU Holdings Ltd/Cayman Islands / NU HLDGS LTD SWAP CS || NU Holdings Ltd/Cayman Islands / NU Holdings Ltd/Cayman Islands / NU HLDGS LTD SWAP CF || NU Holdings Ltd/Cayman Islands / NU Holdings Ltd/Cayman Islands / NU HLDGS LTD SWAP MAR,ok_ticker,NU US Equity,2026:2.0,2026:Leverage Shares 2X Long NU Daily ETF
NVDQ,T-REX,NVDA,-2.0,daily,active,S000080897,T-Rex 2X Inverse NVIDIA Daily Target ETF,ETF Opportunities Trust,0001771146,stock,NVIDIA,True,11,2023-12-31,2026-06-30,20351048.37,53703917.84,nport,NVDQ TRS NVDA EQ / NVIDIA CORPORATION / NVDQ TRS NVDA EQ || PAYB NVDQ TRS NVDA EQ / NVIDIA CORPORATION / NVDQ TRS NVDA EQ,ok_ticker,MBCEXI INDEX,2023:-2.0,2023:T-REX 2X INVERSE NVIDIA DAILY TARGET ETF
NVD,GraniteShares,NVDA,-2.0,daily,active,S000081142,GraniteShares 2x Short NVDA Daily ETF,GraniteShares ETF Trust,0001689873,stock,NVDA,True,12,2023-09-30,2026-06-30,60717278.35,186106838.89,nport,NVIDIA Corp. / Clear Street / NVDA EQUITY SWAP 1 || NVIDIA Corp. / TD Cowen / GRANITESHARES SHORT NVDA SWAP || NVIDIA Corp. / Goldman Sachs / Recv Short 2x Nvda Gs1,ok_ticker,NVIDIA GROSS CLOSE,2023:-1.5; 2024:-2.0,2023:GraniteShares 1.5x Short NVDA Daily ETF; 2024:GraniteShares 2x Short NVDA Daily ETF
NVDS,Tradr,NVDA,-1.5,daily,active,S000076107,Tradr 1.5X Short NVDA Daily ETF,Investment Managers Series Trust II,0001587982,stock,NVDA,True,16,2022-09-30,2026-06-30,17904889.96,97820098.71,nport,"NVDA / NVIDIA, Inc / TRS NVIDIA CORP / TRS NVIDIA CORP || NVDA / NVIDIA, Inc / CFD NVIDIA CORP / CFD NVIDIA CORP",ok_ticker,BITA Tactical Exposure US Semiconductor Index,2022:-2.0; 2023:-1.25; 2024:-1.25; 2025:-1.5,2022:AXS 2X NVDA Bear Daily ETF; 2023:AXS 1.25X NVDA Bear Daily ETF; 2024:Tradr 1.25X NVDA Bear Daily ETF; 2025:Tradr 1.5X Short NVDA Daily ETF
NVDD,Direxion,NVDA,-1.0,daily,active,S000076248,Direxion Daily NVDA Bear 1X Shares,Direxion Shares ETF Trust,0001424958,stock,NVDA,True,11,2023-10-31,2026-04-30,22665004.08,40058812.94,nport,NVDA UW EQUITY SWAP,ok_ticker,NVIDIA Corporation,2022:-1.0; 2026:-1.0,2022:Direxion Daily NVDA Bear 1X Shares; 2026:Direxion Daily NVDA Bear 1X ETF
NDI,GraniteShares,NVDA,-1.0,daily,active,S000081159,GraniteShares 1x Short NVDA Daily ETF,GraniteShares ETF Trust,0001689873,stock,NVDA,True,0,,,,,listed_no_nport_yet,,no_ref,,2023:-1.0,2023:GraniteShares 1x Short NVDA Daily ETF
NVDL,GraniteShares,NVDA,2.0,daily,active,S000076344,GraniteShares 2x Long NVDA Daily ETF,GraniteShares ETF Trust,0001689873,stock,NVDA,True,15,2022-12-31,2026-06-30,4051232664.45,5367723177.96,nport,NVIDIA Corp. / Clear Street / NVDA EQUITY SWAP 15 || NVIDIA Corp. / Natixis Securities / NVDA EQUITY SWAP 2 || NVIDIA Corp. / Nomura Securities / NVDA EQUITY SWAP 14,ok_ticker,NVIDIA GROSS CLOSE,2022:2.0; 2023:1.5; 2024:2.0,2022:GraniteShares 2x Long NVIDIA Daily ETF; 2023:GraniteShares 1.5x Long NVDA Daily ETF; 2024:GraniteShares 2x Long NVDA Daily ETF
NVDX,T-REX,NVDA,2.0,daily,active,S000080899,T-Rex 2X Long NVIDIA Daily Target ETF,ETF Opportunities Trust,0001771146,stock,NVIDIA,True,11,2023-12-31,2026-06-30,457935684.04,654999460.23,nport,NVIDIA CORPORATION / NVIDIA CORPORATION / NVDX TRS NVDA EQ || NVIDIA CORPORATION / NVIDIA CORPORATION / RECV TRS NVDA EQ || NVIDIA CORPORATION / NVIDIA CORPORATION / RECV NVDX TRS NVDA EQ,ok_ticker,NVDA US EQUITY,2023:2.0,2023:T-REX 2X LONG NVIDIA DAILY TARGET ETF
NVDU,Direxion,NVDA,2.0,daily,active,S000081684,Direxion Daily NVDA Bull 2X Shares,Direxion Shares ETF Trust,0001424958,stock,NVDA,True,11,2023-10-31,2026-04-30,547109876.05,722122153.3,nport,NVDA UW EQUITY SWAP,ok_ticker,NVIDIA Corporation,2024:2.0; 2026:2.0,2024:Direxion Daily NVDA Bull 2X Shares; 2026:Direxion Daily NVDA Bull 2X ETF
NVDG,Leverage Shares,NVDA,2.0,daily,active,S000086646,Leverage Shares 2X Long NVDA Daily ETF,Themes ETF Trust,0001976322,stock,NVDA,True,6,2025-01-31,2026-04-30,26425055.83,32991971.91,nport,NVIDIA Corp / NVIDIA Corp / NVIDIA SWAP - L - CS || NVIDIA Corp / NVIDIA Corp / NVIDIA SWAP - L - MAREX || NVIDIA Corp / NVIDIA Corp / NVIDIA SWAP - L - CF,ok_name,NVDA US Equity,2025:2.0,2025:Leverage Shares 2X Long NVDA Daily ETF
NVDB,ProShares,NVDA,2.0,daily,active,S000094857,ProShares Ultra NVDA,PROSHARES TRUST,0001174610,stock,NVDA,True,3,2025-11-30,2026-05-31,12590384.19,12590384.19,nport,NVDA / NVIDIA Corp. / Total Return Swap,ok_ticker,NVIDIA Corporation,2026:2.0,2026:ProShares Ultra NVDA
NVOD,GraniteShares,NVO,-2.0,daily,active,S000088306,GraniteShares 2x Short NVO Daily ETF,GraniteShares ETF Trust,0001689873,stock,NVO,True,0,,,,,listed_no_nport_yet,,no_ref,,2025:-2.0,2025:GraniteShares 2x Short NVO Daily ETF
NVOX,Defiance,NVO,2.0,daily,active,S000085138,Defiance Daily Target 2x Long Nvo ETF,Tidal Trust II,0001924868,stock,Nvo,True,6,2025-01-31,2026-04-30,45876822.27,82077204.4,nport,common stock / NOVO-NORDISK SWAP MS || common stock / NOVO-NORDISK SWAP CLEARSTREET || common stock / NOVO-NORDISK A/S-SPONS ADR NOMURA,ok_name,Novo Nordisk A/S,2024:2.0,2024:Defiance Daily Target 2X Long NVO ETF
NVU,GraniteShares,NVO,2.0,daily,active,S000088291,GraniteShares 2x Long NVO Daily ETF,GraniteShares ETF Trust,0001689873,stock,NVO,True,0,,,,,listed_no_nport_yet,,no_ref,,2025:2.0,2025:GraniteShares 2x Long NVO Daily ETF
SNVT,Defiance,NVTS,-2.0,daily,active,S000099409,Defiance Daily Target 2X Short NVTS ETF,Tidal Trust II,0001924868,stock,NVTS,True,0,,,,,listed_no_nport_yet,,no_ref,,2026:-2.0,2026:Defiance Daily Target 2X Short NVTS ETF
NVTX,Tradr,NVTS,2.0,daily,active,S000095057,Tradr 2X Long NVTS Daily ETF,Investment Managers Series Trust II,0001587982,stock,NVTS,True,4,2025-09-30,2026-06-30,43422714.77,43422714.77,nport,NVTS / Navitas Semiconductor Corp. / CFD NAVITAS SEMICONDUCTOR CORP / CFD NAVITAS SEMICONDUCTOR CORP,ok_ticker,Navitas Semiconductor Corp.,2026:2.0,2026:Tradr 2X Long NVTS Daily ETF
NVTZ,Defiance,NVTS,2.0,daily,active,S000095548,Defiance Daily Target 2X Long NVTS ETF,Tidal Trust II,0001924868,stock,NVTS,True,0,,,,,listed_no_nport_yet,,no_ref,,2026:2.0,2026:Defiance Daily Target 2X Long NVTS ETF
NXPX,Tradr,NXPI,2.0,daily,active,S000096121,Tradr 2X Long NXPI Daily ETF,Investment Managers Series Trust II,0001587982,stock,NXPI,True,1,2026-06-30,2026-06-30,350688.71,350688.71,nport,NXPI / NXP Semiconductors N.V. / CFD NXP SEMICONDUCTORS NV / CFD NXP SEMICONDUCTORS NV,ok_ticker,NXP Semiconductors N.V.,2026:2.0,2026:Tradr 2X Long NXPI Daily ETF
NXPG,Leverage Shares,NXPI,2.0,daily,active,S000104258,Leverage Shares 2X Long NXPI Daily ETF,Themes ETF Trust,0001976322,stock,NXPI,True,0,,,,,listed_no_nport_yet,,no_ref,,2026:2.0,2026:Leverage Shares 2X Long NXPI Daily ETF
OKLS,Defiance,OKLO,-2.0,daily,active,S000096884,Defiance Daily Target 2x Short Oklo ETF,Tidal Trust II,0001924868,stock,Oklo,True,2,2026-01-31,2026-04-30,8093083.7,8093083.7,nport,common stock / OKLO INC SWAP JNST-S || common stock / OKLO INC SWAP CS-S || common stock / OKLO INC SWAP CANTOR-S,ok_ticker,"Oklo, Inc.",2026:-2.0,2026:Defiance Daily Target 2X Short OKLO ETF
OKLL,Defiance,OKLO,2.0,daily,active,S000093243,Defiance Daily Target 2x Long Oklo ETF,Tidal Trust II,0001924868,stock,Oklo,True,4,2025-07-31,2026-04-30,293425254.77,293425254.77,nport,common stock / OKLO INC SWAP CS-L || common stock / OKLO INC SWAP CANTOR || common stock / OKLO INC SWAP JNST-L,ok_ticker,"Oklo, Inc.",2025:2.0,2025:Defiance Daily Target 2X Long OKLO ETF
OKUP,T-REX,OKLO,2.0,daily,active,S000093879,T-REX 2X LONG OKLO DAILY TARGET ETF,ETF Opportunities Trust,0001771146,stock,OKLO,True,0,,,,,listed_no_nport_yet,,no_ref,,2025:2.0,2025:T-REX 2X LONG OKLO DAILY TARGET ETF
,Tradr,OKTA,2.0,daily,closed,S000095058,Tradr 2X Long OKTA Daily ETF,Investment Managers Series Trust II,0001587982,stock,OKTA,False,1,2025-12-31,2025-12-31,646956.04,646956.04,nport,"OKTA / Okta, Inc. / Okta, Inc. / CFD OKTA INC / CFD OKTA INC",ok_ticker,"Okta, Inc.",2026:2.0,2026:Tradr 2X Long OKTA Daily ETF
,Leverage Shares,OKTA,2.0,daily,closed,S000096600,Leverage Shares 2X Long OKTA Daily ETF,Themes ETF Trust,0001976322,stock,OKTA,False,2,2026-01-31,2026-04-30,907956.23,907956.23,nport,Okta Inc / Okta Inc / OKTA INC SWAP CS || Okta Inc / Okta Inc / OKTA INC SWAP MAR || Okta Inc / Okta Inc / OKTA INC SWAP CF,ok_ticker,OKTA US Equity,2026:2.0,2026:Leverage Shares 2X Long OKTA Daily ETF
ONX,Tradr,ON,2.0,daily,active,S000096122,Tradr 2X Long ON Daily ETF,Investment Managers Series Trust II,0001587982,stock,ON,True,1,2026-06-30,2026-06-30,2146329.63,2146329.63,nport,ON / ON Semiconductor Corporation / CFD ON SEMICONDUCTOR / CFD ON SEMICONDUCTOR,ok_ticker,ON Semiconductor Corp.,2026:2.0,2026:Tradr 2X Long ON Daily ETF
,Defiance,ONDS,2.0,daily,closed,S000099446,Defiance Daily Target 2x Long Onds ETF,Tidal Trust II,0001924868,stock,Onds,False,2,2026-01-31,2026-04-30,53394554.29,53394554.29,nport,common stock / ONDAS HOLDINGS INC SWAP CS-L || common stock / ONDAS HLDGS INC SWAP CANTOR-L || common stock / ONDAS HLDGS INC SWAP MAREX-L,ok_name,Ondas,2026:2.0,2026:Defiance Daily Target 2X Long ONDS ETF
,Leverage Shares,ONDS,2.0,daily,closed,S000100548,Leverage Shares 2X Long ONDS Daily ETF,Themes ETF Trust,0001976322,stock,ONDS,False,2,2026-01-31,2026-04-30,14199469.46,14199469.46,nport,Ondas Inc / Ondas Inc / ZEV VENTURES INC SWAP MAREX || Ondas Inc / Ondas Inc / ZEV VENTURES INC SWAP CS || Ondas Inc / Ondas Inc / ZEV VENTURES INC SWAP CF,ok_name,ONDS US Equity,2026:2.0,2026:Leverage Shares 2X Long ONDS Daily ETF
ONDU,Tradr,ONDS,2.0,daily,active,S000100579,Tradr 2x Long ONDS Daily ETF,Investment Managers Series Trust II,0001587982,stock,ONDS,True,2,2026-03-31,2026-06-30,5535067.36,5535067.36,nport,"ONDS / Ondas Holdings, Inc. / CFD ONDAS INC / CFD ONDAS INC",ok_ticker,"Ondas, Inc.",2026:2.0,2026:Tradr 2X Long ONDS Daily ETF
ONTG,Leverage Shares,ONTO,2.0,daily,active,S000105558,Leverage Shares 2X Long ONTO Daily ETF,Themes ETF Trust,0001976322,stock,ONTO,True,0,,,,,listed_no_nport_yet,,no_ref,,2026:2.0,2026:Leverage Shares 2X Long ONTO Daily ETF
ONTU,Tradr,ONTO,2.0,daily,active,S000106992,Tradr 2X Long ONTO Daily ETF,Investment Managers Series Trust II,0001587982,stock,ONTO,True,0,,,,,listed_no_nport_yet,,no_ref,,2026:2.0,2026:Tradr 2X Long ONTO Daily ETF
OPED,Defiance,OPEN,-2.0,daily,active,S000099410,Defiance Daily Target 2X Short OPEN ETF,Tidal Trust II,0001924868,stock,OPEN,True,0,,,,,listed_no_nport_yet,,no_ref,,2026:-2.0,2026:Defiance Daily Target 2X Short OPEN ETF
OPEZ,Tradr,OPEN,-2.0,daily,active,S000100818,Tradr 2X Short OPEN Daily ETF,Investment Managers Series Trust II,0001587982,stock,OPEN,True,0,,,,,listed_no_nport_yet,,no_ref,,2026:-2.0,2026:Tradr 2X Short OPEN Daily ETF
OPEX,Tradr,OPEN,2.0,daily,active,S000096123,Tradr 2X Long OPEN Daily ETF,Investment Managers Series Trust II,0001587982,stock,OPEN,True,3,2025-12-31,2026-06-30,12523489.04,16442317.63,nport,"OPEN / Opendoor Technologies, Inc. / CFD OPENDOOR TECHNOLOGIES INC / CFD OPENDOOR TECHNOLOGIES INC",ok_ticker,"Opendoor Technologies, Inc.",2026:2.0,2026:Tradr 2X Long OPEN Daily ETF
,Leverage Shares,OPEN,2.0,daily,closed,S000097919,Leverage Shares 2X Long OPEN Daily ETF,Themes ETF Trust,0001976322,stock,OPEN,False,2,2026-01-31,2026-04-30,1451202.0,1451202.0,nport,Opendoor Technologies Inc / Opendoor Technologies Inc / OPENDOOR TECHNOLOGIES SWAP MAR || Opendoor Technologies Inc / Opendoor Technologies Inc / OPENDOOR TECHNOLOGIES SWAP CS || Opendoor Technologies Inc / Opendoor Technologies Inc / OPENDOOR TECHNOLOGIES SWAP CF,ok_name,OPEN US Equity,2026:2.0,2026:Leverage Shares 2X Long OPEN Daily ETF
SORC,Defiance,ORCL,-2.0,daily,active,S000099411,Defiance Daily Target 2X Short ORCL ETF,Tidal Trust II,0001924868,stock,ORCL,True,0,,,,,listed_no_nport_yet,,no_ref,,2026:-2.0,2026:Defiance Daily Target 2X Short ORCL ETF
ORCZ,Tradr,ORCL,-2.0,daily,active,S000105723,Tradr 2X Short ORCL Daily ETF,Investment Managers Series Trust II,0001587982,stock,ORCL,True,0,,,,,listed_no_nport_yet,,no_ref,,2026:-2.0,2026:Tradr 2X Short ORCL Daily ETF
ORCS,Direxion,ORCL,-1.0,daily,active,S000094250,Direxion Daily ORCL Bear 1X ETF,Direxion Shares ETF Trust,0001424958,stock,ORCL,True,2,2026-01-31,2026-04-30,7535143.98,8804724.71,nport,ORACLE CORP SWAP,ok_name,Oracle Corporation,2025:-1.0,2025:Direxion Daily ORCL Bear 1X ETF
ORCX,Defiance,ORCL,2.0,daily,active,S000089803,Defiance Daily Target 2x Long Orcl ETF,Tidal Trust II,0001924868,stock,Orcl,True,5,2025-04-30,2026-04-30,291020612.19,291020612.19,nport,common stock / ORACLE CORP SWAP MS-L || common stock / ORCL  NOMURA || common stock / ORACLE CORP SWAP CS,ok_ticker,Oracle,2025:2.0,2025:Defiance Daily Target 2X Long ORCL ETF
ORCU,Direxion,ORCL,2.0,daily,active,S000094251,Direxion Daily ORCL Bull 2X ETF,Direxion Shares ETF Trust,0001424958,stock,ORCL,True,2,2026-01-31,2026-04-30,47496850.59,47496850.59,nport,ORACLE CORP SWAP,ok_name,Oracle Corporation,2025:2.0,2025:Direxion Daily ORCL Bull 2X ETF
,Leverage Shares,ORLY,2.0,daily,closed,S000100549,Leverage Shares 2X Long ORLY Daily ETF,Themes ETF Trust,0001976322,stock,ORLY,False,2,2026-01-31,2026-04-30,154613.19,398694.21,nport,O'Reilly Automotive Inc / O'Reilly Automotive Inc / OREILLY AUTOMOTIVE SWAP CS || O'Reilly Automotive Inc / O'Reilly Automotive Inc / OREILLY AUTOMOTIVE SWAP MAREX || O'Reilly Automotive Inc / O'Reilly Automotive Inc / OREILLY AUTOMOTIVE SWAP CF,ok_name,ORLY US Equity,2026:2.0,2026:Leverage Shares 2X Long ORLY Daily ETF
OSCU,T-REX,OSCR,2.0,daily,active,S000095478,T-REX 2X LONG OSCR DAILY TARGET ETF,ETF Opportunities Trust,0001771146,stock,OSCR,True,0,,,,,listed_no_nport_yet,,no_ref,,2026:2.0,2026:T-REX 2X LONG OSCR DAILY TARGET ETF
OSCX,Defiance,OSCR,2.0,daily,active,S000095549,Defiance Daily Target 2x Long Oscr ETF,Tidal Trust II,0001924868,stock,Oscr,True,3,2025-10-31,2026-04-30,9352460.94,9352460.94,nport,common stock / OSCAR HEALTH INC SWAP CANTOR || common stock / OSCAR HEALTH INC SWAP MAREX || common stock / OSCAR HEALTH INC SWAP JNST-L,ok_name,Oscar Health,2026:2.0,2026:Defiance Daily Target 2X Long OSCR ETF
,Leverage Shares,OSCR,2.0,daily,closed,S000096601,Leverage Shares 2X Long OSCR Daily ETF,Themes ETF Trust,0001976322,stock,OSCR,False,2,2026-01-31,2026-04-30,1184209.99,1184209.99,nport,Oscar Health Inc / Oscar Health Inc / OSCAR HEALTH SWAP MAREX || Oscar Health Inc / Oscar Health Inc / OSCAR HEALTH SWAP CANTOR || Oscar Health Inc / Oscar Health Inc / OSCAR HEALTH SWAP CS,ok_name,OSCR US Equity,2026:2.0,2026:Leverage Shares 2X Long OSCR Daily ETF
OSSL,Defiance,OSS,2.0,daily,active,S000104016,Defiance Daily Target 2x Long Oss ETF,Tidal Trust II,0001924868,stock,Oss,True,1,2026-06-30,2026-06-30,400045.0,400045.0,nport,"ONE STOP SYSTEMS, INC.-SWAP-CLST-L || ONE STOP SYSTEMS, INC.-SWAP-MREX-L || ONE STOP SYSTEMS, INC.-SWAP-CANT-L",ok_name,"One Stop Systems, Inc.",2026:2.0,2026:Defiance Daily Target 2X Long OSS ETF
OWLZ,Tradr,OWL,-2.0,daily,active,S000105724,Tradr 2X Short OWL Daily ETF,Investment Managers Series Trust II,0001587982,stock,OWL,True,0,,,,,listed_no_nport_yet,,no_ref,,2026:-2.0,2026:Tradr 2X Short OWL Daily ETF
OWLX,Tradr,OWL,2.0,daily,active,S000105753,Tradr 2X Long OWL Daily ETF,Investment Managers Series Trust II,0001587982,stock,OWL,True,0,,,,,listed_no_nport_yet,,no_ref,,2026:2.0,2026:Tradr 2X Long OWL Daily ETF
LOXY,Defiance,OXY,2.0,daily,active,S000100087,Defiance Daily Target 2X Long OXY ETF,Tidal Trust II,0001924868,stock,OXY,True,0,,,,,listed_no_nport_yet,,no_ref,,2026:2.0,2026:Defiance Daily Target 2X Long OXY ETF
PSD,GraniteShares,P,-2.0,daily,active,S000105178,GraniteShares 2x Short P Daily ETF,GraniteShares ETF Trust,0001689873,stock,P,True,0,,,,,listed_no_nport_yet,,no_ref,,2026:-2.0,2026:GraniteShares 2x Short P Daily ETF
PUL,GraniteShares,P,2.0,daily,active,S000105153,GraniteShares 2x Long P Daily ETF,GraniteShares ETF Trust,0001689873,stock,P,True,0,,,,,listed_no_nport_yet,,no_ref,,2026:2.0,2026:GraniteShares 2x Long P Daily ETF
LNDA,Defiance,PAAS,2.0,daily,active,S000101006,Defiance Daily Target 2X Long PAAS ETF,Tidal Trust II,0001924868,stock,PAAS,True,0,,,,,listed_no_nport_yet,,no_ref,,2026:2.0,2026:Defiance Daily Target 2X Long PAAS ETF
PAAU,T-REX,PAAS,2.0,daily,closed,S000101636,T-REX 2X Long PAAS Daily Target ETF,ETF Opportunities Trust,0001771146,stock,PAAS,True,2,2026-03-31,2026-06-30,465675.39,465675.39,nport,PAAS / Pan American Silver Corp / PAN AMERICAN SILVER CORP SWAP CLEAR STREET,ok_ticker,PAAS US EQUITY,2026:2.0,2026:T-REX 2X LONG PAAS DAILY TARGET ETF
PAND,T-REX,PANW,-2.0,daily,active,S000087449,T-REX 2X INVERSE PANW DAILY TARGET ETF,ETF Opportunities Trust,0001771146,stock,PANW,True,0,,,,,listed_no_nport_yet,,no_ref,,2025:-2.0,2025:T-REX 2X INVERSE PANW DAILY TARGET ETF
PAS,GraniteShares,PANW,-2.0,daily,active,S000088307,GraniteShares 2x Short PANW Daily ETF,GraniteShares ETF Trust,0001689873,stock,PANW,True,0,,,,,listed_no_nport_yet,,no_ref,,2025:-2.0,2025:GraniteShares 2x Short PANW Daily ETF
PALD,Direxion,PANW,-1.0,daily,active,S000090368,Direxion Daily PANW Bear 1X Shares,Direxion Shares ETF Trust,0001424958,stock,PANW,True,5,2025-04-30,2026-04-30,2351277.99,3246558.4,nport,PALO ALTO NETWORKS INC SWAP,ok_name,"Palo Alto Networks, Inc.",2025:-1.0; 2026:-1.0,2025:Direxion Daily PANW Bear 1X Shares; 2026:Direxion Daily PANW Bear 1X ETF
PANU,T-REX,PANW,2.0,daily,active,S000087473,T-REX 2X LONG PANW DAILY TARGET ETF,ETF Opportunities Trust,0001771146,stock,PANW,True,0,,,,,listed_no_nport_yet,,no_ref,,2025:2.0,2025:T-REX 2X LONG PANW DAILY TARGET ETF
PAU,GraniteShares,PANW,2.0,daily,active,S000088292,GraniteShares 2x Long PANW Daily ETF,GraniteShares ETF Trust,0001689873,stock,PANW,True,0,,,,,listed_no_nport_yet,,no_ref,,2025:2.0,2025:GraniteShares 2x Long PANW Daily ETF
PALU,Direxion,PANW,2.0,daily,active,S000090382,Direxion Daily PANW Bull 2X Shares,Direxion Shares ETF Trust,0001424958,stock,PANW,True,5,2025-04-30,2026-04-30,11876117.57,12172165.94,nport,PALO ALTO NETWORKS INC SWAP,ok_name,"Palo Alto Networks, Inc.",2025:2.0; 2026:2.0,2025:Direxion Daily PANW Bull 2X Shares; 2026:Direxion Daily PANW Bull 2X ETF
PANG,Leverage Shares,PANW,2.0,daily,active,S000091225,Leverage Shares 2X Long PANW Daily ETF,Themes ETF Trust,0001976322,stock,PANW,True,5,2025-04-30,2026-04-30,5194099.29,5194099.29,nport,Palo Alto Networks Inc / Palo Alto Networks Inc / PALO ALTO NETWORKS INC SWAP - L - CLEARSTREET || Palo Alto Networks Inc / Palo Alto Networks Inc / PALO ALTO NETWORKS INC SWAP - L - CANTOR || Palo Alto Networks Inc / Palo Alto Networks Inc / PALO ALTO NETWORKS INC SWAP - L - MAREX,ok_name,PANW US Equity,2025:2.0,2025:Leverage Shares 2X Long PANW Daily ETF
PATX,Tradr,PATH,2.0,daily,closed,S000100580,Tradr 2x Long PATH Daily ETF,Investment Managers Series Trust II,0001587982,stock,PATH,False,2,2026-03-31,2026-06-30,3901245.04,3901245.04,nport,"PATH / UiPath, Inc. / CFD UIPATH INC - CLASS A / CFD UIPATH INC - CLASS A",ok_ticker,"UiPath, Inc.",2026:2.0,2026:Tradr 2X Long PATH Daily ETF
PATL,Defiance,PATH,2.0,daily,active,S000101007,Defiance Daily Target 2X Long PATH ETF,Tidal Trust II,0001924868,stock,PATH,True,0,,,,,listed_no_nport_yet,,no_ref,,2026:2.0,2026:Defiance Daily Target 2X Long PATH ETF
,Leverage Shares,PBR,2.0,daily,closed,S000097920,Leverage Shares 2X Long PBR Daily ETF,Themes ETF Trust,0001976322,stock,PBR,False,2,2026-01-31,2026-04-30,2853962.06,2853962.06,nport,PETROBRAS / Petroleo Brasileiro SA - Petrobras / PETROLEO BRASILEIRO SA PETRO SWAP CS || PETROBRAS / Petroleo Brasileiro SA - Petrobras / PETROLEO BRASILEIRO SA PETRO MAR || PETROBRAS / Petroleo Brasileiro SA - Petrobras / PETROLEO BRASILEIRO SA PETRO SWAP CF,ok_name,PBR US Equity,2026:2.0,2026:Leverage Shares 2X Long PBR Daily ETF
KPDD,KraneShares,PDD,2.0,daily,active,S000089271,KraneShares 2x Long PDD Daily ETF,Krane Shares Trust,0001547576,stock,PDD,True,6,2025-03-31,2026-06-30,18949229.74,18949229.74,nport,REF: 2X PDD US EQUITY / REF: 2X PDD US EQUITY BRK :MAREX,ok_ticker,PDD Holdings Inc.,2025:2.0,2025:KraneShares 2x Long PDD Daily ETF
PDDL,GraniteShares,PDD,2.0,daily,active,S000090915,GraniteShares 2x Long PDD Daily ETF,GraniteShares ETF Trust,0001689873,stock,PDD,True,4,2025-09-30,2026-06-30,7558432.66,9360962.76,nport,"PDD Holdings, Inc. / Cantor Fitzgerald / GRANITESHARES LONG PDD SWAP CANTOR FITZGERALD",ok_ticker,PDD GROSS CLOSE,2025:2.0,2025:GraniteShares 2x Long PDD Daily ETF
PFES,AXS,PFE,-2.0,daily,closed,S000076092,AXS 2X PFE Bear Daily ETF,Investment Managers Series Trust II,0001587982,stock,PFE,False,3,2022-09-30,2023-03-31,1594599.76,1594599.76,nport,OTHER / OTHER / TRS PFIZER INC / TRS PFIZER INC,ok_name,S&P Biotechnology Index,2022:-2.0,2022:AXS 2X PFE Bear Daily ETF
PFEL,AXS,PFE,2.0,daily,closed,S000076093,AXS 2X PFE Bull Daily ETF,Investment Managers Series Trust II,0001587982,stock,PFE,False,3,2022-09-30,2023-03-31,866562.53,1232881.03,nport,OTHER / OTHER / TRS PFIZER INC / TRS PFIZER INC,ok_name,S&P Biotechnology Index,2022:2.0,2022:AXS 2X PFE Bull Daily ETF
,Defiance,PL,2.0,daily,closed,S000099448,Defiance Daily Target 2x Long Pl ETF,Tidal Trust II,0001924868,stock,Pl,False,2,2026-01-31,2026-04-30,16142489.19,16142489.19,nport,common stock / PLANET LABS SWAP NBC-L || common stock / PLANET LABS PBC SWAP MAREX-L || common stock / PLANET LABS PBC SWAP CANTOR-L,ok_name,Planet Labs PBC,2026:2.0,2026:Defiance Daily Target 2X Long PL ETF
PLTD,T-REX,PLTR,-2.0,daily,active,S000087450,T-REX 2X INVERSE PLTR DAILY TARGET ETF,ETF Opportunities Trust,0001771146,stock,PLTR,True,0,,,,,listed_no_nport_yet,,no_ref,,2025:-2.0,2025:T-REX 2X INVERSE PLTR DAILY TARGET ETF
PLTZ,Defiance,PLTR,-2.0,daily,active,S000092367,Defiance Daily Target 2x Short Pltr ETF,Tidal Trust II,0001924868,stock,Pltr,True,4,2025-07-31,2026-04-30,28468175.85,68631319.02,nport,common stock / PALANTIR TECHNOLOGIES INC SWAP CANTOR-S || common stock / PALANTIR TECHNOLOGIES SWAP CS-S || common stock / PALANTIR TECHNOLOGIES SWAP NOMURA-S,ok_name,Palantir Techonologies,2025:-2.0,2025:Defiance Daily Target 2X Short PLTR ETF
PLTD,Direxion,PLTR,-1.0,daily,closed,S000088055,Direxion Daily PLTR Bear 1X Shares,Direxion Shares ETF Trust,0001424958,stock,PLTR,False,6,2025-01-31,2026-04-30,31852362.67,58497654.11,nport,DIREXION DAILY PLTR BULL / BEAR,ok_ticker,Palantir Technologies Inc.,2025:-1.0; 2026:-1.0,2025:Direxion Daily PLTR Bear 1X Shares; 2026:Direxion Daily PLTR Bear 1X ETF
PTIR,GraniteShares,PLTR,2.0,daily,active,S000076345,GraniteShares 2x Long PLTR Daily ETF,GraniteShares ETF Trust,0001689873,stock,PLTR,True,8,2024-09-30,2026-06-30,296770033.01,761707621.8,nport,"Palantir Technologies, Inc. / Clear Street / GRANITESHARES LONG PLTR SWAP CLEAR STREET || Palantir Technologies, Inc. / TD Cowen / GRANITESHARES LONG PLTR SWAP COWEN || Palantir Technologies, Inc. / BMO Capital Markets / Recv Long 2x Pltr Trs Bmo",ok_ticker,PLTR GROSS CLOSE,2022:2.0; 2023:1.25; 2024:2.0,2022:GraniteShares 2x Long Palantir Daily ETF; 2023:GraniteShares 1.25x Long PLTR Daily ETF; 2024:GraniteShares 2x Long PLTR Daily ETF
PLTU,Direxion,PLTR,2.0,daily,active,S000088054,Direxion Daily PLTR Bull 2X Shares,Direxion Shares ETF Trust,0001424958,stock,PLTR,True,6,2025-01-31,2026-04-30,486948846.59,577933115.29,nport,DIREXION DAILY PLTR BULL / BEAR,ok_ticker,Palantir Technologies Inc.,2025:2.0; 2026:2.0,2025:Direxion Daily PLTR Bull 2X Shares; 2026:Direxion Daily PLTR Bull 2X ETF
PLTG,Leverage Shares,PLTR,2.0,daily,active,S000091226,Leverage Shares 2X Long PLTR Daily ETF,Themes ETF Trust,0001976322,stock,PLTR,True,5,2025-04-30,2026-04-30,25617737.41,31530238.64,nport,Palantir Technologies Inc / Palantir Technologies Inc / PALANTIR TECHNOLOGIES SWAP - L  - CLEARSTREET || Palantir Technologies Inc / Palantir Technologies Inc / PALANTIR TECHNOLOGIES SWAP - L  - MAREX || Palantir Technologies Inc / Palantir Technologies Inc / PALANTIR TECHNOLOGIES SWAP - L  - CANTOR,ok_name,PLTR US Equity,2025:2.0,2025:Leverage Shares 2X Long PLTR Daily ETF
PLTA,ProShares,PLTR,2.0,daily,active,S000094858,ProShares Ultra PLTR,PROSHARES TRUST,0001174610,stock,PLTR,True,3,2025-11-30,2026-05-31,9496811.77,9496811.77,nport,PLTR / Palantir Technologies Inc. / Total Return Swap,ok_ticker,Palantir Technologies Inc.,2026:2.0,2026:ProShares Ultra PLTR
PLUL,Leverage Shares,PLUG,2.0,daily,active,S000100550,Leverage Shares 2X Long PLUG Daily ETF,Themes ETF Trust,0001976322,stock,PLUG,True,2,2026-01-31,2026-04-30,3041031.94,3041031.94,nport,Plug Power Inc / Plug Power Inc / PLUG POWER INC SWAP MAREX || Plug Power Inc / Plug Power Inc / PLUG POWER INC SWAP CS || Plug Power Inc / Plug Power Inc / PLUG POWER INC SWAP CF,ok_ticker,PLUG US Equity,2026:2.0,2026:Leverage Shares 2X Long PLUG Daily ETF
PLGX,Defiance,PLUG,2.0,daily,active,S000100997,Defiance Daily Target 2X Long PLUG ETF,Tidal Trust II,0001924868,stock,PLUG,True,0,,,,,listed_no_nport_yet,,no_ref,,2026:2.0,2026:Defiance Daily Target 2X Long PLUG ETF
XPM,Defiance,PM,2.0,daily,active,S000092418,Defiance Daily Target 2X Long PM ETF,Tidal Trust II,0001924868,stock,PM,True,1,2025-10-31,2025-10-31,463636.04,463636.04,nport,Philip Morris International In / Philip Morris International Inc / PHILIP MORRIS INTL SWAP CANTOR || Philip Morris International In / Philip Morris International Inc / PHILIP MORRIS INTL INC SWAP CS || Philip Morris International In / Philip Morris International Inc / PHILIP MORRIS INTL INC SWAP MAREX,ok_name,Philip Morris International Inc.,2025:2.0,2025:Defiance Daily Target 2X Long PM ETF
POEX,Tradr,POET,2.0,daily,active,S000100919,Tradr 2X Long POET Daily ETF,Investment Managers Series Trust II,0001587982,stock,POET,True,0,,,,,listed_no_nport_yet,,no_ref,,2026:2.0,2026:Tradr 2X Long POET Daily ETF
POEL,Defiance,POET,2.0,daily,active,S000100998,Defiance Daily Target 2X Long POET ETF,Tidal Trust II,0001924868,stock,POET,True,0,,,,,listed_no_nport_yet,,no_ref,,2026:2.0,2026:Defiance Daily Target 2X Long POET ETF
PONX,Tradr,PONY,2.0,daily,active,S000095059,Tradr 2X Long PONY Daily ETF,Investment Managers Series Trust II,0001587982,stock,PONY,True,4,2025-09-30,2026-06-30,3042990.38,6563957.7,nport,"PONY / Pony AI, Inc. / CFD PONY AI INC / CFD PONY AI INC",ok_ticker,"Pony AI, Inc.",2026:2.0,2026:Tradr 2X Long PONY Daily ETF
PONU,Defiance,PONY,2.0,daily,active,S000095538,Defiance Daily Target 2X Long PONY ETF,Tidal Trust II,0001924868,stock,PONY,True,0,,,,,listed_no_nport_yet,,no_ref,,2026:2.0,2026:Defiance Daily Target 2X Long PONY ETF
PUR,Defiance,PURR,2.0,daily,active,S000105972,Defiance Daily Target 2X Long PURR ETF,Tidal Trust II,0001924868,stock,PURR,True,0,,,,,listed_no_nport_yet,,no_ref,,2026:2.0,2026:Defiance Daily Target 2X Long PURR ETF
PYPS,AXS,PYPL,-1.5,daily,closed,S000076094,AXS 1.5X PYPL Bear Daily ETF,Investment Managers Series Trust II,0001587982,stock,PYPL,False,3,2022-09-30,2023-03-31,854223.77,969822.84,nport,"Paypal Holdings, Inc. / Paypal Holdings, Inc. / TRS PAYPAL HOLDINGS INC / TRS PAYPAL HOLDINGS INC",ok_name,S&P 500 High Beta Index,2022:-2.0; 2023:-1.5,2022:AXS 2X PYPL Bear Daily ETF; 2023:AXS 1.5X PYPL Bear Daily ETF
PYPT,AXS,PYPL,1.5,daily,closed,S000076095,AXS 1.5X PYPL Bull Daily ETF,Investment Managers Series Trust II,0001587982,stock,PYPL,False,4,2022-09-30,2023-06-30,1243310.46,1774582.33,nport,"Paypal Holdings, Inc. / Paypal Holdings, Inc. / TRS PAYPAL HOLDINGS INC / TRS PAYPAL HOLDINGS INC",ok_name,S&P 600 High Beta Index,2022:2.0; 2023:1.5,2022:AXS 2X PYPL Bull Daily ETF; 2023:AXS 1.5X PYPL Bull Daily ETF
PYPG,Leverage Shares,PYPL,2.0,daily,active,S000091227,Leverage Shares 2X Long PYPL Daily ETF,Themes ETF Trust,0001976322,stock,PYPL,True,5,2025-04-30,2026-04-30,26639959.67,32843854.28,nport,PayPal Holdings Inc / PayPal Holdings Inc / PAYPAL HLDGS INC SWAP - L  - CLEARSTREET || PayPal Holdings Inc / PayPal Holdings Inc / PAYPAL HLDGS INC SWAP - L  - CANTOR || PayPal Holdings Inc / PayPal Holdings Inc / PAYPAL HLDGS INC SWAP - L  - MAREX,ok_name,PYPL US Equity,2025:2.0,2025:Leverage Shares 2X Long PYPL Daily ETF
PYPU,Direxion,PYPL,2.0,daily,active,S000092897,Direxion Daily PYPL Bull 2X ETF,Direxion Shares ETF Trust,0001424958,stock,PYPL,True,1,2026-04-30,2026-04-30,3142562.54,3142562.54,nport,PAYPAL HLDS INC SWAP,ok_name,"PayPal Holdings, Inc.",2025:2.0; 2026:2.0,2025:Direxion Daily PYPL Bull 2X Shares; 2026:Direxion Daily PYPL Bull 2X ETF
QX,Tradr,Q,2.0,daily,active,S000105754,Tradr 2X Long Q Daily ETF,Investment Managers Series Trust II,0001587982,stock,Q,True,0,,,,,listed_no_nport_yet,,no_ref,,2026:2.0,2026:Tradr 2X Long Q Daily ETF
QBTZ,Defiance,QBTS,-2.0,daily,active,S000093245,Defiance Daily Target 2x Short Qbts ETF,Tidal Trust II,0001924868,stock,Qbts,True,3,2025-10-31,2026-04-30,11799128.11,30470666.05,nport,common stock / D-WAVE QUANTUM SWAP JNST-S || common stock / D-WAVE QUANTUM INC COM SWAP CS || common stock / D-WAVE QUANTUM INC SWAP MAREX,ok_name,D-Wave Quantum,2025:-2.0,2025:Defiance Daily Target 2X Short QBTS ETF
QBTX,Tradr,QBTS,2.0,daily,active,S000091896,Tradr 2X Long QBTS Daily ETF,Investment Managers Series Trust II,0001587982,stock,QBTS,True,5,2025-06-30,2026-06-30,118215998.06,118215998.06,nport,QBTS / D-WAVE QUANTUM INC. / CFD D-WAVE QUANTUM INC / CFD D-WAVE QUANTUM INC,ok_ticker,D-Wave Quantum Inc,2025:2.0,2025:Tradr 2X Long QBTS Daily ETF
QCS,GraniteShares,QCOM,-2.0,daily,active,S000088309,GraniteShares 2x Short QCOM Daily ETF,GraniteShares ETF Trust,0001689873,stock,QCOM,True,0,,,,,listed_no_nport_yet,,no_ref,,2025:-2.0,2025:GraniteShares 2x Short QCOM Daily ETF
QCMD,Direxion,QCOM,-1.0,daily,active,S000090370,Direxion Daily QCOM Bear 1X ETF,Direxion Shares ETF Trust,0001424958,stock,QCOM,True,4,2025-07-31,2026-04-30,2933768.63,2933768.63,nport,QUALCOMM INC SWAP,ok_name,Qualcomm Inc,2025:-1.0,2025:Direxion Daily QCOM Bear 1X ETF
QCML,GraniteShares,QCOM,2.0,daily,active,S000088293,GraniteShares 2x Long QCOM Daily ETF,GraniteShares ETF Trust,0001689873,stock,QCOM,True,6,2025-03-31,2026-06-30,136158951.25,136158951.25,nport,"QUALCOMM, Inc. / TD Cowen / Recv Long 2x Qcom Cowen || QUALCOMM, Inc. / Nomura Securities / Recv Long 2x Qcom Nm1",ok_ticker,QUALCOMM GROSS CLOSE,2025:2.0,2025:GraniteShares 2x Long QCOM Daily ETF
QCMU,Direxion,QCOM,2.0,daily,active,S000090369,Direxion Daily QCOM Bull 2X ETF,Direxion Shares ETF Trust,0001424958,stock,QCOM,True,4,2025-07-31,2026-04-30,19674140.57,19674140.57,nport,QUALCOMM INC SWAP,ok_name,Qualcomm Inc,2025:2.0,2025:Direxion Daily QCOM Bull 2X ETF
QMCX,Tradr,QMCO,2.0,daily,active,S000100920,Tradr 2X Long QMCO Daily ETF,Investment Managers Series Trust II,0001587982,stock,QMCO,True,0,,,,,listed_no_nport_yet,,no_ref,,2026:2.0,2026:Tradr 2X Long QMCO Daily ETF
QSZ,Tradr,QS,-2.0,daily,active,S000100819,Tradr 2X Short QS Daily ETF,Investment Managers Series Trust II,0001587982,stock,QS,True,0,,,,,listed_no_nport_yet,,no_ref,,2026:-2.0,2026:Tradr 2X Short QS Daily ETF
QSU,Defiance,QS,2.0,daily,active,S000095916,Defiance Daily Target 2x Long Qs ETF,Tidal Trust II,0001924868,stock,Qs,True,3,2025-10-31,2026-04-30,16783774.52,16783774.52,nport,common stock / QUANTUMSCAPE CORP SWAP CS || common stock / QUANTUMSCAPE  INC SWAP CANTOR || common stock / QUANTUMSCAP SWAP MAR-L,ok_name,Quantumscape,2026:2.0,2026:Defiance Daily Target 2X Long QS ETF
,Tradr,QS,2.0,daily,closed,S000096124,Tradr 2X Long QS Daily ETF,Investment Managers Series Trust II,0001587982,stock,QS,False,1,2025-12-31,2025-12-31,495549.3,495549.3,nport,QS / Quantumscape Corp. / Quantumscape Corp. / CFD QUANTUMSCAPE CORP / CFD QUANTUMSCAPE CORP,ok_ticker,Quantumscape Corp.,2026:2.0,2026:Tradr 2X Long QS Daily ETF
QUBZ,Tradr,QUBT,-2.0,daily,active,S000100821,Tradr 2X Short QUBT Daily ETF,Investment Managers Series Trust II,0001587982,stock,QUBT,True,0,,,,,listed_no_nport_yet,,no_ref,,2026:-2.0,2026:Tradr 2X Short QUBT Daily ETF
QUBX,Tradr,QUBT,2.0,daily,active,S000091897,Tradr 2X Long QUBT Daily ETF,Investment Managers Series Trust II,0001587982,stock,QUBT,True,5,2025-06-30,2026-06-30,36109114.89,36109114.89,nport,"QUBT / QUANTUM COMPUTING, Inc. / CFD QUANTUM COMPUTING INC / CFD QUANTUM COMPUTING INC",ok_ticker,"Quantum Computing, Inc.",2025:2.0,2025:Tradr 2X Long QUBT Daily ETF
QBTU,T-REX,QUBT,2.0,daily,active,S000093880,T-REX 2X LONG QUBT DAILY TARGET ETF,ETF Opportunities Trust,0001771146,stock,QUBT,True,0,,,,,listed_no_nport_yet,,no_ref,,2025:2.0,2025:T-REX 2X LONG QUBT DAILY TARGET ETF
RBLU,T-REX,RBLX,2.0,daily,active,S000087475,T-Rex 2X Long RBLX Daily Target ETF,ETF Opportunities Trust,0001771146,stock,RBLX,True,6,2025-03-31,2026-06-30,13006100.09,13006100.09,nport,RBLX / ROBLOX Corp / ROBLOX CORP CL A SWAP CANTOR || RBLX / ROBLOX Corp / ROBLOX CORPORATION-SWAP-CLST-L,ok_ticker,RBLX US EQUITY,2025:2.0,2025:T-REX 2X LONG RBLX DAILY TARGET ETF
RBRX,Defiance,RBRK,2.0,daily,active,S000095539,Defiance Daily Target 2X Long RBRK ETF,Tidal Trust II,0001924868,stock,RBRK,True,0,,,,,listed_no_nport_yet,,no_ref,,2026:2.0,2026:Defiance Daily Target 2X Long RBRK ETF
RCAX,Defiance,RCAT,2.0,daily,active,S000095540,Defiance Daily Target 2x Long Rcat ETF,Tidal Trust II,0001924868,stock,Rcat,True,1,2026-04-30,2026-04-30,8819800.12,8819800.12,nport,common stock / RED CAT HLDGS SWAP CF-L || common stock / RED CAT HLDGS SWAP CS-L || common stock / RED CAT HLDGS SWAP MAREX-L,ok_name,Red Cat Holdings Inc,2026:2.0,2026:Defiance Daily Target 2X Long RCAT ETF
RDTL,GraniteShares,RDDT,2.0,daily,active,S000090916,GraniteShares 2x Long RDDT Daily ETF,GraniteShares ETF Trust,0001689873,stock,RDDT,True,6,2025-03-31,2026-06-30,56786139.98,65206618.88,nport,"Reddit, Inc. / Marex / GRANITESHARES LONG RDDT SWAP MAREX",ok_ticker,REDDIT GROSS CLOSE,2025:2.0,2025:GraniteShares 2x Long RDDT Daily ETF
RDWU,T-REX,RDW,2.0,daily,active,S000095466,T-REX 2X Long RDW Daily Target ETF,ETF Opportunities Trust,0001771146,stock,RDW,True,2,2026-03-31,2026-06-30,48396451.48,48396451.48,nport,RDW / Redwire Corp / REDWIRE CORPORATION-SWAP-MREX-L || RDW / Redwire Corp / REDWIRE CORPORATION-SWAP-JNST-L || RDW / Redwire Corp / REDWIRE CORPORATION SWAP CS,ok_ticker,RDW US EQUITY,2026:2.0,2026:T-REX 2X LONG RDW DAILY TARGET ETF
RGTZ,Defiance,RGTI,-2.0,daily,active,S000093246,Defiance Daily Target 2x Short Rgti ETF,Tidal Trust II,0001924868,stock,Rgti,True,3,2025-10-31,2026-04-30,22062364.78,81110184.95,nport,common stock / RIGETTI COMPUTING INC SWAP CS || common stock / RIGETTI COMPUTING INC SWAP MAREX || common stock / RIGETTI COMPUTING INC SWAP CANTOR,ok_name,Rigetti Computing,2025:-2.0,2025:Defiance Daily Target 2X Short RGTI ETF
RGTX,Defiance,RGTI,2.0,daily,active,S000091058,Defiance Daily Target 2x Long Rgti ETF,Tidal Trust II,0001924868,stock,Rgti,True,5,2025-04-30,2026-04-30,57766633.72,163460164.85,nport,common stock / RIGETTI COMPUTING INC SWAP JNST-L || common stock / RIGETTI COMPUTING SWAP CS-L || common stock / RIGETTI COMPUTING INC SWAP CANTOR,ok_name,Rigetti Computing,2025:2.0,2025:Defiance Daily Target 2X Long RGTI ETF
RGTU,Tradr,RGTI,2.0,daily,active,S000091898,Tradr 2X Long RGTI Daily ETF,Investment Managers Series Trust II,0001587982,stock,RGTI,True,5,2025-06-30,2026-06-30,13892309.1,13892309.1,nport,"RGTI / RIGETTI COMPUTING, Inc. / CFD RIGETTI COMPUTING INC / CFD RIGETTI COMPUTING INC",ok_ticker,"Rigetti Computing, Inc.",2025:2.0,2025:Tradr 2X Long RGTI Daily ETF
RIOX,Defiance,RIOT,2.0,daily,active,S000085120,Defiance Daily Target 2x Long Riot ETF,Tidal Trust II,0001924868,stock,Riot,True,6,2025-01-31,2026-04-30,19574006.06,40216116.4,nport,common stock / RIOT PLATFORMS SWAP - L -CANTOR || common stock / RIOT PLATFORMS INC SWAP CS || common stock / RIOT PLATFORMS INC SWAP - L -MAREX,ok_ticker,Riot Platforms,2024:2.0; 2025:2.0,2024:Defiance Daily Target 2X Long Carbon ETF; 2025:Defiance Daily Target 2X Long RIOT ETF
RIOL,GraniteShares,RIOT,2.0,daily,active,S000090917,GraniteShares 2x Long RIOT Daily ETF,GraniteShares ETF Trust,0001689873,stock,RIOT,True,0,,,,,listed_no_nport_yet,,no_ref,,2025:2.0,2025:GraniteShares 2x Long RIOT Daily ETF
RVD,GraniteShares,RIVN,-2.0,daily,active,S000081143,GraniteShares 2x Short RIVN Daily ETF,GraniteShares ETF Trust,0001689873,stock,RIVN,True,0,,,,,listed_no_nport_yet,,no_ref,,2023:-1.5; 2024:-2.0,2023:GraniteShares 1.5x Short RIVN Daily ETF; 2024:GraniteShares 2x Short RIVN Daily ETF
RI,GraniteShares,RIVN,-1.0,daily,active,S000081160,GraniteShares 1x Short RIVN Daily ETF,GraniteShares ETF Trust,0001689873,stock,RIVN,True,0,,,,,listed_no_nport_yet,,no_ref,,2023:-1.0,2023:GraniteShares 1x Short RIVN Daily ETF
RVNL,GraniteShares,RIVN,2.0,daily,active,S000081164,GraniteShares 2x Long RIVN Daily ETF,GraniteShares ETF Trust,0001689873,stock,RIVN,True,5,2025-06-30,2026-06-30,15293266.61,15293266.61,nport,"Rivian Automotive, Inc. / Marex / Recv Long Rivn Trs Marex",ok_ticker,RIVIAN GROSS CLOSE,2023:1.5; 2024:2.0,2023:GraniteShares 1.5x Long RIVN Daily ETF; 2024:GraniteShares 2x Long RIVN Daily ETF
RKLZ,Defiance,RKLB,-2.0,daily,active,S000092368,Defiance Daily Target 2x Short Rklb ETF,Tidal Trust II,0001924868,stock,Rklb,True,2,2026-01-31,2026-04-30,9088198.2,12704671.41,nport,common stock / ROCKET LAB CORP SWAP NOMURA-S || common stock / ROCKET LAB CORP SWAO CANTOR-S || common stock / ROCKET LAB CORP SWAP JNST-S,ok_name,Rocket Lab,2025:-2.0,2025:Defiance Daily Target 2X Short RKLB ETF
RKLX,Defiance,RKLB,2.0,daily,active,S000091059,Defiance Daily Target 2x Long Rklb ETF,Tidal Trust II,0001924868,stock,Rklb,True,5,2025-04-30,2026-04-30,235584352.45,235584352.45,nport,common stock / ROCKET LAB CORP SWAP JNST-L || common stock / ROCKET LAB CORP INC SWAP MS-L || common stock / ROCKET LAB CORP SWAP CLEARSTREET,ok_name,Rocket Lab,2025:2.0,2025:Defiance Daily Target 2X Long RKLB ETF
RKTL,Defiance,RKT,2.0,daily,active,S000099449,Defiance Daily Target 2x Long Rkt ETF,Tidal Trust II,0001924868,stock,Rkt,True,2,2026-01-31,2026-04-30,1693187.93,1693187.93,nport,common stock / ROCKET COS SWAP CS-L || common stock / ROCKET COS SWAP NOMURA-L || common stock / ROCKET COS SWAP MAREX-L,ok_name,Rocket Companies Inc,2026:2.0,2026:Defiance Daily Target 2X Long RKT ETF
LRMB,Defiance,RMBS,2.0,daily,active,S000100088,Defiance Daily Target 2X Long RMBS ETF,Tidal Trust II,0001924868,stock,RMBS,True,0,,,,,listed_no_nport_yet,,no_ref,,2026:2.0,2026:Defiance Daily Target 2X Long RMBS ETF
RMBX,Tradr,RMBS,2.0,daily,active,S000105755,Tradr 2X Long RMBS Daily ETF,Investment Managers Series Trust II,0001587982,stock,RMBS,True,1,2026-06-30,2026-06-30,250000.0,250000.0,nport,,no_ref,N/A,2026:2.0,2026:Tradr 2X Long RMBS Daily ETF
RRXX,Tradr,RR,2.0,daily,active,S000100921,Tradr 2X Long RR Daily ETF,Investment Managers Series Trust II,0001587982,stock,RR,True,0,,,,,listed_no_nport_yet,,no_ref,,2026:2.0,2026:Tradr 2X Long RR Daily ETF
RTXG,Leverage Shares,RTX,2.0,daily,active,S000091230,Leverage Shares 2X Long RTX Daily ETF,Themes ETF Trust,0001976322,stock,RTX,True,4,2025-07-31,2026-04-30,3955474.56,3955474.56,nport,RTX Corp / RTX Corp / RTX CORPORATION SWAP - L  - CLEARSTREET || RTX Corp / RTX Corp / RTX CORPORATION - L  - CANTOR || RTX Corp / RTX Corp / RTX CORPORATION SWAP - L  - MAREX,ok_ticker,RTX US Equity,2025:2.0,2025:Leverage Shares 2X Long RTX Daily ETF
RXUP,T-REX,RXRX,2.0,daily,active,S000093881,T-REX 2X LONG RXRX DAILY TARGET ETF,ETF Opportunities Trust,0001771146,stock,RXRX,True,0,,,,,listed_no_nport_yet,,no_ref,,2025:2.0,2025:T-REX 2X LONG RXRX DAILY TARGET ETF
,Leverage Shares,SATS,2.0,daily,closed,S000098112,Leverage Shares 2X Long SATS Daily ETF,Themes ETF Trust,0001976322,stock_unverified,SATS,False,2,2026-01-31,2026-04-30,18668580.21,18668580.21,nport,EchoStar Corp / EchoStar Corp / ECHOSTAR CORP SWAP CS || EchoStar Corp / EchoStar Corp / ECHOSTAR CORP SWAP MAR || EchoStar Corp / EchoStar Corp / ECHOSTAR CORP SWAP CF,unverified_no_sec_name,SATS US Equity,2026:2.0,2026:Leverage Shares 2X Long SATS Daily ETF
SBTU,T-REX,SBET,2.0,daily,active,S000095873,T-REX 2X Long SBET Daily Target ETF,ETF Opportunities Trust,0001771146,stock,SBET,True,3,2025-11-30,2026-05-31,2310943.59,2310943.59,nport,SBET / SHARPLINK INC / SHARPLINK GAMING INC SWAP CS,ok_ticker,SBET,2026:2.0,2026:T-REX 2X LONG SBET DAILY TARGET ETF
,Leverage Shares,SBUX,2.0,daily,closed,S000096602,Leverage Shares 2X Long SBUX Daily ETF,Themes ETF Trust,0001976322,stock,SBUX,False,2,2026-01-31,2026-04-30,745364.11,931541.85,nport,Starbucks Corp / Starbucks Corp / STARBUCKS CORP SWAP CS || Starbucks Corp / Starbucks Corp / STARBUCKS CORP SWAP MAR || Starbucks Corp / Starbucks Corp / STARBUCKS CORP SWAP CF,ok_name,SBUX US Equity,2026:2.0,2026:Leverage Shares 2X Long SBUX Daily ETF
KSE,KraneShares,SE,2.0,daily,active,S000091102,KraneShares 2x Long SE Daily ETF,Krane Shares Trust,0001547576,stock,SE,True,0,,,,,listed_no_nport_yet,,no_ref,,2025:2.0,2025:KraneShares 2x Long SE Daily ETF
SEDX,Tradr,SEDG,2.0,daily,active,S000100922,Tradr 2X Long SEDG Daily ETF,Investment Managers Series Trust II,0001587982,stock,SEDG,True,0,,,,,listed_no_nport_yet,,no_ref,,2026:2.0,2026:Tradr 2X Long SEDG Daily ETF
SERX,Tradr,SERV,2.0,daily,active,S000100923,Tradr 2X Long SERV Daily ETF,Investment Managers Series Trust II,0001587982,stock,SERV,True,0,,,,,listed_no_nport_yet,,no_ref,,2026:2.0,2026:Tradr 2X Long SERV Daily ETF
SHOD,T-REX,SHOP,-2.0,daily,active,S000087452,T-REX 2X INVERSE SHOP DAILY TARGET ETF,ETF Opportunities Trust,0001771146,stock,SHOP,True,0,,,,,listed_no_nport_yet,,no_ref,,2025:-2.0,2025:T-REX 2X INVERSE SHOP DAILY TARGET ETF
SHPD,Direxion,SHOP,-1.0,daily,active,S000092902,Direxion Daily SHOP Bear 1X ETF,Direxion Shares ETF Trust,0001424958,stock,SHOP,True,2,2025-10-31,2026-01-31,2132882.57,2967973.16,nport,SHOPIFY INC SWAP,ok_name,Shopify Inc - Class A,2025:-1.0; 2026:-1.0,2025:Direxion Daily SHOP Bear 1X Shares; 2026:Direxion Daily SHOP Bear 1X ETF
SHOU,T-REX,SHOP,2.0,daily,active,S000087476,T-REX 2X LONG SHOP DAILY TARGET ETF,ETF Opportunities Trust,0001771146,stock,SHOP,True,0,,,,,listed_no_nport_yet,,no_ref,,2025:2.0,2025:T-REX 2X LONG SHOP DAILY TARGET ETF
SHPU,Direxion,SHOP,2.0,daily,active,S000092901,Direxion Daily SHOP Bull 2X ETF,Direxion Shares ETF Trust,0001424958,stock,SHOP,True,3,2025-10-31,2026-04-30,9432367.31,9432367.31,nport,SHOPIFY INC SWAP,ok_name,Shopify Inc - Class A,2025:2.0; 2026:2.0,2025:Direxion Daily SHOP Bull 2X Shares; 2026:Direxion Daily SHOP Bull 2X ETF
SITX,Tradr,SITM,2.0,daily,active,S000106993,Tradr 2X Long SITM Daily ETF,Investment Managers Series Trust II,0001587982,stock,SITM,True,0,,,,,listed_no_nport_yet,,no_ref,,2026:2.0,2026:Tradr 2X Long SITM Daily ETF
SMS,GraniteShares,SMCI,-2.0,daily,active,S000088310,GraniteShares 2x Short SMCI Daily ETF,GraniteShares ETF Trust,0001689873,stock,SMCI,True,0,,,,,listed_no_nport_yet,,no_ref,,2025:-2.0,2025:GraniteShares 2x Short SMCI Daily ETF
SMCZ,Defiance,SMCI,-2.0,daily,active,S000091503,Defiance Daily Target 2x Short Smci ETF,Tidal Trust II,0001924868,stock,Smci,True,5,2025-04-30,2026-04-30,4781696.67,27688141.26,nport,common stock / SUPER MICRO COMPUTER INC SWAP CANTOR-S || common stock / SUPER MICRO COMPUTER INC NOMURA-S || common stock / SUPER MICRO COMPUTER INC SWAP CS-S,ok_name,Super Micro Computer,2025:-2.0,2025:Defiance Daily Target 2X Short SMCI ETF
SMCX,Defiance,SMCI,2.0,daily,active,S000085140,Defiance Daily Target 2x Long Smci ETF,Tidal Trust II,0001924868,stock,Smci,True,7,2024-10-31,2026-04-30,106066240.71,337634464.93,nport,common stock / SUPER MICRO COMPUTER SWAP JNST-L || common stock / SUPER MICRO COMPUTER INC COM SWAP CS - L || common stock / SUPER MICRO COMPUTER INC SWAP MAR - L,ok_name,Super Micro Computer,2024:2.0,2024:Defiance Daily Target 2X Long SMCI ETF
SMCL,GraniteShares,SMCI,2.0,daily,active,S000088294,GraniteShares 2x Long SMCI Daily ETF,GraniteShares ETF Trust,0001689873,stock,SMCI,True,7,2024-12-31,2026-06-30,39217748.82,73140214.2,nport,"Super Micro Computer, Inc. / Clear Street / Recv Long 2x Smci Trs Cs1 || Super Micro Computer, Inc. / Marex / Recv Long 2x Smci Trs Mx1 || Super Micro Computer, Inc. / Nomura Securities / Recv Long Scmi Us Trs Nm1",ok_ticker,SMCI GROSS CLOSE,2025:2.0,2025:GraniteShares 2x Long SMCI Daily ETF
SEMU,T-REX,SMLR,2.0,daily,active,S000093882,T-REX 2X LONG SMLR DAILY TARGET ETF,ETF Opportunities Trust,0001771146,stock_unverified,SMLR,True,0,,,,,listed_no_nport_yet,,no_ref,,2025:2.0,2025:T-REX 2X LONG SMLR DAILY TARGET ETF
DSMR,Defiance,SMR,-2.0,daily,active,S000099412,Defiance Daily Target 2X Short SMR ETF,Tidal Trust II,0001924868,stock,SMR,True,0,,,,,listed_no_nport_yet,,no_ref,,2026:-2.0,2026:Defiance Daily Target 2X Short SMR ETF
SMZ,Tradr,SMR,-2.0,daily,closed,S000100822,Tradr 2X Short SMR Daily ETF,Investment Managers Series Trust II,0001587982,stock,SMR,False,2,2026-03-31,2026-06-30,1590962.62,1963826.12,nport,SMR / Nuscale Power Corporation / CFD NUSCALE POWER CORP / CFD NUSCALE POWER CORP,ok_ticker,NuScale Power Corp.,2026:-2.0,2026:Tradr 2X Short SMR Daily ETF
SMUP,T-REX,SMR,2.0,daily,active,S000087466,T-REX 2X Long SMR Daily Target ETF,ETF Opportunities Trust,0001771146,stock,SMR,True,4,2025-09-30,2026-06-30,13441919.78,13441919.78,nport,SMR / NuScale Power Corp / NUSCALE PWR CORP SWAP CLEARSTREET,ok_ticker,SMR US EQUITY,2025:2.0; 2026:2.0,2025:T-REX 2X LONG COIN DAILY TARGET ETF; 2026:T-REX 2X Long SMR Daily Target ETF
SMU,Tradr,SMR,2.0,daily,active,S000093732,Tradr 2X Long SMR Daily ETF,Investment Managers Series Trust II,0001587982,stock,SMR,True,4,2025-09-30,2026-06-30,64460546.78,102780860.69,nport,SMR / Nuscale Power Corp. / CFD NUSCALE POWER CORP / CFD NUSCALE POWER CORP,ok_ticker,Nuscale Power Corp.,2025:2.0,2025:Tradr 2X Long SMR Daily ETF
SMTG,Leverage Shares,SMTC,2.0,daily,active,S000105559,Leverage Shares 2X Long SMTC Daily ETF,Themes ETF Trust,0001976322,stock,SMTC,True,0,,,,,listed_no_nport_yet,,no_ref,,2026:2.0,2026:Leverage Shares 2X Long SMTC Daily ETF
SWMG,Leverage Shares,SMWR,2.0,daily,active,S000105560,Leverage Shares 2X Long SMWR Daily ETF,Themes ETF Trust,0001976322,stock_unverified,SMWR,True,0,,,,,listed_no_nport_yet,,no_ref,,2026:2.0,2026:Leverage Shares 2X Long SMWR Daily ETF
,Leverage Shares,SNAP,2.0,daily,closed,S000098113,Leverage Shares 2X Long SNAP Daily ETF,Themes ETF Trust,0001976322,stock,SNAP,False,2,2026-01-31,2026-04-30,3640764.94,3640764.94,nport,Snap Inc / Snap Inc / SNAP INC SWAP CS || Snap Inc / Snap Inc / SNAP INC SWAP MAR || Snap Inc / Snap Inc / SNAP INC SWAP CF,ok_ticker,SNAP US Equity,2026:2.0,2026:Leverage Shares 2X Long SNAP Daily ETF
,Tradr,SNDK,-2.0,daily,closed,S000103012,Tradr 2X Short SNDK Daily ETF,Investment Managers Series Trust II,0001587982,stock,SNDK,False,1,2026-06-30,2026-06-30,86186742.15,86186742.15,nport,SNDK / SanDisk Corporation / CFD SANDISK CORP / CFD SANDISK CORP,ok_ticker,Sandisk Corp.,2026:-2.0,2026:Tradr 2X Short SNDK Daily ETF
SNXX,Tradr,SNDK,2.0,daily,active,S000100925,Tradr 2x Long SNDK Daily ETF,Investment Managers Series Trust II,0001587982,stock,SNDK,True,2,2026-01-31,2026-04-30,1147646442.39,1147646442.39,nport,SNDK / SanDisk Corporation / SanDisk Corporation / CFD SANDISK CORP / CFD SANDISK CORP,ok_ticker,SanDisk Corp.,2026:2.0,2026:Tradr 2X Long SNDK Daily ETF
SNDU,T-REX,SNDK,2.0,daily,active,S000101637,T-REX 2X Long SNDK Daily Target ETF,ETF Opportunities Trust,0001771146,stock,SNDK,True,2,2026-03-31,2026-06-30,413112727.74,413112727.74,nport,SNDK / Sandisk Corp / SANDISK CORP SWAP CLEAR STREET || SNDK / Sandisk Corp / SANDISK CORPORATION-SWAP-JNST-L || SNDK / Sandisk Corp / SANDISK CORP SWAP CANTOR,ok_ticker,SNDK US EQUITY,2026:2.0,2026:T-REX 2X LONG SNDK DAILY TARGET ETF
SNOD,T-REX,SNOW,-2.0,daily,active,S000087454,T-REX 2X INVERSE SNOW DAILY TARGET ETF,ETF Opportunities Trust,0001771146,stock,SNOW,True,0,,,,,listed_no_nport_yet,,no_ref,,2025:-2.0,2025:T-REX 2X INVERSE SNOW DAILY TARGET ETF
SSNO,Defiance,SNOW,-2.0,daily,active,S000099413,Defiance Daily Target 2X Short SNOW ETF,Tidal Trust II,0001924868,stock,SNOW,True,0,,,,,listed_no_nport_yet,,no_ref,,2026:-2.0,2026:Defiance Daily Target 2X Short SNOW ETF
SNOU,T-REX,SNOW,2.0,daily,active,S000087479,T-Rex 2X Long SNOW Daily Target ETF,ETF Opportunities Trust,0001771146,stock,SNOW,True,5,2025-06-30,2026-06-30,24982314.95,24982314.95,nport,SNOW / Snowflake Inc / SNOWFLAKE INC SWAP CLEARSTREET,ok_ticker,SNOW US EQUITY,2025:2.0,2025:T-REX 2X LONG SNOW DAILY TARGET ETF
SNWL,GraniteShares,SNOW,2.0,daily,active,S000090918,GraniteShares 2x Long SNOW Daily ETF,GraniteShares ETF Trust,0001689873,stock,SNOW,True,0,,,,,listed_no_nport_yet,,no_ref,,2025:2.0,2025:GraniteShares 2x Long SNOW Daily ETF
SNPX,Tradr,SNPS,2.0,daily,closed,S000096125,Tradr 2X Long SNPS Daily ETF,Investment Managers Series Trust II,0001587982,stock,SNPS,True,2,2025-12-31,2026-03-31,1906213.07,2537158.45,nport,"SNPS / Synopsys, Inc. / Synopsys, Inc. / CFD SYNOPSYS INC / CFD SYNOPSYS INC",ok_ticker,"Synopsys, Inc.",2026:2.0,2026:Tradr 2X Long SNPS Daily ETF
SOFX,Defiance,SOFI,2.0,daily,active,S000089804,Defiance Daily Target 2x Long Sofi ETF,Tidal Trust II,0001924868,stock,Sofi,True,6,2025-01-31,2026-04-30,57145571.72,103164951.07,nport,"common stock / SOFI TECHNOLOGIES, INC.-SWAP-MSCS-L || common stock / SOFI TECHNOLOGIES SWAP JNST-L || common stock / SOFI TECH SWAP MAREX-L",ok_ticker,SoFi Technologies,2025:2.0,2025:Defiance Daily Target 2X Long SOFI ETF
SOFA,Direxion,SOFI,2.0,daily,active,S000092904,Direxion Daily SOFI Bull 2X ETF,Direxion Shares ETF Trust,0001424958,stock,SOFI,True,1,2026-04-30,2026-04-30,3880002.64,3880002.64,nport,SOFI TECHNOLOGIES INC SWAP,ok_ticker,"SoFi Technologies, Inc.",2025:2.0; 2026:2.0,2025:Direxion Daily SOFI Bull 2X Shares; 2026:Direxion Daily SOFI Bull 2X ETF
SOUX,Defiance,SOUN,2.0,daily,active,S000091050,Defiance Daily Target 2x Long Soun ETF,Tidal Trust II,0001924868,stock,Soun,True,4,2025-07-31,2026-04-30,17184488.98,37146254.33,nport,common stock / SOUNDHOUND AI INC SWAP JNST-L || common stock / SOUNDHOUND AI INC SWAP MAREX || common stock / SOUNDHOUND AI INC SWAP NM,ok_name,SoundHound AI,2025:2.0,2025:Defiance Daily Target 2X Long SOUN ETF
SPOU,T-REX,SPOT,2.0,daily,active,S000095467,T-REX 2X LONG SPOT DAILY TARGET ETF,ETF Opportunities Trust,0001771146,stock,SPOT,True,0,,,,,listed_no_nport_yet,,no_ref,,2026:2.0,2026:T-REX 2X LONG SPOT DAILY TARGET ETF
,Leverage Shares,SPOT,2.0,daily,closed,S000096604,Leverage Shares 2X Long SPOT Daily ETF,Themes ETF Trust,0001976322,stock,SPOT,False,2,2026-01-31,2026-04-30,4134292.33,4134292.33,nport,Spotify Technology SA / Spotify Technology SA / SPOTIFY TECHNOLOGY SWAP CS || Spotify Technology SA / Spotify Technology SA / SPOTIFY TECHNOLOGY SWAP CF || Spotify Technology SA / Spotify Technology SA / SPOTIFY TECHNOLOGY SWAP MAR,ok_name,SPOT US Equity,2026:2.0,2026:Leverage Shares 2X Long SPOT Daily ETF
SRPU,Tradr,SRPT,2.0,daily,active,S000096126,Tradr 2X Long SRPT Daily ETF,Investment Managers Series Trust II,0001587982,stock,SRPT,True,2,2025-12-31,2026-03-31,3931946.19,4658715.61,nport,"SRPT / Sarepta Therapeutics, Inc. / Sarepta Therapeutics, Inc. / CFD SAREPTA THERAPEUTICS INC / CFD SAREPTA THERAPEUTICS INC",ok_ticker,"Sarepta Therapeutics, Inc.",2026:2.0,2026:Tradr 2X Long SRPT Daily ETF
SHUB,T-REX,STUB,2.0,daily,active,S000096445,T-REX 2X Long STUB Daily Target ETF,ETF Opportunities Trust,0001771146,stock,STUB,True,0,,,,,listed_no_nport_yet,,no_ref,,2026:2.0,2026:T-REX 2X Long STUB Daily Target ETF
,Defiance,STX,2.0,daily,closed,S000103139,Defiance Daily Target 2x LONG STX ETF,Tidal Trust II,0001924868,stock,STX,False,1,2026-06-30,2026-06-30,29570666.96,29570666.96,nport,SEAGATE TECHNOLOGY HOLDINGS PLC-SWAP-CLST-L || SEAGATE TECHNOLOGY HOLDINGS PLC-SWAP-CANT-L || SEAGATE TECHNOLOGY HOLDINGS PLC-SWAP-NBCB-L,ok_name,Seagate Technology Holdings PLC,2026:2.0,2026:Defiance Daily Target 2X Long STX ETF
,Tradr,STX,2.0,daily,closed,S000103187,Tradr 2X Long STX Daily ETF,Investment Managers Series Trust II,0001587982,stock,STX,False,1,2026-06-30,2026-06-30,23357649.34,23357649.34,nport,STX / Seagate Technology Holdings PLC / CFD SEAGATE TECHNOLOGY HOLDINGS / CFD SEAGATE TECHNOLOGY HOLDINGS,ok_ticker,Seagate Technology Holdings PLC,2026:2.0,2026:Tradr 2X Long STX Daily ETF
SWMX,Tradr,SWMR,2.0,daily,active,S000105756,Tradr 2X Long SWMR Daily ETF,Investment Managers Series Trust II,0001587982,stock,SWMR,True,0,,,,,listed_no_nport_yet,,no_ref,,2026:2.0,2026:Tradr 2X Long SWMR Daily ETF
,T-REX,TE,2.0,daily,closed,S000102260,T-Rex 2X Long TE Daily Target ETF,ETF Opportunities Trust,0001771146,stock,TE,False,1,2026-06-30,2026-06-30,3798916.75,3798916.75,nport,RECV TUTTLE TRS TEUP EQ / RECV TUTTLE TRS TEUP EQ / RECV TUTTLE TRS TEUP EQ,MISMATCH,TE US EQUITY,2026:2.0,2026:T-REX 2X LONG TE DAILY TARGET ETF
TEU,Tradr,TE,2.0,daily,active,S000105757,Tradr 2X Long TE Daily ETF,Investment Managers Series Trust II,0001587982,stock,TE,True,0,,,,,listed_no_nport_yet,,no_ref,,2026:2.0,2026:Tradr 2X Long TE Daily ETF
TELG,Leverage Shares,TEL,2.0,daily,active,S000105561,Leverage Shares 2X Long TEL Daily ETF,Themes ETF Trust,0001976322,stock,TEL,True,0,,,,,listed_no_nport_yet,,no_ref,,2026:2.0,2026:Leverage Shares 2X Long TEL Daily ETF
TEMZ,Tradr,TEM,-2.0,daily,active,S000100823,Tradr 2X Short TEM Daily ETF,Investment Managers Series Trust II,0001587982,stock,TEM,True,0,,,,,listed_no_nport_yet,,no_ref,,2026:-2.0,2026:Tradr 2X Short TEM Daily ETF
TEMT,Tradr,TEM,2.0,daily,active,S000091899,Tradr 2X Long TEM Daily ETF,Investment Managers Series Trust II,0001587982,stock,TEM,True,5,2025-06-30,2026-06-30,55591176.73,59165842.55,nport,"TEM / Tempus AI, Inc. / CFD TEMPUS AI INC / CFD TEMPUS AI INC",ok_ticker,"Tempus AI, Inc.",2025:2.0,2025:Tradr 2X Long TEM Daily ETF
TEMM,T-REX,TEM,2.0,daily,active,S000093885,T-REX 2X LONG TEM DAILY TARGET ETF,ETF Opportunities Trust,0001771146,stock,TEM,True,0,,,,,listed_no_nport_yet,,no_ref,,2025:2.0,2025:T-REX 2X LONG TEM DAILY TARGET ETF
,Leverage Shares,TER,2.0,daily,closed,S000096192,Leverage Shares 2X Long TER Daily ETF,Themes ETF Trust,0001976322,stock,TER,False,2,2026-01-31,2026-04-30,14189108.29,14189108.29,nport,Teradyne Inc / Teradyne Inc / TERADYNE INC SWAP CS || Teradyne Inc / Teradyne Inc / TERADYNE INC SWAP MAR || Teradyne Inc / Teradyne Inc / TERADYNE INC SWAP CF,ok_name,TER US Equity,2026:2.0,2026:Leverage Shares 2X Long TER Daily ETF
TRTL,Defiance,TRT,2.0,daily,active,S000106476,Defiance Daily Target 2X Long TRT ETF,Tidal Trust II,0001924868,stock,TRT,True,0,,,,,listed_no_nport_yet,,no_ref,,2026:2.0,2026:Defiance Daily Target 2X Long TRT ETF
TSEG,Leverage Shares,TSEM,2.0,daily,active,S000105562,Leverage Shares 2X Long TSEM Daily ETF,Themes ETF Trust,0001976322,stock,TSEM,True,0,,,,,listed_no_nport_yet,,no_ref,,2026:2.0,2026:Leverage Shares 2X Long TSEM Daily ETF
TSEU,Tradr,TSEM,2.0,daily,active,S000105758,Tradr 2X Long TSEM Daily ETF,Investment Managers Series Trust II,0001587982,stock,TSEM,True,1,2026-06-30,2026-06-30,250000.0,250000.0,nport,,no_ref,N/A,2026:2.0,2026:Tradr 2X Long TSEM Daily ETF
TSLQ,Tradr,TSLA,-2.0,daily,active,S000076096,Tradr 2X Short TSLA Daily ETF,Investment Managers Series Trust II,0001587982,stock,TSLA,True,16,2022-09-30,2026-06-30,114380282.98,472420112.25,nport,"TSLA / Tesla, Inc. / TRS TESLA INC / TRS TESLA INC || TSLA / Tesla, Inc. / CFD TESLA INC / CFD TESLA INC",ok_ticker,BITA Tactical Exposure US Electric Vehicles Index,2022:-2.0; 2023:-1.0; 2024:-1.0; 2025:-2.0,2022:AXS 2X TSLA Bear Daily ETF; 2023:AXS TSLA Bear Daily ETF; 2024:Tradr TSLA Bear Daily ETF; 2025:Tradr 2X Short TSLA Daily ETF
TSLZ,T-REX,TSLA,-2.0,daily,active,S000080898,T-Rex 2X Inverse Tesla Daily Target ETF,ETF Opportunities Trust,0001771146,stock,Tesla,True,11,2023-12-31,2026-06-30,31667634.49,114448468.97,nport,"TSLZ TRS TSLA EQ / TESLA, INC. / TSLZ TRS TSLA EQ || PAYB TSLZ TRS TSLA EQ / TESLA, INC. / TSLZ TRS TSLA EQ",ok_ticker,TSLA US EQUITY,2023:-2.0,2023:T-REX 2X INVERSE TESLA DAILY TARGET ETF
TSDD,GraniteShares,TSLA,-2.0,daily,active,S000081144,GraniteShares 2x Short TSLA Daily ETF,GraniteShares ETF Trust,0001689873,stock,TSLA,True,12,2023-09-30,2026-06-30,39021091.86,87194045.52,nport,"Tesla, Inc. / BofA Securities, Inc / GRANITESHARES SHORT TSLA SWAP BAML || Tesla, Inc. / Cantor Fitzgerald / Recv Short 2x Tsla Cf1 || Tesla, Inc. / TD Cowen / TSLA EQUITY SWAP 1",ok_ticker,TESLA GROSS CLOSE,2023:-1.5; 2024:-2.0,2023:GraniteShares 1.5x Short TSLA Daily ETF; 2024:GraniteShares 2x Short TSLA Daily ETF
TSLS,Direxion,TSLA,-1.0,daily,active,S000071019,Direxion Daily TSLA Bear 1X Shares,Direxion Shares ETF Trust,0001424958,stock,TSLA,True,15,2022-10-31,2026-04-30,76227607.82,83478185.88,nport,TESLA INC SWAP || TESLA INC Swap,ok_name,Tesla Inc.,2022:-1.0; 2026:-1.0,2022:Direxion Daily TSLA Bear 1X Shares; 2026:Direxion Daily TSLA Bear 1X ETF
TSS,GraniteShares,TSLA,-1.0,daily,active,S000076339,GraniteShares 1x Short TSLA Daily ETF,GraniteShares ETF Trust,0001689873,stock,TSLA,True,3,2022-09-30,2023-03-31,2238133.36,3737982.6,nport,TSLA Total Return Swap / TSLA Total Return Swap,ok_ticker,S&P US Auto,2022:-1.0; 2023:-1.0,2022:GraniteShares 1x Short Tesla Daily ETF; 2023:GraniteShares 1x Short TSLA Daily ETF
TSL,GraniteShares,TSLA,1.25,daily,active,S000076347,GraniteShares 1.25x Long TSLA Daily ETF,GraniteShares ETF Trust,0001689873,stock,TSLA,True,16,2022-09-30,2026-06-30,12357719.93,43468070.45,nport,"Tesla, Inc. / TD Cowen / Tesla, Inc. Equity Swap 1",ok_name,TESLA GROSS CLOSE,2022:2.0; 2023:1.25,2022:GraniteShares 2x Long Tesla Daily ETF; 2023:GraniteShares 1.25x Long TSLA Daily ETF
TSLL,Direxion,TSLA,2.0,daily,active,S000072483,Direxion Daily TSLA Bull 2X Shares,Direxion Shares ETF Trust,0001424958,stock,TSLA,True,15,2022-10-31,2026-04-30,5028971321.82,7877516055.33,nport,TESLA INC Swap || TESLA INC SWAP,ok_name,Tesla Inc.,2022:2.0; 2023:1.5; 2026:2.0,2022:Direxion Daily TSLA Bull 2X Shares; 2023:Direxion Daily TSLA Bull 1.5X Shares; 2026:Direxion Daily TSLA Bull 2X ETF
TSLT,T-REX,TSLA,2.0,daily,active,S000080900,T-Rex 2X Long Tesla Daily Target ETF,ETF Opportunities Trust,0001771146,stock,Tesla,True,11,2023-12-31,2026-06-30,253266595.56,579107775.11,nport,"TSLT TRS TSLA US EQ / TESLA, INC. / TSLT TRS TSLA US EQ || TSLT TRS TSLA EQ / TESLA, INC. / TSLT TRS TSLA EQ || TSLT TRS TSLA OQ EQ / TESLA, INC. / TSLT TRS TSLA OQ EQ",ok_ticker,TSLA US EQUITY,2023:2.0,2023:T-REX 2X LONG TESLA DAILY TARGET ETF
TSLR,GraniteShares,TSLA,2.0,daily,active,S000081146,GraniteShares 2x Long TSLA Daily ETF,GraniteShares ETF Trust,0001689873,stock,TSLA,True,12,2023-09-30,2026-06-30,107257521.64,349683111.48,nport,"Tesla, Inc. / TD Cowen / TSLA EQUITY SWAP 1 || Tesla, Inc. / Wells Fargo Securities, LLC / Recv Long Tsla 2x Trs Wf || Tesla, Inc. / J.P. Morgan Chase & Co. / GRANITESHARES LONG 2X TESLA TRS JPM",ok_ticker,TESLA GROSS CLOSE,2023:1.75; 2024:2.0,2023:GraniteShares 1.75x Long TSLA Daily ETF; 2024:GraniteShares 2x Long TSLA Daily ETF
TSLG,Leverage Shares,TSLA,2.0,daily,active,S000086635,Leverage Shares 2X Long TSLA Daily ETF,Themes ETF Trust,0001976322,stock,TSLA,True,6,2025-01-31,2026-04-30,38315976.9,52432450.69,nport,Tesla Inc / Tesla Inc / TESLA INC SWAP - L - CS || Tesla Inc / Tesla Inc / TESLA INC SWAP - L - MAREX || Tesla Inc / Tesla Inc / TESLA INC SWAP - L - CF,ok_name,TSLA US Equity,2025:2.0,2025:Leverage Shares 2X Long TSLA Daily ETF
TSLI,ProShares,TSLA,2.0,daily,active,S000094859,ProShares Ultra TSLA,PROSHARES TRUST,0001174610,stock,TSLA,True,3,2025-11-30,2026-05-31,5928387.97,8777759.32,nport,"TSLA / Tesla, Inc. / Total Return Swap",ok_ticker,Tesla Inc.,2026:2.0,2026:ProShares Ultra TSLA
TSMD,T-REX,TSM,-2.0,daily,active,S000087458,T-REX 2X INVERSE TSM DAILY TARGET ETF,ETF Opportunities Trust,0001771146,stock,TSM,True,0,,,,,listed_no_nport_yet,,no_ref,,2025:-2.0,2025:T-REX 2X INVERSE TSM DAILY TARGET ETF
TSMS,GraniteShares,TSM,-2.0,daily,active,S000088311,GraniteShares 2x Short TSM Daily ETF,GraniteShares ETF Trust,0001689873,stock,TSM,True,0,,,,,listed_no_nport_yet,,no_ref,,2025:-2.0,2025:GraniteShares 2x Short TSM Daily ETF
STSM,Defiance,TSM,-2.0,daily,active,S000096887,Defiance Daily Target 2x Short Tsm ETF,Tidal Trust II,0001924868,stock,Tsm,True,2,2026-01-31,2026-04-30,1154973.79,1503545.03,nport,common stock / TAIWAN SEMICONDUCTOR CORP SWAP NM || common stock / TAIWAN SEMICONDUCTOR SWAP CS || common stock / TAIWAN SEMICONDUCTOR SWAP CANTOR-S,ok_name,Taiwan Semiconductor Manufacturing,2026:-2.0,2026:Defiance Daily Target 2X Short TSM ETF
TSMZ,Direxion,TSM,-1.0,daily,active,S000088057,Direxion Daily TSM Bear 1X Shares,Direxion Shares ETF Trust,0001424958,stock,TSM,True,7,2024-10-31,2026-04-30,2663685.11,4961296.94,nport,Direxion Daily TSM Bear/Bull Swap,ok_ticker,"Taiwan Semiconductor Manufacturing Company, Ltd - ADR",2025:-1.0; 2026:-1.0,2025:Direxion Daily TSM Bear 1X Shares; 2026:Direxion Daily TSM Bear 1X ETF
TSMG,Leverage Shares,TSM,2.0,daily,active,S000086636,Leverage Shares 2X Long TSM Daily ETF,Themes ETF Trust,0001976322,stock,TSM,True,6,2025-01-31,2026-04-30,22974489.53,22974489.53,nport,TSMC / Taiwan Semiconductor Manufacturing Co Ltd / TAIWAN SEMICONDUCTOR MANUFACTURING CO LTD SWAP - L,ok_name,TSM US Equity,2025:2.0,2025:Leverage Shares 2X Long TSM Daily ETF
TSMX,Direxion,TSM,2.0,daily,active,S000088056,Direxion Daily TSM Bull 2X Shares,Direxion Shares ETF Trust,0001424958,stock,TSM,True,7,2024-10-31,2026-04-30,538588462.62,538588462.62,nport,Direxion Daily TSM Bear/Bull Swap || Direxion Daily TSM Bear/Bull,ok_ticker,"Taiwan Semiconductor Manufacturing Company, Ltd - ADR",2025:2.0; 2026:2.0,2025:Direxion Daily TSM Bull 2X Shares; 2026:Direxion Daily TSM Bull 2X ETF
TSMU,GraniteShares,TSM,2.0,daily,active,S000088295,GraniteShares 2x Long TSM Daily ETF,GraniteShares ETF Trust,0001689873,stock,TSM,True,7,2024-12-31,2026-06-30,64439434.98,64439434.98,nport,"Taiwan Semiconductor Manufacturing Co., Ltd / Nomura Securities / Recv Long 2x Tsm Trs Nm1",ok_ticker,TSM GROSS CLOSE,2025:2.0,2025:GraniteShares 2x Long TSM Daily ETF
KTSM,KraneShares,TSM,2.0,daily,active,S000089272,KraneShares 2x Long TSM Daily ETF,Krane Shares Trust,0001547576,stock,TSM,True,0,,,,,listed_no_nport_yet,,no_ref,,2025:2.0,2025:KraneShares 2x Long TSM Daily ETF
TTDU,T-REX,TTD,2.0,daily,active,S000093886,T-REX 2X Long TTD Daily Target ETF,ETF Opportunities Trust,0001771146,stock,TTD,True,4,2025-09-30,2026-06-30,11534676.64,11534676.64,nport,TTD / Trade Desk Inc/The / THE TRADE DESK INC SWAP CLEARSTREET,ok_ticker,TTD US EQITY,2025:2.0,2025:T-REX 2X LONG TTD DAILY TARGET ETF
TTMX,Tradr,TTMI,2.0,daily,active,S000103189,Tradr 2X Long TTMI Daily ETF,Investment Managers Series Trust II,0001587982,stock,TTMI,True,1,2026-06-30,2026-06-30,250000.0,250000.0,nport,,no_ref,N/A,2026:2.0,2026:Tradr 2X Long TTMI Daily ETF
TWTL,GraniteShares,TWTR,1.25,daily,active,S000076349,GraniteShares 1.25x Long TWTR Daily ETF,GraniteShares ETF Trust,0001689873,stock,TWTR,True,0,,,,,listed_no_nport_yet,,no_ref,,2022:2.0; 2023:1.25,2022:GraniteShares 2x Long Twitter Daily ETF; 2023:GraniteShares 1.25x Long TWTR Daily ETF
TXNU,Direxion,TXN,2.0,daily,active,S000094266,Direxion Daily TXN Bull 2X ETF,Direxion Shares ETF Trust,0001424958,stock,TXN,True,1,2026-04-30,2026-04-30,6198275.65,6198275.65,nport,TEXAS INSTRTS INC SWAP,ok_name,Texas Instruments Incorporated,2025:2.0,2025:Direxion Daily TXN Bull 2X ETF
UNX,Tradr,U,2.0,daily,active,S000095061,Tradr 2X Long U Daily ETF,Investment Managers Series Trust II,0001587982,stock,U,True,4,2025-09-30,2026-06-30,4269232.21,4269232.21,nport,"U / Unity Software, Inc. / CFD UNITY SOFTWARE INC / CFD UNITY SOFTWARE INC",ok_ticker,"Unity Software, Inc.",2026:2.0,2026:Tradr 2X Long U Daily ETF
UBRL,GraniteShares,UBER,2.0,daily,active,S000076351,GraniteShares 2x Long UBER Daily ETF,GraniteShares ETF Trust,0001689873,stock,UBER,True,8,2024-09-30,2026-06-30,20961450.08,31812051.21,nport,"Uber Technologies, Inc. / TD Cowen / GRANITESHARES LONG UBER SWAP COWEN",ok_ticker,UBER GROSS CLOSE,2022:2.0; 2023:1.5; 2024:2.0,2022:GraniteShares 2x Long Uber Daily ETF; 2023:GraniteShares 1.5x Long UBER Daily ETF; 2024:GraniteShares 2x Long UBER Daily ETF
UBRR,Defiance,UBER,2.0,daily,active,S000092419,Defiance Daily Target 2X Long UBER ETF,Tidal Trust II,0001924868,stock,UBER,True,0,,,,,listed_no_nport_yet,,no_ref,,2025:2.0,2025:Defiance Daily Target 2X Long UBER ETF
,Leverage Shares,UEC,2.0,daily,closed,S000100559,Leverage Shares 2X Long UEC Daily ETF,Themes ETF Trust,0001976322,stock,UEC,False,1,2026-04-30,2026-04-30,1559888.97,1559888.97,nport,Uranium Energy Corp / Uranium Energy Corp / URANIUM ENERGY CORP SWAP - L - MAREX || Uranium Energy Corp / Uranium Energy Corp / URANIUM ENERGY CORP SWAP - L  - CLEARSTREET || Uranium Energy Corp / Uranium Energy Corp / URANIUM ENERGY CORP SWAP - L - CANTOR,ok_name,UEC US Equity,2026:2.0,2026:Leverage Shares 2X Long UEC Daily ETF
,Defiance,UMAC,2.0,daily,closed,S000103277,Defiance Daily Target 2x Long Umac ETF,Tidal Trust II,0001924868,stock,Umac,False,1,2026-06-30,2026-06-30,1091044.94,1091044.94,nport,"UNUSUAL MACHINES, INC.-SWAP-MREX-L || UNUSUAL MACHINES, INC.-SWAP-NBCB-L || UNUSUAL MACHINES, INC.-SWAP-NMRA-L",ok_name,"Unusual Machines, Inc.",2026:2.0,2026:Defiance Daily Target 2X Long UMAC ETF
UMCL,Defiance,UMC,2.0,daily,active,S000106477,Defiance Daily Target 2X Long UMC ETF,Tidal Trust II,0001924868,stock,UMC,True,0,,,,,listed_no_nport_yet,,no_ref,,2026:2.0,2026:Defiance Daily Target 2X Long UMC ETF
UMCU,Tradr,UMC,2.0,daily,active,S000106994,Tradr 2X Long UMC Daily ETF,Investment Managers Series Trust II,0001587982,stock,UMC,True,0,,,,,listed_no_nport_yet,,no_ref,,2026:2.0,2026:Tradr 2X Long UMC Daily ETF
UNHG,Leverage Shares,UNH,2.0,daily,active,S000085493,Leverage Shares 2X Long UNH Daily ETF,Themes ETF Trust,0001976322,stock,UNH,True,4,2025-07-31,2026-04-30,176120263.54,231157669.36,nport,UnitedHealth Group Inc / UnitedHealth Group Inc / UNITEDHEALTH GROUP SWAP - L  - CLEARSTREET || UnitedHealth Group Inc / UnitedHealth Group Inc / UNITEDHEALTH GROUP SWAP - L  - CANTOR || UnitedHealth Group Inc / UnitedHealth Group Inc / UNITEDHEALTH GROUP SWAP - L  - MAREX,ok_name,UNH US Equity,2025:2.0,2025:Leverage Shares 2X Long UNH Daily ETF
UNHU,Direxion,UNH,2.0,daily,active,S000094271,Direxion Daily UNH Bull 2X ETF,Direxion Shares ETF Trust,0001424958,stock,UNH,True,1,2026-04-30,2026-04-30,5621663.31,5621663.31,nport,UNITED HEALTH SWAP,ok_name,UnitedHealth Group Incorporated,2025:2.0,2025:Direxion Daily UNH Bull 2X ETF
,Leverage Shares,UPS,2.0,daily,closed,S000097924,Leverage Shares 2X Long UPS Daily ETF,Themes ETF Trust,0001976322,stock,UPS,False,2,2026-01-31,2026-04-30,858170.24,858170.24,nport,United Parcel Service Inc / United Parcel Service Inc / UNITED PARCEL SERVICE SWAP CS || United Parcel Service Inc / United Parcel Service Inc / UNITED PARCEL SERVICE SWAP CF || United Parcel Service Inc / United Parcel Service Inc / UNITED PARCEL SERVICE SWAP MAR,ok_name,UPS US Equity,2026:2.0,2026:Leverage Shares 2X Long UPS Daily ETF
SUPS,Defiance,UPST,-2.0,daily,active,S000099414,Defiance Daily Target 2X Short UPST ETF,Tidal Trust II,0001924868,stock,UPST,True,0,,,,,listed_no_nport_yet,,no_ref,,2026:-2.0,2026:Defiance Daily Target 2X Short UPST ETF
UPSZ,Tradr,UPST,-2.0,daily,active,S000100824,Tradr 2X Short UPST Daily ETF,Investment Managers Series Trust II,0001587982,stock,UPST,True,0,,,,,listed_no_nport_yet,,no_ref,,2026:-2.0,2026:Tradr 2X Short UPST Daily ETF
UPSX,Tradr,UPST,2.0,daily,active,S000091892,Tradr 2X Long UPST Daily ETF,Investment Managers Series Trust II,0001587982,stock,UPST,True,5,2025-06-30,2026-06-30,32978984.42,64295086.55,nport,UPST / Upstart Holdings Inc. / CFD UPSTART HOLDINGS INC / CFD UPSTART HOLDINGS INC,ok_ticker,"Upstart Holdings, Inc.",2025:2.0,2025:Tradr 2X Long UPST Daily ETF
UPUP,T-REX,UPST,2.0,daily,active,S000093887,T-REX 2X LONG UPST DAILY TARGET ETF,ETF Opportunities Trust,0001771146,stock,UPST,True,0,,,,,listed_no_nport_yet,,no_ref,,2025:2.0,2025:T-REX 2X LONG UPST DAILY TARGET ETF
PXIU,T-REX,UPXI,2.0,daily,active,S000093888,T-REX 2X Long UPXI Daily Target ETF,ETF Opportunities Trust,0001771146,stock,UPXI,True,2,2025-09-30,2025-12-31,2106029.03,2106029.03,nport,UPEXI INC SWAP MAREX,ok_name,UPXI US EQUITY,2025:2.0,2025:T-REX 2X LONG UPXI DAILY TARGET ETF
,Leverage Shares,USAR,2.0,daily,closed,S000100561,Leverage Shares 2X Long USAR Daily ETF,Themes ETF Trust,0001976322,stock,USAR,False,2,2026-01-31,2026-04-30,16386556.3,16386556.3,nport,USA Rare Earth Inc / USA Rare Earth Inc / USA RARE EARTH INC SWAP MAREX || USA Rare Earth Inc / USA Rare Earth Inc / USA RARE EARTH INC SWAP CS || USA Rare Earth Inc / USA Rare Earth Inc / USA RARE EARTH INC SWAP CF,ok_name,USAR US Equity,2026:2.0,2026:Leverage Shares 2X Long USAR Daily ETF
USAX,Tradr,USAR,2.0,daily,closed,S000100586,Tradr 2x Long USAR Daily ETF,Investment Managers Series Trust II,0001587982,stock,USAR,False,2,2026-03-31,2026-06-30,10312766.13,10312766.13,nport,"USAR / USA Rare Earth, Inc. / CFD USA RARE EARTH INC / CFD USA RARE EARTH INC",ok_ticker,"USA Rare Earth, Inc.",2026:2.0,2026:Tradr 2X Long USAR Daily ETF
,Leverage Shares,UUUU,2.0,daily,closed,S000100562,Leverage Shares 2X Long UUUU Daily ETF,Themes ETF Trust,0001976322,stock,UUUU,False,2,2026-01-31,2026-04-30,17833570.18,17833570.18,nport,Energy Fuels Inc/Canada / Energy Fuels Inc/Canada / ENERGY FUELS INC SWAP MAREX || Energy Fuels Inc/Canada / Energy Fuels Inc/Canada / ENERGY FUELS INC SWAP CS || Energy Fuels Inc/Canada / Energy Fuels Inc/Canada / ENERGY FUELS INC SWAP CF,ok_name,UUUU US Equity,2026:2.0,2026:Leverage Shares 2X Long UUUU Daily ETF
UUUX,Tradr,UUUU,2.0,daily,active,S000100926,Tradr 2X Long UUUU Daily ETF,Investment Managers Series Trust II,0001587982,stock,UUUU,True,0,,,,,listed_no_nport_yet,,no_ref,,2026:2.0,2026:Tradr 2X Long UUUU Daily ETF
UUL,Defiance,UUUU,2.0,daily,active,S000100999,Defiance Daily Target 2X Long UUUU ETF,Tidal Trust II,0001924868,stock,UUUU,True,0,,,,,listed_no_nport_yet,,no_ref,,2026:2.0,2026:Defiance Daily Target 2X Long UUUU ETF
,Leverage Shares,VALE,2.0,daily,closed,S000097925,Leverage Shares 2X Long VALE Daily ETF,Themes ETF Trust,0001976322,stock,VALE,False,2,2026-01-31,2026-04-30,887621.32,887621.32,nport,Vale SA / Vale SA / VALE SWAP CS || Vale SA / Vale SA / VALE SWAP MAR || Vale SA / Vale SA / VALE SWAP CF,ok_ticker,VALE US Equity,2026:2.0,2026:Leverage Shares 2X Long VALE Daily ETF
VELL,Defiance,VELO,2.0,daily,active,S000104018,Defiance Daily Target 2x Long VELO ETF,Tidal Trust II,0001924868,stock,VELO,True,1,2026-06-30,2026-06-30,2195827.74,2195827.74,nport,"VELO3D, INC.-SWAP-CANT-L || VELO3D, INC.-SWAP-CLST-L || VELO3D, INC.-SWAP-MREX-L",ok_name,"Velo3D, Inc.",2026:2.0,2026:Defiance Daily Target 2X Long VELO ETF
VIAG,Leverage Shares,VIAV,2.0,daily,active,S000105564,Leverage Shares 2X Long VIAV Daily ETF,Themes ETF Trust,0001976322,stock,VIAV,True,0,,,,,listed_no_nport_yet,,no_ref,,2026:2.0,2026:Leverage Shares 2X Long VIAV Daily ETF
VLOX,Tradr,VLO,2.0,daily,active,S000105759,Tradr 2X Long VLO Daily ETF,Investment Managers Series Trust II,0001587982,stock,VLO,True,0,,,,,listed_no_nport_yet,,no_ref,,2026:2.0,2026:Tradr 2X Long VLO Daily ETF
VOYX,Tradr,VOYG,2.0,daily,closed,S000095063,Tradr 2X Long VOYG Daily ETF,Investment Managers Series Trust II,0001587982,stock,VOYG,True,3,2025-09-30,2026-03-31,885746.42,1217715.91,nport,"VOYG / Voyager Technologies, Inc. / Voyager Technologies, Inc. / CFD VOYAGER TECHNOLOGIES INC-A / CFD VOYAGER TECHNOLOGIES INC-A",ok_ticker,"Voyager Technologies, Inc.",2026:2.0,2026:Tradr 2X Long VOYG Daily ETF
VRTL,GraniteShares,VRT,2.0,daily,active,S000090909,GraniteShares 2x Long VRT Daily ETF,GraniteShares ETF Trust,0001689873,stock,VRT,True,6,2025-03-31,2026-06-30,88035468.99,88035468.99,nport,Vertiv Holdings Co. / Marex / GRANITESHARES LONG VRT SWAP MAREX,ok_ticker,VERTIV GROSS CLOSE,2025:2.0,2025:GraniteShares 2x Long VRT Daily ETF
LVRT,Defiance,VRTX,2.0,daily,active,S000100089,Defiance Daily Target 2X Long VRTX ETF,Tidal Trust II,0001924868,stock,VRTX,True,0,,,,,listed_no_nport_yet,,no_ref,,2026:2.0,2026:Defiance Daily Target 2X Long VRTX ETF
VSTL,Defiance,VST,2.0,daily,active,S000091051,Defiance Daily Target 2x Long Vst ETF,Tidal Trust II,0001924868,stock,Vst,True,4,2025-07-31,2026-04-30,7017046.31,7651507.18,nport,common stock / VISTRA CORP INC SWAP MS-L || common stock / VISTRA CORP SWAP JNST-L || common stock / VISTRA CORP SWAP NOMURA,ok_name,Vistra Corp,2025:2.0,2025:Defiance Daily Target 2X Long VST ETF
WDCX,Tradr,WDC,2.0,daily,active,S000100587,Tradr 2x Long WDC Daily ETF,Investment Managers Series Trust II,0001587982,stock,WDC,True,2,2026-03-31,2026-06-30,263100999.47,263100999.47,nport,WDC / Western Digital Corporation / CFD WESTERN DIGITAL CORP / CFD WESTERN DIGITAL CORP,ok_ticker,Western Digital Corp.,2026:2.0,2026:Tradr 2X Long WDC Daily ETF
WGSU,T-REX,WGS,2.0,daily,active,S000093889,T-REX 2X LONG WGS DAILY TARGET ETF,ETF Opportunities Trust,0001771146,stock,WGS,True,0,,,,,listed_no_nport_yet,,no_ref,,2025:2.0,2025:T-REX 2X LONG WGS DAILY TARGET ETF
WINL,Defiance,WING,2.0,daily,active,S000100080,Defiance Daily Target 2X Long WING ETF,Tidal Trust II,0001924868,stock,WING,True,0,,,,,listed_no_nport_yet,,no_ref,,2026:2.0,2026:Defiance Daily Target 2X Long WING ETF
WULZ,Tradr,WULF,-2.0,daily,active,S000100826,Tradr 2X Short WULF Daily ETF,Investment Managers Series Trust II,0001587982,stock,WULF,True,0,,,,,listed_no_nport_yet,,no_ref,,2026:-2.0,2026:Tradr 2X Short WULF Daily ETF
WULX,Tradr,WULF,2.0,daily,closed,S000096128,Tradr 2X Long WULF Daily ETF,Investment Managers Series Trust II,0001587982,stock,WULF,False,3,2025-12-31,2026-06-30,20519233.6,20519233.6,nport,"WULF / Terawulf, Inc. / CFD TERAWULF INC / CFD TERAWULF INC",ok_ticker,"Terawulf, Inc.",2026:2.0,2026:Tradr 2X Long WULF Daily ETF
WYFX,Tradr,WYFI,2.0,daily,active,S000100927,Tradr 2X Long WYFI Daily ETF,Investment Managers Series Trust II,0001587982,stock,WYFI,True,0,,,,,listed_no_nport_yet,,no_ref,,2026:2.0,2026:Tradr 2X Long WYFI Daily ETF
WYFL,Defiance,WYFI,2.0,daily,active,S000103269,Defiance Daily Target 2x Long WYFI ETF,Tidal Trust II,0001924868,stock,WYFI,True,1,2026-06-30,2026-06-30,5866776.86,5866776.86,nport,"WHITEFIBER, INC.-SWAP-JNST-L || WHITEFIBER, INC.-SWAP-CANT-L || WHITEFIBER, INC.-SWAP-CLST-L",ok_name,"WhiteFiber, Inc.",2026:2.0,2026:Defiance Daily Target 2X Long WYFI ETF
XMTX,Tradr,XMTR,2.0,daily,active,S000106995,Tradr 2X Long XMTR Daily ETF,Investment Managers Series Trust II,0001587982,stock,XMTR,True,0,,,,,listed_no_nport_yet,,no_ref,,2026:2.0,2026:Tradr 2X Long XMTR Daily ETF
XNDX,Tradr,XNDU,2.0,daily,active,S000100946,Tradr 2X Long XNDU Daily ETF,Investment Managers Series Trust II,0001587982,stock,XNDU,True,1,2026-06-30,2026-06-30,8459983.4,8459983.4,nport,XNDU / Xanadu Quantum Technologies / CFD XANADU QUANTUM TECHNOLOGIES / CFD XANADU QUANTUM TECHNOLOGIES,ok_ticker,"Xanadu Quantum Technologies, Ltd.",2026:2.0,2026:Tradr 2X Long XNDU Daily ETF
XMII,GraniteShares,XOM,-2.0,daily,active,S000081145,GraniteShares 2x Short XOM Daily ETF,GraniteShares ETF Trust,0001689873,stock,XOM,True,0,,,,,listed_no_nport_yet,,no_ref,,2023:-1.5; 2024:-2.0,2023:GraniteShares 1.5x Short XOM Daily ETF; 2024:GraniteShares 2x Short XOM Daily ETF
XMI,GraniteShares,XOM,-1.0,daily,active,S000081161,GraniteShares 1x Short XOM Daily ETF,GraniteShares ETF Trust,0001689873,stock,XOM,True,0,,,,,listed_no_nport_yet,,no_ref,,2023:-1.0,2023:GraniteShares 1x Short XOM Daily ETF
XOMZ,Direxion,XOM,-1.0,daily,active,S000090374,Direxion Daily XOM Bear 1X Shares,Direxion Shares ETF Trust,0001424958,stock,XOM,True,4,2025-04-30,2026-01-31,1862266.57,2564676.46,nport,EXXON MOBIL CORP SWAP,ok_name,Exxon Mobil Corporation,2025:-1.0; 2026:-1.0,2025:Direxion Daily XOM Bear 1X Shares; 2026:Direxion Daily XOM Bear 1X ETF
XML,GraniteShares,XOM,2.0,daily,active,S000081166,GraniteShares 2x Long XOM Daily ETF,GraniteShares ETF Trust,0001689873,stock,XOM,True,0,,,,,listed_no_nport_yet,,no_ref,,2023:1.5; 2024:2.0,2023:GraniteShares 1.5x Long XOM Daily ETF; 2024:GraniteShares 2x Long XOM Daily ETF
XOMX,Direxion,XOM,2.0,daily,active,S000090373,Direxion Daily XOM Bull 2X Shares,Direxion Shares ETF Trust,0001424958,stock,XOM,True,5,2025-04-30,2026-04-30,7936312.18,7936312.18,nport,EXXON MOBIL CORP SWAP,ok_name,Exxon Mobil Corporation,2025:2.0; 2026:2.0,2025:Direxion Daily XOM Bull 2X Shares; 2026:Direxion Daily XOM Bull 2X ETF
,Leverage Shares,XPEV,2.0,daily,closed,S000100564,Leverage Shares 2X Long XPEV Daily ETF,Themes ETF Trust,0001976322,stock,XPEV,False,2,2026-01-31,2026-04-30,1292011.4,1292011.4,nport,XPeng Inc / XPeng Inc / XPENG INC  SWAP CS || XPeng Inc / XPeng Inc / XPENG INC  SWAP MAREX || XPeng Inc / XPeng Inc / XPENG INC  SWAP CF,ok_name,XPEV US Equity,2026:2.0,2026:Leverage Shares 2X Long XPEV Daily ETF
XXIU,T-REX,XXI,2.0,daily,active,S000087462,T-REX 2X Long XXI Daily Target ETF,ETF Opportunities Trust,0001771146,stock,XXI,True,0,,,,,listed_no_nport_yet,,no_ref,,2025:2.0; 2026:2.0,2025:T-REX 2X LONG AMD DAILY TARGET ETF; 2026:T-REX 2X Long XXI Daily Target ETF
SQD,T-REX,XYZ,-2.0,daily,active,S000087455,T-REX 2X INVERSE XYZ DAILY TARGET ETF,ETF Opportunities Trust,0001771146,stock,XYZ,True,0,,,,,listed_no_nport_yet,,no_ref,,2025:-2.0; 2026:-2.0,2025:T-REX 2X INVERSE SQ DAILY TARGET ETF; 2026:T-REX 2X INVERSE XYZ DAILY TARGET ETF
SQU,T-REX,XYZ,2.0,daily,active,S000087480,T-REX 2X LONG XYZ DAILY TARGET ETF,ETF Opportunities Trust,0001771146,stock,XYZ,True,0,,,,,listed_no_nport_yet,,no_ref,,2025:2.0; 2026:2.0,2025:T-REX 2X LONG SQ DAILY TARGET ETF; 2026:T-REX 2X LONG XYZ DAILY TARGET ETF
XYZL,GraniteShares,XYZ,2.0,daily,active,S000090908,GraniteShares 2x Long XYZ Daily ETF,GraniteShares ETF Trust,0001689873,stock,XYZ,True,0,,,,,listed_no_nport_yet,,no_ref,,2025:2.0,2025:GraniteShares 2x Long XYZ Daily ETF
XYZG,Leverage Shares,XYZ,2.0,daily,active,S000091231,Leverage Shares 2X Long XYZ Daily ETF,Themes ETF Trust,0001976322,stock,XYZ,True,5,2025-04-30,2026-04-30,3576534.16,4072056.37,nport,Block Inc / Block Inc / BLOCK INC SWAP - L  - MAREX || Block Inc / Block Inc / BLOCK INC  SWAP - L  - CLEARSTREET || Block Inc / Block Inc / BLOCK INC  SWAP - L  - CANTOR,ok_name,XYZ US Equity,2025:2.0,2025:Leverage Shares 2X Long XYZ Daily ETF
ZETX,Defiance,ZETA,2.0,daily,active,S000095541,Defiance Daily Target 2x Long Zeta ETF,Tidal Trust II,0001924868,stock,Zeta,True,1,2026-04-30,2026-04-30,1282273.28,1282273.28,nport,common stock / ZETA GLOBAL SWAP CF-L || common stock / ZETA GLOBAL SWAP CS-L || common stock / ZETA GLOBAL SWAP MAREX-L,ok_ticker,Zeta Global Holdings Corp,2026:2.0,2026:Defiance Daily Target 2X Long ZETA ETF
ZIML,Defiance,ZIM,2.0,daily,active,S000100081,Defiance Daily Target 2X Long ZIM ETF,Tidal Trust II,0001924868,stock,ZIM,True,0,,,,,listed_no_nport_yet,,no_ref,,2026:2.0,2026:Defiance Daily Target 2X Long ZIM ETF
ZSX,Tradr,ZS,2.0,daily,active,S000091900,Tradr 2X Long ZS Daily ETF,Investment Managers Series Trust II,0001587982,stock,ZS,True,0,,,,,listed_no_nport_yet,,no_ref,,2025:2.0,2025:Tradr 2X Long ZS Daily ETF
