ticker,issuer,underlying,leverage,inception_date,status,close_date,include,exclude_reason,verify_flags,leverage_history,realized_L_full,realized_L_q_min,realized_L_q_max,realized_L_n,series_id,series_name,trust,trust_cik,reset,n_nport,first_report,last_report,last_net_assets,max_net_assets,current_aum,etf_prices,etf_first_px,etf_last_px,ref_match,nport_ref,nport_designated_index,names_by_year
AALG,Leverage Shares,AAL,2.0,2025-07-11,active,,True,,,2025:2.0,1.9899664302569777,1.9564249139389276,2.019433610352681,283.0,S000091218,Leverage Shares 2X Long AAL Daily ETF,Themes ETF Trust,1976322,daily,4,2025-07-31,2026-04-30,4075837.23,4075837.23,4320000.0,True,2025-07-11,2026-09-21,ok_name,American Airlines Group Inc / American Airlines Group Inc / AMERICAN AIRLINES SWAP - L  - CLEARSTREET || American Airlines Group Inc / American Airlines Group Inc / AMERICAN AIRLINES SWAP - L  - CANTOR || American Airlines Group Inc / American Airlines Group Inc / RTX CORPORATION SWAP - L  - MAREX,AAL US Equity,2025:Leverage Shares 2X Long AAL Daily ETF
AAOX,Tradr,AAOI,2.0,2026-03-24,active,,True,,,2026:2.0,1.9846808778587242,1.9836256480765528,1.9922736674100316,123.0,S000100913,Tradr 2X Long AAOI Daily ETF,Investment Managers Series Trust II,1587982,daily,1,2026-04-30,2026-04-30,334120092.47,334120092.47,248060000.0,True,2026-03-24,2026-09-21,ok_ticker,"AAOI / Applied Optoelectronics, Inc. / Applied Optoelectronics, Inc. / CFD APPLIED OPTOELECTRONICS INC / CFD APPLIED OPTOELECTRONICS INC","Applied Optoelectronics, Inc.",2026:Tradr 2X Long AAOI Daily ETF
AAOZ,Tradr,AAOI,-2.0,2026-07-15,active,,True,,,2026:-2.0,-2.0001626795439043,-2.0001626795439043,-2.0001626795439043,47.0,S000105722,Tradr 2X Short AAOI Daily ETF,Investment Managers Series Trust II,1587982,daily,0,,,,,4530000.0,True,2026-07-15,2026-09-21,no_ref,,,2026:Tradr 2X Short AAOI Daily ETF
AAPU,Direxion,AAPL,2.0,2022-08-09,active,,True,,leverage_changed_by_name:2022:2.0; 2023:1.5; 2026:2.0,2022:2.0; 2023:1.5; 2026:2.0,1.8104172141997068,1.4791771399207665,2.0202698078222876,907.0,S000076233,Direxion Daily AAPL Bull 2X Shares,Direxion Shares ETF Trust,1424958,daily,15,2022-10-31,2026-04-30,205313245.56,271848036.12,182680000.0,True,2022-08-09,2026-09-21,ok_name,APPLE INC SWAP || APPLE INC Swap,Apple Inc.,2022:Direxion Daily AAPL Bull 2X Shares; 2023:Direxion Daily AAPL Bull 1.5X Shares; 2026:Direxion Daily AAPL Bull 2X ETF
AAPB,GraniteShares,AAPL,2.0,2022-08-10,active,,True,,leverage_changed_by_name:2022:2.0; 2023:1.75; 2024:2.0,2022:2.0; 2023:1.75; 2024:2.0,1.9068814077396983,1.693532097316577,2.0660674360485833,906.0,S000076355,GraniteShares 2x Long AAPL Daily ETF,GraniteShares ETF Trust,1689873,daily,16,2022-09-30,2026-06-30,18340331.3,35995188.01,18180000.0,True,2022-08-10,2026-09-21,ok_ticker,"Apple, Inc. / TD Cowen / AAPL EQUITY SWAP 1",APPLE GROSS CLOSE,2022:GraniteShares 2x Long Apple Daily ETF; 2023:GraniteShares 1.75x Long AAPL Daily ETF; 2024:GraniteShares 2x Long AAPL Daily ETF
AAPX,T-REX,AAPL,2.0,2024-01-11,active,,True,,,2024:2.0,1.9896837586779852,1.9412081495476925,2.0232225636320087,584.0,S000083676,T-REX 2X Long Apple Daily Target ETF,ETF Opportunities Trust,1771146,daily,10,2024-03-31,2026-06-30,10435012.59,19348034.79,10700000.0,True,2024-01-11,2026-09-21,ok_ticker,AAPX TRS AAPL EQ / APPLE INC. / AAPX TRS AAPL EQ || RECV AAPX TRS AAPL EQ / APPLE INC. / AAPX TRS AAPL EQ,MS AI TECH BENEFICIARIES INDEX,2024:T-REX 2X LONG APPLE DAILY TARGET ETF
AAPD,Direxion,AAPL,-1.0,2022-08-10,active,,True,,,2022:-1.0; 2026:-1.0,-0.9971999999342919,-1.0154918094455838,-0.981552341602975,906.0,S000076244,Direxion Daily AAPL Bear 1X Shares,Direxion Shares ETF Trust,1424958,daily,15,2022-10-31,2026-04-30,18607370.66,36563023.67,16850000.0,True,2022-08-10,2026-09-21,ok_name,APPLE INC SWAP || APPLE INC Swap,Apple Inc.,2022:Direxion Daily AAPL Bear 1X Shares; 2026:Direxion Daily AAPL Bear 1X ETF
,Leverage Shares,ABNB,2.0,2025-11-01,closed,2026-04-30,True,,,2025:2.0,,,,,S000093815,Leverage Shares 2x Long ABNB Daily ETF,Themes ETF Trust,1976322,daily,2,2026-01-31,2026-04-30,536871.55,536871.55,,False,,,ok_name,Airbnb Inc / Airbnb Inc / AIRBNB INC? SWAP CS || Airbnb Inc / Airbnb Inc / AIRBNB INC? SWAP CF || Airbnb Inc / Airbnb Inc / AIRBNB INC? SWAP MAR,ABNB US Equity,2025:Leverage Shares 2X Long ABNB Daily ETF
ARCX,Tradr,ACHR,2.0,2025-06-10,active,,True,,,2025:2.0,1.9863371285325624,1.9468472665375012,2.0085064119327942,308.0,S000091891,Tradr 2X Long ACHR Daily ETF,Investment Managers Series Trust II,1587982,daily,5,2025-06-30,2026-06-30,6043594.09,22397643.72,6840000.0,True,2025-06-10,2026-09-21,ok_ticker,ACHR / Archer Aviation Inc. / CFD ARCHER AVIATION INC-A / CFD ARCHER AVIATION INC-A,"Archer Aviation, Inc.",2025:Tradr 2X Long ACHR Daily ETF
,Corgi,ACHR,2.0,2026-04-01,closed,2026-06-30,True,,,2026:2.0,,,,,S000104875,Corgi ACHR 2x Daily ETF,Corgi ETF Trust I,2078265,daily,1,2026-06-30,2026-06-30,255105.92,255105.92,,False,,,ok_ticker,ACHR / Archer Aviation Inc / ARCHER AVIATION INC.-SWAP-MREX-L,ACHR (the underlying security referenced by the swap),2026:Corgi ACHR 2x Daily ETF
,Corgi,ACLS,2.0,2026-04-01,closed,2026-06-30,True,,,2026:2.0,,,,,S000104886,Corgi ACLS 2x Daily ETF,Corgi ETF Trust I,2078265,daily,1,2026-06-30,2026-06-30,302687.67,302687.67,,False,,,ok_ticker,"ACLS / Axcelis Technologies Inc / AXCELIS TECHNOLOGIES, INC.-SWAP-CANT-L","Axcelis Technologies, Inc.",2026:Corgi ACLS 2x Daily ETF
,Corgi,ACMR,2.0,2026-04-01,closed,2026-06-30,True,,,2026:2.0,,,,,S000104894,Corgi ACMR 2x Daily ETF,Corgi ETF Trust I,2078265,daily,1,2026-06-30,2026-06-30,399726.28,399726.28,,False,,,ok_ticker,"ACMR / ACM Research Inc / ACM RESEARCH, INC.-SWAP-MREX-L","ACM Research, Inc.",2026:Corgi ACMR 2x Daily ETF
ADBG,Leverage Shares,ADBE,2.0,2025-03-21,active,,True,,,2025:2.0,1.9955891774307404,1.9754728760640339,2.0061963821239917,345.0,S000091233,Leverage Shares 2X Long ADBE Daily ETF,Themes ETF Trust,1976322,daily,5,2025-04-30,2026-04-30,38480087.04,38480087.04,31570000.0,True,2025-03-21,2026-09-21,ok_name,Adobe Inc / Adobe Inc / ADOBE INC SWAP - L - CS || Adobe Inc / Adobe Inc / ADOBE INC SWAP - L - CANTOR || Adobe Inc / Adobe Inc / ADOBE INC SWAP - L - MAREX,ADBE US Equity,2025:Leverage Shares 2X Long ADBE Daily ETF
ADBU,Direxion,ADBE,2.0,2026-03-25,active,,True,,,2025:2.0,2.0114457577552876,2.004286880091138,2.022085799881326,119.0,S000094236,Direxion Daily ADBE Bull 2X ETF,Direxion Shares ETF Trust,1424958,daily,1,2026-04-30,2026-04-30,3860922.57,3860922.57,3450000.0,True,2026-03-25,2026-09-21,ok_name,ADOBE INC SWAP,Adobe Inc.,2025:Direxion Daily ADBE Bull 2X ETF
ADIU,Leverage Shares,ADI,2.0,2026-06-16,active,,True,,,2026:2.0,2.0028530318631983,2.012737126692226,2.012737126692226,60.0,S000105552,Leverage Shares 2X Long ADI Daily ETF,Themes ETF Trust,1976322,daily,0,,,,,613000.0,True,2026-06-16,2026-09-21,no_ref,,,2026:Leverage Shares 2X Long ADI Daily ETF
AEHG,Leverage Shares,AEHR,2.0,2026-06-26,active,,True,,,2026:2.0,1.983962669956264,1.982910487117897,1.982910487117897,59.0,S000105563,Leverage Shares 2X Long AEHR Daily ETF,Themes ETF Trust,1976322,daily,0,,,,,22200000.0,True,2026-06-26,2026-09-21,no_ref,,,2026:Leverage Shares 2X Long AEHR Daily ETF
AFRU,T-REX,AFRM,2.0,2025-09-16,active,,True,,,2025:2.0,1.9770840592850567,1.9309533815052238,2.0400050066980873,241.0,S000093883,T-Rex 2X Long AFRM Daily Target ETF,ETF Opportunities Trust,1771146,daily,4,2025-09-30,2026-06-30,4423433.65,4423433.65,2130000.0,True,2025-09-16,2026-09-21,ok_ticker,AFRM / Affirm Holdings Inc / AFFIRM HLDGS INC SWAP CLEARSTREET,AFRM US EQUITY,2025:T-REX 2X LONG AFRM DAILY TARGET ETF
LABX,Tradr,ALAB,2.0,2025-08-12,active,,True,,,2025:2.0,2.004086498121983,1.9897113022158017,2.023255401456376,268.0,S000091893,Tradr 2X Long ALAB Daily ETF,Investment Managers Series Trust II,1587982,daily,4,2025-09-30,2026-06-30,136298928.08,136298928.08,71770000.0,True,2025-08-12,2026-09-21,ok_ticker,"ALAB / Astera Labs, Inc. / CFD ASTERA LABS INC / CFD ASTERA LABS INC","Astera Labs, Inc.",2025:Tradr 2X Long ALAB Daily ETF
,Leverage Shares,ALB,2.0,2025-11-01,closed,2026-04-30,True,,,2026:2.0,,,,,S000100533,Leverage Shares 2X Long ALB Daily ETF,Themes ETF Trust,1976322,daily,2,2026-01-31,2026-04-30,1449449.61,1449449.61,,False,,,ok_name,Albemarle Corp / Albemarle Corp / ALBEMARLE CORP SWAP CS || Albemarle Corp / Albemarle Corp / ALBEMARLE CORP SWAP MAREX || Albemarle Corp / Albemarle Corp / ALBEMARLE CORP SWAP CF,ALB US Equity,2026:Leverage Shares 2X Long ALB Daily ETF
AMA,Defiance,AMAT,2.0,2026-05-01,active,,True,,,2025:2.0,2.0213389732320444,2.0060663358656727,2.0399358442893827,93.0,S000089799,Defiance Daily Target 2X Long AMAT ETF,Tidal Trust II,1924868,daily,0,,,,,31720000.0,True,2026-05-01,2026-09-21,no_ref,,,2025:Defiance Daily Target 2X Long AMAT ETF
AMDL,GraniteShares,AMD,2.0,2024-03-18,active,,True,,leverage_changed_by_name:2022:2.0; 2023:1.25,2022:2.0; 2023:1.25,2.002538286242564,1.9870486342885068,2.031118658421498,585.0,S000076350,GraniteShares 2x Long AMD Daily ETF,GraniteShares ETF Trust,1689873,daily,10,2024-03-31,2026-06-30,1661346362.67,1661346362.67,1070000000.0000001,True,2024-03-18,2026-09-21,ok_ticker,"Advanced Micro Devices, Inc. / Wells Fargo Securities, LLC / Recv Long 2x Amd Trs Wf || Advanced Micro Devices, Inc. / BMO Capital Markets / Recv Long 2x Amd Trs Bmo || Advanced Micro Devices, Inc. / Nomura Securities / Recv Long 2x Amd Trs Nm",AMD GROSS CLOSE,2022:GraniteShares 2x Long AMD Daily ETF; 2023:GraniteShares 1.25x Long AMD Daily ETF
AMDG,Leverage Shares,AMD,2.0,2025-01-24,active,,True,,,2025:2.0,2.006102903406691,1.984846661931991,2.047603261203503,389.0,S000086639,Leverage Shares 2X Long AMD Daily ETF,Themes ETF Trust,1976322,daily,6,2025-01-31,2026-04-30,25744850.05,28595215.81,27920000.0,True,2025-01-24,2026-09-21,ok_name,Advanced Micro Devices Inc / Advanced Micro Devices Inc / ADVANCED MICRO DEVICES INC  SWAP - L  - CLEARSTREE || Advanced Micro Devices Inc / Advanced Micro Devices Inc / ADVANCED MICRO DEVICES INC  SWAP - L  - CANTOR || Advanced Micro Devices Inc / Advanced Micro Devices Inc / ADVANCED MICRO DEVICES INC  SWAP - L  - MAREX,AMD US Equity,2025:Leverage Shares 2X Long AMD Daily ETF
AMUU,Direxion,AMD,2.0,2025-04-03,active,,True,,,2025:2.0; 2026:2.0,2.0052574738575544,1.9822655612402833,2.0304287848285316,345.0,S000088048,Direxion Daily AMD Bull 2X Shares,Direxion Shares ETF Trust,1424958,daily,5,2025-04-30,2026-04-30,74172662.53,74172662.53,89150000.0,True,2025-04-03,2026-09-21,ok_ticker,AMD Shares SWAP || Direxion Daily AMD Shares,"Advanced Micro Devices, Inc.",2025:Direxion Daily AMD Bull 2X Shares; 2026:Direxion Daily AMD Bull 2X ETF
,Corgi,AMD,2.0,2026-04-01,closed,2026-06-30,True,,,2026:2.0,,,,,S000104884,Corgi AMD 2x Daily ETF,Corgi ETF Trust I,2078265,daily,1,2026-06-30,2026-06-30,294861.65,294861.65,,False,,,ok_ticker,"AMD / Advanced Micro Devices Inc / ADVANCED MICRO DEVICES, INC.-SWAP-CLST-L",Advanced Micro Devices Inc,2026:Corgi AMD 2x Daily ETF
,GraniteShares,AMD,-1.0,2023-07-01,closed,2025-03-31,True,,,2023:-1.0,,,,,S000081152,GraniteShares 1x Short AMD Daily ETF,GraniteShares ETF Trust,1689873,daily,7,2023-09-30,2025-03-31,1452268.1,3023489.82,,False,,,ok_ticker,"Advanced Micro Devices, Inc. / Advanced Micro Devices, Inc. / Cowen Group / AMD EQUITY SWAP 1",AMD GROSS CLOSE,2023:GraniteShares 1x Short AMD Daily ETF
AMDD,Direxion,AMD,-1.0,2025-02-12,active,,True,,,2025:-1.0; 2026:-1.0,-1.0068813116831408,-1.0257597590316239,-0.9971448689252376,370.0,S000088058,Direxion Daily AMD Bear 1X Shares,Direxion Shares ETF Trust,1424958,daily,5,2025-04-30,2026-04-30,22313552.03,24243220.42,19200000.0,True,2025-02-12,2026-09-21,ok_ticker,Direxion Daily AMD Shares || AMD Shares SWAP,"Advanced Micro Devices, Inc.",2025:Direxion Daily AMD Bear 1X Shares; 2026:Direxion Daily AMD Bear 1X ETF
DAMD,Defiance,AMD,-2.0,2025-11-14,active,,True,,,2026:-2.0,-1.99212783382142,-2.020570552709447,-1.977811080225032,198.0,S000096879,Defiance Daily Target 2x Short Amd ETF,Tidal Trust II,1924868,daily,2,2026-01-31,2026-04-30,24210354.47,24210354.47,12620000.0,True,2025-11-14,2026-09-21,ok_name,common stock / ADVANCED MICRO DEVICES SWAP NM || common stock / ADVANCED MICRO DEVICES SWAP MAR || common stock / ADVANCED MICRO DEVICES SWAP CANTOR-S,Advanced Micro Devices,2026:Defiance Daily Target 2X Short AMD ETF
AMKL,Defiance,AMKR,2.0,2026-05-05,active,,True,,,2026:2.0,2.0111129222290196,2.0100540741315895,2.01334886056573,91.0,S000100996,Defiance Daily Target 2X Long AMKR ETF,Tidal Trust II,1924868,daily,0,,,,,7620000.0,True,2026-05-05,2026-09-21,no_ref,,,2026:Defiance Daily Target 2X Long AMKR ETF
,Defiance,AMPX,2.0,2026-04-01,closed,2026-06-30,True,,,2026:2.0,,,,,S000104012,Defiance Daily Target 2x Long AMPX ETF,Tidal Trust II,1924868,daily,1,2026-06-30,2026-06-30,4542976.58,4542976.58,,False,,,ok_name,"AMPRIUS TECHNOLOGIES, INC.-SWAP-CANT-L || AMPRIUS TECHNOLOGIES, INC.-SWAP-JNST-L || AMPRIUS TECHNOLOGIES, INC.-SWAP-NMRA-L","Amprius Technologies, Inc.",2026:Defiance Daily Target 2X Long AMPX ETF
AMZU,Direxion,AMZN,2.0,2022-09-07,active,,True,,leverage_changed_by_name:2022:2.0; 2023:1.5; 2026:2.0,2022:2.0; 2023:1.5; 2026:2.0,1.7721091935789752,1.4705972686390638,2.0027774602519917,915.0,S000076237,Direxion Daily AMZN Bull 2X Shares,Direxion Shares ETF Trust,1424958,daily,15,2022-10-31,2026-04-30,427879693.63,490277710.51,277720000.0,True,2022-09-07,2026-09-21,ok_name,Amazon Inc Swap,"Amazon.com, Inc.",2022:Direxion Daily AMZN Bull 2X Shares; 2023:Direxion Daily AMZN Bull 1.5X Shares; 2026:Direxion Daily AMZN Bull 2X ETF
AMZZ,GraniteShares,AMZN,2.0,2024-03-18,active,,True,,leverage_changed_by_name:2022:2.0; 2023:1.5; 2024:2.0,2022:2.0; 2023:1.5; 2024:2.0,1.9899245178834264,1.9572076659168969,2.0258189687830237,570.0,S000076354,GraniteShares 2x Long AMZN Daily ETF,GraniteShares ETF Trust,1689873,daily,10,2024-03-31,2026-06-30,45186743.01,65434371.69,38450000.0,True,2024-03-18,2026-09-21,ok_ticker,"Amazon.com, Inc. / TD Cowen / AMZN EQUITY SWAP 1",AMAZON GROSS CLOSE,2022:GraniteShares 2x Long Amazon Daily ETF; 2023:GraniteShares 1.5x Long AMZN Daily ETF; 2024:GraniteShares 2x Long AMZN Daily ETF
AMZD,Direxion,AMZN,-1.0,2022-09-08,active,,True,,,2022:-1.0; 2026:-1.0,-0.9968999316360224,-1.016774523464689,-0.9837609201483692,914.0,S000076246,Direxion Daily AMZN Bear 1X Shares,Direxion Shares ETF Trust,1424958,daily,15,2022-10-31,2026-04-30,14632222.52,14632222.52,16629999.999999998,True,2022-09-08,2026-09-21,ok_name,Amazon Inc Swap || AMAZON.COM INC SWAP,"Amazon.com, Inc.",2022:Direxion Daily AMZN Bear 1X Shares; 2026:Direxion Daily AMZN Bear 1X ETF
AMZO,Tradr,AMZN,-2.0,2026-03-24,active,,True,,,2026:-2.0,-1.9848877796659103,-1.9877035294272054,-1.984904187131067,117.0,S000100828,Tradr 2X Short AMZN Daily ETF,Investment Managers Series Trust II,1587982,daily,2,2026-03-31,2026-06-30,1087568.51,1087568.51,853320.0,True,2026-03-24,2026-09-21,ok_ticker,"AMZN / Amazon.com, Inc. / CFD AMAZON.COM INC / CFD AMAZON.COM INC","Amazon.com, Inc.",2026:Tradr 2X Short AMZN Daily ETF
ANEL,Defiance,ANET,2.0,2025-09-04,active,,True,,,2025:2.0,1.9946201543778685,1.9803052212570893,2.009907719927982,245.0,S000092416,Defiance Daily Target 2x Long Anet ETF,Tidal Trust II,1924868,daily,3,2025-10-31,2026-04-30,6339672.39,8605475.93,15870000.0,True,2025-09-04,2026-09-21,ok_name,common stock / ARISTA NETWORKS INC SWAP CANTOR || common stock / ARISTA NETWORKS SWAP CS || common stock / ARISTA NETWORKS INC SWAP MAREX,Arista Networks,2025:Defiance Daily Target 2X Long ANET ETF
APHU,T-REX,APH,2.0,2026-02-18,active,,True,,,2026:2.0,1.9949555870211295,1.9531253995552535,2.0399924985093767,143.0,S000098202,T-REX 2X Long APH Daily Target ETF,ETF Opportunities Trust,1771146,daily,2,2026-03-31,2026-06-30,3421516.7,3421516.7,2020000.0,True,2026-02-18,2026-09-21,ok_ticker,APH / Amphenol Corp / AMPHENOL CORP SWAP CLEAR STREET,APH US EQUITY,2026:T-REX 2X LONG APH DAILY TARGET ETF
APHG,Leverage Shares,APH,2.0,2026-06-16,active,,True,,,2026:2.0,1.9905918268268947,1.9896641463568698,1.9896641463568698,63.0,S000105565,Leverage Shares 2X Long APH Daily ETF,Themes ETF Trust,1976322,daily,0,,,,,284830.0,True,2026-06-16,2026-09-21,no_ref,,,2026:Leverage Shares 2X Long APH Daily ETF
APLX,Tradr,APLD,2.0,2025-09-09,active,,True,,,2026:2.0,1.9896114262759341,1.9769942293630984,2.009991013326514,250.0,S000095051,Tradr 2X Long APLD Daily ETF,Investment Managers Series Trust II,1587982,daily,4,2025-09-30,2026-06-30,60897511.02,60897511.02,64110000.0,True,2025-09-09,2026-09-21,ok_ticker,APLD / Applied Digital Corp. / CFD APPLIED DIGITAL CORP / CFD APPLIED DIGITAL CORP,Applied Digital Corp.,2026:Tradr 2X Long APLD Daily ETF
APLZ,Tradr,APLD,-2.0,2026-01-22,active,,True,,,2026:-2.0,-1.9964423373882088,-2.0156101471193746,-1.985752280353778,159.0,S000100830,Tradr 2x Short APLD Daily ETF,Investment Managers Series Trust II,1587982,daily,2,2026-03-31,2026-06-30,4840642.11,4840642.11,3090000.0,True,2026-01-22,2026-09-21,ok_ticker,APLD / Applied Digital Corporation / CFD APPLIED DIGITAL CORP / CFD APPLIED DIGITAL CORP,Applied Digital Corp.,2026:Tradr 2X Short APLD Daily ETF
APPX,Tradr,APP,2.0,2025-04-25,active,,True,,,2025:2.0,1.9861080604073336,1.9517123213276684,2.003538798981854,337.0,S000091894,Tradr 2X Long APP Daily ETF,Investment Managers Series Trust II,1587982,daily,5,2025-06-30,2026-06-30,112236949.11,118435837.36,60220000.0,True,2025-04-25,2026-09-21,ok_ticker,APP / APPLOVIN CORP. / CFD APPLOVIN CORP-CLASS A / CFD APPLOVIN CORP-CLASS A,Applovin Corp,2025:Tradr 2X Long APP Daily ETF
ARMG,Leverage Shares,ARM,2.0,2025-01-14,active,,True,,,2025:2.0,1.9999479355404852,1.971503682818283,2.009585507337117,406.0,S000086640,Leverage Shares 2X Long ARM Daily ETF,Themes ETF Trust,1976322,daily,6,2025-01-31,2026-04-30,63707600.81,63707600.81,68790000.0,True,2025-01-14,2026-09-21,ok_ticker,ARM Holdings PLC / ARM Holdings PLC / ARM HOLDINGS SWAP - L - CS || ARM Holdings PLC / ARM Holdings PLC / ARM HOLDINGS SWAP - L - CF || ARM Holdings PLC / ARM Holdings PLC / ARM HOLDINGS SWAP - L - MAR,ARM US Equity,2025:Leverage Shares 2X Long ARM Daily ETF
ARMU,T-REX,ARM,2.0,2025-01-01,closed,2025-12-31,True,,,2025:2.0,,,,,S000087463,T-Rex 2X Long ARM Daily Target ETF,ETF Opportunities Trust,1771146,daily,4,2025-03-31,2025-12-31,1961771.73,2577808.56,,False,,,ok_ticker,ARM Holdings PLC / ARM Holdings PLC / ARM HOLDINGS PLC SWAP CANTOR,ARM US EQUITY,2025:T-REX 2X LONG ARM DAILY TARGET ETF
ASMG,Leverage Shares,ASML,2.0,2025-01-14,active,,True,,,2025:2.0,1.9878815688977136,1.9535724432819686,2.007664377148357,393.0,S000086641,Leverage Shares 2X Long ASML Daily ETF,Themes ETF Trust,1976322,daily,6,2025-01-31,2026-04-30,32277298.87,43753296.24,30990000.0,True,2025-01-14,2026-09-21,ok_ticker,ASML Holding NV / ASML Holding NV / ASML HOLDING NV SWAP - L - CLEARSTREET || ASML Holding NV / ASML Holding NV / ASML HOLDING NV SWAP - L - CANTOR || ASML Holding NV / ASML Holding NV / ASML HOLDING NV SWAP - L - MAREX,ASML US Equity,2025:Leverage Shares 2X Long ASML Daily ETF
ASMU,Direxion,ASML,2.0,2026-02-11,active,,True,,,2025:2.0; 2026:2.0,1.9908463646863443,1.9858714869020715,1.999773312127092,142.0,S000092925,Direxion Daily ASML Bull 2X ETF,Direxion Shares ETF Trust,1424958,daily,1,2026-04-30,2026-04-30,6648722.41,6648722.41,9200000.0,True,2026-02-11,2026-09-21,ok_ticker,ASML HOLDING NV-NY REG SHS SWAP,ASML Holding NV-NY Reg Shs,2025:Direxion Daily ASML Bull 2X Shares; 2026:Direxion Daily ASML Bull 2X ETF
ASTX,Tradr,ASTS,2.0,2025-07-11,active,,True,,,2025:2.0,1.9889250484602667,1.9862910489231402,2.0035941214388786,294.0,S000093731,Tradr 2X Long ASTS Daily ETF,Investment Managers Series Trust II,1587982,daily,4,2025-09-30,2026-06-30,601492126.8,601492126.8,228760000.0,True,2025-07-11,2026-09-21,ok_ticker,"ASTS / AST SpaceMobile, Inc. / CFD AST SPACEMOBILE INC / CFD AST SPACEMOBILE INC","AST SpaceMobile, Inc.",2025:Tradr 2X Long ASTS Daily ETF
ASTY,Defiance,ASTS,2.0,2026-05-21,active,,True,,,2026:2.0,1.99458398207499,1.9834555687692121,2.0028118410421776,82.0,S000103136,Defiance Daily Target 2x Long Asts ETF,Tidal Trust II,1924868,daily,1,2026-06-30,2026-06-30,15492413.48,15492413.48,8330000.0,True,2026-05-21,2026-09-21,ok_name,"AST SPACEMOBILE, INC.-SWAP-CANT-L || AST SPACEMOBILE, INC.-SWAP-CLST-L || AST SPACEMOBILE, INC.-SWAP-MREX-L",AST SpaceMobile Inc,2026:Defiance Daily Target 2X Long ASTS ETF
ASTG,Leverage Shares,ASTS,2.0,2026-06-23,active,,True,,,2026:2.0,1.9837141729053982,1.9739925205879503,1.9739925205879503,61.0,S000105566,Leverage Shares 2X Long ASTS Daily ETF,Themes ETF Trust,1976322,daily,0,,,,,276290.0,True,2026-06-23,2026-09-21,no_ref,,,2026:Leverage Shares 2X Long ASTS Daily ETF
ASTN,Defiance,ASTS,-2.0,2026-02-06,active,,True,,,2026:-2.0,-1.9716014734785257,-2.0034429501244575,-1.8689884452583259,154.0,S000096890,Defiance Daily Target 2x Short Asts ETF,Tidal Trust II,1924868,daily,1,2026-04-30,2026-04-30,2216725.71,2216725.71,2780000.0,True,2026-02-06,2026-09-21,ok_name,common stock / AST SPACEMOBILE SWAP CF-S || common stock / AST SPACEMOBILE SWAP MAREX-S || common stock / AST SPACEMOBILE SWAP CS-S,AST SpaceMobile Inc,2026:Defiance Daily Target 2X Short ASTS ETF
,Tradr,AUR,2.0,2025-10-01,closed,2025-12-31,True,,,2026:2.0,,,,,S000095062,Tradr 2X Long AUR Daily ETF,Investment Managers Series Trust II,1587982,daily,1,2025-12-31,2025-12-31,1242917.58,1242917.58,,False,,,ok_ticker,"AUR / Aurora Innovation, Inc. / Aurora Innovation, Inc. / CFD AURORA INNOVATION INC / CFD AURORA INNOVATION INC","Aurora Innovation, Inc.",2026:Tradr 2X Long AUR Daily ETF
AVXX,Defiance,AVAV,2.0,2025-10-24,active,,True,,,2026:2.0,1.9839197929707473,1.9515778325367887,2.0288761663890837,216.0,S000095543,Defiance Daily Target 2x Long Avav ETF,Tidal Trust II,1924868,daily,3,2025-10-31,2026-04-30,9264101.37,9264101.37,16550000.0,True,2025-10-24,2026-09-21,ok_name,common stock / AEROVIRONMENT INC SWAP MAREX || common stock / AEROVIRONMENT INC SWAP CS || common stock / AEROVIRONMENT INC COM SWAP CAN,AeroVironment,2026:Defiance Daily Target 2X Long AVAV ETF
AVGX,Defiance,AVGO,2.0,2024-08-22,active,,True,,,2024:2.0; 2025:2.0,1.9825091650774032,1.9508213046515124,2.016663526212333,476.0,S000085139,Defiance Daily Target 2x Long Avgo ETF,Tidal Trust II,1924868,daily,7,2024-10-31,2026-04-30,164787612.22,228032959.92,219110000.0,True,2024-08-22,2026-09-21,ok_name,common stock / BROADCOM INC SWAP MS || common stock / BROADCOM INC SWAP NBC-L || common stock / BROADCOM INC COM SWAP CS - L,Broadcom,2024:Defiance Daily Target 2X Long PANW ETF; 2025:Defiance Daily Target 2X Long AVGO ETF
AVL,Direxion,AVGO,2.0,2024-10-10,active,,True,,,2025:2.0; 2026:2.0,1.9889640710423646,1.9526156776615153,2.0040446014727156,444.0,S000088059,Direxion Daily AVGO Bull 2X Shares,Direxion Shares ETF Trust,1424958,daily,7,2024-10-31,2026-04-30,188507190.49,188507190.49,273130000.0,True,2024-10-10,2026-09-21,ok_ticker,Direxion Daily AVGO Bull/Bear SWAP,Broadcom Inc.,2025:Direxion Daily AVGO Bull 2X Shares; 2026:Direxion Daily AVGO Bull 2X ETF
AVGU,GraniteShares,AVGO,2.0,2025-07-15,active,,True,,,2025:2.0,1.9999507881804406,1.9894922485515367,2.014366056800047,270.0,S000088314,GraniteShares 2x Long AVGO Daily ETF,GraniteShares ETF Trust,1689873,daily,4,2025-09-30,2026-06-30,35646974.53,35646974.53,36750000.0,True,2025-07-15,2026-09-21,ok_ticker,"Broadcom, Inc. / Cantor Fitzgerald / GRANITESHARES LONG AVGO SWAP CANTOR FITZGERALD",AVGO GROSS CLOSE,2025:GraniteShares 2x Long AVGO Daily ETF
AVGG,Leverage Shares,AVGO,2.0,2025-05-16,active,,True,,,2025:2.0,1.9990910600614715,1.9733500076868769,2.0284609853469435,307.0,S000091235,Leverage Shares 2X Long AVGO Daily ETF,Themes ETF Trust,1976322,daily,4,2025-07-31,2026-04-30,39071180.1,39071180.1,49480000.0,True,2025-05-16,2026-09-21,ok_name,Broadcom Inc / Broadcom Inc / BROADCOM INC SWAP - L  - CLEARSTREET || Broadcom Inc / Broadcom Inc / BROADCOM INC SWAP - L  - CANTOR || Broadcom Inc / Broadcom Inc / BROADCOM INC SWAP - L  - MAREX,AVGO US Equity,2025:Leverage Shares 2X Long AVGO Daily ETF
AVS,Direxion,AVGO,-1.0,2024-10-10,active,,True,,,2025:-1.0; 2026:-1.0,-0.9931290127247964,-1.0114450338568703,-0.9662335288698912,430.0,S000088060,Direxion Daily AVGO Bear 1X Shares,Direxion Shares ETF Trust,1424958,daily,7,2024-10-31,2026-04-30,6934120.22,11628306.84,13450000.0,True,2024-10-10,2026-09-21,ok_ticker,Direxion Daily AVGO Bull/Bear SWAP,Broadcom Inc.,2025:Direxion Daily AVGO Bear 1X Shares; 2026:Direxion Daily AVGO Bear 1X ETF
AXUP,T-REX,AXON,2.0,2025-07-01,closed,2025-12-31,True,,,2025:2.0,,,,,S000093892,T-Rex 2x Long AXON Daily Target ETF,ETF Opportunities Trust,1771146,daily,2,2025-09-30,2025-12-31,2312865.53,2312865.53,,False,,,ok_ticker,Axon Enterprise Inc / Axon Enterprise Inc / AXON ENTERPRISE INC SWAP CLEARSTREET,NDX INDEX,2025:T-REX 2X LONG AXON DAILY TARGET ETF
,Leverage Shares,AXP,2.0,2026-02-01,closed,2026-04-30,True,,,2026:2.0,,,,,S000100544,Leverage Shares 2X Long AXP Daily ETF,Themes ETF Trust,1976322,daily,1,2026-04-30,2026-04-30,686596.91,686596.91,,False,,,ok_name,American Express Co / American Express Co / AMERICAN EXPRESS SWAP - L  - MAREX || American Express Co / American Express Co / AMERICAN EXPRESS SWAP - L  - CF || American Express Co / American Express Co / AMERICAN EXPRESS SWAP - L  - CS,AXP US Equity,2026:Leverage Shares 2X Long AXP Daily ETF
,T-REX,AXTI,2.0,2026-04-01,closed,2026-06-30,True,,,2026:2.0,,,,,S000102264,T-Rex 2X Long AXTI Daily Target ETF,ETF Opportunities Trust,1771146,daily,1,2026-06-30,2026-06-30,14375306.02,14375306.02,,False,,,ok_ticker,RECV 2199 TRS AXTI EQ / RECV 2199 TRS AXTI EQ / RECV 2199 TRS AXTI EQ,AXTI US EQUITY,2026:T-REX 2X LONG AXTI DAILY TARGET ETF
AXTX,Tradr,AXTI,2.0,2026-04-24,active,,True,,,2026:2.0,1.9963348370904777,1.9938084824323392,1.9977501355569602,99.0,S000103182,Tradr 2X Long AXTI Daily ETF,Investment Managers Series Trust II,1587982,daily,1,2026-06-30,2026-06-30,221426584.57,221426584.57,146860000.0,True,2026-04-24,2026-09-21,ok_ticker,"AXTI / AXT, Inc. / CFD AXT INC / CFD AXT INC","AXT, Inc.",2026:Tradr 2X Long AXTI Daily ETF
AXTL,Leverage Shares,AXTI,2.0,2026-06-16,active,,True,,,2026:2.0,1.9899896190803277,1.9877697552178268,1.9877697552178268,63.0,S000105568,Leverage Shares 2X Long AXTI Daily ETF,Themes ETF Trust,1976322,daily,0,,,,,8210000.000000001,True,2026-06-16,2026-09-21,no_ref,,,2026:Leverage Shares 2X Long AXTI Daily ETF
AXTQ,Tradr,AXTI,-2.0,2026-08-18,active,,True,,,2026:-2.0,-2.0247853571109315,-2.0247853571109315,-2.0247853571109315,22.0,S000106997,Tradr 2X Short AXTI Daily ETF,Investment Managers Series Trust II,1587982,daily,0,,,,,5200000.0,True,2026-08-18,2026-09-21,no_ref,,,2026:Tradr 2X Short AXTI Daily ETF
BU,Defiance,B,2.0,2025-11-01,closed,2026-04-30,True,,,2025:2.0; 2026:2.0,,,,,S000089802,Defiance Daily Target 2x Long B ETF,Tidal Trust II,1924868,daily,2,2026-01-31,2026-04-30,563762.03,823864.57,,False,,,ok_name,common stock / BARRICK MNG CORP SWAP CS || common stock / BARRICK MNG CORP SWAP CF-L || common stock / BARRICK MNG CORP SWAP MAREX,Barrick Mining,2025:Defiance Daily Target 2X Long GOLD ETF; 2026:Defiance Daily Target 2X Long B ETF
BOEG,Leverage Shares,BA,2.0,2025-06-13,active,,True,,,2025:2.0,1.9897696355730505,1.9558062077451819,1.9995171607756335,284.0,S000086642,Leverage Shares 2X Long BA Daily ETF,Themes ETF Trust,1976322,daily,4,2025-07-31,2026-04-30,4620096.59,4620096.59,6270000.0,True,2025-06-13,2026-09-21,ok_name,Boeing Co/The / Boeing Co/The / THE BOEING COMPANY SWAP - L  - CLEARSTREET || Boeing Co/The / Boeing Co/The / THE BOEING COMPANY - L  - CANTOR || Boeing Co/The / Boeing Co/The / THE BOEING COMPANY SWAP - L  - MAREX,BA US Equity,2025:Leverage Shares 2X Long BA Daily ETF
BOEU,Direxion,BA,2.0,2025-04-23,active,,True,,,2025:2.0; 2026:2.0,1.9855174282135561,1.963808079445244,2.0263708967748655,317.0,S000088061,Direxion Daily BA Bull 2X Shares,Direxion Shares ETF Trust,1424958,daily,5,2025-04-30,2026-04-30,18806135.28,25168849.36,20220000.0,True,2025-04-23,2026-09-21,ok_name,BOEING CO SWAP,The Boeing Company,2025:Direxion Daily BA Bull 2X Shares; 2026:Direxion Daily BA Bull 2X ETF
BOED,Direxion,BA,-1.0,2025-02-01,closed,2026-01-31,True,,,2025:-1.0; 2026:-1.0,,,,,S000088062,Direxion Daily BA Bear 1X Shares,Direxion Shares ETF Trust,1424958,daily,4,2025-04-30,2026-01-31,2077747.43,2460269.5,,False,,,ok_name,BOEING CO SWAP,The Boeing Company,2025:Direxion Daily BA Bear 1X Shares; 2026:Direxion Daily BA Bear 1X ETF
BABX,GraniteShares,BABA,2.0,2022-12-13,active,,True,,leverage_changed_by_name:2022:2.0; 2023:1.75; 2024:2.0,2022:2.0; 2023:1.75; 2024:2.0,1.938489857643333,1.7341722923460798,2.0183209911024105,871.0,S000076352,GraniteShares 2x Long BABA Daily ETF,GraniteShares ETF Trust,1689873,daily,15,2022-12-31,2026-06-30,74512515.2,216675273.76,122960000.0,True,2022-12-13,2026-09-21,ok_ticker,"Alibaba Group Holding, Ltd. / Clear Street / Recv Long Baba Trs Cs1 || Alibaba Group Holding, Ltd. / TD Cowen / BABA EQUITY SWAP 1 || Alibaba Group Holding, Ltd. / Wells Fargo Securities, LLC / Recv Long Baba Trs Wf",ALIBABA GROSS CLOSE,2022:GraniteShares 2x Long Alibaba Daily ETF; 2023:GraniteShares 1.75x Long BABA Daily ETF; 2024:GraniteShares 2x Long BABA Daily ETF
KBAB,KraneShares,BABA,2.0,2025-03-12,active,,True,,,2025:2.0,2.006568334718219,1.986812853779006,2.021369631471769,357.0,S000089268,KraneShares 2x Long BABA Daily ETF,Krane Shares Trust,1547576,daily,6,2025-03-31,2026-06-30,2170152.86,5327613.05,2830000.0,True,2025-03-12,2026-09-21,ok_ticker,REF: 2X BABA US EQUITY / REF: 2X BABA US EQUITY BRK :MAREX,Alibaba Group Holding Ltd.,2025:KraneShares 2x Long BABA Daily ETF
BABU,Direxion,BABA,2.0,2026-02-12,active,,True,,,2025:2.0; 2026:2.0,2.0113755444131316,2.004103894878705,2.028094543028296,139.0,S000092939,Direxion Daily BABA Bull 2X ETF,Direxion Shares ETF Trust,1424958,daily,1,2026-04-30,2026-04-30,3314418.42,3314418.42,6850000.0,True,2026-02-12,2026-09-21,ok_ticker,ALIBABA GROUP HOLDING-SP ADR SWAP || BABA / ALIBABA GROUP HOLDING-SP ADR / ALIBABA GROUP HOLDING-SP ADR,Alibaba Group Holding - SP ADR,2025:Direxion Daily BABA Bull 2X Shares; 2026:Direxion Daily BABA Bull 2X ETF
BAIG,Leverage Shares,BBAI,2.0,2025-08-21,active,,True,,,2025:2.0,2.005093677896137,2.0012601369366254,2.0101185716025527,268.0,S000093823,Leverage Shares 2x Long BBAI Daily ETF,Themes ETF Trust,1976322,daily,3,2025-10-31,2026-04-30,14990102.96,23386861.2,6310000.0,True,2025-08-21,2026-09-21,ok_name,BigBear.ai Holdings Inc / BigBear.ai Holdings Inc / BIGBEAR AI HLDGS INC SWAP - L  - MAREX || BigBear.ai Holdings Inc / BigBear.ai Holdings Inc / BIGBEAR AI HLDGS INC SWAP - L  - CLEARSTREET || BigBear.ai Holdings Inc / BigBear.ai Holdings Inc / BIGBEAR AI HLDGS INC SWAP- L  - CANTOR,BBAI US Equity,2025:Leverage Shares 2X Long BBAI Daily ETF
BEX,Tradr,BE,2.0,2025-11-13,active,,True,,,2026:2.0,1.987640103794629,1.9653745316076625,2.006535153889986,210.0,S000096127,Tradr 2X Long BE Daily ETF,Investment Managers Series Trust II,1587982,daily,3,2025-12-31,2026-06-30,164755761.32,164755761.32,216400000.0,True,2025-11-13,2026-09-21,ok_ticker,BE / Bloom Energy Corporation / CFD BLOOM ENERGY CORP- A / CFD BLOOM ENERGY CORP- A,Bloom Energy Corp.,2026:Tradr 2X Long BE Daily ETF
,Leverage Shares,BE,2.0,2025-11-01,closed,2026-04-30,True,,,2026:2.0,,,,,S000098107,Leverage Shares 2X Long BE Daily ETF,Themes ETF Trust,1976322,daily,2,2026-01-31,2026-04-30,22546962.72,22546962.72,,False,,,ok_name,Bloom Energy Corp / Bloom Energy Corp / BLOOM ENERGY SWAP CS || Bloom Energy Corp / Bloom Energy Corp / BLOOM ENERGY SWAP MAR || Bloom Energy Corp / Bloom Energy Corp / BLOOM ENERGY SWAP CF,BE US Equity,2026:Leverage Shares 2X Long BE Daily ETF
BEZ,Tradr,BE,-2.0,2026-02-11,active,,True,,,2026:-2.0,-1.9985540703063454,-2.013530864988978,-1.9730033373353386,150.0,S000100831,Tradr 2X Short BE Daily ETF,Investment Managers Series Trust II,1587982,daily,2,2026-03-31,2026-06-30,10101641.53,10101641.53,14470000.0,True,2026-02-11,2026-09-21,ok_ticker,BE / Bloom Energy Corporation / CFD BLOOM ENERGY CORP- A / CFD BLOOM ENERGY CORP- A,Bloom Energy Corp.,2026:Tradr 2X Short BE Daily ETF
KBDU,KraneShares,BIDU,2.0,2025-11-21,active,,True,,,2025:2.0,2.0037792307891054,1.9858626942838056,2.0182331709698573,187.0,S000089269,KraneShares 2x Long BIDU Daily ETF,Krane Shares Trust,1547576,daily,3,2025-12-31,2026-06-30,487025.36,1542907.17,559660.0,True,2025-11-21,2026-09-21,ok_ticker,REF: 2X BIDU US EQUITY / REF: 2X BIDU US EQUITY BRK: MAREX,Baidu Inc.,2025:KraneShares 2x Long BIDU Daily ETF
,Leverage Shares,BIDU,2.0,2025-11-01,closed,2026-04-30,True,,,2026:2.0,,,,,S000098108,Leverage Shares 2X Long BIDU Daily ETF,Themes ETF Trust,1976322,daily,2,2026-01-31,2026-04-30,1641169.42,1995368.0,,False,,,ok_name,Baidu Inc / Baidu Inc / BAIDU INC SWAP CS || Baidu Inc / Baidu Inc / BAIDU INC SWAP CF || Baidu Inc / Baidu Inc / BAIDU INC SWAP MAR,BIDU US Equity,2026:Leverage Shares 2X Long BIDU Daily ETF
BKNU,T-REX,BKNG,2.0,2025-07-01,closed,2025-12-31,True,,,2025:2.0,,,,,S000093894,T-REX 2X Long BKNG Daily Target ETF,ETF Opportunities Trust,1771146,daily,2,2025-09-30,2025-12-31,1646350.11,1646350.11,,False,,,ok_name,Booking Holdings Inc / Booking Holdings Inc / BOOKING HOLDINGS INC SWAP CLEARSTREET,BKNG US EQUITY,2025:T-REX 2X LONG BKNG DAILY TARGET ETF
BLSX,Tradr,BLSH,2.0,2025-10-01,closed,2025-12-31,True,,,2026:2.0,,,,,S000096129,Tradr 2X Long BLSH Daily ETF,Investment Managers Series Trust II,1587982,daily,1,2025-12-31,2025-12-31,1659379.11,1659379.11,,False,,,ok_ticker,BLSH / Bullish / Bullish / CFD BULLISH / CFD BULLISH,Bullish,2026:Tradr 2X Long BLSH Daily ETF
BLSG,Leverage Shares,BLSH,2.0,2025-10-27,active,,True,,,2026:2.0,1.9997995898285903,1.963834829710894,2.051789528371514,216.0,S000096298,Leverage Shares 2X Long BLSH Daily ETF,Themes ETF Trust,1976322,daily,3,2025-10-31,2026-04-30,1648500.84,1648500.84,2170000.0,True,2025-10-27,2026-09-21,ok_name,Bullish / Bullish / BULLISH SWAP-L - MAREX || Bullish / Bullish / BULLISH SWAP-L - CANTOR || Bullish / Bullish / BULLISH SWAP-L - CLEARSTREET,BLSH US Equity,2026:Leverage Shares 2X Long BLSH Daily ETF
BMNU,T-REX,BMNR,2.0,2025-09-26,active,,True,,,2026:2.0,1.9473933029889603,1.9294191293668874,1.9547579818709147,239.0,S000095473,T-REX 2X Long BMNR Daily Target ETF,ETF Opportunities Trust,1771146,daily,4,2025-09-30,2026-06-30,162999130.0,422948099.46,415930000.0,True,2025-09-26,2026-09-21,ok_ticker,BMNR / BitMine Immersion Technologies / BITMINE IMMERSION TECHNOLOGIES SWAP CS || BMNR / BitMine Immersion Technologies / BITMINE IMMERSION TECHNOLOGIES SWAP MAREX || BMNR / BitMine Immersion Technologies / BITMINE IMMERSION TECNOLOGIES SWAP JS,BMNR US EQUITY,2026:T-REX 2X LONG BMNR DAILY TARGET ETF
BMNG,Leverage Shares,BMNR,2.0,2025-10-27,active,,True,,,2026:2.0,1.9872561172946623,1.975558899802409,1.9951260641946453,218.0,S000096186,Leverage Shares 2X Long BMNR Daily ETF,Themes ETF Trust,1976322,daily,3,2025-10-31,2026-04-30,38292363.07,38292363.07,59050000.0,True,2025-10-27,2026-09-21,ok_name,BitMine Immersion Technologies / BitMine Immersion Technologies Inc / BITMINE IMMERSION TECNOLOGIES COM NEW SWAP MAR || BitMine Immersion Technologies / BitMine Immersion Technologies Inc / BITMINE IMMERSION SWAP CS || BitMine Immersion Technologies / BitMine Immersion Technologies Inc / BITMINE IMMERSION SWAP CANTOR,BMNR US Equity,2026:Leverage Shares 2X Long BMNR Daily ETF
,Defiance,BMNR,-2.0,2025-11-01,closed,2026-04-30,True,,,2026:-2.0,,,,,S000096893,Defiance Daily Target 2x Short Bmnr ETF,Tidal Trust II,1924868,daily,2,2026-01-31,2026-04-30,21222972.62,21222972.62,,False,,,ok_name,common stock / BITMINE IMMERSION TECNOLOGIES SWAP MAREX || common stock / BITMINE IMMERSION TECH SWAP JNST-S || common stock / BITMINE IMMERSION TECNOLOGIES SWAP CANTOR-S,Bitmine Immersion Technologies,2026:Defiance Daily Target 2X Short BMNR ETF
BRKU,Direxion,BRK-B,2.0,2024-12-11,active,,True,,,2025:2.0; 2026:2.0,1.946075558857782,1.9052527720464392,1.9816965732075185,356.0,S000088063,Direxion Daily BRKB Bull 2X Shares,Direxion Shares ETF Trust,1424958,daily,6,2025-01-31,2026-04-30,58526386.73,76191875.06,40180000.0,True,2024-12-11,2026-09-21,ok_name,DIREXION DAILY BRK/B BULL / BEAR || Berkshire Hathaway Inc. / Berkshire Hathaway Inc. COM USD0.0033 CLASS'B',Berkshire Hathaway Inc - Class B,2025:Direxion Daily BRKB Bull 2X Shares; 2026:Direxion Daily BRKB Bull 2X ETF
BRKD,Direxion,BRK-B,-1.0,2024-11-01,closed,2026-01-31,True,,,2025:-1.0; 2026:-1.0,,,,,S000088064,Direxion Daily BRKB Bear 1X Shares,Direxion Shares ETF Trust,1424958,daily,5,2025-01-31,2026-01-31,2423850.33,3107250.27,,False,,,ok_ticker,DIREXION DAILY BRK/B BULL / BEAR,Berkshire Hathaway Inc - Class B,2025:Direxion Daily&nbsp;BRKB Bear 1X Shares; 2026:Direxion Daily BRKB Bear 1X ETF
CBRX,Tradr,CBRS,2.0,2026-05-29,active,,True,,,2026:2.0,2.0059134075168332,1.9998071371138901,2.0097611072191497,77.0,S000105239,Tradr 2X Long CBRS Daily ETF,Investment Managers Series Trust II,1587982,daily,0,,,,,11890000.0,True,2026-05-29,2026-09-21,no_ref,,,2026:Tradr 2X Long CBRS Daily ETF
CBRZ,Tradr,CBRS,-2.0,2026-05-29,active,,True,,,2026:-2.0,-1.996218092532916,-2.0198838788564664,-1.9813568157225128,77.0,S000105240,Tradr 2X Short CBRS Daily ETF,Investment Managers Series Trust II,1587982,daily,0,,,,,2450000.0,True,2026-05-29,2026-09-21,no_ref,,,2026:Tradr 2X Short CBRS Daily ETF
CEGX,Tradr,CEG,2.0,2025-07-11,active,,True,,,2025:2.0,1.9898746431928334,1.9418665278012293,2.0210644508912154,281.0,S000093733,Tradr 2X Long CEG Daily ETF,Investment Managers Series Trust II,1587982,daily,4,2025-09-30,2026-06-30,19213279.78,19213279.78,11660000.0,True,2025-07-11,2026-09-21,ok_ticker,CEG / Constellation Energy Corp. / CFD CONSTELLATION ENERGY / CFD CONSTELLATION ENERGY,Constellation Energy Corp.,2025:Tradr 2X Long CEG Daily ETF
CELT,Tradr,CELH,2.0,2025-10-01,closed,2025-12-31,True,,,2026:2.0,,,,,S000095065,Tradr 2X Long CELH Daily ETF,Investment Managers Series Trust II,1587982,daily,1,2025-12-31,2025-12-31,2994118.0,2994118.0,,False,,,ok_ticker,"CELH / Celsius Holdings, Inc. / Celsius Holdings, Inc. / CFD CELSIUS HOLDINGS INC / CFD CELSIUS HOLDINGS INC","Celsius Holdings, Inc.",2026:Tradr 2X Long CELH Daily ETF
CIEX,Tradr,CIEN,2.0,2026-07-01,active,,True,,nport_without_reference_holding,2026:2.0,1.9967439605720032,1.9967439605720032,1.9967439605720032,55.0,S000105751,Tradr 2X Long CIEN Daily ETF,Investment Managers Series Trust II,1587982,daily,1,2026-06-30,2026-06-30,250000.0,250000.0,1020000.0,True,2026-07-01,2026-09-21,no_ref,,,2026:Tradr 2X Long CIEN Daily ETF
CIFU,T-REX,CIFR,2.0,2025-11-21,active,,True,,,2026:2.0,1.9877355126507594,1.9846892290031353,1.9949402407071672,203.0,S000096441,T-REX 2X Long CIFR Daily Target ETF,ETF Opportunities Trust,1771146,daily,2,2026-01-31,2026-04-30,15519441.4,15519441.4,14700000.0,True,2025-11-21,2026-09-21,ok_name,Cipher Digital Inc / Cipher Digital Inc / CIPHER MINING INC SWAP MAREX || Cipher Digital Inc / Cipher Digital Inc / CIPHER MINING INC SWAP CS,CIFR US EQUITY,2026:T-REX 2X Long CIFR Daily Target ETF
,Leverage Shares,CIFR,2.0,2025-11-01,closed,2026-04-30,True,,,2026:2.0,,,,,S000097927,Leverage Shares 2X Long CIFR Daily ETF,Themes ETF Trust,1976322,daily,2,2026-01-31,2026-04-30,2514994.0,2514994.0,,False,,,ok_name,Cipher Digital Inc / Cipher Digital Inc / CIPHER MINING INC SWAP MAR || Cipher Digital Inc / Cipher Digital Inc / CIPHER MINING INC SWAP CS || Cipher Digital Inc / Cipher Digital Inc / CIPHER DIGITAL INC.-SWAP-JNST-L,CIFR US Equity,2026:Leverage Shares 2X Long CIFR Daily ETF
CSEX,Tradr,CLS,2.0,2025-11-13,active,,True,,,2026:2.0,2.000989301904601,1.9869639258755112,2.0126419860027385,205.0,S000096130,Tradr 2X Long CLS Daily ETF,Investment Managers Series Trust II,1587982,daily,3,2025-12-31,2026-06-30,13990675.48,13990675.48,15520000.0,True,2025-11-13,2026-09-21,ok_ticker,"CLS / Celestica, Inc. / CFD CELESTICA INC / CFD CELESTICA INC","Celestica, Inc.",2026:Tradr 2X Long CLS Daily ETF
CLSX,Tradr,CLSK,2.0,2025-09-16,active,,True,,,2026:2.0,1.99650766188653,1.9607697960874855,2.0337661345558944,249.0,S000095066,Tradr 2X Long CLSK Daily ETF,Investment Managers Series Trust II,1587982,daily,4,2025-09-30,2026-06-30,21982384.41,27436800.51,17930000.0,True,2025-09-16,2026-09-21,ok_ticker,"CLSK / CleanSpark, Inc. / CFD CLEANSPARK INC / CFD CLEANSPARK INC","CleanSpark, Inc.",2026:Tradr 2X Long CLSK Daily ETF
CLSZ,Tradr,CLSK,-2.0,2026-01-01,closed,2026-03-31,True,,,2026:-2.0,,,,,S000100810,Tradr 2X Short CLSK Daily ETF,Investment Managers Series Trust II,1587982,daily,1,2026-03-31,2026-03-31,228993.27,228993.27,,False,,,ok_ticker,"CLSK / CleanSpark, Inc. / CleanSpark, Inc. / CFD CLEANSPARK INC / CFD CLEANSPARK INC","CleanSpark, Inc.",2026:Tradr 2X Short CLSK Daily ETF
,Leverage Shares,CMG,2.0,2025-11-01,closed,2026-04-30,True,,,2025:2.0,,,,,S000091237,Leverage Shares 2X Long CMG Daily ETF,Themes ETF Trust,1976322,daily,2,2026-01-31,2026-04-30,548125.48,979575.91,,False,,,ok_name,Chipotle Mexican Grill Inc / Chipotle Mexican Grill Inc / CHIPOTLE MEXICAN GRILL INC COM SWAP CS || Chipotle Mexican Grill Inc / Chipotle Mexican Grill Inc / CHIPOTLE MEXICAN GRILL INC COM SWAP CF || Chipotle Mexican Grill Inc / Chipotle Mexican Grill Inc / CHIPOTLE MEXICAN GRILL INC COM SWAP MAR,CMG US Equity,2025:Leverage Shares 2X Long CMG Daily ETF
,Leverage Shares,CNC,2.0,2025-11-01,closed,2026-04-30,True,,,2026:2.0,,,,,S000097928,Leverage Shares 2X Long CNC Daily ETF,Themes ETF Trust,1976322,daily,2,2026-01-31,2026-04-30,844891.94,844891.94,,False,,,ok_name,Centene Corp / Centene Corp / CENTENE CORP SWAP CS || Centene Corp / Centene Corp / CENTENE CORP SWAP MAR || Centene Corp / Centene Corp / CENTENE CORP SWAP CF,CNC US Equity,2026:Leverage Shares 2X Long CNC Daily ETF
COHX,Tradr,COHR,2.0,2026-02-19,active,,True,,,2026:2.0,2.019460209893426,2.0055533559958154,2.0597792008754423,141.0,S000100933,Tradr 2X Long COHR Daily ETF,Investment Managers Series Trust II,1587982,daily,1,2026-04-30,2026-04-30,74263993.54,74263993.54,133289999.99999999,True,2026-02-19,2026-09-21,ok_ticker,COHR / Coherent Corporation / Coherent Corporation / CFD COHERENT CORP / CFD COHERENT CORP,Coherent Corp.,2026:Tradr 2X Long COHR Daily ETF
COHQ,Tradr,COHR,-2.0,2026-08-18,active,,True,,,2026:-2.0,-1.9894917539024284,-1.9894917539024284,-1.9894917539024284,22.0,S000106998,Tradr 2X Short COHR Daily ETF,Investment Managers Series Trust II,1587982,daily,0,,,,,588050.0,True,2026-08-18,2026-09-21,no_ref,,,2026:Tradr 2X Short COHR Daily ETF
CONL,GraniteShares,COIN,2.0,2022-08-10,active,,True,,leverage_changed_by_name:2022:2.0; 2023:1.5; 2024:2.0,2022:2.0; 2023:1.5; 2024:2.0,1.784333118099499,1.4903822242887785,1.9912207054905402,997.0,S000076356,GraniteShares 2x Long COIN Daily ETF,GraniteShares ETF Trust,1689873,daily,16,2022-09-30,2026-06-30,549416200.67,1056622703.39,614300000.0,True,2022-08-10,2026-09-21,ok_ticker,"Coinbase Global, Inc. / Clear Street / COIN EQUITY SWAP 7 || Coinbase Global, Inc. / TD Cowen / COIN EQUITY SWAP 6 || Coinbase Global, Inc. / Nomura Securities / COIN EQUITY SWAP 4",COIN GROSS CLOSE,2022:GraniteShares 2x Long Coinbase Daily ETF; 2023:GraniteShares 1.5x Long COIN Daily ETF; 2024:GraniteShares 2x Long COIN Daily ETF
COIG,Leverage Shares,COIN,2.0,2025-03-17,active,,True,,,2025:2.0,1.9943962766071124,1.9628952559241495,2.0302815210573932,363.0,S000086643,Leverage Shares 2X Long COIN Daily ETF,Themes ETF Trust,1976322,daily,5,2025-04-30,2026-04-30,7640127.77,8431695.99,11730000.0,True,2025-03-17,2026-09-21,ok_name,Coinbase Global Inc / Coinbase Global Inc / COINBASE SWAP - L - CF || Coinbase Global Inc / Coinbase Global Inc / COINBASE SWAP - L - MAR || Coinbase Global Inc / Coinbase Global Inc / COINBASE SWAP - L - CS,COIN US Equity,2025:Leverage Shares 2X Long COIN Daily ETF
COIA,ProShares,COIN,2.0,2025-09-10,active,,True,,,2025:2.0; 2026:2.0,1.999372616049705,1.9951376458099501,2.007888029059734,248.0,S000087811,ProShares Ultra COIN,PROSHARES TRUST,1174610,daily,3,2025-11-30,2026-05-31,1906931.77,5826281.77,811490.0,True,2025-09-10,2026-09-21,ok_ticker,"COIN / Coinbase Global, Inc. / Total Return Swap",Coinbase Global Inc.,2025:ProShares Ultra COIN ETF; 2026:ProShares Ultra COIN
CONX,Direxion,COIN,2.0,2025-11-19,active,,True,,,2025:2.0; 2026:2.0,1.9962465326831407,1.9830419309000986,2.0041713011056514,202.0,S000092873,Direxion Daily COIN Bull 2X ETF,Direxion Shares ETF Trust,1424958,daily,2,2026-01-31,2026-04-30,3052928.21,3052928.21,6880000.0,True,2025-11-19,2026-09-21,ok_name,COINBASE GLOBAL INC SWAP,"Coinbase Global, Inc.",2025:Direxion Daily COIN Bull 2X Shares; 2026:Direxion Daily COIN Bull 2X ETF
CONI,GraniteShares,COIN,-2.0,2024-09-04,active,,True,,leverage_changed_by_name:2023:-1.5; 2024:-2.0,2023:-1.5; 2024:-2.0,-1.5896254045971192,-2.0120364192908937,-0.9944945729772253,489.0,S000081138,GraniteShares 2x Short COIN Daily ETF,GraniteShares ETF Trust,1689873,daily,0,,,,,13520000.0,True,2024-09-04,2026-09-21,no_ref,,,2023:GraniteShares 1.5x Short COIN Daily ETF; 2024:GraniteShares 2x Short COIN Daily ETF
,GraniteShares,COIN,-2.0,2024-07-01,closed,2026-06-30,True,,,2023:-1.0,,,,,S000081153,GraniteShares 2x Short COIN Daily ETF,GraniteShares ETF Trust,1689873,daily,8,2024-09-30,2026-06-30,15960232.0,36675932.55,,False,,,ok_ticker,"Coinbase Global, Inc. / Marex / GRANITESHARES SHORT COIN SWAP MAREX || Coinbase Global, Inc. / Nomura Securities / Recv Short 2x Coin Nm1",COIN GROSS CLOSE,2023:GraniteShares 1x Short COIN Daily ETF
COZX,Tradr,CORZ,2.0,2025-11-05,active,,True,,,2026:2.0,2.007605239270331,1.9802914927755197,2.0747154164120127,210.0,S000095067,Tradr 2X Long CORZ Daily ETF,Investment Managers Series Trust II,1587982,daily,3,2025-12-31,2026-06-30,14000579.1,14000579.1,2870000.0,True,2025-11-05,2026-09-21,ok_ticker,"CORZ / Core Scientific, Inc. / CFD CORE SCIENTIFIC INC / CFD CORE SCIENTIFIC INC","Core Scientific, Inc.",2026:Tradr 2X Long CORZ Daily ETF
COTG,Leverage Shares,COST,2.0,2025-09-18,active,,True,,,2025:2.0,1.9936898857016432,1.8533479970415088,2.0605537253271935,211.0,S000093824,Leverage Shares 2x Long COST Daily ETF,Themes ETF Trust,1976322,daily,3,2025-10-31,2026-04-30,4894417.64,8424364.27,9640000.0,True,2025-09-18,2026-09-21,ok_name,Costco Wholesale Corp / Costco Wholesale Corp / COSTCO WHSL CORP SWAP CLEARSTREET || Costco Wholesale Corp / Costco Wholesale Corp / COSTCO WHSL CORP SWAP CANTOR || Costco Wholesale Corp / Costco Wholesale Corp / COSTCO WHSL CORP SWAP MAREX,COST US Equity,2025:Leverage Shares 2X Long COST Daily ETF
,Tradr,CPNG,2.0,2026-04-01,closed,2026-06-30,True,,,2026:2.0,,,,,S000103183,Tradr 2X Long CPNG Daily ETF,Investment Managers Series Trust II,1587982,daily,1,2026-06-30,2026-06-30,1836607.81,1836607.81,,False,,,ok_ticker,"CPNG / Coupang, Inc. / CFD COUPANG INC / CFD COUPANG INC","Coupang, Inc.",2026:Tradr 2X Long CPNG Daily ETF
CRCG,Leverage Shares,CRCL,2.0,2025-08-11,active,,True,,,2026:2.0,1.9924601626636083,1.966402788157415,2.0040605861194725,265.0,S000081035,Leverage Shares 2x Long CRCL Daily ETF,Themes ETF Trust,1976322,daily,3,2025-10-31,2026-04-30,132767477.83,132767477.83,152280000.0,True,2025-08-11,2026-09-21,ok_name,Circle Internet Group Inc / Circle Internet Group Inc / CIRCLE INTERNET GROUP SWAP - L  - CLEARSTREET || Circle Internet Group Inc / Circle Internet Group Inc / CIRCLE INTERNET GROUP SWAP - L  - MAREX || Circle Internet Group Inc / Circle Internet Group Inc / CIRCLE INTERNET GROUP SWAP - L  - CANTOR,CRCL US Equity,2026:Leverage Shares 2X Long CRCL Daily ETF
CCUP,T-REX,CRCL,2.0,2025-08-11,active,,True,,,2025:2.0; 2026:2.0,1.9833078986168324,1.9527256548535692,1.9896323009666224,265.0,S000087460,T-Rex 2X Long CRCL Daily Target ETF,ETF Opportunities Trust,1771146,daily,4,2025-09-30,2026-06-30,25407665.28,25407665.28,41300000.0,True,2025-08-11,2026-09-21,ok_ticker,CRCL / Circle Internet Group Inc / CIRCLE INTERNET GROUP SWAP CLEARSTREET,CRCL US EQUITY,2025:T-REX 2X LONG AI DAILY TARGET ETF; 2026:T-REX 2X LONG CRCL DAILY TARGET ETF
CRCA,ProShares,CRCL,2.0,2025-08-07,active,,True,,,2026:2.0,1.9892445042389812,1.9684457630824208,2.006836821899703,266.0,S000094784,ProShares Ultra CRCL,PROSHARES TRUST,1174610,daily,4,2025-08-31,2026-05-31,227543617.71,227543617.71,126410000.0,True,2025-08-07,2026-09-21,ok_ticker,"CRCL / Circle Internet Group, Inc. / Total Return Swap",Circle Internet Group Inc.,2026:ProShares Ultra CRCL
CRCD,T-REX,CRCL,-2.0,2025-09-26,active,,True,,,2026:-2.0,-2.0023653882911545,-2.0228011424418435,-1.9721980267875985,232.0,S000095464,T-REX 2X Inverse CRCL Daily Target ETF,ETF Opportunities Trust,1771146,daily,4,2025-09-30,2026-06-30,8550596.73,13723926.76,8760000.0,True,2025-09-26,2026-09-21,ok_ticker,CRCL / Circle Internet Group Inc / CIRCLE INTERNET GROUP SWAP CLEAR STREET || CRCL / Circle Internet Group Inc / CIRCLE INTERNET GROUP SWAP CANTOR,CRCL US EQUITY,2026:T-REX 2X INVERSE CRCL DAILY TARGET ETF
CRDU,Tradr,CRDO,2.0,2025-09-16,active,,True,,,2026:2.0,1.9952532290018365,1.977049053909442,2.0108172464677314,241.0,S000095068,Tradr 2X Long CRDO Daily ETF,Investment Managers Series Trust II,1587982,daily,4,2025-09-30,2026-06-30,158126332.16,158126332.16,144900000.0,True,2025-09-16,2026-09-21,ok_ticker,CRDO / Credo Technology Group Holding Ltd. / CFD CREDO TECHNOLOGY GROUP HOLDI / CFD CREDO TECHNOLOGY GROUP HOLDI,Credo Technology Group Holding Ltd.,2026:Tradr 2X Long CRDO Daily ETF
CRMG,Leverage Shares,CRM,2.0,2025-04-04,active,,True,,,2025:2.0,1.9805574104790324,1.97216842563096,1.9973140322431497,335.0,S000091238,Leverage Shares 2X Long CRM Daily ETF,Themes ETF Trust,1976322,daily,5,2025-04-30,2026-04-30,30638412.24,30638412.24,51990000.0,True,2025-04-04,2026-09-21,ok_name,Salesforce Inc / Salesforce Inc / SALESFORCE INC  SWAP - L  - CLEARSTREET || Salesforce Inc / Salesforce Inc / SALESFORCE INC  SWAP - L  - CANTOR || Salesforce Inc / Salesforce Inc / SALESFORCE INC INC  SWAP - L  - MAREX,CRM US Equity,2025:Leverage Shares 2X Long CRM Daily ETF
,Leverage Shares,CRML,2.0,2026-02-01,closed,2026-04-30,True,,,2026:2.0,,,,,S000100534,Leverage Shares 2X Long CRML Daily ETF,Themes ETF Trust,1976322,daily,1,2026-04-30,2026-04-30,3320421.49,3320421.49,,False,,,ok_name,Critical Metals Corp / Critical Metals Corp / CRITICAL METALS CORP SWAP - L  - MAREX || Critical Metals Corp / Critical Metals Corp / CRITICAL METALS CORP SWAP - L  - CLEARSTREET || Critical Metals Corp / Critical Metals Corp / CRITICAL METALS CORP.-SWAP-JNST-L,CRML US Equity,2026:Leverage Shares 2X Long CRML Daily ETF
CRMX,Tradr,CRML,2.0,2026-01-13,active,,True,,,2026:2.0,1.960337297758335,1.9376050351214882,1.9772160999701887,170.0,S000100590,Tradr 2x Long CRML Daily ETF,Investment Managers Series Trust II,1587982,daily,2,2026-03-31,2026-06-30,17421605.16,17421605.16,9560000.0,True,2026-01-13,2026-09-21,ok_ticker,CRML / Critical Metals Corporation / CFD CRITICAL METALS CORP / CFD CRITICAL METALS CORP,Critical Metals Corp.,2026:Tradr 2X Long CRML Daily ETF
CRWL,GraniteShares,CRWD,2.0,2024-11-12,active,,True,,,2025:2.0,1.9933389542797908,1.9737890988683868,2.0181636737916033,434.0,S000088316,GraniteShares 2x Long CRWD Daily ETF,GraniteShares ETF Trust,1689873,daily,7,2024-12-31,2026-06-30,53004702.62,53004702.62,70010000.0,True,2024-11-12,2026-09-21,ok_ticker,"Crowdstrike Holdings, Inc. / Nomura Securities / Recv Long 2x Crwd Trs Nm1",CROWDSTRIKE GROSS CLOSE,2025:GraniteShares 2x Long CRWD Daily ETF
CRWG,Leverage Shares,CRWV,2.0,2025-08-11,active,,True,,,2026:2.0,1.9934348756133589,1.982409216745363,2.001861378510824,272.0,S000081029,Leverage Shares 2x Long CRWV Daily ETF,Themes ETF Trust,1976322,daily,3,2025-10-31,2026-04-30,151630074.25,151630074.25,129500000.0,True,2025-08-11,2026-09-21,ok_name,CoreWeave Inc / CoreWeave Inc / COREWEAVE INC SWAP - L  - CLEARSTREET || CoreWeave Inc / CoreWeave Inc / COREWEAVE INC SWAP - L  - MAREX || CoreWeave Inc / CoreWeave Inc / COREWEAVE INC SWAP - L  - CANTOR,CRWV US Equity,2026:Leverage Shares 2X Long CRWV Daily ETF
CRWU,T-REX,CRWV,2.0,2025-07-28,active,,True,,,2025:2.0; 2026:2.0,1.9916129298542442,1.9856985594339756,2.005674564120888,282.0,S000087465,T-REX 2X Long CRWV Daily Target ETF,ETF Opportunities Trust,1771146,daily,4,2025-09-30,2026-06-30,36667999.19,36667999.19,26820000.0,True,2025-07-28,2026-09-21,ok_ticker,CRWV / CoreWeave Inc / COREWEAVE INC SWAP CLEARSTREET,CRWV US EQUITY,2025:T-REX 2X LONG BA DAILY TARGET ETF; 2026:T-REX 2X Long CRWV Daily Target ETF
CWVX,Tradr,CRWV,2.0,2025-07-11,active,,True,,,2025:2.0,1.990415285376119,1.972406454616383,1.9980294167920678,293.0,S000093735,Tradr 2X Long CRWV Daily ETF,Investment Managers Series Trust II,1587982,daily,4,2025-09-30,2026-06-30,103737564.12,291499738.15,88130000.0,True,2025-07-11,2026-09-21,ok_ticker,"CRWV / CoreWeave, Inc. / CFD COREWEAVE INC-CL A / CFD COREWEAVE INC-CL A","CoreWeave, Inc.",2025:Tradr 2X Long CRWV Daily ETF
CORD,T-REX,CRWV,-2.0,2025-09-26,active,,True,,,2026:-2.0,-2.003224447284898,-2.0086173043802824,-1.9995393065014366,239.0,S000095471,T-REX 2X Inverse CRWV Daily Target ETF,ETF Opportunities Trust,1771146,daily,4,2025-09-30,2026-06-30,16876247.15,16876247.15,23440000.0,True,2025-09-26,2026-09-21,ok_ticker,CRWV / CoreWeave Inc / COREWEAVE SWAP CLEAR STREET || CRWV / CoreWeave Inc / COREWEAVE SWAP JANE STREET || CRWV / CoreWeave Inc / COREWEAVE SWAP CANTOR,CRWV US EQUITY,2026:T-REX 2X INVERSE CRWV DAILY TARGET ETF
CSCL,Direxion,CSCO,2.0,2025-06-25,active,,True,,,2025:2.0,2.0026026670825803,1.9688209068006055,2.03067436181346,279.0,S000090378,Direxion Daily CSCO Bull 2X ETF,Direxion Shares ETF Trust,1424958,daily,4,2025-07-31,2026-04-30,4969911.53,4969911.53,16770000.0,True,2025-06-25,2026-09-21,ok_name,CISCO SYSTEMS INC SWAP,Cisco Systems Inc,2025:Direxion Daily CSCO Bull 2X ETF
CSCS,Direxion,CSCO,-1.0,2025-06-25,active,,True,,,2025:-1.0,-1.0009170496248792,-1.0159953649137166,-0.9804829335628333,271.0,S000090379,Direxion Daily CSCO Bear 1X ETF,Direxion Shares ETF Trust,1424958,daily,4,2025-07-31,2026-04-30,1767540.28,2492777.8,2089999.9999999998,True,2025-06-25,2026-09-21,ok_name,CISCO SYSTEMS INC SWAP,Cisco Systems Inc,2025:Direxion Daily CSCO Bear 1X ETF
CVNX,Defiance,CVNA,2.0,2025-05-01,closed,2026-04-30,True,,,2025:2.0,,,,,S000091049,Defiance Daily Target 2x Long Cvna ETF,Tidal Trust II,1924868,daily,4,2025-07-31,2026-04-30,4066162.66,4274054.14,,False,,,ok_name,common stock / CARVANA CO SWAP JNST-L || common stock / CARVANA CO SWAP CS || common stock / CARVANA CO SWAP CANTOR,Carvana,2025:Defiance Daily Target 2X Long CVNA ETF
DASX,Tradr,DASH,2.0,2025-10-01,closed,2025-12-31,True,,,2026:2.0,,,,,S000096131,Tradr 2X Long DASH Daily ETF,Investment Managers Series Trust II,1587982,daily,1,2025-12-31,2025-12-31,1645981.72,1645981.72,,False,,,ok_ticker,"DASH / DoorDash, Inc. / DoorDash, Inc. / CFD DOORDASH INC - A / CFD DOORDASH INC - A","DoorDash, Inc.",2026:Tradr 2X Long DASH Daily ETF
DOGD,Tradr,DDOG,2.0,2025-07-01,closed,2026-03-31,True,,,2025:2.0,,,,,S000093736,Tradr 2X Long DDOG Daily ETF,Investment Managers Series Trust II,1587982,daily,3,2025-09-30,2026-03-31,2410521.28,2410521.28,,False,,,ok_ticker,"DDOG / Datadog, Inc. / Datadog, Inc. / CFD DATADOG INC - CLASS A / CFD DATADOG INC - CLASS A","Datadog, Inc.",2025:Tradr 2X Long DDOG Daily ETF
DLLL,GraniteShares,DELL,2.0,2025-02-14,active,,True,,,2025:2.0,1.992122391092744,1.9738807078499774,2.007323664597251,369.0,S000088317,GraniteShares 2x Long DELL Daily ETF,GraniteShares ETF Trust,1689873,daily,6,2025-03-31,2026-06-30,160581965.29,160581965.29,215830000.0,True,2025-02-14,2026-09-21,ok_ticker,"Dell Technologies, Inc. / TD Cowen / Recv Long 2x Dell Cowen || Dell Technologies, Inc. / BofA Securities, Inc / GRANITESHARES 2X LONG DELL SWAP BAML",DELL GROSS CLOSE,2025:GraniteShares 2x Long DELL Daily ETF
DJTU,T-REX,DJT,2.0,2025-03-04,active,,True,,,2025:2.0,2.0061822477736246,1.9807742366416654,2.0240131896157,367.0,S000087468,T-Rex 2X Long DJT Daily Target ETF,ETF Opportunities Trust,1771146,daily,6,2025-03-31,2026-06-30,9396982.06,16696036.29,9870000.0,True,2025-03-04,2026-09-21,ok_ticker,DJT / Trump Media & Technology Group / TRUMP MEDIA & TECHNOLOGY GROUP COM SWAP CS || DJT / Trump Media & Technology Group / TRUMP MEDIA & TECH GROUP SWAP CANTOR,DJT US EQUITY,2025:T-REX 2X LONG DJT DAILY TARGET ETF
DKUP,T-REX,DKNG,2.0,2025-07-01,closed,2025-12-31,True,,,2025:2.0; 2026:2.0,,,,,S000087477,T-REX 2X Long DKNG Daily Target ETF,ETF Opportunities Trust,1771146,daily,2,2025-09-30,2025-12-31,1347211.2,1347211.2,,False,,,ok_name,DraftKings Inc / DraftKings Inc / DRAFTKINGS INC SWAP CLEARSTREET,DKNG US EQUITY,2025:T-REX 2X LONG SMCI DAILY TARGET ETF; 2026:T-REX 2X Long DKNG Daily Target ETF
DKNX,Defiance,DKNG,2.0,2026-07-17,closed,2026-08-27,True,,,2025:2.0,1.9560312072816062,1.9560312072816062,1.9560312072816062,27.0,S000089800,Defiance Daily Target 2x Long Dkng ETF,Tidal Trust II,1924868,daily,4,2025-07-31,2026-04-30,5087680.69,7241156.58,,True,2026-07-17,2026-08-27,ok_name,common stock / DRAFTKINGS INC SWAP MS-L || common stock / DRAFTKINGS INC SWAP JNST-L || common stock / DRAFTKINGS INC SWAP MAREX,Draftkings,2025:Defiance Daily Target 2X Long DKNG ETF
,Leverage Shares,DNN,2.0,2026-02-01,closed,2026-04-30,True,,,2026:2.0,,,,,S000100536,Leverage Shares 2X Long DNN Daily ETF,Themes ETF Trust,1976322,daily,1,2026-04-30,2026-04-30,307596.74,307596.74,,False,,,ok_name,Denison Mines Corp / Denison Mines Corp / DENISON MINES CORP SWAP - L - MAREX || Denison Mines Corp / Denison Mines Corp / DENISON MINES CORP SWAP - L  - CANTOR || Denison Mines Corp / Denison Mines Corp / DENISON MINES CORP SWAP - L   - CLEARSTREET,DNN US Equity,2026:Leverage Shares 2X Long DNN Daily ETF
,Leverage Shares,DUOL,2.0,2025-11-01,closed,2026-04-30,True,,,2026:2.0,,,,,S000097931,Leverage Shares 2X Long DUOL Daily ETF,Themes ETF Trust,1976322,daily,2,2026-01-31,2026-04-30,5607575.01,5607575.01,,False,,,ok_name,"Duolingo Inc / Duolingo Inc / DUOLINGO INC SWAP CS || Duolingo Inc / Duolingo Inc / DUOLINGO INC SWAP MAR || Duolingo Inc / Duolingo Inc / DUOLINGO, INC.-SWAP-JNST-L",DUOL US Equity,2026:Leverage Shares 2X Long DUOL Daily ETF
ENPX,Tradr,ENPH,2.0,2025-07-01,closed,2026-03-31,True,,,2026:2.0,,,,,S000095070,Tradr 2X Long ENPH Daily ETF,Investment Managers Series Trust II,1587982,daily,3,2025-09-30,2026-03-31,2577237.36,4283351.55,,False,,,ok_ticker,"ENPH / Enphase Energy, Inc. / Enphase Energy, Inc. / CFD ENPHASE ENERGY INC / CFD ENPHASE ENERGY INC","Enphase Energy, Inc.",2026:Tradr 2X Long ENPH Daily ETF
EOSU,T-REX,EOSE,2.0,2026-01-14,active,,True,,,2026:2.0,1.9805561384776267,1.9648518245046183,1.9875408525224687,168.0,S000097418,T-REX 2X Long EOSE Daily Target ETF,ETF Opportunities Trust,1771146,daily,2,2026-03-31,2026-06-30,9174064.31,9174064.31,9080000.0,True,2026-01-14,2026-09-21,ok_ticker,EOSE / Eos Energy Enterprises Inc / EOS ENERGY ENTERPRISES INC SWAP MAREX || EOSE / Eos Energy Enterprises Inc / EOS ENERGY ENTERPRISES INC SWAP CS,EOSE US EQUITY,2026:T-REX 2X LONG EOSE DAILY TARGET ETF
,GraniteShares,ETOR,2.0,2025-07-01,closed,2026-03-31,True,,,2025:2.0,,,,,S000094388,GraniteShares 2x Long ETOR Daily ETF,GraniteShares ETF Trust,1689873,daily,3,2025-09-30,2026-03-31,1116930.8,1849642.63,,False,,,ok_ticker,"Etoro Group, Ltd. / Etoro Group, Ltd. / Marex / GRANITESHARES LONG 2X ETOR TRS MAREX",ETOR GROSS CLOSE,2025:GraniteShares 2x Long ETOR Daily ETF
FRDU,Direxion,F,2.0,2025-05-01,closed,2026-01-31,True,,,2025:2.0; 2026:2.0,,,,,S000092882,Direxion Daily F Bull 2X ETF,Direxion Shares ETF Trust,1424958,daily,3,2025-07-31,2026-01-31,3585309.05,4119375.46,,False,,,ok_name,FORD MOTOR CO SWAP,Ford Motor Company,2025:Direxion Daily F Bull 2X Shares; 2026:Direxion Daily F Bull 2X ETF
FRDD,Direxion,F,-1.0,2025-05-01,closed,2026-01-31,True,,,2025:-1.0; 2026:-1.0,,,,,S000092883,Direxion Daily F Bear 1X ETF,Direxion Shares ETF Trust,1424958,daily,3,2025-07-31,2026-01-31,1902845.51,2526552.62,,False,,,ok_name,FORD MOTOR CO SWAP,Ford Motor Company,2025:Direxion Daily F Bear 1X Shares; 2026:Direxion Daily F Bear 1X ETF
,Leverage Shares,FCX,2.0,2026-02-01,closed,2026-04-30,True,,,2026:2.0,,,,,S000100537,Leverage Shares 2X Long FCX Daily ETF,Themes ETF Trust,1976322,daily,1,2026-04-30,2026-04-30,1405525.9,1405525.9,,False,,,ok_name,Freeport-McMoRan Inc / Freeport-McMoRan Inc / FREEPORT MCMORAN INC SWAP - L  - MAREX || Freeport-McMoRan Inc / Freeport-McMoRan Inc / FREEPORT MCMORAN INC SWAP - L  - CS || Freeport-McMoRan Inc / Freeport-McMoRan Inc / FREEPORT MCMORAN INC SWAP - L  - CF,FCX US Equity,2026:Leverage Shares 2X Long FCX Daily ETF
FIGG,Leverage Shares,FIG,2.0,2025-10-14,active,,True,,,2026:2.0,1.9958703879761974,1.9903722472228995,2.001376136035747,224.0,S000084597,Leverage Shares 2x Long FIG Daily ETF,Themes ETF Trust,1976322,daily,3,2025-10-31,2026-04-30,9885777.16,9885777.16,9920000.0,True,2025-10-14,2026-09-21,ok_name,Figma Inc / Figma Inc / FIGMA INC SWAP - L ? CS || Figma Inc / Figma Inc / FIGMA INC SWAP CANTOR || Figma Inc / Figma Inc / FIGMA INC SWAP MAREX,FIG US Equity,2026:Leverage Shares 2X Long FIG Daily ETF
FGRU,T-REX,FIGR,2.0,2026-02-18,active,,True,,,2026:2.0,1.9897410310232446,1.9610223764921417,2.026938487767571,141.0,S000097514,T-REX 2X Long FIGR Daily Target ETF,ETF Opportunities Trust,1771146,daily,2,2026-03-31,2026-06-30,6631563.17,6631563.17,2450000.0,True,2026-02-18,2026-09-21,ok_ticker,FIGR / Figure Technology Solutions In / FIGURE TECHNOLOGY SOLUTIONS SWAP CLEAR STREET,FIGR US EQUITY,2026:T-REX 2X LONG FIGR DAILY TARGET ETF
FLYT,Tradr,FLY,2.0,2025-10-23,active,,True,,,2026:2.0,1.9916072915040994,1.9748379040775375,2.007501239160536,220.0,S000096133,Tradr 2X Long FLY Daily ETF,Investment Managers Series Trust II,1587982,daily,3,2025-12-31,2026-06-30,13986467.76,13986467.76,9800000.0,True,2025-10-23,2026-09-21,ok_ticker,"FLY / Firefly Aerospace, Inc. / CFD FIREFLY AEROSPACE INC / CFD FIREFLY AEROSPACE INC","Firefly Aerospace, Inc.",2026:Tradr 2X Long FLY Daily ETF
FNG,Leverage Shares,FN,2.0,2026-06-16,active,,True,,,2026:2.0,2.011306939437043,2.0145988289414714,2.0145988289414714,64.0,S000105569,Leverage Shares 2X Long FN Daily ETF,Themes ETF Trust,1976322,daily,0,,,,,10110000.0,True,2026-06-16,2026-09-21,no_ref,,,2026:Leverage Shares 2X Long FN Daily ETF
FUTG,Leverage Shares,FUTU,2.0,2025-10-14,active,,True,,,2025:2.0,2.0334619281686077,1.9872422979722726,2.060478683038527,219.0,S000093825,Leverage Shares 2x Long FUTU Daily ETF,Themes ETF Trust,1976322,daily,3,2025-10-31,2026-04-30,7564000.01,7564000.01,19430000.0,True,2025-10-14,2026-09-21,ok_ticker,Futu Holdings Ltd / Futu Holdings Ltd / FUTU HLDGS LTD SWAP CLEARSTREET || Futu Holdings Ltd / Futu Holdings Ltd / FUTU HLDGS LTD SWAP CANTOR || Futu Holdings Ltd / Futu Holdings Ltd / FUTU HLDGS LTD SWAP MAREX,FUTU US Equity,2025:Leverage Shares 2X Long FUTU Daily ETF
,Leverage Shares,GEMI,2.0,2025-11-01,closed,2026-04-30,True,,,2026:2.0,,,,,S000096597,Leverage Shares 2X Long GEMI Daily ETF,Themes ETF Trust,1976322,daily,2,2026-01-31,2026-04-30,637499.57,791401.33,,False,,,ok_name,"Gemini Space Station Inc / Gemini Space Station Inc / GEMINI SPACE SWAP MAREX || Gemini Space Station Inc / Gemini Space Station Inc / GEMINI SPACE SWAP CS || Gemini Space Station Inc / Gemini Space Station Inc / GEMINI SPACE STATION, INC.-SWAP-JNST-L",GEMI US Equity,2026:Leverage Shares 2X Long GEMI Daily ETF
GEVX,Tradr,GEV,2.0,2025-07-11,active,,True,,,2025:2.0,1.9983633250731163,1.984497974994611,2.013330959873366,274.0,S000093737,Tradr 2X Long GEV Daily ETF,Investment Managers Series Trust II,1587982,daily,4,2025-09-30,2026-06-30,52200479.76,52200479.76,36360000.0,True,2025-07-11,2026-09-21,ok_ticker,"GEV / GE Vernova, inc. / CFD GE VERNOVA INC / CFD GE VERNOVA INC","GE Vernova, Inc.",2025:Tradr 2X Long GEV Daily ETF
,Leverage Shares,GEV,2.0,2025-11-01,closed,2026-04-30,True,,,2026:2.0,,,,,S000098109,Leverage Shares 2X Long GEV Daily ETF,Themes ETF Trust,1976322,daily,2,2026-01-31,2026-04-30,10332582.17,10332582.17,,False,,,ok_name,GE Vernova Inc / GE Vernova Inc / GE VERNOVA SWAP CS || GE Vernova Inc / GE Vernova Inc / GE VERNOVA SWAP CF || GE Vernova Inc / GE Vernova Inc / GE VERNOVA SWAP MAR,GEV US Equity,2026:Leverage Shares 2X Long GEV Daily ETF
GFSG,Leverage Shares,GFS,2.0,2026-06-23,active,,True,,,2026:2.0,1.9760767442870892,1.982167776822258,1.982167776822258,57.0,S000105570,Leverage Shares 2X Long GFS Daily ETF,Themes ETF Trust,1976322,daily,0,,,,,1620000.0,True,2026-06-23,2026-09-21,no_ref,,,2026:Leverage Shares 2X Long GFS Daily ETF
,Leverage Shares,GLW,2.0,2026-02-01,closed,2026-04-30,True,,,2026:2.0,,,,,S000100541,Leverage Shares 2X Long GLW Daily ETF,Themes ETF Trust,1976322,daily,1,2026-04-30,2026-04-30,25784058.26,25784058.26,,False,,,ok_name,Corning Inc / Corning Inc / CORNING INC COM SWAP CLEAR STREET || Corning Inc / Corning Inc / CORNING INC COM SWAP MAREX || Corning Inc / Corning Inc / CORNING INC COM SWAP CANTOR,GLW US Equity,2026:Leverage Shares 2X Long GLW Daily ETF
GLGG,Leverage Shares,GLXY,2.0,2025-08-21,active,,True,,,2026:2.0,1.9949561224516121,1.9827676281086466,2.011908587400388,264.0,S000081031,Leverage Shares 2x Long GLXY Daily ETF,Themes ETF Trust,1976322,daily,3,2025-10-31,2026-04-30,3848455.27,4160459.63,2560000.0,True,2025-08-21,2026-09-21,ok_name,Galaxy Digital Inc / Galaxy Digital Inc / GALAXY DIGITAL INC  SWAP - L  - CLEARSTREET || Galaxy Digital Inc / Galaxy Digital Inc / GALAXY DIGITAL INC SWAP - L  - MAREX || Galaxy Digital Inc / Galaxy Digital Inc / GALAXY DIGITAL INC  SWAP - L  - CANTOR,GLXY US Equity,2026:Leverage Shares 2X Long GLXY Daily ETF
GLXU,T-REX,GLXY,2.0,2025-08-08,active,,True,,,2025:2.0,1.9998367552139849,1.9711628757812332,2.0243806054862596,273.0,S000093876,T-REX 2X Long GLXY Daily Target ETF,ETF Opportunities Trust,1771146,daily,4,2025-09-30,2026-06-30,18249990.96,18249990.96,15780000.0,True,2025-08-08,2026-09-21,ok_ticker,GLXY / Galaxy Digital Inc / GALAXY DIGITAL INC SWAP CLEARSTREET,GLXY US EQUITY,2025:T-REX 2X LONG GLXY DAILY TARGET ETF
GMEU,T-REX,GME,2.0,2025-04-24,active,,True,,,2025:2.0,1.974118128617743,1.934892866853891,2.0136672790502015,322.0,S000087469,T-Rex 2X Long GME Daily Target ETF,ETF Opportunities Trust,1771146,daily,5,2025-06-30,2026-06-30,24525452.24,40397599.31,22960000.0,True,2025-04-24,2026-09-21,ok_ticker,GME / GameStop Corp / GAMESTOP SWAP CLEARSTREET || GME / GameStop Corp / GAMESTOP SWAP MAREX,GME US EQUITY,2025:T-REX 2X LONG GME DAILY TARGET ETF
GGLL,Direxion,GOOGL,2.0,2022-09-07,active,,True,,leverage_changed_by_name:2022:2.0; 2023:1.5; 2026:2.0,2022:2.0; 2023:1.5; 2026:2.0,1.794121584681794,1.476416470152006,2.0087560330840377,914.0,S000076239,Direxion Daily GOOGL Bull 2X Shares,Direxion Shares ETF Trust,1424958,daily,15,2022-10-31,2026-04-30,1136095171.39,1166102411.65,1030000000.0,True,2022-09-07,2026-09-21,ok_name,Google Class A SWAP || GOOGLE CLASS A SWAP || Google Class A Swap,Alphabet Inc - Class A,2022:Direxion Daily GOOGL Bull 2X Shares; 2023:Direxion Daily GOOGL Bull 1.5X Shares; 2026:Direxion Daily GOOGL Bull 2X ETF
GOU,GraniteShares,GOOGL,2.0,2025-12-02,active,,True,,leverage_changed_by_name:2022:2.0; 2023:1.75; 2024:2.0,2022:2.0; 2023:1.75; 2024:2.0,1.9949632222478095,1.9743933410010923,2.0786787692683073,177.0,S000076353,GraniteShares 2x Long GOOGL Daily ETF,GraniteShares ETF Trust,1689873,daily,3,2025-12-31,2026-06-30,12062848.69,12062848.69,14090000.0,True,2025-12-02,2026-09-21,ok_name,"Alphabet, Inc. / Marex / Recv Long 2x Googl Trs",GOOGL GROSS CLOSE,2022:GraniteShares 2x Long Alphabet Daily ETF; 2023:GraniteShares 1.75x Long GOOGL Daily ETF; 2024:GraniteShares 2x Long GOOGL Daily ETF
GOOX,T-REX,GOOGL,2.0,2024-01-11,active,,True,,,2024:2.0,1.973015749722869,1.945291803516478,2.009082907010972,612.0,S000083675,T-REX 2X Long Alphabet Daily Target ETF,ETF Opportunities Trust,1771146,daily,10,2024-03-31,2026-06-30,52952711.22,52952711.22,66640000.0,True,2024-01-11,2026-09-21,ok_name,RECV GOOX TRS GOOG EQ / ALPHABET INC. / GOOX TRS GOOG EQ || GOOX TRS GOOG EQ / ALPHABET INC. / GOOX TRS GOOG EQ,GOOG US EQUITY,2024:T-REX 2X LONG ALPHABET DAILY TARGET ETF
GOOL,Leverage Shares,GOOGL,2.0,2026-07-07,active,,True,,,2026:2.0,1.9206637159770519,1.9206637159770519,1.9206637159770519,48.0,S000105571,Leverage Shares 2X Long GOOGL Daily ETF,Themes ETF Trust,1976322,daily,0,,,,,4080000.0,True,2026-07-07,2026-09-21,no_ref,,,2026:Leverage Shares 2X Long GOOGL Daily ETF
GGLS,Direxion,GOOGL,-1.0,2022-09-16,active,,True,,,2022:-1.0; 2026:-1.0,-0.9994745591081851,-1.019649036165548,-0.9781832523099098,909.0,S000076247,Direxion Daily GOOGL Bear 1X Shares,Direxion Shares ETF Trust,1424958,daily,15,2022-10-31,2026-04-30,18439386.73,18439386.73,13110000.0,True,2022-09-16,2026-09-21,ok_name,Google Class A Swap || ALPHABET INC-CL A SWAP,Alphabet Inc - Class A,2022:Direxion Daily GOOGL Bear 1X Shares; 2026:Direxion Daily GOOGL Bear 1X ETF
,Leverage Shares,GRAB,2.0,2025-11-01,closed,2026-04-30,True,,,2026:2.0,,,,,S000097933,Leverage Shares 2X Long GRAB Daily ETF,Themes ETF Trust,1976322,daily,2,2026-01-31,2026-04-30,1252813.65,1252813.65,,False,,,ok_ticker,Grab Holdings Ltd / Grab Holdings Ltd / GRAB HOLDINGS SWAP CS || Grab Holdings Ltd / Grab Holdings Ltd / GRAB HOLDINGS SWAP MAR || Grab Holdings Ltd / Grab Holdings Ltd / GRAB HOLDINGS SWAP CF,GRAB US Equity,2026:Leverage Shares 2X Long GRAB Daily ETF
,Tradr,GS,2.0,2025-07-01,closed,2025-12-31,True,,,2026:2.0,,,,,S000095052,Tradr 2X Long GS Daily ETF,Investment Managers Series Trust II,1587982,daily,2,2025-09-30,2025-12-31,1809181.66,1809181.66,,False,,,ok_ticker,"GS / The Goldman Sachs Group, Inc. / The Goldman Sachs Group, Inc. / CFD GOLDMAN SACHS GROUP INC / CFD GOLDMAN SACHS GROUP INC","The Goldman Sachs Group, Inc.",2026:Tradr 2X Long GS Daily ETF
HIMZ,Defiance,HIMS,2.0,2025-03-13,active,,True,,,2025:2.0,1.997493668601489,1.990618923678913,2.0048777898875167,368.0,S000091052,Defiance Daily Target 2x Long Hims ETF,Tidal Trust II,1924868,daily,5,2025-04-30,2026-04-30,163774134.78,185757703.71,56150000.0,True,2025-03-13,2026-09-21,ok_ticker,common stock / HIMS & HERS HEALTH INC COM SWAP CANTOR || common stock / HIMS & HERS HEALTH INC SWAP MAREX || common stock / HIMS & HERS HEALTH INC COM? CS,Hims & Hers Health,2025:Defiance Daily Target 2X Long HIMS ETF
HLXX,Tradr,HL,2.0,2026-02-01,closed,2026-04-30,True,,,2026:2.0,,,,,S000100914,Tradr 2X Long HL Daily ETF,Investment Managers Series Trust II,1587982,daily,1,2026-04-30,2026-04-30,366353.0,366353.0,,False,,,ok_ticker,HL / Hecla Mining Company / Hecla Mining Company / CFD HECLA MINING CO / CFD HECLA MINING CO,Hecla Mining Co.,2026:Tradr 2X Long HL Daily ETF
ROBN,T-REX,HOOD,2.0,2025-01-31,active,,True,,,2025:2.0,2.00794258949515,1.985921643467416,2.018883693760894,392.0,S000087470,T-REX 2X Long HOOD Daily Target ETF,ETF Opportunities Trust,1771146,daily,6,2025-03-31,2026-06-30,126245548.0,198164206.32,131490000.00000001,True,2025-01-31,2026-09-21,ok_ticker,HOOD / Robinhood Markets Inc / ROBINHOOD MKTS SWAP CANTOR || HOOD / Robinhood Markets Inc / ROBINHOOD MKTS SWAP MAREX || HOOD / Robinhood Markets Inc / ROBINHOOD MKTS SWAP CLEAR STREET,HOOD US EQUITY,2025:T-REX 2X LONG HOOD DAILY TARGET ETF
HOOX,Defiance,HOOD,2.0,2025-03-19,active,,True,,,2025:2.0,2.000447955004122,1.9804629630746295,2.0118214684852576,362.0,S000091053,Defiance Daily Target 2x Long Hood ETF,Tidal Trust II,1924868,daily,5,2025-04-30,2026-04-30,14835941.72,29555221.66,16200000.0,True,2025-03-19,2026-09-21,ok_name,common stock / ROBINHOOD MKTS INC SWAP BMO || common stock / ROBINHOOD MKTS SWAP JNST-L || common stock / ROBINHOOD SWAP MAREX-L,Robinhood Markets,2025:Defiance Daily Target 2X Long HOOD ETF
HOOG,Leverage Shares,HOOD,2.0,2025-03-21,active,,True,,,2025:2.0,2.005828550225999,1.9895614650870164,2.028314972413918,360.0,S000091219,Leverage Shares 2X Long HOOD Daily ETF,Themes ETF Trust,1976322,daily,5,2025-04-30,2026-04-30,63392927.27,103420579.57,70430000.0,True,2025-03-21,2026-09-21,ok_name,Robinhood Markets Inc / Robinhood Markets Inc / ROBINHOOD SWAP - L - CS || Robinhood Markets Inc / Robinhood Markets Inc / ROBINHOOD MKTS INC - L - MAREX || Robinhood Markets Inc / Robinhood Markets Inc / ROBINHOOD SWAP - L - CF,HOOD US Equity,2025:Leverage Shares 2X Long HOOD Daily ETF
HODU,Direxion,HOOD,2.0,2025-11-19,active,,True,,,2025:2.0; 2026:2.0,2.003376355565076,1.9934532968204772,2.0144619894587166,199.0,S000092884,Direxion Daily HOOD Bull 2X ETF,Direxion Shares ETF Trust,1424958,daily,2,2026-01-31,2026-04-30,9460730.0,9460730.0,13690000.0,True,2025-11-19,2026-09-21,ok_name,ROBINHOOD MARKETS INC SWAP,"Robinhood Markets, Inc.",2025:Direxion Daily HOOD Bull 2X Shares; 2026:Direxion Daily HOOD Bull 2X ETF
HOOZ,Defiance,HOOD,-2.0,2026-07-17,closed,2026-09-04,True,,,2026:-2.0,,,,4.0,S000096896,Defiance Daily Target 2x Short Hood ETF,Tidal Trust II,1924868,daily,2,2026-01-31,2026-04-30,6531753.58,6531753.58,,True,2026-07-17,2026-09-04,ok_name,common stock / ROBINHOOD MKTS SWAP JNST-S || common stock / ROBINHOOD MKTS INC SWAP MAREX || common stock / ROBINHOOD MKTS INC SWAP NOMURA-S,Robinhood Markets,2026:Defiance Daily Target 2X Short HOOD ETF
HPEL,Leverage Shares,HPE,2.0,2026-06-23,active,,True,,,2026:2.0,1.997742633695555,1.9917154508297101,1.9917154508297101,60.0,S000105553,Leverage Shares 2X Long HPE Daily ETF,Themes ETF Trust,1976322,daily,0,,,,,7910000.0,True,2026-06-23,2026-09-21,no_ref,,,2026:Leverage Shares 2X Long HPE Daily ETF
,Leverage Shares,HUT,2.0,2025-11-01,closed,2026-04-30,True,,,2026:2.0,,,,,S000100543,Leverage Shares 2X Long HUT Daily ETF,Themes ETF Trust,1976322,daily,2,2026-01-31,2026-04-30,3213249.43,3213249.43,,False,,,ok_ticker,Hut 8 Corp / Hut 8 Corp / HUT 8 CORP SWAP CS || Hut 8 Corp / Hut 8 Corp / HUT 8 CORP SWAP MAREX || Hut 8 Corp / Hut 8 Corp / HUT 8 CORP.-SWAP-JNST-L,HUT US Equity,2026:Leverage Shares 2X Long HUT Daily ETF
IBX,Tradr,IBM,2.0,2026-03-24,active,,True,,,2026:2.0,2.0369843967202925,2.0157278306133586,2.0457892993970335,114.0,S000095053,Tradr 2X Long IBM Daily ETF,Investment Managers Series Trust II,1587982,daily,2,2026-03-31,2026-06-30,69540326.65,69540326.65,32909999.999999996,True,2026-03-24,2026-09-21,ok_ticker,IBM / International Business Machines Corporation / CFD INTL BUSINESS MACHINES CORP / CFD INTL BUSINESS MACHINES CORP,International Business Machines Corp.,2026:Tradr 2X Long IBM Daily ETF
INFH,Defiance,INFQ,2.0,2026-06-05,active,,True,,,2026:2.0,1.9285423319461943,1.894487816612217,2.003849574792225,71.0,S000105076,Defiance Daily Target 2x Long Infq ETF,Tidal Trust II,1924868,daily,1,2026-06-30,2026-06-30,4953369.58,4953369.58,7130000.0,True,2026-06-05,2026-09-21,ok_name,"INFLEQTION, INC.-SWAP-CLST-L || INFLEQTION, INC.-SWAP-CANT-L || INFLEQTION, INC.-SWAP-JNST-L","Infleqtion, Inc.",2026:Defiance Daily Target 2X Long INFQ ETF
INTW,GraniteShares,INTC,2.0,2025-02-13,active,,True,,,2025:2.0,1.9942737219726294,1.970439109843613,2.0057576899490623,375.0,S000088287,GraniteShares 2x Long INTC Daily ETF,GraniteShares ETF Trust,1689873,daily,6,2025-03-31,2026-06-30,808896263.99,808896263.99,349280000.0,True,2025-02-13,2026-09-21,ok_ticker,"Intel Corp. / TD Cowen / Recv Long 2x Intc Cowen || Intel Corp. / Wells Fargo Securities, LLC / Recv Long Intc 2x Trs Wf1 || Intel Corp. / Cantor Fitzgerald / Recv Long Intc 2x Trs Cf1",INTC GROSS CLOSE,2025:GraniteShares 2x Long INTC Daily ETF
LINT,Direxion,INTC,2.0,2025-11-19,active,,True,,,2025:2.0; 2026:2.0,2.006960776133822,1.9880190940803648,2.026803233552428,194.0,S000092886,Direxion Daily INTC Bull 2X ETF,Direxion Shares ETF Trust,1424958,daily,2,2026-01-31,2026-04-30,44487206.18,44487206.18,80540000.0,True,2025-11-19,2026-09-21,ok_name,INTEL CORP SWAP,Intel Corporation,2025:Direxion Daily INTC Bull 2X Shares; 2026:Direxion Daily INTC Bull 2X ETF
IONL,GraniteShares,IONQ,2.0,2025-03-26,active,,True,,,2025:2.0,1.9883250277209357,1.9652493315388924,1.9996084820824065,361.0,S000090911,GraniteShares 2x Long IONQ Daily ETF,GraniteShares ETF Trust,1689873,daily,6,2025-03-31,2026-06-30,86977825.88,86977825.88,67940000.0,True,2025-03-26,2026-09-21,ok_ticker,"IonQ, Inc. / Marex / GRANITESHARES LONG IONQ SWAP MAREX || IonQ, Inc. / BofA Securities, Inc / Recv Long Ionq 2x Trs Ba1",IONQ GROSS CLOSE,2025:GraniteShares 2x Long IONQ Daily ETF
IONX,Defiance,IONQ,2.0,2025-03-12,active,,True,,,2025:2.0,1.9893853808848134,1.9714701700512407,2.0068283338381945,371.0,S000091054,Defiance Daily Target 2x Long Ionq ETF,Tidal Trust II,1924868,daily,5,2025-04-30,2026-04-30,296790740.99,296790740.99,147610000.0,True,2025-03-12,2026-09-21,ok_ticker,common stock / IONQ INC SWAP JNST-L || common stock / IONQ INC SWAP L-CS || common stock / IONQ INC SWAP MAREX-L,IONQ Inc,2025:Defiance Daily Target 2X Long IONQ ETF
IONZ,Defiance,IONQ,-2.0,2025-06-24,active,,True,,,2025:-2.0,-1.9853469285536627,-1.995066201390183,-1.9817643506396712,302.0,S000092366,Defiance Daily Target 2x Short Ionq ETF,Tidal Trust II,1924868,daily,4,2025-07-31,2026-04-30,22434785.39,53772054.2,7130000.0,True,2025-06-24,2026-09-21,ok_ticker,common stock / IONQ INC SWAP JNST-S || common stock / IONQ INC MAREX-S || common stock / IONQ INC SWAP CANTOR-S,IONQ Inc,2025:Defiance Daily Target 2X Short IONQ ETF
IRE,Defiance,IREN,2.0,2025-10-21,active,,True,,,2026:2.0,1.9891373434868678,1.9823063335971043,1.9991718298938488,226.0,S000095914,Defiance Daily Target 2x Long Iren ETF,Tidal Trust II,1924868,daily,3,2025-10-31,2026-04-30,317240850.76,349151691.25,346950000.0,True,2025-10-21,2026-09-21,ok_ticker,common stock / IREN LTD SWAP CS-L || common stock / IREN LIMITED SWAP JNST-L || common stock / IREN LTD SWAP MAR-L,IREN Ltd,2026:Defiance Daily Target 2X Long IREN ETF
IREX,Tradr,IREN,2.0,2025-10-23,active,,True,,,2026:2.0,1.9898925323446657,1.9728672403296597,1.9998812698208353,224.0,S000096134,Tradr 2X Long IREN Daily ETF,Investment Managers Series Trust II,1587982,daily,3,2025-12-31,2026-06-30,60313800.2,60313800.2,69460000.0,True,2025-10-23,2026-09-21,ok_ticker,IREN / IREN Ltd. / CFD IREN LTD / CFD IREN LTD,IREN Ltd.,2026:Tradr 2X Long IREN Daily ETF
,Leverage Shares,IREN,2.0,2025-11-01,closed,2026-04-30,True,,,2026:2.0,,,,,S000098110,Leverage Shares 2X Long IREN Daily ETF,Themes ETF Trust,1976322,daily,2,2026-01-31,2026-04-30,9447718.54,9447718.54,,False,,,ok_ticker,IREN Ltd / IREN Ltd / IREN SWAP CS || IREN Ltd / IREN Ltd / IREN SWAP MAR || IREN Ltd / IREN Ltd / IREN SWAP CF,IREN US Equity,2026:Leverage Shares 2X Long IREN Daily ETF
IREZ,Tradr,IREN,-2.0,2026-01-22,active,,True,,,2026:-2.0,-2.004336426294096,-2.0121956615648,-1.9999133489133534,165.0,S000100813,Tradr 2x Short IREN Daily ETF,Investment Managers Series Trust II,1587982,daily,2,2026-03-31,2026-06-30,15874863.89,16782930.53,7260000.0,True,2026-01-22,2026-09-21,ok_ticker,IREN / IREN Ltd. / CFD IREN LTD / CFD IREN LTD,"IREN, Ltd.",2026:Tradr 2X Short IREN Daily ETF
,GraniteShares,ISRG,2.0,2025-10-01,closed,2026-06-30,True,,,2025:2.0,,,,,S000094368,GraniteShares 2x Long ISRG Daily ETF,GraniteShares ETF Trust,1689873,daily,3,2025-12-31,2026-06-30,7143616.96,7143616.96,,False,,,ok_ticker,"Intuitive Surgical, Inc. / Clear Street / GRANITESHARES 2X LONG ISRG SWAP CLEAR STREET",ISRG GROSS CLOSE,2025:GraniteShares 2x Long ISRG Daily ETF
JBLG,Leverage Shares,JBL,2.0,2026-07-07,active,,True,,,2026:2.0,1.986512418218578,1.986512418218578,1.986512418218578,52.0,S000105554,Leverage Shares 2X Long JBL Daily ETF,Themes ETF Trust,1976322,daily,0,,,,,166840.0,True,2026-07-07,2026-09-21,no_ref,,,2026:Leverage Shares 2X Long JBL Daily ETF
KJD,KraneShares,JD,2.0,2025-10-15,active,,True,,,2025:2.0,1.999670920727465,1.9851113325864946,2.0386173456467844,210.0,S000089270,KraneShares 2x Long JD Daily ETF,Krane Shares Trust,1547576,daily,3,2025-12-31,2026-06-30,1048486.47,1868288.57,1120000.0,True,2025-10-15,2026-09-21,ok_ticker,REF: 2X JD.COM US EQUITY / REF: 2X JD.COM US EQUITY BRK :MAREX,JD.com Inc.,2025:KraneShares 2x Long JD Daily ETF
JOBX,Tradr,JOBY,2.0,2025-09-09,active,,True,,,2026:2.0,1.9674797487815585,1.942488889598766,1.9901019486469922,249.0,S000095054,Tradr 2X Long JOBY Daily ETF,Investment Managers Series Trust II,1587982,daily,4,2025-09-30,2026-06-30,23764650.21,26779713.88,16170000.000000002,True,2025-09-09,2026-09-21,ok_ticker,"JOBY / Joby Aviation, Inc. / CFD JOBY AVIATION INC / CFD JOBY AVIATION INC","Joby Aviation, Inc.",2026:Tradr 2X Long JOBY Daily ETF
JPX,Defiance,JPM,2.0,2025-05-01,closed,2025-10-31,True,,,2025:2.0,,,,,S000091055,Defiance Daily Target 2X Long JPM ETF,Tidal Trust II,1924868,daily,2,2025-07-31,2025-10-31,2778033.0,2778033.0,,False,,,ok_name,JPMorgan Chase & Co / JPMorgan Chase & Co / JPMORGAN CHASE & CO. SWAP CLEARSTREET || JPMorgan Chase & Co / JPMorgan Chase & Co / JPMORGAN CHASE & CO. SWAP MAREX || JPMorgan Chase & Co / JPMorgan Chase & Co,JPMorgan Chase & Co.,2025:Defiance Daily Target 2X Long JPM ETF
KEEX,Defiance,KEEL,2.0,2025-12-30,active,,True,,,2026:2.0,2.014633129305466,1.9880866291721566,2.0367845692821294,174.0,S000099441,Defiance Daily Target 2x Long KEEL ETF,Tidal Trust II,1924868,daily,2,2026-01-31,2026-04-30,1906222.61,1906222.61,8990000.0,True,2025-12-30,2026-09-21,ok_ticker,common stock / KEEL INFRASTRUCTURE CORP COM SHS SWAP CS-L || common stock / KEEL INFRASTRUCTURE CORP COM SHS SWAP NBC-L || common stock / KEEL INFRASTRUCTURE CORP COM SHS SWAP CANT-L,KEEL Infrastructure Corp,2026:Defiance Daily Target 2x Long KEEL ETF
KEYG,Leverage Shares,KEYS,2.0,2026-06-16,active,,True,,,2026:2.0,1.8536030049792869,1.9664873614300653,1.9664873614300653,61.0,S000105555,Leverage Shares 2X Long KEYS Daily ETF,Themes ETF Trust,1976322,daily,0,,,,,560400.0,True,2026-06-16,2026-09-21,no_ref,,,2026:Leverage Shares 2X Long KEYS Daily ETF
,Leverage Shares,KLAC,2.0,2025-11-01,closed,2026-04-30,True,,,2026:2.0,,,,,S000097913,Leverage Shares 2X Long KLAC Daily ETF,Themes ETF Trust,1976322,daily,2,2026-01-31,2026-04-30,5135224.87,5135224.87,,False,,,ok_name,KLA Corp / KLA Corp / KLA CORP SWAP CS || KLA Corp / KLA Corp / KLA CORP SWAP CF || KLA Corp / KLA Corp / KLA CORP SWAP MAR,KLAC US Equity,2026:Leverage Shares 2X Long KLAC Daily ETF
KTUP,T-REX,KTOS,2.0,2025-09-16,active,,True,,,2025:2.0,2.0182027034651586,1.9868439214224833,2.042482347199581,237.0,S000093878,T-REX 2X Long KTOS Daily Target ETF,ETF Opportunities Trust,1771146,daily,4,2025-09-30,2026-06-30,10076218.54,10076218.54,9680000.0,True,2025-09-16,2026-09-21,ok_ticker,KTOS / Kratos Defense & Security Solu / KRATOS DEFENSE & SECURITY SOLUTIONS-SWAP-CANT-L || KTOS / Kratos Defense & Security Solu / KRATOS DEFENSE & SEC SOLUTIONS  SWAP CLEARSTREET,KTOS US EQUITY,2025:T-REX 2X LONG KTOS DAILY TARGET ETF
,Leverage Shares,LAC,2.0,2025-11-01,closed,2026-04-30,True,,,2026:2.0,,,,,S000097915,Leverage Shares 2X Long LAC Daily ETF,Themes ETF Trust,1976322,daily,2,2026-01-31,2026-04-30,1890578.2,1890578.2,,False,,,ok_name,Lithium Americas Corp / Lithium Americas Corp / LITHIUM AMERS CORPSWAP MAR || Lithium Americas Corp / Lithium Americas Corp / LITHIUM AMERS CORPSWAP CS || Lithium Americas Corp / Lithium Americas Corp / LITHIUM AMERS CORPSWAP CF,LAC US Equity,2026:Leverage Shares 2X Long LAC Daily ETF
LCDL,GraniteShares,LCID,2.0,2025-04-01,closed,2026-06-30,True,,leverage_changed_by_name:2023:1.5; 2024:2.0,2023:1.5; 2024:2.0,,,,,S000081163,GraniteShares 2x Long LCID Daily ETF,GraniteShares ETF Trust,1689873,daily,5,2025-06-30,2026-06-30,6551848.88,7795593.86,,False,,,ok_ticker,"Lucid Group, Inc. / Marex / Recv Long Lcid Trs Marex",LCID GROSS CLOSE,2023:GraniteShares 1.5x Long LCID Daily ETF; 2024:GraniteShares 2x Long LCID Daily ETF
LEUX,Tradr,LEU,2.0,2026-02-19,active,,True,,,2026:2.0,2.0005149075177218,1.9692846654760034,2.0756464568435815,138.0,S000100917,Tradr 2X Long LEU Daily ETF,Investment Managers Series Trust II,1587982,daily,1,2026-04-30,2026-04-30,4778469.74,4778469.74,9570000.0,True,2026-02-19,2026-09-21,ok_ticker,LEU / Centrus Energy Corporation / Centrus Energy Corporation / CFD CENTRUS ENERGY CORP-CLASS A / CFD CENTRUS ENERGY CORP-CLASS A,Centrus Energy Corp.,2026:Tradr 2X Long LEU Daily ETF
LITX,Tradr,LITE,2.0,2026-01-27,active,,True,,,2026:2.0,1.9905328259584705,1.9785409914519112,2.000591424428429,160.0,S000100918,Tradr 2x Long LITE Daily ETF,Investment Managers Series Trust II,1587982,daily,2,2026-01-31,2026-04-30,469544524.81,469544524.81,197870000.0,True,2026-01-27,2026-09-21,ok_ticker,"LITE / Lumentum Holdings, Inc. / Lumentum Holdings, Inc. / CFD LUMENTUM HOLDINGS INC / CFD LUMENTUM HOLDINGS INC","Lumentum Holdings, Inc.",2026:Tradr 2X Long LITE Daily ETF
LITU,T-REX,LITE,2.0,2026-05-21,active,,True,,,2026:2.0,2.0005337198581334,1.9974213336365951,2.001529179167441,82.0,S000101635,T-REX 2X LONG LITE DAILY TARGET ETF,ETF Opportunities Trust,1771146,daily,0,,,,,5350000.0,True,2026-05-21,2026-09-21,no_ref,,,2026:T-REX 2X LONG LITE DAILY TARGET ETF
LITZ,Tradr,LITE,-2.0,2026-04-23,active,,True,,,2026:-2.0,-1.9934599750807473,-1.9940585389774619,-1.9926509618969235,102.0,S000103008,Tradr 2X Short LITE Daily ETF,Investment Managers Series Trust II,1587982,daily,1,2026-06-30,2026-06-30,5380411.94,5380411.94,17450000.0,True,2026-04-23,2026-09-21,ok_ticker,"LITE / Lumentum Holdings, Inc. / CFD LUMENTUM HOLDINGS INC / CFD LUMENTUM HOLDINGS INC","Lumentum Holdings, Inc.",2026:Tradr 2X Short LITE Daily ETF
LLYX,Defiance,LLY,2.0,2024-08-08,active,,True,,,2024:2.0,1.985217335651014,1.9415726973769154,2.026647893037086,478.0,S000085136,Defiance Daily Target 2x Long Lly ETF,Tidal Trust II,1924868,daily,7,2024-10-31,2026-04-30,70686252.42,70686252.42,44140000.0,True,2024-08-08,2026-09-21,ok_name,common stock / ELI LILLY & CO SWAP MS || common stock / ELI LILLY & CO SWAP Cantor - L || common stock / ELI LILLY & CO SWAP CS,Eli Lilly and Co,2024:Defiance Daily Target 2X Long LLY ETF
ELIL,Direxion,LLY,2.0,2025-03-27,active,,True,,,2025:2.0; 2026:2.0,1.9833964897588827,1.9443617071340062,2.001659562282606,342.0,S000088065,Direxion Daily LLY Bull 2X Shares,Direxion Shares ETF Trust,1424958,daily,5,2025-04-30,2026-04-30,21490523.87,21490523.87,17250000.0,True,2025-03-27,2026-09-21,ok_name,ELI LILLY AND CO SWAP || ELI LILLY & COMPANY / Eli Lilly & Co. COM NPV,Eli Lilly and Company,2025:Direxion Daily LLY Bull 2X Shares; 2026:Direxion Daily LLY Bull 2X ETF
ELIS,Direxion,LLY,-1.0,2025-02-01,closed,2026-01-31,True,,,2025:-1.0; 2026:-1.0,,,,,S000088049,Direxion Daily LLY Bear 1X Shares,Direxion Shares ETF Trust,1424958,daily,4,2025-04-30,2026-01-31,1785562.46,4023974.15,,False,,,ok_name,ELI LILLY AND CO SWAP,Eli Lilly and Company,2025:Direxion Daily LLY Bear 1X Shares; 2026:Direxion Daily LLY Bear 1X ETF
,Defiance,LLY,-2.0,2025-08-01,closed,2025-10-31,True,,,2025:-2.0,,,,,S000091501,Defiance Daily Target 2X Short LLY ETF,Tidal Trust II,1924868,daily,1,2025-10-31,2025-10-31,1382109.27,1382109.27,,False,,,ok_name,Eli Lilly & Co / Eli Lilly & Co / ELI LILLY & CO SWAP MAREX - S || Eli Lilly & Co / Eli Lilly & Co / ELI LILLY & CO SWAP CANTOR || Eli Lilly & Co / Eli Lilly & Co / ELI LILLY & CO SWAP CS-S,Eli Lilly & Co.,2025:Defiance Daily Target 2X Short LLY ETF
LMNX,Defiance,LMND,2.0,2026-07-17,closed,2026-08-27,True,,,2026:2.0,2.0264710284344125,2.0264710284344125,2.0264710284344125,28.0,S000095546,Defiance Daily Target 2x Long Lmnd ETF,Tidal Trust II,1924868,daily,3,2025-10-31,2026-04-30,4807261.34,4955434.46,,True,2026-07-17,2026-08-27,ok_name,common stock / LEMONADE INC SWAP MAREX || common stock / LEMONADE INC SWAP JNST-L || common stock / LEMONADE INC SWAP NOMURA-L,Lemonade,2026:Defiance Daily Target 2X Long LMND ETF
LMTL,Direxion,LMT,2.0,2025-08-06,active,,True,,,2025:2.0; 2026:2.0,1.9841257723581769,1.9413335481107308,2.0120184765462423,252.0,S000090380,Direxion Daily LMT Bull 2X ETF,Direxion Shares ETF Trust,1424958,daily,3,2025-10-31,2026-04-30,7289545.23,7289545.23,6480000.0,True,2025-08-06,2026-09-21,ok_name,LOCKHEED MARTIN CORP SWAP,Lockheed Martin Corporation,2025:Direxion Daily LMT Bull 2X Shares; 2026:Direxion Daily LMT Bull 2X ETF
LMTS,Direxion,LMT,-1.0,2025-08-01,closed,2026-01-31,True,,,2025:-1.0; 2026:-1.0,,,,,S000090381,Direxion Daily LMT Bear 1X ETF,Direxion Shares ETF Trust,1424958,daily,2,2025-10-31,2026-01-31,1647300.31,2169789.62,,False,,,ok_name,LOCKHEED MARTIN CORP SWAP,Lockheed Martin Corporation,2025:Direxion Daily LMT Bear 1X Shares; 2026:Direxion Daily LMT Bear 1X ETF
LRCU,Tradr,LRCX,2.0,2025-08-19,active,,True,,,2025:2.0,2.0255717564594122,2.01319064189731,2.0454772524044524,262.0,S000093739,Tradr 2X Long LRCX Daily ETF,Investment Managers Series Trust II,1587982,daily,4,2025-09-30,2026-06-30,79162883.94,79162883.94,35410000.0,True,2025-08-19,2026-09-21,ok_ticker,LRCX / Lam Research Corp. / CFD LAM RESEARCH CORP / CFD LAM RESEARCH CORP,Lam Research Corp.,2025:Tradr 2X Long LRCX Daily ETF
,Leverage Shares,LULU,2.0,2025-11-01,closed,2026-04-30,True,,,2026:2.0,,,,,S000096189,Leverage Shares 2X Long LULU Daily ETF,Themes ETF Trust,1976322,daily,2,2026-01-31,2026-04-30,4476715.19,4476715.19,,False,,,ok_name,Lululemon Athletica Inc / Lululemon Athletica Inc / WEBULL CORP SWAP CANTOR || Lululemon Athletica Inc / Lululemon Athletica Inc / LULULEMON SWAP CS || Lululemon Athletica Inc / Lululemon Athletica Inc / LULULEMON SWAP MAREX,LULU US Equity,2026:Leverage Shares 2X Long LULU Daily ETF
,Defiance,LUNR,2.0,2025-11-01,closed,2026-04-30,True,,,2026:2.0,,,,,S000099445,Defiance Daily Target 2x Long Lunr ETF,Tidal Trust II,1924868,daily,2,2026-01-31,2026-04-30,23057745.77,23057745.77,,False,,,ok_name,common stock / INTUITIVE MACH SWAP CS-L || common stock / INTUITIVE MACHINES SWAP NBC-L || common stock / INTUITIVE MACH SWAP CANT-L_R,Intuitive Machines,2026:Defiance Daily Target 2X Long LUNR ETF
LWLX,Tradr,LWLG,2.0,2026-08-18,active,,True,,,2026:2.0,2.0065516338562155,2.0065516338562155,2.0065516338562155,23.0,S000106990,Tradr 2X Long LWLG Daily ETF,Investment Managers Series Trust II,1587982,daily,0,,,,,218580.0,True,2026-08-18,2026-09-21,no_ref,,,2026:Tradr 2X Long LWLG Daily ETF
,Tradr,LYFT,2.0,2025-10-01,closed,2025-12-31,True,,,2026:2.0,,,,,S000095055,Tradr 2X Long LYFT Daily ETF,Investment Managers Series Trust II,1587982,daily,1,2025-12-31,2025-12-31,1234089.92,1234089.92,,False,,,ok_ticker,"LYFT / LYFT, Inc. / LYFT, Inc. / CFD LYFT INC-A / CFD LYFT INC-A","LYFT, Inc.",2026:Tradr 2X Long LYFT Daily ETF
MRAL,GraniteShares,MARA,2.0,2025-03-07,active,,True,,,2025:2.0,1.974847400592327,1.961614802140249,1.9992651364376381,370.0,S000090912,GraniteShares 2x Long MARA Daily ETF,GraniteShares ETF Trust,1689873,daily,6,2025-03-31,2026-06-30,72245188.68,83077958.99,57930000.0,True,2025-03-07,2026-09-21,ok_ticker,"MARA Holdings, Inc. / Marex / Recv Long 2x Mara Marex || MARA Holdings, Inc. / Clear Street / GRANITESHARES LONG MARA SWAP MAREX || MARA Holdings, Inc. / Nomura Securities / Recv Long 2x Mara Nomura",MARATHON GROSS CLOSE,2025:GraniteShares 2x Long MARA Daily ETF
MCHU,Tradr,MCHP,2.0,2026-05-28,active,,True,,,2026:2.0,1.9620827579808888,1.9571597909577556,1.9650728297480817,77.0,S000096117,Tradr 2X Long MCHP Daily ETF,Investment Managers Series Trust II,1587982,daily,1,2026-06-30,2026-06-30,839665.67,839665.67,414190.0,True,2026-05-28,2026-09-21,ok_ticker,"MCHP / Microchip Technology, Inc. / CFD MICROCHIP TECHNOLOGY INC / CFD MICROCHIP TECHNOLOGY INC",Microchip Technology Inc.,2026:Tradr 2X Long MCHP Daily ETF
MCHG,Leverage Shares,MCHP,2.0,2026-06-16,active,,True,,,2026:2.0,1.9646083350864165,1.979015691127806,1.979015691127806,65.0,S000105556,Leverage Shares 2X Long MCHP Daily ETF,Themes ETF Trust,1976322,daily,0,,,,,521429.99999999994,True,2026-06-16,2026-09-21,no_ref,,,2026:Leverage Shares 2X Long MCHP Daily ETF
MDBX,Tradr,MDB,2.0,2025-07-01,closed,2026-03-31,True,,,2025:2.0,,,,,S000091895,Tradr 2X Long MDB Daily ETF,Investment Managers Series Trust II,1587982,daily,3,2025-09-30,2026-03-31,3144675.42,3901729.19,,False,,,ok_ticker,"MDB / MongoDB, Inc. / MongoDB, Inc. / CFD MONGODB INC / CFD MONGODB INC","MongoDB, Inc.",2025:Tradr 2X Long MDB Daily ETF
KMLI,KraneShares,MELI,2.0,2025-06-12,active,,True,,,2025:2.0,1.9904021183890412,1.9388038758099504,2.0355137871885347,286.0,S000091101,KraneShares 2x Long MELI Daily ETF,Krane Shares Trust,1547576,daily,5,2025-06-30,2026-06-30,8762392.59,8762392.59,6330000.0,True,2025-06-12,2026-09-21,ok_ticker,REF: 2X MELI US EQUITY / REF: 2X MELI US EQUITY BRK: MAREX,Mercado Libre Inc.,2025:KraneShares 2x Long MELI Daily ETF
FBL,GraniteShares,META,2.0,2022-12-13,active,,True,,leverage_changed_by_name:2022:2.0; 2023:1.5; 2024:2.0,2022:2.0; 2023:1.5; 2024:2.0,1.8526874481676698,1.4541351337295614,2.0196720403463027,855.0,S000076340,GraniteShares 2x Long META Daily ETF,GraniteShares ETF Trust,1689873,daily,15,2022-12-31,2026-06-30,197608106.06,379611451.63,188150000.0,True,2022-12-13,2026-09-21,ok_name,"Meta Platforms, Inc. / Clear Street / META EQUITY SWAP 2 || Meta Platforms, Inc. / Morgan Stanley / Recv Meta Trs:30303m102 || Meta Platforms, Inc. / Goldman Sachs / Recv Long  2x Meta Trs Gs",FACEBOOK GROSS CLOSE,2022:GraniteShares 2x Long Meta Platforms Daily ETF; 2023:GraniteShares 1.5x Long META Daily ETF; 2024:GraniteShares 2x Long META Daily ETF
METU,Direxion,META,2.0,2024-06-06,active,,True,,,2024:2.0; 2026:2.0,1.9987801321109104,1.9715683051019681,2.0252671939591886,518.0,S000085276,Direxion Daily META Bull 2X Shares,Direxion Shares ETF Trust,1424958,daily,8,2024-07-31,2026-04-30,415115168.25,643568668.88,466340000.0,True,2024-06-06,2026-09-21,ok_name,META PLATFORMS INC SWAP || DIREXION DAILY META SWAP,"Meta Platforms, Inc.",2024:Direxion Daily META Bull 2X Shares; 2026:Direxion Daily META Bull 2X ETF
METD,Direxion,META,-1.0,2024-06-11,active,,True,,,2022:-1.0; 2026:-1.0,-1.005417188517976,-1.0167085787499701,-0.9909372493433035,516.0,S000076230,Direxion Daily META Bear 1X Shares,Direxion Shares ETF Trust,1424958,daily,8,2024-07-31,2026-04-30,8999244.85,8999244.85,8590000.0,True,2024-06-11,2026-09-21,ok_name,DIREXION DAILY META SWAP || META PLATFORMS INC SWAP,"Meta Platforms, Inc.",2022:Direxion Daily META Bear 1X Shares; 2026:Direxion Daily META Bear 1X ETF
METQ,Tradr,META,-2.0,2026-08-18,active,,True,,,2026:-2.0,-1.9555548317790574,-1.9555548317790574,-1.9555548317790574,22.0,S000107001,Tradr 2X Short META Daily ETF,Investment Managers Series Trust II,1587982,daily,0,,,,,3370000.0,True,2026-08-18,2026-09-21,no_ref,,,2026:Tradr 2X Short META Daily ETF
MPL,Defiance,MP,2.0,2026-07-17,closed,2026-09-04,True,,,2026:2.0,,,,4.0,S000095915,Defiance Daily Target 2x Long Mp ETF,Tidal Trust II,1924868,daily,3,2025-10-31,2026-04-30,5666914.72,7839294.18,,True,2026-07-17,2026-09-04,ok_ticker,common stock / MP MATERIALS CORP SWAP JNST-L || common stock / MP MATERIALS CORP SWAP NOMURA-L || common stock / MP MATERIALS CORP SWAP CANTOR,MP Materials Corp,2026:Defiance Daily Target 2X Long MP ETF
MPG,Leverage Shares,MP,2.0,2025-10-27,active,,True,,,2026:2.0,1.996579167283032,1.9746712147363115,2.0179583038999103,216.0,S000096190,Leverage Shares 2X Long MP Daily ETF,Themes ETF Trust,1976322,daily,3,2025-10-31,2026-04-30,3077314.46,4076019.37,3520000.0,True,2025-10-27,2026-09-21,ok_ticker,MP Materials Corp / MP Materials Corp / MP MATERIALS CORP COM MAR || MP Materials Corp / MP Materials Corp / MP MATERIALS CORP COM CS || MP Materials Corp / MP Materials Corp / MP MATERIALS CORP COM CF,MP US Equity,2026:Leverage Shares 2X Long MP Daily ETF
,Tradr,MPWR,2.0,2026-04-01,closed,2026-06-30,True,,,2026:2.0,,,,,S000103184,Tradr 2X Long MPWR Daily ETF,Investment Managers Series Trust II,1587982,daily,1,2026-06-30,2026-06-30,2196166.1,2196166.1,,False,,,ok_ticker,"MPWR / Monolithic Power Systems, Inc. / CFD MONOLITHIC POWER SYSTEMS INC / CFD MONOLITHIC POWER SYSTEMS INC","Monolithic Power Systems, Inc.",2026:Tradr 2X Long MPWR Daily ETF
MRAX,Tradr,MRAM,2.0,2026-08-11,active,,True,,,2026:2.0,2.0030400432576863,2.0030400432576863,2.0030400432576863,27.0,S000106991,Tradr 2X Long MRAM Daily ETF,Investment Managers Series Trust II,1587982,daily,0,,,,,1280000.0,True,2026-08-11,2026-09-21,no_ref,,,2026:Tradr 2X Long MRAM Daily ETF
MRNX,Defiance,MRNA,2.0,2026-02-04,active,,True,,,2026:2.0,1.9893659724598576,1.9395680192764875,2.0153668719136864,149.0,S000096291,Defiance Daily Target 2x Long Mrna ETF,Tidal Trust II,1924868,daily,1,2026-04-30,2026-04-30,415992.84,415992.84,24110000.0,True,2026-02-04,2026-09-21,ok_name,common stock / MODERNA INC SWAP CS-L || common stock / MODERNA INC SWAP MAREX-L || common stock / MODERNA INC SWAP NOMURA-L,Moderna,2026:Defiance Daily Target 2X Long MRNA ETF
MVLL,GraniteShares,MRVL,2.0,2025-03-07,active,,True,,,2025:2.0,1.9987267178197363,1.9723793212044052,2.0074842888680693,365.0,S000090913,GraniteShares 2x Long MRVL Daily ETF,GraniteShares ETF Trust,1689873,daily,6,2025-03-31,2026-06-30,1033642179.41,1033642179.41,443440000.0,True,2025-03-07,2026-09-21,ok_ticker,"Marvell Technology, Inc. / Cantor Fitzgerald / Recv Long Mrvl Trs Cantor || Marvell Technology, Inc. / Marex / Recv Long 2x Mrvl Marex || Marvell Technology, Inc. / HSBC Holdings PLC / Recv Long 2x Mrvl Hsbc1",MARVEL GROSS CLOSE,2025:GraniteShares 2x Long MRVL Daily ETF
MRVX,Defiance,MRVL,2.0,2026-07-14,active,,True,,,2025:2.0,1.9412658202478046,1.9412658202478046,1.9412658202478046,47.0,S000091056,Defiance Daily Target 2X Long MRVL ETF,Tidal Trust II,1924868,daily,0,,,,,1930000.0,True,2026-07-14,2026-09-21,no_ref,,,2025:Defiance Daily Target 2X Long MRVL ETF
MRVU,Direxion,MRVL,2.0,2026-02-12,active,,True,,,2025:2.0,2.006251517555184,2.000383753577701,2.0118095682832386,145.0,S000094247,Direxion Daily MRVL Bull 2X ETF,Direxion Shares ETF Trust,1424958,daily,1,2026-04-30,2026-04-30,33730242.06,33730242.06,123820000.0,True,2026-02-12,2026-09-21,ok_name,MARVELL TECHNOLOGY INC SWAP,"Marvell Technology, Inc.",2025:Direxion Daily MRVL Bull 2X ETF
MSFU,Direxion,MSFT,2.0,2022-09-07,active,,True,,leverage_changed_by_name:2022:2.0; 2023:1.5; 2026:2.0,2022:2.0; 2023:1.5; 2026:2.0,1.7861858925055185,1.4681281000920212,2.0178704661481044,864.0,S000076235,Direxion Daily MSFT Bull 2X Shares,Direxion Shares ETF Trust,1424958,daily,15,2022-10-31,2026-04-30,847314508.05,847314508.05,508400000.0,True,2022-09-07,2026-09-21,ok_name,Microsoft Inc Swap,Microsoft Corporation,2022:Direxion Daily MSFT Bull 2X Shares; 2023:Direxion Daily MSFT Bull 1.5X Shares; 2026:Direxion Daily MSFT Bull 2X ETF
MSFL,GraniteShares,MSFT,2.0,2024-03-18,active,,True,,,2022:2.0; 2023:2.0,1.984753209943762,1.9663406584230805,2.0067593138690127,536.0,S000076341,GraniteShares 2x Long MSFT Daily ETF,GraniteShares ETF Trust,1689873,daily,10,2024-03-31,2026-06-30,125565685.81,125565685.81,63760000.0,True,2024-03-18,2026-09-21,ok_ticker,"Microsoft Corp. / BofA Securities, Inc / Recv Long 2x Msft Trs Boa || Microsoft Corp. / TD Cowen / MSFT EQUITY SWAP 1",MICROSFT GROSS CLOSE,2022:GraniteShares 2x Long Microsoft Daily ETF; 2023:GraniteShares 2x Long MSFT Daily ETF
MSFX,T-REX,MSFT,2.0,2024-01-11,active,,True,,,2024:2.0,1.9873090802756432,1.9344632224080396,2.052123486737684,573.0,S000083677,T-REX 2X Long Microsoft Daily Target ETF,ETF Opportunities Trust,1771146,daily,10,2024-03-31,2026-06-30,29312148.79,29312148.79,18830000.0,True,2024-01-11,2026-09-21,ok_ticker,MSFX TRS MSFT EQ / MICROSOFT CORPORATION / MSFX TRS MSFT EQ,MSXXAIB INDEX,2024:T-REX 2X LONG MICROSOFT DAILY TARGET ETF
MSFD,Direxion,MSFT,-1.0,2022-09-08,active,,True,,,2022:-1.0; 2026:-1.0,-0.9978316506974688,-1.0219079230644392,-0.9822909975231005,864.0,S000076245,Direxion Daily MSFT Bear 1X Shares,Direxion Shares ETF Trust,1424958,daily,15,2022-10-31,2026-04-30,41328774.17,41328774.17,10430000.0,True,2022-09-08,2026-09-21,ok_name,Microsoft Inc Swap,Microsoft Corporation,2022:Direxion Daily MSFT Bear 1X Shares; 2026:Direxion Daily MSFT Bear 1X ETF
MSTX,Defiance,MSTR,2.0,2024-08-15,active,,True,,,2024:2.0,1.9596849715448144,1.7272890604569757,2.002178387581875,502.0,S000085137,Defiance Daily Target 2x Long Mstr ETF,Tidal Trust II,1924868,daily,7,2024-10-31,2026-04-30,387694493.23,1677273977.82,348540000.0,True,2024-08-15,2026-09-21,ok_name,common stock / STRATEGY INC INC SWAP CANTOR || common stock / STRATEGY INC SWAP CLEARSTREET || common stock / STRATEGY INC SWAP MAREX,Strategy,2024:Defiance Daily Target 2X Long MSTR ETF
MSTU,T-REX,MSTR,2.0,2024-09-18,active,,True,,,2025:2.0,1.9696329873921428,1.9554266074006068,1.9819699303954086,480.0,S000087772,T-Rex 2X Long MSTR Daily Target ETF,ETF Opportunities Trust,1771146,daily,7,2024-11-30,2026-05-31,525373861.89,2942336582.77,547920000.0,True,2024-09-18,2026-09-21,ok_name,RECV MSTU TRS MSTR US EQ / STRATEGY INC / STRG TRS MSTR EQ || STRG TRS MSTR EQ / STRATEGY INC / STRG TRS MSTR EQ,MSTR US EQUITY,2025:T-REX 2X LONG MSTR DAILY TARGET ETF
MSTP,GraniteShares,MSTR,2.0,2025-06-10,active,,True,,,2025:2.0,1.9889983358399086,1.9605382322508713,2.0152860845599596,306.0,S000090805,GraniteShares 2x Long MSTR Daily ETF,GraniteShares ETF Trust,1689873,daily,5,2025-06-30,2026-06-30,5167067.84,6406966.89,15890000.0,True,2025-06-10,2026-09-21,ok_name,"MicroStrategy, Inc. / Marex / GRANITESHARES SHORT MSTR SWAP MAREX",MSTR GROSS CLOSE,2025:GraniteShares 2x Long MSTR Daily ETF
SMST,Defiance,MSTR,-2.0,2024-08-21,active,,True,,,2024:-2.0; 2025:-2.0,-1.9439717833479702,-2.0117805589156585,-1.5043170563438775,496.0,S000085368,Defiance Daily Target 2x Short Mstr ETF,Tidal Trust II,1924868,daily,7,2024-10-31,2026-04-30,30877065.84,44767601.2,17620000.0,True,2024-08-21,2026-09-21,ok_name,common stock / STRATEGY INC SWAP JNST-S || common stock / MICROSTRATEGY INC SWAP - S- CANTOR || common stock / STRATEGY INC SWAP MAREX-S,Strategy,2024:Defiance 2X Short MSTR ETF; 2025:Defiance Daily Target 2X Short MSTR ETF
MSTZ,T-REX,MSTR,-2.0,2024-09-18,active,,True,,,2025:-2.0,-1.9831486799280091,-2.010051421486278,-1.951369992559512,479.0,S000087771,T-Rex 2X Inverse MSTR Daily Target ETF,ETF Opportunities Trust,1771146,daily,7,2024-11-30,2026-05-31,107182892.52,170859911.84,96380000.0,True,2024-09-18,2026-09-21,ok_name,RECV STRG TRS MSTR EQ / STRATEGY INC / RECV STRG TRS MSTR EQ || TRS MSTR US EQ / STRATEGY INC / TRS MSTR US EQ || RECV MSTU TRS MSTR US EQ / STRATEGY INC / RECV MSTU TRS MSTR US EQ,MSTR US EQUITY,2025:T-REX 2X INVERSE MSTR DAILY TARGET ETF
MSDD,GraniteShares,MSTR,-2.0,2025-04-01,closed,2026-03-31,True,,,2025:-2.0,,,,,S000090910,GraniteShares 2x Short MSTR Daily ETF,GraniteShares ETF Trust,1689873,daily,4,2025-06-30,2026-03-31,2721626.94,2804880.17,,False,,,ok_name,"MicroStrategy, Inc. / MicroStrategy, Inc. / Marex / GRANITESHARES SHORT MSTR SWAP MAREX",MSTR GROSS CLOSE,2025:GraniteShares 2x Short MSTR Daily ETF
MTSG,Leverage Shares,MTSI,2.0,2026-06-23,active,,True,,,2026:2.0,2.0138879388863633,2.009252784768167,2.009252784768167,57.0,S000105557,Leverage Shares 2X Long MTSI Daily ETF,Themes ETF Trust,1976322,daily,0,,,,,364960.0,True,2026-06-23,2026-09-21,no_ref,,,2026:Leverage Shares 2X Long MTSI Daily ETF
MUU,Direxion,MU,2.0,2024-10-10,active,,True,,,2025:2.0; 2026:2.0,1.9928673454892896,1.9680408929868816,2.010085770670411,463.0,S000088050,Direxion Daily MU Bull 2X Shares,Direxion Shares ETF Trust,1424958,daily,7,2024-10-31,2026-04-30,1419509532.39,1419509532.39,4620000000.0,True,2024-10-10,2026-09-21,ok_ticker,Direxion Daily MU Bull/Bear SWAP,"Micron Technology, Inc.",2025:Direxion Daily MU Bull 2X Shares; 2026:Direxion Daily MU Bull 2X ETF
MULL,GraniteShares,MU,2.0,2024-11-12,active,,True,,,2025:2.0,2.002465848136936,1.9935052434896603,2.0162008423104383,441.0,S000088289,GraniteShares 2x Long MU Daily ETF,GraniteShares ETF Trust,1689873,daily,7,2024-12-31,2026-06-30,1535590949.11,1535590949.11,741390000.0,True,2024-11-12,2026-09-21,ok_ticker,"Micron Technology, Inc. / Nomura Securities / Recv Long 2x Mu Trs Nm1 || Micron Technology, Inc. / Goldman Sachs / Recv Long 2x Mu Trs Gs1 || Micron Technology, Inc. / HSBC Holdings PLC / Recv Long 2x Mu Trs HSBC",MICRON GROSS CLOSE,2025:GraniteShares 2x Long MU Daily ETF
MUD,Direxion,MU,-1.0,2024-10-18,active,,True,,,2025:-1.0; 2026:-1.0,-1.0001226405245627,-1.0101683821466356,-0.9861169265625818,453.0,S000088051,Direxion Daily MU Bear 1X Shares,Direxion Shares ETF Trust,1424958,daily,7,2024-10-31,2026-04-30,27831120.36,68953068.65,30470000.0,True,2024-10-18,2026-09-21,ok_ticker,Direxion Daily MU Bull/Bear SWAP,"Micron Technology, Inc.",2025:Direxion Daily MU Bear 1X Shares; 2026:Direxion Daily MU Bear 1X ETF
MUZ,Defiance,MU,-2.0,2026-06-09,active,,True,,,2026:-2.0,-2.0013670333448266,-1.9885468910808932,-1.9885468910808932,69.0,S000096882,Defiance Daily Target 2X Short MU ETF,Tidal Trust II,1924868,daily,0,,,,,16800000.0,True,2026-06-09,2026-09-21,no_ref,,,2026:Defiance Daily Target 2X Short MU ETF
,GraniteShares,NBIS,2.0,2025-10-01,closed,2026-06-30,True,,,2025:2.0,,,,,S000094372,GraniteShares 2x Long NBIS Daily ETF,GraniteShares ETF Trust,1689873,daily,3,2025-12-31,2026-06-30,195598871.3,195598871.3,,False,,,ok_ticker,Nebius Group NV / Clear Street / GRANITESHARES 2X LONG NBIS SWAP CLEAR STREET,NBIS GROSS CLOSE,2025:GraniteShares 2x Long NBIS Daily ETF
NEBX,Tradr,NBIS,2.0,2025-09-09,active,,True,,,2026:2.0,1.9972048103420952,1.9919791952328327,2.0070457658191527,252.0,S000095056,Tradr 2X Long NBIS Daily ETF,Investment Managers Series Trust II,1587982,daily,4,2025-09-30,2026-06-30,353365496.53,353365496.53,181850000.0,True,2025-09-09,2026-09-21,ok_ticker,NBIS / Nebius Group N.V. / CFD NEBIUS GROUP NV / CFD NEBIUS GROUP NV,Nebius Group N.V.,2026:Tradr 2X Long NBIS Daily ETF
NBIG,Leverage Shares,NBIS,2.0,2025-10-27,active,,True,,,2026:2.0,2.001542705573931,1.9958686071866347,2.0107599862202816,219.0,S000096191,Leverage Shares 2X Long NBIS Daily ETF,Themes ETF Trust,1976322,daily,3,2025-10-31,2026-04-30,27132642.6,27132642.6,111140000.0,True,2025-10-27,2026-09-21,ok_name,Nebius Group NV / Nebius Group NV / NEBIUS GROUP N.V. CS || Nebius Group NV / Nebius Group NV / NEBIUS GROUP N.V. MAR || Nebius Group NV / Nebius Group NV / NEBIUS GROUP N.V. CF,NBIS US Equity,2026:Leverage Shares 2X Long NBIS Daily ETF
NBIZ,Tradr,NBIS,-2.0,2026-01-22,active,,True,,,2026:-2.0,-2.000768350818076,-2.0166559257027834,-1.9880278499748405,161.0,S000100816,Tradr 2x Short NBIS Daily ETF,Investment Managers Series Trust II,1587982,daily,2,2026-03-31,2026-06-30,13386830.12,13386830.12,29780000.0,True,2026-01-22,2026-09-21,ok_ticker,NBIS / Nebius Group N.V. / CFD NEBIUS GROUP NV / CFD NEBIUS GROUP NV,Nebius Group NV,2026:Tradr 2X Short NBIS Daily ETF
,Leverage Shares,NEM,2.0,2025-11-01,closed,2026-04-30,True,,,2025:2.0,,,,,S000093829,Leverage Shares 2x Long NEM Daily ETF,Themes ETF Trust,1976322,daily,2,2026-01-31,2026-04-30,1829643.38,1829643.38,,False,,,ok_name,Newmont Corp / Newmont Corp / NEWMONT CORP COM SWAP CS || Newmont Corp / Newmont Corp / NEWMONT CORP COM SWAP MAR || Newmont Corp / Newmont Corp / NEWMONT CORP COM SWAP CF,NEM US Equity,2025:Leverage Shares 2X Long NEM Daily ETF
,Tradr,NEM,2.0,2025-10-01,closed,2025-12-31,True,,,2026:2.0,,,,,S000096118,Tradr 2X Long NEM Daily ETF,Investment Managers Series Trust II,1587982,daily,1,2025-12-31,2025-12-31,467407.52,467407.52,,False,,,ok_ticker,NEM / Newmont Corp. / Newmont Corp. / CFD NEWMONT CORP / CFD NEWMONT CORP,Newmont Corp.,2026:Tradr 2X Long NEM Daily ETF
NETX,Tradr,NET,2.0,2025-10-01,closed,2025-12-31,True,,,2025:2.0,,,,,S000093740,Tradr 2X Long NET Daily ETF,Investment Managers Series Trust II,1587982,daily,1,2025-12-31,2025-12-31,856890.36,856890.36,,False,,,ok_ticker,"NET / Cloudflare, Inc. / Cloudflare, Inc. / CFD CLOUDFLARE INC - CLASS A / CFD CLOUDFLARE INC - CLASS A","Cloudflare, Inc.",2025:Tradr 2X Long NET Daily ETF
,Leverage Shares,NET,2.0,2025-11-01,closed,2026-04-30,True,,,2026:2.0,,,,,S000096598,Leverage Shares 2X Long NET Daily ETF,Themes ETF Trust,1976322,daily,2,2026-01-31,2026-04-30,5466935.1,5466935.1,,False,,,ok_name,Cloudflare Inc / Cloudflare Inc / CLOUDFLARE INC SWAP CS || Cloudflare Inc / Cloudflare Inc / CLOUDFLARE INC SWAP MAR || Cloudflare Inc / Cloudflare Inc / CLOUDFLARE INC SWAP CF,NET US Equity,2026:Leverage Shares 2X Long NET Daily ETF
NFLU,T-REX,NFLX,2.0,2024-09-27,active,,True,,,2025:2.0,1.9959295943695035,1.9458990889760501,2.032872566009774,437.0,S000087472,T-Rex 2X Long NFLX Daily Target ETF,ETF Opportunities Trust,1771146,daily,7,2024-11-30,2026-05-31,30651553.02,54023159.52,24400000.0,True,2024-09-27,2026-09-21,ok_ticker,"NETFLIX, INC. / NETFLIX, INC. / NFLU TRS NFLX EQ",NFLX US EQUITY,2025:T-REX 2X LONG NFLX DAILY TARGET ETF
NFXL,Direxion,NFLX,2.0,2024-10-03,active,,True,,,2025:2.0; 2026:2.0,1.9958643200659756,1.9724821213209789,2.016804780947956,433.0,S000088052,Direxion Daily NFLX Bull 2X Shares,Direxion Shares ETF Trust,1424958,daily,7,2024-10-31,2026-04-30,173375440.31,173375440.31,116720000.0,True,2024-10-03,2026-09-21,ok_ticker,Direxion Daily NFLX Bear/Bull Swap,"Netflix, Inc.",2025:Direxion Daily NFLX Bull 2X Shares; 2026:Direxion Daily NFLX Bull 2X ETF
NFXS,Direxion,NFLX,-1.0,2024-10-03,active,,True,,,2025:-1.0; 2026:-1.0,-0.9964687206405173,-1.0106409493489783,-0.9646631369325811,433.0,S000088053,Direxion Daily NFLX Bear 1X Shares,Direxion Shares ETF Trust,1424958,daily,7,2024-10-31,2026-04-30,5000350.43,14102028.27,3700000.0,True,2024-10-03,2026-09-21,ok_ticker,Direxion Daily NFLX Bear/Bull Swap,"Netflix, Inc.",2025:Direxion Daily NFLX Bear 1X Shares; 2026:Direxion Daily NFLX Bear 1X ETF
,Leverage Shares,NIO,2.0,2025-11-01,closed,2026-04-30,True,,,2026:2.0,,,,,S000098111,Leverage Shares 2X Long NIO Daily ETF,Themes ETF Trust,1976322,daily,2,2026-01-31,2026-04-30,3089571.55,3089571.55,,False,,,ok_ticker,NIO Inc / NIO Inc / NIO INC SWAP CS || NIO Inc / NIO Inc / NIO INC SWAP MAR || NIO Inc / NIO Inc / NIO INC SWAP CF,NIO US Equity,2026:Leverage Shares 2X Long NIO Daily ETF
NKEL,AXS,NKE,2.0,2022-07-01,closed,2023-03-31,True,,,2022:2.0,,,,,S000076106,AXS 2X NKE Bull Daily ETF,Investment Managers Series Trust II,1587982,daily,3,2022-09-30,2023-03-31,805827.08,1057354.7,,False,,,ok_name,"Nike, Inc. - Class B / Nike, Inc. - Class B / TRS NIKE INC -CL B / TRS NIKE INC -CL B",S&P 500 High Beta Index,2022:AXS 2X NKE Bull Daily ETF
NKEQ,AXS,NKE,-2.0,2022-07-01,closed,2023-03-31,True,,,2022:-2.0,,,,,S000076105,AXS 2X NKE Bear Daily ETF,Investment Managers Series Trust II,1587982,daily,3,2022-09-30,2023-03-31,1026862.68,1690275.16,,False,,,ok_name,"Nike, Inc. - Class B / Nike, Inc. - Class B / TRS NIKE INC -CL B / TRS NIKE INC -CL B",S&P 500 High Beta Index,2022:AXS 2X NKE Bear Daily ETF
NNEX,Tradr,NNE,2.0,2025-10-01,closed,2026-03-31,True,,,2026:2.0,,,,,S000096120,Tradr 2X Long NNE Daily ETF,Investment Managers Series Trust II,1587982,daily,2,2025-12-31,2026-03-31,969652.68,969652.68,,False,,,ok_ticker,"NNE / Nano Nuclear Energy, Inc. / Nano Nuclear Energy, Inc. / CFD NANO NUCLEAR ENERGY INC / CFD NANO NUCLEAR ENERGY INC","Nano Nuclear Energy, Inc.",2026:Tradr 2X Long NNE Daily ETF
LNOK,Defiance,NOK,2.0,2026-01-21,active,,True,,,2026:2.0,2.033819717549733,1.913414064886362,2.0591458414174504,160.0,S000100086,Defiance Daily Target 2x Long Nok ETF,Tidal Trust II,1924868,daily,2,2026-01-31,2026-04-30,22987222.78,22987222.78,30090000.0,True,2026-01-21,2026-09-21,ok_name,common stock / NOKIA CORP SWAP NMRA-L || common stock / NOKIA CORP SWAP CS-L || common stock / NOKIA CORP SWAP CF-L,Nokia Oyj,2026:Defiance Daily Target 2X Long NOK ETF
NOWL,GraniteShares,NOW,2.0,2025-07-15,active,,True,,,2025:2.0,1.9941402320643544,1.9478242427217385,2.0119771050874267,282.0,S000090914,GraniteShares 2x Long NOW Daily ETF,GraniteShares ETF Trust,1689873,daily,4,2025-09-30,2026-06-30,285642574.54,285642574.54,195040000.0,True,2025-07-15,2026-09-21,ok_ticker,"ServiceNow, Inc. / Marex / GRANITESHARES LONG 2X NOW TRS MAREX || ServiceNow, Inc. / Cantor Fitzgerald / GRANITESHARES LONG NOW SWAP CANTOR FITZGERALD",NOW GROSS CLOSE,2025:GraniteShares 2x Long NOW Daily ETF
,Leverage Shares,NU,2.0,2025-11-01,closed,2026-04-30,True,,,2026:2.0,,,,,S000096599,Leverage Shares 2X Long NU Daily ETF,Themes ETF Trust,1976322,daily,2,2026-01-31,2026-04-30,496891.97,807839.09,,False,,,ok_ticker,NU Holdings Ltd/Cayman Islands / NU Holdings Ltd/Cayman Islands / NU HLDGS LTD SWAP CS || NU Holdings Ltd/Cayman Islands / NU Holdings Ltd/Cayman Islands / NU HLDGS LTD SWAP CF || NU Holdings Ltd/Cayman Islands / NU Holdings Ltd/Cayman Islands / NU HLDGS LTD SWAP MAR,NU US Equity,2026:Leverage Shares 2X Long NU Daily ETF
NVDL,GraniteShares,NVDA,2.0,2022-12-13,active,,True,,leverage_changed_by_name:2022:2.0; 2023:1.5; 2024:2.0,2022:2.0; 2023:1.5; 2024:2.0,1.8346271732322976,1.4302447256796376,1.999668553355704,883.0,S000076344,GraniteShares 2x Long NVDA Daily ETF,GraniteShares ETF Trust,1689873,daily,15,2022-12-31,2026-06-30,4051232664.45,5367723177.96,3830000000.0,True,2022-12-13,2026-09-21,ok_ticker,NVIDIA Corp. / Clear Street / NVDA EQUITY SWAP 15 || NVIDIA Corp. / Natixis Securities / NVDA EQUITY SWAP 2 || NVIDIA Corp. / Nomura Securities / NVDA EQUITY SWAP 14,NVIDIA GROSS CLOSE,2022:GraniteShares 2x Long NVIDIA Daily ETF; 2023:GraniteShares 1.5x Long NVDA Daily ETF; 2024:GraniteShares 2x Long NVDA Daily ETF
NVDX,T-REX,NVDA,2.0,2023-10-19,active,,True,,,2023:2.0,1.9925767723787706,1.9564728192631464,2.025729100175479,684.0,S000080899,T-Rex 2X Long NVIDIA Daily Target ETF,ETF Opportunities Trust,1771146,daily,11,2023-12-31,2026-06-30,457935684.04,654999460.23,483740000.0,True,2023-10-19,2026-09-21,ok_ticker,NVIDIA CORPORATION / NVIDIA CORPORATION / NVDX TRS NVDA EQ || NVIDIA CORPORATION / NVIDIA CORPORATION / RECV TRS NVDA EQ || NVIDIA CORPORATION / NVIDIA CORPORATION / RECV NVDX TRS NVDA EQ,NVDA US EQUITY,2023:T-REX 2X LONG NVIDIA DAILY TARGET ETF
NVDU,Direxion,NVDA,2.0,2023-09-13,active,,True,,,2024:2.0; 2026:2.0,1.9135003166587718,1.4945766737930917,2.0090432938956435,709.0,S000081684,Direxion Daily NVDA Bull 2X Shares,Direxion Shares ETF Trust,1424958,daily,11,2023-10-31,2026-04-30,547109876.05,722122153.3,525380000.0,True,2023-09-13,2026-09-21,ok_ticker,NVDA UW EQUITY SWAP,NVIDIA Corporation,2024:Direxion Daily NVDA Bull 2X Shares; 2026:Direxion Daily NVDA Bull 2X ETF
NVDG,Leverage Shares,NVDA,2.0,2024-12-13,active,,True,,,2025:2.0,1.9732723298431418,1.9192214547109216,2.0029475102891916,411.0,S000086646,Leverage Shares 2X Long NVDA Daily ETF,Themes ETF Trust,1976322,daily,6,2025-01-31,2026-04-30,26425055.83,32991971.91,40470000.0,True,2024-12-13,2026-09-21,ok_name,NVIDIA Corp / NVIDIA Corp / NVIDIA SWAP - L - CS || NVIDIA Corp / NVIDIA Corp / NVIDIA SWAP - L - MAREX || NVIDIA Corp / NVIDIA Corp / NVIDIA SWAP - L - CF,NVDA US Equity,2025:Leverage Shares 2X Long NVDA Daily ETF
NVDB,ProShares,NVDA,2.0,2025-09-10,active,,True,,,2026:2.0,1.9827348256108903,1.951194190120315,2.013021661305922,240.0,S000094857,ProShares Ultra NVDA,PROSHARES TRUST,1174610,daily,3,2025-11-30,2026-05-31,12590384.19,12590384.19,6530000.0,True,2025-09-10,2026-09-21,ok_ticker,NVDA / NVIDIA Corp. / Total Return Swap,NVIDIA Corporation,2026:ProShares Ultra NVDA
NVDD,Direxion,NVDA,-1.0,2023-09-13,active,,True,,,2022:-1.0; 2026:-1.0,-0.997698042397886,-1.0110271213284443,-0.9887544101544292,709.0,S000076248,Direxion Daily NVDA Bear 1X Shares,Direxion Shares ETF Trust,1424958,daily,11,2023-10-31,2026-04-30,22665004.08,40058812.94,19450000.0,True,2023-09-13,2026-09-21,ok_ticker,NVDA UW EQUITY SWAP,NVIDIA Corporation,2022:Direxion Daily NVDA Bear 1X Shares; 2026:Direxion Daily NVDA Bear 1X ETF
NVDS,Tradr,NVDA,-1.5,2022-07-14,active,,True,,leverage_changed_by_name:2022:-2.0; 2023:-1.25; 2024:-1.25; 2025:-1.5,2022:-2.0; 2023:-1.25; 2024:-1.25; 2025:-1.5,-1.3690742833073537,-1.5076047561848787,-1.2379122185723825,986.0,S000076107,Tradr 1.5X Short NVDA Daily ETF,Investment Managers Series Trust II,1587982,daily,16,2022-09-30,2026-06-30,17904889.96,97820098.71,11910000.0,True,2022-07-14,2026-09-21,ok_ticker,"NVDA / NVIDIA, Inc / TRS NVIDIA CORP / TRS NVIDIA CORP || NVDA / NVIDIA, Inc / CFD NVIDIA CORP / CFD NVIDIA CORP",BITA Tactical Exposure US Semiconductor Index,2022:AXS 2X NVDA Bear Daily ETF; 2023:AXS 1.25X NVDA Bear Daily ETF; 2024:Tradr 1.25X NVDA Bear Daily ETF; 2025:Tradr 1.5X Short NVDA Daily ETF
NVDQ,T-REX,NVDA,-2.0,2023-10-19,active,,True,,,2023:-2.0,-1.9915134942296329,-2.011654091810612,-1.928676859960839,684.0,S000080897,T-Rex 2X Inverse NVIDIA Daily Target ETF,ETF Opportunities Trust,1771146,daily,11,2023-12-31,2026-06-30,20351048.37,53703917.84,23420000.0,True,2023-10-19,2026-09-21,ok_ticker,NVDQ TRS NVDA EQ / NVIDIA CORPORATION / NVDQ TRS NVDA EQ || PAYB NVDQ TRS NVDA EQ / NVIDIA CORPORATION / NVDQ TRS NVDA EQ,MBCEXI INDEX,2023:T-REX 2X INVERSE NVIDIA DAILY TARGET ETF
NVD,GraniteShares,NVDA,-2.0,2023-08-22,active,,True,,leverage_changed_by_name:2023:-1.5; 2024:-2.0,2023:-1.5; 2024:-2.0,-1.95784510551706,-2.0152770011515915,-1.4827530658595969,721.0,S000081142,GraniteShares 2x Short NVDA Daily ETF,GraniteShares ETF Trust,1689873,daily,12,2023-09-30,2026-06-30,60717278.35,186106838.89,54810000.0,True,2023-08-22,2026-09-21,ok_ticker,NVIDIA Corp. / Clear Street / NVDA EQUITY SWAP 1 || NVIDIA Corp. / TD Cowen / GRANITESHARES SHORT NVDA SWAP || NVIDIA Corp. / Goldman Sachs / Recv Short 2x Nvda Gs1,NVIDIA GROSS CLOSE,2023:GraniteShares 1.5x Short NVDA Daily ETF; 2024:GraniteShares 2x Short NVDA Daily ETF
NVOX,Defiance,NVO,2.0,2024-12-03,active,,True,,,2024:2.0,1.9947907086489152,1.9779419313426185,2.0098470577266982,404.0,S000085138,Defiance Daily Target 2x Long Nvo ETF,Tidal Trust II,1924868,daily,6,2025-01-31,2026-04-30,45876822.27,82077204.4,36370000.0,True,2024-12-03,2026-09-21,ok_name,common stock / NOVO-NORDISK SWAP MS || common stock / NOVO-NORDISK SWAP CLEARSTREET || common stock / NOVO-NORDISK A/S-SPONS ADR NOMURA,Novo Nordisk A/S,2024:Defiance Daily Target 2X Long NVO ETF
NVTX,Tradr,NVTS,2.0,2025-09-09,active,,True,,,2026:2.0,1.9995969565117413,1.9955478482419122,2.0087091030649322,252.0,S000095057,Tradr 2X Long NVTS Daily ETF,Investment Managers Series Trust II,1587982,daily,4,2025-09-30,2026-06-30,43422714.77,43422714.77,33350000.0,True,2025-09-09,2026-09-21,ok_ticker,NVTS / Navitas Semiconductor Corp. / CFD NAVITAS SEMICONDUCTOR CORP / CFD NAVITAS SEMICONDUCTOR CORP,Navitas Semiconductor Corp.,2026:Tradr 2X Long NVTS Daily ETF
NXPX,Tradr,NXPI,2.0,2026-05-28,active,,True,,,2026:2.0,2.105660968883013,2.0004142913898524,2.2052574047535165,77.0,S000096121,Tradr 2X Long NXPI Daily ETF,Investment Managers Series Trust II,1587982,daily,1,2026-06-30,2026-06-30,350688.71,350688.71,219310.0,True,2026-05-28,2026-09-21,ok_ticker,NXPI / NXP Semiconductors N.V. / CFD NXP SEMICONDUCTORS NV / CFD NXP SEMICONDUCTORS NV,NXP Semiconductors N.V.,2026:Tradr 2X Long NXPI Daily ETF
NXPG,Leverage Shares,NXPI,2.0,2026-06-02,active,,True,,,2026:2.0,1.904356890356724,1.8756523180729405,1.9263816955433324,74.0,S000104258,Leverage Shares 2X Long NXPI Daily ETF,Themes ETF Trust,1976322,daily,0,,,,,300300.0,True,2026-06-02,2026-09-21,no_ref,,,2026:Leverage Shares 2X Long NXPI Daily ETF
OKLL,Defiance,OKLO,2.0,2025-06-24,active,,True,,,2025:2.0,1.9940362188772793,1.9798563044682498,2.0022097935024097,300.0,S000093243,Defiance Daily Target 2x Long Oklo ETF,Tidal Trust II,1924868,daily,4,2025-07-31,2026-04-30,293425254.77,293425254.77,98920000.0,True,2025-06-24,2026-09-21,ok_ticker,common stock / OKLO INC SWAP CS-L || common stock / OKLO INC SWAP CANTOR || common stock / OKLO INC SWAP JNST-L,"Oklo, Inc.",2025:Defiance Daily Target 2X Long OKLO ETF
OKLS,Defiance,OKLO,-2.0,2026-07-17,closed,2026-09-04,True,,,2026:-2.0,,,,4.0,S000096884,Defiance Daily Target 2x Short Oklo ETF,Tidal Trust II,1924868,daily,2,2026-01-31,2026-04-30,8093083.7,8093083.7,,True,2026-07-17,2026-09-04,ok_ticker,common stock / OKLO INC SWAP JNST-S || common stock / OKLO INC SWAP CS-S || common stock / OKLO INC SWAP CANTOR-S,"Oklo, Inc.",2026:Defiance Daily Target 2X Short OKLO ETF
,Tradr,OKTA,2.0,2025-10-01,closed,2025-12-31,True,,,2026:2.0,,,,,S000095058,Tradr 2X Long OKTA Daily ETF,Investment Managers Series Trust II,1587982,daily,1,2025-12-31,2025-12-31,646956.04,646956.04,,False,,,ok_ticker,"OKTA / Okta, Inc. / Okta, Inc. / CFD OKTA INC / CFD OKTA INC","Okta, Inc.",2026:Tradr 2X Long OKTA Daily ETF
,Leverage Shares,OKTA,2.0,2025-11-01,closed,2026-04-30,True,,,2026:2.0,,,,,S000096600,Leverage Shares 2X Long OKTA Daily ETF,Themes ETF Trust,1976322,daily,2,2026-01-31,2026-04-30,907956.23,907956.23,,False,,,ok_ticker,Okta Inc / Okta Inc / OKTA INC SWAP CS || Okta Inc / Okta Inc / OKTA INC SWAP MAR || Okta Inc / Okta Inc / OKTA INC SWAP CF,OKTA US Equity,2026:Leverage Shares 2X Long OKTA Daily ETF
ONX,Tradr,ON,2.0,2026-05-28,active,,True,,,2026:2.0,1.9831313775805757,1.9216099926397272,2.0169963593770452,77.0,S000096122,Tradr 2X Long ON Daily ETF,Investment Managers Series Trust II,1587982,daily,1,2026-06-30,2026-06-30,2146329.63,2146329.63,1640000.0,True,2026-05-28,2026-09-21,ok_ticker,ON / ON Semiconductor Corporation / CFD ON SEMICONDUCTOR / CFD ON SEMICONDUCTOR,ON Semiconductor Corp.,2026:Tradr 2X Long ON Daily ETF
,Defiance,ONDS,2.0,2025-11-01,closed,2026-04-30,True,,,2026:2.0,,,,,S000099446,Defiance Daily Target 2x Long Onds ETF,Tidal Trust II,1924868,daily,2,2026-01-31,2026-04-30,53394554.29,53394554.29,,False,,,ok_name,common stock / ONDAS HOLDINGS INC SWAP CS-L || common stock / ONDAS HLDGS INC SWAP CANTOR-L || common stock / ONDAS HLDGS INC SWAP MAREX-L,Ondas,2026:Defiance Daily Target 2X Long ONDS ETF
,Leverage Shares,ONDS,2.0,2025-11-01,closed,2026-04-30,True,,,2026:2.0,,,,,S000100548,Leverage Shares 2X Long ONDS Daily ETF,Themes ETF Trust,1976322,daily,2,2026-01-31,2026-04-30,14199469.46,14199469.46,,False,,,ok_name,Ondas Inc / Ondas Inc / ZEV VENTURES INC SWAP MAREX || Ondas Inc / Ondas Inc / ZEV VENTURES INC SWAP CS || Ondas Inc / Ondas Inc / ZEV VENTURES INC SWAP CF,ONDS US Equity,2026:Leverage Shares 2X Long ONDS Daily ETF
ONDU,Tradr,ONDS,2.0,2026-01-13,active,,True,,,2026:2.0,1.9830229137155333,1.9721987011022848,1.9958946065591732,157.0,S000100579,Tradr 2x Long ONDS Daily ETF,Investment Managers Series Trust II,1587982,daily,2,2026-03-31,2026-06-30,5535067.36,5535067.36,3910000.0,True,2026-01-13,2026-09-21,ok_ticker,"ONDS / Ondas Holdings, Inc. / CFD ONDAS INC / CFD ONDAS INC","Ondas, Inc.",2026:Tradr 2X Long ONDS Daily ETF
OPEX,Tradr,OPEN,2.0,2025-10-23,active,,True,,,2026:2.0,2.005945535138226,1.9776516879244876,2.0282660761870424,218.0,S000096123,Tradr 2X Long OPEN Daily ETF,Investment Managers Series Trust II,1587982,daily,3,2025-12-31,2026-06-30,12523489.04,16442317.63,4600000.0,True,2025-10-23,2026-09-21,ok_ticker,"OPEN / Opendoor Technologies, Inc. / CFD OPENDOOR TECHNOLOGIES INC / CFD OPENDOOR TECHNOLOGIES INC","Opendoor Technologies, Inc.",2026:Tradr 2X Long OPEN Daily ETF
,Leverage Shares,OPEN,2.0,2025-11-01,closed,2026-04-30,True,,,2026:2.0,,,,,S000097919,Leverage Shares 2X Long OPEN Daily ETF,Themes ETF Trust,1976322,daily,2,2026-01-31,2026-04-30,1451202.0,1451202.0,,False,,,ok_name,Opendoor Technologies Inc / Opendoor Technologies Inc / OPENDOOR TECHNOLOGIES SWAP MAR || Opendoor Technologies Inc / Opendoor Technologies Inc / OPENDOOR TECHNOLOGIES SWAP CS || Opendoor Technologies Inc / Opendoor Technologies Inc / OPENDOOR TECHNOLOGIES SWAP CF,OPEN US Equity,2026:Leverage Shares 2X Long OPEN Daily ETF
ORCX,Defiance,ORCL,2.0,2025-02-07,active,,True,,,2025:2.0,1.9884490131076191,1.9257592956811005,2.009775632523242,389.0,S000089803,Defiance Daily Target 2x Long Orcl ETF,Tidal Trust II,1924868,daily,5,2025-04-30,2026-04-30,291020612.19,291020612.19,244030000.0,True,2025-02-07,2026-09-21,ok_ticker,common stock / ORACLE CORP SWAP MS-L || common stock / ORCL  NOMURA || common stock / ORACLE CORP SWAP CS,Oracle,2025:Defiance Daily Target 2X Long ORCL ETF
ORCU,Direxion,ORCL,2.0,2025-11-19,active,,True,,,2025:2.0,2.006321809886549,1.9859732291292986,2.029549376967834,202.0,S000094251,Direxion Daily ORCL Bull 2X ETF,Direxion Shares ETF Trust,1424958,daily,2,2026-01-31,2026-04-30,47496850.59,47496850.59,171630000.0,True,2025-11-19,2026-09-21,ok_name,ORACLE CORP SWAP,Oracle Corporation,2025:Direxion Daily ORCL Bull 2X ETF
ORCS,Direxion,ORCL,-1.0,2025-11-19,active,,True,,,2025:-1.0,-1.0109977988448107,-1.0269689242246254,-1.0044294151924609,202.0,S000094250,Direxion Daily ORCL Bear 1X ETF,Direxion Shares ETF Trust,1424958,daily,2,2026-01-31,2026-04-30,7535143.98,8804724.71,7190000.0,True,2025-11-19,2026-09-21,ok_name,ORACLE CORP SWAP,Oracle Corporation,2025:Direxion Daily ORCL Bear 1X ETF
ORCZ,Tradr,ORCL,-2.0,2026-07-15,active,,True,,,2026:-2.0,-2.017645611894105,-2.017645611894105,-2.017645611894105,46.0,S000105723,Tradr 2X Short ORCL Daily ETF,Investment Managers Series Trust II,1587982,daily,0,,,,,3680000.0,True,2026-07-15,2026-09-21,no_ref,,,2026:Tradr 2X Short ORCL Daily ETF
,Leverage Shares,ORLY,2.0,2025-11-01,closed,2026-04-30,True,,,2026:2.0,,,,,S000100549,Leverage Shares 2X Long ORLY Daily ETF,Themes ETF Trust,1976322,daily,2,2026-01-31,2026-04-30,154613.19,398694.21,,False,,,ok_name,O'Reilly Automotive Inc / O'Reilly Automotive Inc / OREILLY AUTOMOTIVE SWAP CS || O'Reilly Automotive Inc / O'Reilly Automotive Inc / OREILLY AUTOMOTIVE SWAP MAREX || O'Reilly Automotive Inc / O'Reilly Automotive Inc / OREILLY AUTOMOTIVE SWAP CF,ORLY US Equity,2026:Leverage Shares 2X Long ORLY Daily ETF
OSCX,Defiance,OSCR,2.0,2025-09-25,active,,True,,,2026:2.0,2.0594424275461143,2.005804332240343,2.3066658181502513,235.0,S000095549,Defiance Daily Target 2x Long Oscr ETF,Tidal Trust II,1924868,daily,3,2025-10-31,2026-04-30,9352460.94,9352460.94,10170000.0,True,2025-09-25,2026-09-21,ok_name,common stock / OSCAR HEALTH INC SWAP CANTOR || common stock / OSCAR HEALTH INC SWAP MAREX || common stock / OSCAR HEALTH INC SWAP JNST-L,Oscar Health,2026:Defiance Daily Target 2X Long OSCR ETF
,Leverage Shares,OSCR,2.0,2025-11-01,closed,2026-04-30,True,,,2026:2.0,,,,,S000096601,Leverage Shares 2X Long OSCR Daily ETF,Themes ETF Trust,1976322,daily,2,2026-01-31,2026-04-30,1184209.99,1184209.99,,False,,,ok_name,Oscar Health Inc / Oscar Health Inc / OSCAR HEALTH SWAP MAREX || Oscar Health Inc / Oscar Health Inc / OSCAR HEALTH SWAP CANTOR || Oscar Health Inc / Oscar Health Inc / OSCAR HEALTH SWAP CS,OSCR US Equity,2026:Leverage Shares 2X Long OSCR Daily ETF
OSSL,Defiance,OSS,2.0,2026-05-27,active,,True,,,2026:2.0,2.0382047727270436,2.0379320533629777,2.0390914446935318,78.0,S000104016,Defiance Daily Target 2x Long Oss ETF,Tidal Trust II,1924868,daily,1,2026-06-30,2026-06-30,400045.0,400045.0,120410.0,True,2026-05-27,2026-09-21,ok_name,"ONE STOP SYSTEMS, INC.-SWAP-CLST-L || ONE STOP SYSTEMS, INC.-SWAP-MREX-L || ONE STOP SYSTEMS, INC.-SWAP-CANT-L","One Stop Systems, Inc.",2026:Defiance Daily Target 2X Long OSS ETF
PUL,GraniteShares,P,2.0,2026-07-07,active,,True,,,2026:2.0,1.9898064960486483,1.9898064960486483,1.9898064960486483,51.0,S000105153,GraniteShares 2x Long P Daily ETF,GraniteShares ETF Trust,1689873,daily,0,,,,,939370.0,True,2026-07-07,2026-09-21,no_ref,,,2026:GraniteShares 2x Long P Daily ETF
PAAU,T-REX,PAAS,2.0,2026-01-01,closed,2026-06-30,True,,,2026:2.0,,,,,S000101636,T-REX 2X Long PAAS Daily Target ETF,ETF Opportunities Trust,1771146,daily,2,2026-03-31,2026-06-30,465675.39,465675.39,,False,,,ok_ticker,PAAS / Pan American Silver Corp / PAN AMERICAN SILVER CORP SWAP CLEAR STREET,PAAS US EQUITY,2026:T-REX 2X LONG PAAS DAILY TARGET ETF
PALU,Direxion,PANW,2.0,2025-03-27,active,,True,,,2025:2.0; 2026:2.0,2.0056271334249502,1.9852410235538844,2.0183097916219026,340.0,S000090382,Direxion Daily PANW Bull 2X Shares,Direxion Shares ETF Trust,1424958,daily,5,2025-04-30,2026-04-30,11876117.57,12172165.94,35990000.0,True,2025-03-27,2026-09-21,ok_name,PALO ALTO NETWORKS INC SWAP,"Palo Alto Networks, Inc.",2025:Direxion Daily PANW Bull 2X Shares; 2026:Direxion Daily PANW Bull 2X ETF
PANG,Leverage Shares,PANW,2.0,2025-03-21,active,,True,,,2025:2.0,2.0006658415383414,1.9688946814321142,2.0089053633200455,344.0,S000091225,Leverage Shares 2X Long PANW Daily ETF,Themes ETF Trust,1976322,daily,5,2025-04-30,2026-04-30,5194099.29,5194099.29,9440000.0,True,2025-03-21,2026-09-21,ok_name,Palo Alto Networks Inc / Palo Alto Networks Inc / PALO ALTO NETWORKS INC SWAP - L - CLEARSTREET || Palo Alto Networks Inc / Palo Alto Networks Inc / PALO ALTO NETWORKS INC SWAP - L - CANTOR || Palo Alto Networks Inc / Palo Alto Networks Inc / PALO ALTO NETWORKS INC SWAP - L - MAREX,PANW US Equity,2025:Leverage Shares 2X Long PANW Daily ETF
PALD,Direxion,PANW,-1.0,2025-03-27,active,,True,,,2025:-1.0; 2026:-1.0,-0.9980988156400857,-1.002195215962499,-0.9943911494937896,339.0,S000090368,Direxion Daily PANW Bear 1X Shares,Direxion Shares ETF Trust,1424958,daily,5,2025-04-30,2026-04-30,2351277.99,3246558.4,3020000.0,True,2025-03-27,2026-09-21,ok_name,PALO ALTO NETWORKS INC SWAP,"Palo Alto Networks, Inc.",2025:Direxion Daily PANW Bear 1X Shares; 2026:Direxion Daily PANW Bear 1X ETF
PATX,Tradr,PATH,2.0,2026-01-13,active,,True,,,2026:2.0,2.0150697144903464,1.9989911095653645,2.028080642427586,163.0,S000100580,Tradr 2x Long PATH Daily ETF,Investment Managers Series Trust II,1587982,daily,2,2026-03-31,2026-06-30,3901245.04,3901245.04,3350000.0,True,2026-01-13,2026-09-21,ok_ticker,"PATH / UiPath, Inc. / CFD UIPATH INC - CLASS A / CFD UIPATH INC - CLASS A","UiPath, Inc.",2026:Tradr 2X Long PATH Daily ETF
,Leverage Shares,PBR,2.0,2025-11-01,closed,2026-04-30,True,,,2026:2.0,,,,,S000097920,Leverage Shares 2X Long PBR Daily ETF,Themes ETF Trust,1976322,daily,2,2026-01-31,2026-04-30,2853962.06,2853962.06,,False,,,ok_name,PETROBRAS / Petroleo Brasileiro SA - Petrobras / PETROLEO BRASILEIRO SA PETRO SWAP CS || PETROBRAS / Petroleo Brasileiro SA - Petrobras / PETROLEO BRASILEIRO SA PETRO MAR || PETROBRAS / Petroleo Brasileiro SA - Petrobras / PETROLEO BRASILEIRO SA PETRO SWAP CF,PBR US Equity,2026:Leverage Shares 2X Long PBR Daily ETF
KPDD,KraneShares,PDD,2.0,2025-03-12,active,,True,,,2025:2.0,1.9931440011131323,1.984733118518978,2.0010323904726115,344.0,S000089271,KraneShares 2x Long PDD Daily ETF,Krane Shares Trust,1547576,daily,6,2025-03-31,2026-06-30,18949229.74,18949229.74,14850000.0,True,2025-03-12,2026-09-21,ok_ticker,REF: 2X PDD US EQUITY / REF: 2X PDD US EQUITY BRK :MAREX,PDD Holdings Inc.,2025:KraneShares 2x Long PDD Daily ETF
PDDL,GraniteShares,PDD,2.0,2025-07-15,active,,True,,,2025:2.0,2.004842548778215,1.9857314415235097,2.0220091295680795,266.0,S000090915,GraniteShares 2x Long PDD Daily ETF,GraniteShares ETF Trust,1689873,daily,4,2025-09-30,2026-06-30,7558432.66,9360962.76,6430000.0,True,2025-07-15,2026-09-21,ok_ticker,"PDD Holdings, Inc. / Cantor Fitzgerald / GRANITESHARES LONG PDD SWAP CANTOR FITZGERALD",PDD GROSS CLOSE,2025:GraniteShares 2x Long PDD Daily ETF
PFEL,AXS,PFE,2.0,2022-07-01,closed,2023-03-31,True,,,2022:2.0,,,,,S000076093,AXS 2X PFE Bull Daily ETF,Investment Managers Series Trust II,1587982,daily,3,2022-09-30,2023-03-31,866562.53,1232881.03,,False,,,ok_name,OTHER / OTHER / TRS PFIZER INC / TRS PFIZER INC,S&P Biotechnology Index,2022:AXS 2X PFE Bull Daily ETF
PFES,AXS,PFE,-2.0,2022-07-01,closed,2023-03-31,True,,,2022:-2.0,,,,,S000076092,AXS 2X PFE Bear Daily ETF,Investment Managers Series Trust II,1587982,daily,3,2022-09-30,2023-03-31,1594599.76,1594599.76,,False,,,ok_name,OTHER / OTHER / TRS PFIZER INC / TRS PFIZER INC,S&P Biotechnology Index,2022:AXS 2X PFE Bear Daily ETF
,Defiance,PL,2.0,2025-11-01,closed,2026-04-30,True,,,2026:2.0,,,,,S000099448,Defiance Daily Target 2x Long Pl ETF,Tidal Trust II,1924868,daily,2,2026-01-31,2026-04-30,16142489.19,16142489.19,,False,,,ok_name,common stock / PLANET LABS SWAP NBC-L || common stock / PLANET LABS PBC SWAP MAREX-L || common stock / PLANET LABS PBC SWAP CANTOR-L,Planet Labs PBC,2026:Defiance Daily Target 2X Long PL ETF
PTIR,GraniteShares,PLTR,2.0,2024-09-04,active,,True,,leverage_changed_by_name:2022:2.0; 2023:1.25; 2024:2.0,2022:2.0; 2023:1.25; 2024:2.0,1.9939337176079013,1.9824019846313587,2.005511572084126,476.0,S000076345,GraniteShares 2x Long PLTR Daily ETF,GraniteShares ETF Trust,1689873,daily,8,2024-09-30,2026-06-30,296770033.01,761707621.8,331660000.0,True,2024-09-04,2026-09-21,ok_ticker,"Palantir Technologies, Inc. / Clear Street / GRANITESHARES LONG PLTR SWAP CLEAR STREET || Palantir Technologies, Inc. / TD Cowen / GRANITESHARES LONG PLTR SWAP COWEN || Palantir Technologies, Inc. / BMO Capital Markets / Recv Long 2x Pltr Trs Bmo",PLTR GROSS CLOSE,2022:GraniteShares 2x Long Palantir Daily ETF; 2023:GraniteShares 1.25x Long PLTR Daily ETF; 2024:GraniteShares 2x Long PLTR Daily ETF
PLTU,Direxion,PLTR,2.0,2024-12-11,active,,True,,,2025:2.0; 2026:2.0,1.9890644950789755,1.9775895146813591,1.9999641131876205,413.0,S000088054,Direxion Daily PLTR Bull 2X Shares,Direxion Shares ETF Trust,1424958,daily,6,2025-01-31,2026-04-30,486948846.59,577933115.29,432970000.0,True,2024-12-11,2026-09-21,ok_ticker,DIREXION DAILY PLTR BULL / BEAR,Palantir Technologies Inc.,2025:Direxion Daily PLTR Bull 2X Shares; 2026:Direxion Daily PLTR Bull 2X ETF
PLTG,Leverage Shares,PLTR,2.0,2025-04-25,active,,True,,,2025:2.0,1.9907571603889964,1.9768388023557844,2.0275251123646933,326.0,S000091226,Leverage Shares 2X Long PLTR Daily ETF,Themes ETF Trust,1976322,daily,5,2025-04-30,2026-04-30,25617737.41,31530238.64,25580000.0,True,2025-04-25,2026-09-21,ok_name,Palantir Technologies Inc / Palantir Technologies Inc / PALANTIR TECHNOLOGIES SWAP - L  - CLEARSTREET || Palantir Technologies Inc / Palantir Technologies Inc / PALANTIR TECHNOLOGIES SWAP - L  - MAREX || Palantir Technologies Inc / Palantir Technologies Inc / PALANTIR TECHNOLOGIES SWAP - L  - CANTOR,PLTR US Equity,2025:Leverage Shares 2X Long PLTR Daily ETF
PLTA,ProShares,PLTR,2.0,2025-09-10,active,,True,,,2026:2.0,1.9907685920862512,1.984202785404372,2.000031969411946,237.0,S000094858,ProShares Ultra PLTR,PROSHARES TRUST,1174610,daily,3,2025-11-30,2026-05-31,9496811.77,9496811.77,5650000.0,True,2025-09-10,2026-09-21,ok_ticker,PLTR / Palantir Technologies Inc. / Total Return Swap,Palantir Technologies Inc.,2026:ProShares Ultra PLTR
PLTD,Direxion,PLTR,-1.0,2024-12-12,active,,True,,,2025:-1.0; 2026:-1.0,-0.9975811267847037,-1.00863744680293,-0.9941359951021431,412.0,S000088055,Direxion Daily PLTR Bear 1X Shares,Direxion Shares ETF Trust,1424958,daily,6,2025-01-31,2026-04-30,31852362.67,58497654.11,30130000.0,True,2024-12-12,2026-09-21,ok_ticker,DIREXION DAILY PLTR BULL / BEAR,Palantir Technologies Inc.,2025:Direxion Daily PLTR Bear 1X Shares; 2026:Direxion Daily PLTR Bear 1X ETF
PLTZ,Defiance,PLTR,-2.0,2025-06-06,active,,True,,,2025:-2.0,-1.9945678744481714,-2.0022164454493394,-1.9786858603875774,299.0,S000092367,Defiance Daily Target 2x Short Pltr ETF,Tidal Trust II,1924868,daily,4,2025-07-31,2026-04-30,28468175.85,68631319.02,34260000.0,True,2025-06-06,2026-09-21,ok_name,common stock / PALANTIR TECHNOLOGIES INC SWAP CANTOR-S || common stock / PALANTIR TECHNOLOGIES SWAP CS-S || common stock / PALANTIR TECHNOLOGIES SWAP NOMURA-S,Palantir Techonologies,2025:Defiance Daily Target 2X Short PLTR ETF
PLUL,Leverage Shares,PLUG,2.0,2026-01-13,active,,True,,,2026:2.0,1.9593623622171181,1.933728913080737,1.9895178232122674,163.0,S000100550,Leverage Shares 2X Long PLUG Daily ETF,Themes ETF Trust,1976322,daily,2,2026-01-31,2026-04-30,3041031.94,3041031.94,3760000.0,True,2026-01-13,2026-09-21,ok_ticker,Plug Power Inc / Plug Power Inc / PLUG POWER INC SWAP MAREX || Plug Power Inc / Plug Power Inc / PLUG POWER INC SWAP CS || Plug Power Inc / Plug Power Inc / PLUG POWER INC SWAP CF,PLUG US Equity,2026:Leverage Shares 2X Long PLUG Daily ETF
XPM,Defiance,PM,2.0,2025-08-01,closed,2025-10-31,True,,,2025:2.0,,,,,S000092418,Defiance Daily Target 2X Long PM ETF,Tidal Trust II,1924868,daily,1,2025-10-31,2025-10-31,463636.04,463636.04,,False,,,ok_name,Philip Morris International In / Philip Morris International Inc / PHILIP MORRIS INTL SWAP CANTOR || Philip Morris International In / Philip Morris International Inc / PHILIP MORRIS INTL INC SWAP CS || Philip Morris International In / Philip Morris International Inc / PHILIP MORRIS INTL INC SWAP MAREX,Philip Morris International Inc.,2025:Defiance Daily Target 2X Long PM ETF
POEL,Defiance,POET,2.0,2026-05-01,active,,True,,,2026:2.0,1.975705231939949,1.9748019448486045,1.9791654257614018,95.0,S000100998,Defiance Daily Target 2X Long POET ETF,Tidal Trust II,1924868,daily,0,,,,,18660000.0,True,2026-05-01,2026-09-21,no_ref,,,2026:Defiance Daily Target 2X Long POET ETF
PONX,Tradr,PONY,2.0,2025-09-09,active,,True,,,2026:2.0,2.001420540844168,1.9836937109469843,2.001348221764204,245.0,S000095059,Tradr 2X Long PONY Daily ETF,Investment Managers Series Trust II,1587982,daily,4,2025-09-30,2026-06-30,3042990.38,6563957.7,3360000.0,True,2025-09-09,2026-09-21,ok_ticker,"PONY / Pony AI, Inc. / CFD PONY AI INC / CFD PONY AI INC","Pony AI, Inc.",2026:Tradr 2X Long PONY Daily ETF
PUR,Defiance,PURR,2.0,2026-07-08,active,,True,,,2026:2.0,2.009701958587555,2.009701958587555,2.009701958587555,50.0,S000105972,Defiance Daily Target 2X Long PURR ETF,Tidal Trust II,1924868,daily,0,,,,,8199999.999999999,True,2026-07-08,2026-09-21,no_ref,,,2026:Defiance Daily Target 2X Long PURR ETF
PYPG,Leverage Shares,PYPL,2.0,2025-04-04,active,,True,,,2025:2.0,2.001277928834497,1.9863999357996647,2.016156523311701,336.0,S000091227,Leverage Shares 2X Long PYPL Daily ETF,Themes ETF Trust,1976322,daily,5,2025-04-30,2026-04-30,26639959.67,32843854.28,13540000.0,True,2025-04-04,2026-09-21,ok_name,PayPal Holdings Inc / PayPal Holdings Inc / PAYPAL HLDGS INC SWAP - L  - CLEARSTREET || PayPal Holdings Inc / PayPal Holdings Inc / PAYPAL HLDGS INC SWAP - L  - CANTOR || PayPal Holdings Inc / PayPal Holdings Inc / PAYPAL HLDGS INC SWAP - L  - MAREX,PYPL US Equity,2025:Leverage Shares 2X Long PYPL Daily ETF
PYPU,Direxion,PYPL,2.0,2026-03-25,active,,True,,,2025:2.0; 2026:2.0,2.0044537949388563,1.9554816449128134,2.025586883442898,111.0,S000092897,Direxion Daily PYPL Bull 2X ETF,Direxion Shares ETF Trust,1424958,daily,1,2026-04-30,2026-04-30,3142562.54,3142562.54,1530000.0,True,2026-03-25,2026-09-21,ok_name,PAYPAL HLDS INC SWAP,"PayPal Holdings, Inc.",2025:Direxion Daily PYPL Bull 2X Shares; 2026:Direxion Daily PYPL Bull 2X ETF
PYPT,AXS,PYPL,1.5,2022-07-01,closed,2023-06-30,True,,leverage_changed_by_name:2022:2.0; 2023:1.5,2022:2.0; 2023:1.5,,,,,S000076095,AXS 1.5X PYPL Bull Daily ETF,Investment Managers Series Trust II,1587982,daily,4,2022-09-30,2023-06-30,1243310.46,1774582.33,,False,,,ok_name,"Paypal Holdings, Inc. / Paypal Holdings, Inc. / TRS PAYPAL HOLDINGS INC / TRS PAYPAL HOLDINGS INC",S&P 600 High Beta Index,2022:AXS 2X PYPL Bull Daily ETF; 2023:AXS 1.5X PYPL Bull Daily ETF
PYPS,AXS,PYPL,-1.5,2022-07-01,closed,2023-03-31,True,,leverage_changed_by_name:2022:-2.0; 2023:-1.5,2022:-2.0; 2023:-1.5,,,,,S000076094,AXS 1.5X PYPL Bear Daily ETF,Investment Managers Series Trust II,1587982,daily,3,2022-09-30,2023-03-31,854223.77,969822.84,,False,,,ok_name,"Paypal Holdings, Inc. / Paypal Holdings, Inc. / TRS PAYPAL HOLDINGS INC / TRS PAYPAL HOLDINGS INC",S&P 500 High Beta Index,2022:AXS 2X PYPL Bear Daily ETF; 2023:AXS 1.5X PYPL Bear Daily ETF
QBTX,Tradr,QBTS,2.0,2025-04-25,active,,True,,,2025:2.0,1.977515035461984,1.9216326192256235,1.994988474085653,339.0,S000091896,Tradr 2X Long QBTS Daily ETF,Investment Managers Series Trust II,1587982,daily,5,2025-06-30,2026-06-30,118215998.06,118215998.06,71580000.0,True,2025-04-25,2026-09-21,ok_ticker,QBTS / D-WAVE QUANTUM INC. / CFD D-WAVE QUANTUM INC / CFD D-WAVE QUANTUM INC,D-Wave Quantum Inc,2025:Tradr 2X Long QBTS Daily ETF
QBTZ,Defiance,QBTS,-2.0,2025-10-07,active,,True,,,2025:-2.0,-1.995514574504144,-2.0130762976138037,-1.9668963047539538,230.0,S000093245,Defiance Daily Target 2x Short Qbts ETF,Tidal Trust II,1924868,daily,3,2025-10-31,2026-04-30,11799128.11,30470666.05,4780000.0,True,2025-10-07,2026-09-21,ok_name,common stock / D-WAVE QUANTUM SWAP JNST-S || common stock / D-WAVE QUANTUM INC COM SWAP CS || common stock / D-WAVE QUANTUM INC SWAP MAREX,D-Wave Quantum,2025:Defiance Daily Target 2X Short QBTS ETF
QCML,GraniteShares,QCOM,2.0,2025-04-03,active,,True,,,2025:2.0,2.0115419977360096,1.8907212145009205,2.0463456159688747,330.0,S000088293,GraniteShares 2x Long QCOM Daily ETF,GraniteShares ETF Trust,1689873,daily,6,2025-03-31,2026-06-30,136158951.25,136158951.25,59880000.0,True,2025-04-03,2026-09-21,ok_ticker,"QUALCOMM, Inc. / TD Cowen / Recv Long 2x Qcom Cowen || QUALCOMM, Inc. / Nomura Securities / Recv Long 2x Qcom Nm1",QUALCOMM GROSS CLOSE,2025:GraniteShares 2x Long QCOM Daily ETF
QCMU,Direxion,QCOM,2.0,2025-06-25,active,,True,,,2025:2.0,2.0301622272721467,2.0009211929293347,2.050908694843121,280.0,S000090369,Direxion Daily QCOM Bull 2X ETF,Direxion Shares ETF Trust,1424958,daily,4,2025-07-31,2026-04-30,19674140.57,19674140.57,23700000.0,True,2025-06-25,2026-09-21,ok_name,QUALCOMM INC SWAP,Qualcomm Inc,2025:Direxion Daily QCOM Bull 2X ETF
QCMD,Direxion,QCOM,-1.0,2025-06-25,active,,True,,,2025:-1.0,-1.0067508084830974,-1.0250547377607675,-0.9936028070723834,276.0,S000090370,Direxion Daily QCOM Bear 1X ETF,Direxion Shares ETF Trust,1424958,daily,4,2025-07-31,2026-04-30,2933768.63,2933768.63,2910000.0,True,2025-06-25,2026-09-21,ok_name,QUALCOMM INC SWAP,Qualcomm Inc,2025:Direxion Daily QCOM Bear 1X ETF
QSU,Defiance,QS,2.0,2025-10-21,active,,True,,,2026:2.0,1.9894427090695737,1.9734030820149004,1.9990609291693215,217.0,S000095916,Defiance Daily Target 2x Long Qs ETF,Tidal Trust II,1924868,daily,3,2025-10-31,2026-04-30,16783774.52,16783774.52,6770000.0,True,2025-10-21,2026-09-21,ok_name,common stock / QUANTUMSCAPE CORP SWAP CS || common stock / QUANTUMSCAPE  INC SWAP CANTOR || common stock / QUANTUMSCAP SWAP MAR-L,Quantumscape,2026:Defiance Daily Target 2X Long QS ETF
,Tradr,QS,2.0,2025-10-01,closed,2025-12-31,True,,,2026:2.0,,,,,S000096124,Tradr 2X Long QS Daily ETF,Investment Managers Series Trust II,1587982,daily,1,2025-12-31,2025-12-31,495549.3,495549.3,,False,,,ok_ticker,QS / Quantumscape Corp. / Quantumscape Corp. / CFD QUANTUMSCAPE CORP / CFD QUANTUMSCAPE CORP,Quantumscape Corp.,2026:Tradr 2X Long QS Daily ETF
QUBX,Tradr,QUBT,2.0,2025-06-24,active,,True,,,2025:2.0,1.9771850058708533,1.9231968767828007,2.0204468511964624,305.0,S000091897,Tradr 2X Long QUBT Daily ETF,Investment Managers Series Trust II,1587982,daily,5,2025-06-30,2026-06-30,36109114.89,36109114.89,25050000.0,True,2025-06-24,2026-09-21,ok_ticker,"QUBT / QUANTUM COMPUTING, Inc. / CFD QUANTUM COMPUTING INC / CFD QUANTUM COMPUTING INC","Quantum Computing, Inc.",2025:Tradr 2X Long QUBT Daily ETF
RBLU,T-REX,RBLX,2.0,2025-03-04,active,,True,,,2025:2.0,2.0088475925971796,1.9906058104363749,2.035015751286445,366.0,S000087475,T-Rex 2X Long RBLX Daily Target ETF,ETF Opportunities Trust,1771146,daily,6,2025-03-31,2026-06-30,13006100.09,13006100.09,12050000.0,True,2025-03-04,2026-09-21,ok_ticker,RBLX / ROBLOX Corp / ROBLOX CORP CL A SWAP CANTOR || RBLX / ROBLOX Corp / ROBLOX CORPORATION-SWAP-CLST-L,RBLX US EQUITY,2025:T-REX 2X LONG RBLX DAILY TARGET ETF
RCAX,Defiance,RCAT,2.0,2026-02-03,active,,True,,,2026:2.0,1.9927865174062829,1.9781951513576965,2.0181476108104106,152.0,S000095540,Defiance Daily Target 2x Long Rcat ETF,Tidal Trust II,1924868,daily,1,2026-04-30,2026-04-30,8819800.12,8819800.12,4370000.0,True,2026-02-03,2026-09-21,ok_name,common stock / RED CAT HLDGS SWAP CF-L || common stock / RED CAT HLDGS SWAP CS-L || common stock / RED CAT HLDGS SWAP MAREX-L,Red Cat Holdings Inc,2026:Defiance Daily Target 2X Long RCAT ETF
RDTL,GraniteShares,RDDT,2.0,2025-03-25,active,,True,,,2025:2.0,1.981499830242617,1.9693986129948315,1.993507575142201,363.0,S000090916,GraniteShares 2x Long RDDT Daily ETF,GraniteShares ETF Trust,1689873,daily,6,2025-03-31,2026-06-30,56786139.98,65206618.88,54330000.0,True,2025-03-25,2026-09-21,ok_ticker,"Reddit, Inc. / Marex / GRANITESHARES LONG RDDT SWAP MAREX",REDDIT GROSS CLOSE,2025:GraniteShares 2x Long RDDT Daily ETF
RDWU,T-REX,RDW,2.0,2026-01-30,active,,True,,,2026:2.0,1.9971050296631037,1.977475424369103,2.008360233155328,156.0,S000095466,T-REX 2X Long RDW Daily Target ETF,ETF Opportunities Trust,1771146,daily,2,2026-03-31,2026-06-30,48396451.48,48396451.48,31180000.0,True,2026-01-30,2026-09-21,ok_ticker,RDW / Redwire Corp / REDWIRE CORPORATION-SWAP-MREX-L || RDW / Redwire Corp / REDWIRE CORPORATION-SWAP-JNST-L || RDW / Redwire Corp / REDWIRE CORPORATION SWAP CS,RDW US EQUITY,2026:T-REX 2X LONG RDW DAILY TARGET ETF
RGTX,Defiance,RGTI,2.0,2025-04-01,active,,True,,,2025:2.0,1.9924958820315628,1.980341111400471,2.0014479889781924,354.0,S000091058,Defiance Daily Target 2x Long Rgti ETF,Tidal Trust II,1924868,daily,5,2025-04-30,2026-04-30,57766633.72,163460164.85,41990000.0,True,2025-04-01,2026-09-21,ok_name,common stock / RIGETTI COMPUTING INC SWAP JNST-L || common stock / RIGETTI COMPUTING SWAP CS-L || common stock / RIGETTI COMPUTING INC SWAP CANTOR,Rigetti Computing,2025:Defiance Daily Target 2X Long RGTI ETF
RGTU,Tradr,RGTI,2.0,2025-06-24,active,,True,,,2025:2.0,1.9947457636370893,1.9558544085403795,2.0213914078174917,298.0,S000091898,Tradr 2X Long RGTI Daily ETF,Investment Managers Series Trust II,1587982,daily,5,2025-06-30,2026-06-30,13892309.1,13892309.1,9300000.0,True,2025-06-24,2026-09-21,ok_ticker,"RGTI / RIGETTI COMPUTING, Inc. / CFD RIGETTI COMPUTING INC / CFD RIGETTI COMPUTING INC","Rigetti Computing, Inc.",2025:Tradr 2X Long RGTI Daily ETF
RGTZ,Defiance,RGTI,-2.0,2025-10-09,active,,True,,,2025:-2.0,-1.9859365001420186,-1.9944431792916162,-1.972144110654816,227.0,S000093246,Defiance Daily Target 2x Short Rgti ETF,Tidal Trust II,1924868,daily,3,2025-10-31,2026-04-30,22062364.78,81110184.95,10790000.0,True,2025-10-09,2026-09-21,ok_name,common stock / RIGETTI COMPUTING INC SWAP CS || common stock / RIGETTI COMPUTING INC SWAP MAREX || common stock / RIGETTI COMPUTING INC SWAP CANTOR,Rigetti Computing,2025:Defiance Daily Target 2X Short RGTI ETF
RIOX,Defiance,RIOT,2.0,2025-01-03,active,,True,,,2024:2.0; 2025:2.0,1.997867736694196,1.9792795208746405,2.025407388501653,409.0,S000085120,Defiance Daily Target 2x Long Riot ETF,Tidal Trust II,1924868,daily,6,2025-01-31,2026-04-30,19574006.06,40216116.4,19580000.0,True,2025-01-03,2026-09-21,ok_ticker,common stock / RIOT PLATFORMS SWAP - L -CANTOR || common stock / RIOT PLATFORMS INC SWAP CS || common stock / RIOT PLATFORMS INC SWAP - L -MAREX,Riot Platforms,2024:Defiance Daily Target 2X Long Carbon ETF; 2025:Defiance Daily Target 2X Long RIOT ETF
RVNL,GraniteShares,RIVN,2.0,2025-04-22,active,,True,,leverage_changed_by_name:2023:1.5; 2024:2.0,2023:1.5; 2024:2.0,1.9910785077754478,1.960522760548466,2.01167398638177,346.0,S000081164,GraniteShares 2x Long RIVN Daily ETF,GraniteShares ETF Trust,1689873,daily,5,2025-06-30,2026-06-30,15293266.61,15293266.61,11330000.0,True,2025-04-22,2026-09-21,ok_ticker,"Rivian Automotive, Inc. / Marex / Recv Long Rivn Trs Marex",RIVIAN GROSS CLOSE,2023:GraniteShares 1.5x Long RIVN Daily ETF; 2024:GraniteShares 2x Long RIVN Daily ETF
RKLX,Defiance,RKLB,2.0,2025-03-13,active,,True,,,2025:2.0,1.9942039265452547,1.9893764471137947,1.9997481583513423,366.0,S000091059,Defiance Daily Target 2x Long Rklb ETF,Tidal Trust II,1924868,daily,5,2025-04-30,2026-04-30,235584352.45,235584352.45,190330000.0,True,2025-03-13,2026-09-21,ok_name,common stock / ROCKET LAB CORP SWAP JNST-L || common stock / ROCKET LAB CORP INC SWAP MS-L || common stock / ROCKET LAB CORP SWAP CLEARSTREET,Rocket Lab,2025:Defiance Daily Target 2X Long RKLB ETF
RKLZ,Defiance,RKLB,-2.0,2025-11-18,active,,True,,,2025:-2.0,-1.999081989029645,-2.0113294940592072,-1.994320092950634,199.0,S000092368,Defiance Daily Target 2x Short Rklb ETF,Tidal Trust II,1924868,daily,2,2026-01-31,2026-04-30,9088198.2,12704671.41,1660000.0,True,2025-11-18,2026-09-21,ok_name,common stock / ROCKET LAB CORP SWAP NOMURA-S || common stock / ROCKET LAB CORP SWAO CANTOR-S || common stock / ROCKET LAB CORP SWAP JNST-S,Rocket Lab,2025:Defiance Daily Target 2X Short RKLB ETF
RKTL,Defiance,RKT,2.0,2026-07-17,closed,2026-09-04,True,,,2026:2.0,,,,4.0,S000099449,Defiance Daily Target 2x Long Rkt ETF,Tidal Trust II,1924868,daily,2,2026-01-31,2026-04-30,1693187.93,1693187.93,,True,2026-07-17,2026-09-04,ok_name,common stock / ROCKET COS SWAP CS-L || common stock / ROCKET COS SWAP NOMURA-L || common stock / ROCKET COS SWAP MAREX-L,Rocket Companies Inc,2026:Defiance Daily Target 2X Long RKT ETF
RMBX,Tradr,RMBS,2.0,2026-07-01,active,,True,,nport_without_reference_holding,2026:2.0,2.042113994112028,2.042113994112028,2.042113994112028,54.0,S000105755,Tradr 2X Long RMBS Daily ETF,Investment Managers Series Trust II,1587982,daily,1,2026-06-30,2026-06-30,250000.0,250000.0,619370.0,True,2026-07-01,2026-09-21,no_ref,,,2026:Tradr 2X Long RMBS Daily ETF
RTXG,Leverage Shares,RTX,2.0,2025-06-06,active,,True,,,2025:2.0,2.004868374104023,1.947356825069248,2.072424676154692,280.0,S000091230,Leverage Shares 2X Long RTX Daily ETF,Themes ETF Trust,1976322,daily,4,2025-07-31,2026-04-30,3955474.56,3955474.56,2840000.0,True,2025-06-06,2026-09-21,ok_ticker,RTX Corp / RTX Corp / RTX CORPORATION SWAP - L  - CLEARSTREET || RTX Corp / RTX Corp / RTX CORPORATION - L  - CANTOR || RTX Corp / RTX Corp / RTX CORPORATION SWAP - L  - MAREX,RTX US Equity,2025:Leverage Shares 2X Long RTX Daily ETF
SBTU,T-REX,SBET,2.0,2025-10-21,active,,True,,,2026:2.0,2.0072355424216073,1.9627357262028557,2.0453884975064276,223.0,S000095873,T-REX 2X Long SBET Daily Target ETF,ETF Opportunities Trust,1771146,daily,3,2025-11-30,2026-05-31,2310943.59,2310943.59,6170000.0,True,2025-10-21,2026-09-21,ok_ticker,SBET / SHARPLINK INC / SHARPLINK GAMING INC SWAP CS,SBET,2026:T-REX 2X LONG SBET DAILY TARGET ETF
,Leverage Shares,SBUX,2.0,2025-11-01,closed,2026-04-30,True,,,2026:2.0,,,,,S000096602,Leverage Shares 2X Long SBUX Daily ETF,Themes ETF Trust,1976322,daily,2,2026-01-31,2026-04-30,745364.11,931541.85,,False,,,ok_name,Starbucks Corp / Starbucks Corp / STARBUCKS CORP SWAP CS || Starbucks Corp / Starbucks Corp / STARBUCKS CORP SWAP MAR || Starbucks Corp / Starbucks Corp / STARBUCKS CORP SWAP CF,SBUX US Equity,2026:Leverage Shares 2X Long SBUX Daily ETF
SHPU,Direxion,SHOP,2.0,2025-08-06,active,,True,,,2025:2.0; 2026:2.0,2.0052357629734,1.9923678094751878,2.0186769510791387,262.0,S000092901,Direxion Daily SHOP Bull 2X ETF,Direxion Shares ETF Trust,1424958,daily,3,2025-10-31,2026-04-30,9432367.31,9432367.31,9550000.0,True,2025-08-06,2026-09-21,ok_name,SHOPIFY INC SWAP,Shopify Inc - Class A,2025:Direxion Daily SHOP Bull 2X Shares; 2026:Direxion Daily SHOP Bull 2X ETF
SHPD,Direxion,SHOP,-1.0,2025-08-01,closed,2026-01-31,True,,,2025:-1.0; 2026:-1.0,,,,,S000092902,Direxion Daily SHOP Bear 1X ETF,Direxion Shares ETF Trust,1424958,daily,2,2025-10-31,2026-01-31,2132882.57,2967973.16,,False,,,ok_name,SHOPIFY INC SWAP,Shopify Inc - Class A,2025:Direxion Daily SHOP Bear 1X Shares; 2026:Direxion Daily SHOP Bear 1X ETF
SITX,Tradr,SITM,2.0,2026-08-11,active,,True,,,2026:2.0,2.00928612238346,2.00928612238346,2.00928612238346,28.0,S000106993,Tradr 2X Long SITM Daily ETF,Investment Managers Series Trust II,1587982,daily,0,,,,,1040000.0,True,2026-08-11,2026-09-21,no_ref,,,2026:Tradr 2X Long SITM Daily ETF
SMCX,Defiance,SMCI,2.0,2024-08-21,active,,True,,,2024:2.0,1.9779595579748948,1.8396346876403198,1.9972225060731732,500.0,S000085140,Defiance Daily Target 2x Long Smci ETF,Tidal Trust II,1924868,daily,7,2024-10-31,2026-04-30,106066240.71,337634464.93,146050000.0,True,2024-08-21,2026-09-21,ok_name,common stock / SUPER MICRO COMPUTER SWAP JNST-L || common stock / SUPER MICRO COMPUTER INC COM SWAP CS - L || common stock / SUPER MICRO COMPUTER INC SWAP MAR - L,Super Micro Computer,2024:Defiance Daily Target 2X Long SMCI ETF
SMCL,GraniteShares,SMCI,2.0,2024-12-13,active,,True,,,2025:2.0,1.9908551475172014,1.981565084976346,1.9971915212997104,423.0,S000088294,GraniteShares 2x Long SMCI Daily ETF,GraniteShares ETF Trust,1689873,daily,7,2024-12-31,2026-06-30,39217748.82,73140214.2,46010000.0,True,2024-12-13,2026-09-21,ok_ticker,"Super Micro Computer, Inc. / Clear Street / Recv Long 2x Smci Trs Cs1 || Super Micro Computer, Inc. / Marex / Recv Long 2x Smci Trs Mx1 || Super Micro Computer, Inc. / Nomura Securities / Recv Long Scmi Us Trs Nm1",SMCI GROSS CLOSE,2025:GraniteShares 2x Long SMCI Daily ETF
SMCZ,Defiance,SMCI,-2.0,2025-04-01,active,,True,,,2025:-2.0,-1.9914746290421883,-2.0051428422822957,-1.9751093797063888,354.0,S000091503,Defiance Daily Target 2x Short Smci ETF,Tidal Trust II,1924868,daily,5,2025-04-30,2026-04-30,4781696.67,27688141.26,119680.0,True,2025-04-01,2026-09-21,ok_name,common stock / SUPER MICRO COMPUTER INC SWAP CANTOR-S || common stock / SUPER MICRO COMPUTER INC NOMURA-S || common stock / SUPER MICRO COMPUTER INC SWAP CS-S,Super Micro Computer,2025:Defiance Daily Target 2X Short SMCI ETF
SMUP,T-REX,SMR,2.0,2025-07-28,active,,True,,,2025:2.0; 2026:2.0,1.9847464144858722,1.945627673590629,2.035366745978471,284.0,S000087466,T-REX 2X Long SMR Daily Target ETF,ETF Opportunities Trust,1771146,daily,4,2025-09-30,2026-06-30,13441919.78,13441919.78,5720000.0,True,2025-07-28,2026-09-21,ok_ticker,SMR / NuScale Power Corp / NUSCALE PWR CORP SWAP CLEARSTREET,SMR US EQUITY,2025:T-REX 2X LONG COIN DAILY TARGET ETF; 2026:T-REX 2X Long SMR Daily Target ETF
SMU,Tradr,SMR,2.0,2025-07-11,active,,True,,,2025:2.0,1.981529376998817,1.9587151145007806,1.999926209230937,296.0,S000093732,Tradr 2X Long SMR Daily ETF,Investment Managers Series Trust II,1587982,daily,4,2025-09-30,2026-06-30,64460546.78,102780860.69,51550000.0,True,2025-07-11,2026-09-21,ok_ticker,SMR / Nuscale Power Corp. / CFD NUSCALE POWER CORP / CFD NUSCALE POWER CORP,Nuscale Power Corp.,2025:Tradr 2X Long SMR Daily ETF
SMZ,Tradr,SMR,-2.0,2026-02-11,active,,True,,,2026:-2.0,-2.0121574824924457,-2.031816062436486,-1.9623669712193206,149.0,S000100822,Tradr 2X Short SMR Daily ETF,Investment Managers Series Trust II,1587982,daily,2,2026-03-31,2026-06-30,1590962.62,1963826.12,1330000.0,True,2026-02-11,2026-09-21,ok_ticker,SMR / Nuscale Power Corporation / CFD NUSCALE POWER CORP / CFD NUSCALE POWER CORP,NuScale Power Corp.,2026:Tradr 2X Short SMR Daily ETF
SMTG,Leverage Shares,SMTC,2.0,2026-06-23,active,,True,,,2026:2.0,1.9755235528025572,1.9711726864276862,1.9711726864276862,61.0,S000105559,Leverage Shares 2X Long SMTC Daily ETF,Themes ETF Trust,1976322,daily,0,,,,,4830000.0,True,2026-06-23,2026-09-21,no_ref,,,2026:Leverage Shares 2X Long SMTC Daily ETF
,Leverage Shares,SNAP,2.0,2025-11-01,closed,2026-04-30,True,,,2026:2.0,,,,,S000098113,Leverage Shares 2X Long SNAP Daily ETF,Themes ETF Trust,1976322,daily,2,2026-01-31,2026-04-30,3640764.94,3640764.94,,False,,,ok_ticker,Snap Inc / Snap Inc / SNAP INC SWAP CS || Snap Inc / Snap Inc / SNAP INC SWAP MAR || Snap Inc / Snap Inc / SNAP INC SWAP CF,SNAP US Equity,2026:Leverage Shares 2X Long SNAP Daily ETF
SNXX,Tradr,SNDK,2.0,2026-01-27,active,,True,,,2026:2.0,1.984316716295587,1.9723261130412912,1.9910523675325966,155.0,S000100925,Tradr 2x Long SNDK Daily ETF,Investment Managers Series Trust II,1587982,daily,2,2026-01-31,2026-04-30,1147646442.39,1147646442.39,2220000000.0,True,2026-01-27,2026-09-21,ok_ticker,SNDK / SanDisk Corporation / SanDisk Corporation / CFD SANDISK CORP / CFD SANDISK CORP,SanDisk Corp.,2026:Tradr 2X Long SNDK Daily ETF
SNDU,T-REX,SNDK,2.0,2026-03-12,active,,True,,,2026:2.0,2.0049050878135075,2.0064244603374077,2.0093860906111844,124.0,S000101637,T-REX 2X Long SNDK Daily Target ETF,ETF Opportunities Trust,1771146,daily,2,2026-03-31,2026-06-30,413112727.74,413112727.74,331030000.0,True,2026-03-12,2026-09-21,ok_ticker,SNDK / Sandisk Corp / SANDISK CORP SWAP CLEAR STREET || SNDK / Sandisk Corp / SANDISK CORPORATION-SWAP-JNST-L || SNDK / Sandisk Corp / SANDISK CORP SWAP CANTOR,SNDK US EQUITY,2026:T-REX 2X LONG SNDK DAILY TARGET ETF
,Tradr,SNDK,-2.0,2026-04-01,closed,2026-06-30,True,,,2026:-2.0,,,,,S000103012,Tradr 2X Short SNDK Daily ETF,Investment Managers Series Trust II,1587982,daily,1,2026-06-30,2026-06-30,86186742.15,86186742.15,,False,,,ok_ticker,SNDK / SanDisk Corporation / CFD SANDISK CORP / CFD SANDISK CORP,Sandisk Corp.,2026:Tradr 2X Short SNDK Daily ETF
SNOU,T-REX,SNOW,2.0,2025-04-24,active,,True,,,2025:2.0,2.0049101000280256,1.9473177957583878,2.075182597909971,325.0,S000087479,T-Rex 2X Long SNOW Daily Target ETF,ETF Opportunities Trust,1771146,daily,5,2025-06-30,2026-06-30,24982314.95,24982314.95,25350000.0,True,2025-04-24,2026-09-21,ok_ticker,SNOW / Snowflake Inc / SNOWFLAKE INC SWAP CLEARSTREET,SNOW US EQUITY,2025:T-REX 2X LONG SNOW DAILY TARGET ETF
SNPX,Tradr,SNPS,2.0,2025-10-01,closed,2026-03-31,True,,,2026:2.0,,,,,S000096125,Tradr 2X Long SNPS Daily ETF,Investment Managers Series Trust II,1587982,daily,2,2025-12-31,2026-03-31,1906213.07,2537158.45,,False,,,ok_ticker,"SNPS / Synopsys, Inc. / Synopsys, Inc. / CFD SYNOPSYS INC / CFD SYNOPSYS INC","Synopsys, Inc.",2026:Tradr 2X Long SNPS Daily ETF
SOFX,Defiance,SOFI,2.0,2025-01-16,active,,True,,,2025:2.0,1.9930055737454546,1.980400798246316,2.013603784946559,405.0,S000089804,Defiance Daily Target 2x Long Sofi ETF,Tidal Trust II,1924868,daily,6,2025-01-31,2026-04-30,57145571.72,103164951.07,55210000.0,True,2025-01-16,2026-09-21,ok_ticker,"common stock / SOFI TECHNOLOGIES, INC.-SWAP-MSCS-L || common stock / SOFI TECHNOLOGIES SWAP JNST-L || common stock / SOFI TECH SWAP MAREX-L",SoFi Technologies,2025:Defiance Daily Target 2X Long SOFI ETF
SOFA,Direxion,SOFI,2.0,2026-02-11,active,,True,,,2025:2.0; 2026:2.0,1.984408072777098,1.9709600519616537,1.9929001880763657,144.0,S000092904,Direxion Daily SOFI Bull 2X ETF,Direxion Shares ETF Trust,1424958,daily,1,2026-04-30,2026-04-30,3880002.64,3880002.64,7660000.0,True,2026-02-11,2026-09-21,ok_ticker,SOFI TECHNOLOGIES INC SWAP,"SoFi Technologies, Inc.",2025:Direxion Daily SOFI Bull 2X Shares; 2026:Direxion Daily SOFI Bull 2X ETF
SOUX,Defiance,SOUN,2.0,2025-06-24,active,,True,,,2025:2.0,1.996865667586126,1.9767037751481806,2.0268307878050336,301.0,S000091050,Defiance Daily Target 2x Long Soun ETF,Tidal Trust II,1924868,daily,4,2025-07-31,2026-04-30,17184488.98,37146254.33,6680000.0,True,2025-06-24,2026-09-21,ok_name,common stock / SOUNDHOUND AI INC SWAP JNST-L || common stock / SOUNDHOUND AI INC SWAP MAREX || common stock / SOUNDHOUND AI INC SWAP NM,SoundHound AI,2025:Defiance Daily Target 2X Long SOUN ETF
,Leverage Shares,SPOT,2.0,2025-11-01,closed,2026-04-30,True,,,2026:2.0,,,,,S000096604,Leverage Shares 2X Long SPOT Daily ETF,Themes ETF Trust,1976322,daily,2,2026-01-31,2026-04-30,4134292.33,4134292.33,,False,,,ok_name,Spotify Technology SA / Spotify Technology SA / SPOTIFY TECHNOLOGY SWAP CS || Spotify Technology SA / Spotify Technology SA / SPOTIFY TECHNOLOGY SWAP CF || Spotify Technology SA / Spotify Technology SA / SPOTIFY TECHNOLOGY SWAP MAR,SPOT US Equity,2026:Leverage Shares 2X Long SPOT Daily ETF
SRPU,Tradr,SRPT,2.0,2025-10-01,closed,2026-03-31,True,,,2026:2.0,,,,,S000096126,Tradr 2X Long SRPT Daily ETF,Investment Managers Series Trust II,1587982,daily,2,2025-12-31,2026-03-31,3931946.19,4658715.61,,False,,,ok_ticker,"SRPT / Sarepta Therapeutics, Inc. / Sarepta Therapeutics, Inc. / CFD SAREPTA THERAPEUTICS INC / CFD SAREPTA THERAPEUTICS INC","Sarepta Therapeutics, Inc.",2026:Tradr 2X Long SRPT Daily ETF
,Defiance,STX,2.0,2026-04-01,closed,2026-06-30,True,,,2026:2.0,,,,,S000103139,Defiance Daily Target 2x LONG STX ETF,Tidal Trust II,1924868,daily,1,2026-06-30,2026-06-30,29570666.96,29570666.96,,False,,,ok_name,SEAGATE TECHNOLOGY HOLDINGS PLC-SWAP-CLST-L || SEAGATE TECHNOLOGY HOLDINGS PLC-SWAP-CANT-L || SEAGATE TECHNOLOGY HOLDINGS PLC-SWAP-NBCB-L,Seagate Technology Holdings PLC,2026:Defiance Daily Target 2X Long STX ETF
,Tradr,STX,2.0,2026-04-01,closed,2026-06-30,True,,,2026:2.0,,,,,S000103187,Tradr 2X Long STX Daily ETF,Investment Managers Series Trust II,1587982,daily,1,2026-06-30,2026-06-30,23357649.34,23357649.34,,False,,,ok_ticker,STX / Seagate Technology Holdings PLC / CFD SEAGATE TECHNOLOGY HOLDINGS / CFD SEAGATE TECHNOLOGY HOLDINGS,Seagate Technology Holdings PLC,2026:Tradr 2X Long STX Daily ETF
TELG,Leverage Shares,TEL,2.0,2026-06-16,active,,True,,,2026:2.0,1.9983245308015447,1.9896852133044347,1.9896852133044347,59.0,S000105561,Leverage Shares 2X Long TEL Daily ETF,Themes ETF Trust,1976322,daily,0,,,,,199770.0,True,2026-06-16,2026-09-21,no_ref,,,2026:Leverage Shares 2X Long TEL Daily ETF
TEMT,Tradr,TEM,2.0,2025-05-13,active,,True,,,2025:2.0,1.9872295997355334,1.9748745838508859,2.000111104469457,327.0,S000091899,Tradr 2X Long TEM Daily ETF,Investment Managers Series Trust II,1587982,daily,5,2025-06-30,2026-06-30,55591176.73,59165842.55,51910000.0,True,2025-05-13,2026-09-21,ok_ticker,"TEM / Tempus AI, Inc. / CFD TEMPUS AI INC / CFD TEMPUS AI INC","Tempus AI, Inc.",2025:Tradr 2X Long TEM Daily ETF
,Leverage Shares,TER,2.0,2025-11-01,closed,2026-04-30,True,,,2026:2.0,,,,,S000096192,Leverage Shares 2X Long TER Daily ETF,Themes ETF Trust,1976322,daily,2,2026-01-31,2026-04-30,14189108.29,14189108.29,,False,,,ok_name,Teradyne Inc / Teradyne Inc / TERADYNE INC SWAP CS || Teradyne Inc / Teradyne Inc / TERADYNE INC SWAP MAR || Teradyne Inc / Teradyne Inc / TERADYNE INC SWAP CF,TER US Equity,2026:Leverage Shares 2X Long TER Daily ETF
TSEG,Leverage Shares,TSEM,2.0,2026-06-16,active,,True,,,2026:2.0,1.984442104614909,1.9734654640302807,1.9734654640302807,64.0,S000105562,Leverage Shares 2X Long TSEM Daily ETF,Themes ETF Trust,1976322,daily,0,,,,,1690000.0,True,2026-06-16,2026-09-21,no_ref,,,2026:Leverage Shares 2X Long TSEM Daily ETF
TSEU,Tradr,TSEM,2.0,2026-07-01,active,,True,,nport_without_reference_holding,2026:2.0,1.9733586602344824,1.9733586602344824,1.9733586602344824,54.0,S000105758,Tradr 2X Long TSEM Daily ETF,Investment Managers Series Trust II,1587982,daily,1,2026-06-30,2026-06-30,250000.0,250000.0,887630.0,True,2026-07-01,2026-09-21,no_ref,,,2026:Tradr 2X Long TSEM Daily ETF
TSLL,Direxion,TSLA,2.0,2022-08-09,active,,True,,leverage_changed_by_name:2022:2.0; 2023:1.5; 2026:2.0,2022:2.0; 2023:1.5; 2026:2.0,1.8184464232896318,1.4781478327510744,2.002009157060879,967.0,S000072483,Direxion Daily TSLA Bull 2X Shares,Direxion Shares ETF Trust,1424958,daily,15,2022-10-31,2026-04-30,5028971321.82,7877516055.33,3780000000.0,True,2022-08-09,2026-09-21,ok_name,TESLA INC Swap || TESLA INC SWAP,Tesla Inc.,2022:Direxion Daily TSLA Bull 2X Shares; 2023:Direxion Daily TSLA Bull 1.5X Shares; 2026:Direxion Daily TSLA Bull 2X ETF
TSLT,T-REX,TSLA,2.0,2023-10-19,active,,True,,,2023:2.0,1.9931740153143402,1.9716528222018403,2.0092343678574967,684.0,S000080900,T-Rex 2X Long Tesla Daily Target ETF,ETF Opportunities Trust,1771146,daily,11,2023-12-31,2026-06-30,253266595.56,579107775.11,153970000.0,True,2023-10-19,2026-09-21,ok_ticker,"TSLT TRS TSLA US EQ / TESLA, INC. / TSLT TRS TSLA US EQ || TSLT TRS TSLA EQ / TESLA, INC. / TSLT TRS TSLA EQ || TSLT TRS TSLA OQ EQ / TESLA, INC. / TSLT TRS TSLA OQ EQ",TSLA US EQUITY,2023:T-REX 2X LONG TESLA DAILY TARGET ETF
TSLR,GraniteShares,TSLA,2.0,2023-08-28,active,,True,,leverage_changed_by_name:2023:1.75; 2024:2.0,2023:1.75; 2024:2.0,1.9784656015166115,1.7169759027871556,2.007583247162283,718.0,S000081146,GraniteShares 2x Long TSLA Daily ETF,GraniteShares ETF Trust,1689873,daily,12,2023-09-30,2026-06-30,107257521.64,349683111.48,76010000.0,True,2023-08-28,2026-09-21,ok_ticker,"Tesla, Inc. / TD Cowen / TSLA EQUITY SWAP 1 || Tesla, Inc. / Wells Fargo Securities, LLC / Recv Long Tsla 2x Trs Wf || Tesla, Inc. / J.P. Morgan Chase & Co. / GRANITESHARES LONG 2X TESLA TRS JPM",TESLA GROSS CLOSE,2023:GraniteShares 1.75x Long TSLA Daily ETF; 2024:GraniteShares 2x Long TSLA Daily ETF
TSLG,Leverage Shares,TSLA,2.0,2024-12-13,active,,True,,,2025:2.0,1.9947375355040122,1.9870868821809922,2.0131949262024755,410.0,S000086635,Leverage Shares 2X Long TSLA Daily ETF,Themes ETF Trust,1976322,daily,6,2025-01-31,2026-04-30,38315976.9,52432450.69,45290000.0,True,2024-12-13,2026-09-21,ok_name,Tesla Inc / Tesla Inc / TESLA INC SWAP - L - CS || Tesla Inc / Tesla Inc / TESLA INC SWAP - L - MAREX || Tesla Inc / Tesla Inc / TESLA INC SWAP - L - CF,TSLA US Equity,2025:Leverage Shares 2X Long TSLA Daily ETF
TSLI,ProShares,TSLA,2.0,2025-09-10,active,,True,,,2026:2.0,1.98608974387717,1.9675932959566704,2.0122703846722088,241.0,S000094859,ProShares Ultra TSLA,PROSHARES TRUST,1174610,daily,3,2025-11-30,2026-05-31,5928387.97,8777759.32,4120000.0,True,2025-09-10,2026-09-21,ok_ticker,"TSLA / Tesla, Inc. / Total Return Swap",Tesla Inc.,2026:ProShares Ultra TSLA
TSL,GraniteShares,TSLA,1.25,2022-08-09,active,,True,,leverage_changed_by_name:2022:2.0; 2023:1.25,2022:2.0; 2023:1.25,1.2475468274513504,1.234217345659875,1.2640058804569763,967.0,S000076347,GraniteShares 1.25x Long TSLA Daily ETF,GraniteShares ETF Trust,1689873,daily,16,2022-09-30,2026-06-30,12357719.93,43468070.45,11090000.0,True,2022-08-09,2026-09-21,ok_name,"Tesla, Inc. / TD Cowen / Tesla, Inc. Equity Swap 1",TESLA GROSS CLOSE,2022:GraniteShares 2x Long Tesla Daily ETF; 2023:GraniteShares 1.25x Long TSLA Daily ETF
TSLS,Direxion,TSLA,-1.0,2022-08-10,active,,True,,,2022:-1.0; 2026:-1.0,-1.0015652792270828,-1.0224132291708148,-0.9940588740034397,966.0,S000071019,Direxion Daily TSLA Bear 1X Shares,Direxion Shares ETF Trust,1424958,daily,15,2022-10-31,2026-04-30,76227607.82,83478185.88,58160000.0,True,2022-08-10,2026-09-21,ok_name,TESLA INC SWAP || TESLA INC Swap,Tesla Inc.,2022:Direxion Daily TSLA Bear 1X Shares; 2026:Direxion Daily TSLA Bear 1X ETF
TSS,GraniteShares,TSLA,-1.0,2022-07-01,closed,2023-03-31,True,,,2022:-1.0; 2023:-1.0,,,,,S000076339,GraniteShares 1x Short TSLA Daily ETF,GraniteShares ETF Trust,1689873,daily,3,2022-09-30,2023-03-31,2238133.36,3737982.6,,False,,,ok_ticker,TSLA Total Return Swap / TSLA Total Return Swap,S&P US Auto,2022:GraniteShares 1x Short Tesla Daily ETF; 2023:GraniteShares 1x Short TSLA Daily ETF
TSLQ,Tradr,TSLA,-2.0,2022-07-14,active,,True,,leverage_changed_by_name:2022:-2.0; 2023:-1.0; 2024:-1.0; 2025:-2.0,2022:-2.0; 2023:-1.0; 2024:-1.0; 2025:-2.0,-1.5551333424809775,-2.010303402334172,-0.995121596658807,982.0,S000076096,Tradr 2X Short TSLA Daily ETF,Investment Managers Series Trust II,1587982,daily,16,2022-09-30,2026-06-30,114380282.98,472420112.25,95920000.0,True,2022-07-14,2026-09-21,ok_ticker,"TSLA / Tesla, Inc. / TRS TESLA INC / TRS TESLA INC || TSLA / Tesla, Inc. / CFD TESLA INC / CFD TESLA INC",BITA Tactical Exposure US Electric Vehicles Index,2022:AXS 2X TSLA Bear Daily ETF; 2023:AXS TSLA Bear Daily ETF; 2024:Tradr TSLA Bear Daily ETF; 2025:Tradr 2X Short TSLA Daily ETF
TSLZ,T-REX,TSLA,-2.0,2023-10-19,active,,True,,,2023:-2.0,-1.9924115339927972,-2.010939136580684,-1.9192578200138752,684.0,S000080898,T-Rex 2X Inverse Tesla Daily Target ETF,ETF Opportunities Trust,1771146,daily,11,2023-12-31,2026-06-30,31667634.49,114448468.97,28370000.0,True,2023-10-19,2026-09-21,ok_ticker,"TSLZ TRS TSLA EQ / TESLA, INC. / TSLZ TRS TSLA EQ || PAYB TSLZ TRS TSLA EQ / TESLA, INC. / TSLZ TRS TSLA EQ",TSLA US EQUITY,2023:T-REX 2X INVERSE TESLA DAILY TARGET ETF
TSDD,GraniteShares,TSLA,-2.0,2023-08-28,active,,True,,leverage_changed_by_name:2023:-1.5; 2024:-2.0,2023:-1.5; 2024:-2.0,-1.9582451465269057,-2.0150553097853967,-1.4979976433660422,718.0,S000081144,GraniteShares 2x Short TSLA Daily ETF,GraniteShares ETF Trust,1689873,daily,12,2023-09-30,2026-06-30,39021091.86,87194045.52,21110000.0,True,2023-08-28,2026-09-21,ok_ticker,"Tesla, Inc. / BofA Securities, Inc / GRANITESHARES SHORT TSLA SWAP BAML || Tesla, Inc. / Cantor Fitzgerald / Recv Short 2x Tsla Cf1 || Tesla, Inc. / TD Cowen / TSLA EQUITY SWAP 1",TESLA GROSS CLOSE,2023:GraniteShares 1.5x Short TSLA Daily ETF; 2024:GraniteShares 2x Short TSLA Daily ETF
TSMG,Leverage Shares,TSM,2.0,2025-01-14,active,,True,,,2025:2.0,1.9945243725494493,1.9540513702056626,2.0268377597056086,401.0,S000086636,Leverage Shares 2X Long TSM Daily ETF,Themes ETF Trust,1976322,daily,6,2025-01-31,2026-04-30,22974489.53,22974489.53,33460000.0,True,2025-01-14,2026-09-21,ok_name,TSMC / Taiwan Semiconductor Manufacturing Co Ltd / TAIWAN SEMICONDUCTOR MANUFACTURING CO LTD SWAP - L,TSM US Equity,2025:Leverage Shares 2X Long TSM Daily ETF
TSMX,Direxion,TSM,2.0,2024-10-03,active,,True,,,2025:2.0; 2026:2.0,1.9956344306394835,1.972630138388824,2.0196945125948305,467.0,S000088056,Direxion Daily TSM Bull 2X Shares,Direxion Shares ETF Trust,1424958,daily,7,2024-10-31,2026-04-30,538588462.62,538588462.62,575660000.0,True,2024-10-03,2026-09-21,ok_ticker,Direxion Daily TSM Bear/Bull Swap || Direxion Daily TSM Bear/Bull,"Taiwan Semiconductor Manufacturing Company, Ltd - ADR",2025:Direxion Daily TSM Bull 2X Shares; 2026:Direxion Daily TSM Bull 2X ETF
TSMU,GraniteShares,TSM,2.0,2024-11-12,active,,True,,,2025:2.0,1.9927758180095647,1.9789591983736596,2.01913929823448,441.0,S000088295,GraniteShares 2x Long TSM Daily ETF,GraniteShares ETF Trust,1689873,daily,7,2024-12-31,2026-06-30,64439434.98,64439434.98,45710000.0,True,2024-11-12,2026-09-21,ok_ticker,"Taiwan Semiconductor Manufacturing Co., Ltd / Nomura Securities / Recv Long 2x Tsm Trs Nm1",TSM GROSS CLOSE,2025:GraniteShares 2x Long TSM Daily ETF
TSMZ,Direxion,TSM,-1.0,2024-10-03,active,,True,,,2025:-1.0; 2026:-1.0,-0.9938805486831983,-1.0056639880345801,-0.9729050567628563,467.0,S000088057,Direxion Daily TSM Bear 1X Shares,Direxion Shares ETF Trust,1424958,daily,7,2024-10-31,2026-04-30,2663685.11,4961296.94,2660000.0,True,2024-10-03,2026-09-21,ok_ticker,Direxion Daily TSM Bear/Bull Swap,"Taiwan Semiconductor Manufacturing Company, Ltd - ADR",2025:Direxion Daily TSM Bear 1X Shares; 2026:Direxion Daily TSM Bear 1X ETF
STSM,Defiance,TSM,-2.0,2025-11-18,active,,True,,,2026:-2.0,-1.9852741836235208,-2.025432652717343,-1.9481974963849686,202.0,S000096887,Defiance Daily Target 2x Short Tsm ETF,Tidal Trust II,1924868,daily,2,2026-01-31,2026-04-30,1154973.79,1503545.03,923220.0,True,2025-11-18,2026-09-21,ok_name,common stock / TAIWAN SEMICONDUCTOR CORP SWAP NM || common stock / TAIWAN SEMICONDUCTOR SWAP CS || common stock / TAIWAN SEMICONDUCTOR SWAP CANTOR-S,Taiwan Semiconductor Manufacturing,2026:Defiance Daily Target 2X Short TSM ETF
TTDU,T-REX,TTD,2.0,2025-09-17,active,,True,,,2025:2.0,1.9959442285978228,1.9885974820310708,2.0198366652801547,236.0,S000093886,T-REX 2X Long TTD Daily Target ETF,ETF Opportunities Trust,1771146,daily,4,2025-09-30,2026-06-30,11534676.64,11534676.64,10410000.0,True,2025-09-17,2026-09-21,ok_ticker,TTD / Trade Desk Inc/The / THE TRADE DESK INC SWAP CLEARSTREET,TTD US EQITY,2025:T-REX 2X LONG TTD DAILY TARGET ETF
TTMX,Tradr,TTMI,2.0,2026-07-01,active,,True,,nport_without_reference_holding,2026:2.0,2.0064820548684335,2.0064820548684335,2.0064820548684335,53.0,S000103189,Tradr 2X Long TTMI Daily ETF,Investment Managers Series Trust II,1587982,daily,1,2026-06-30,2026-06-30,250000.0,250000.0,1820000.0,True,2026-07-01,2026-09-21,no_ref,,,2026:Tradr 2X Long TTMI Daily ETF
TXNU,Direxion,TXN,2.0,2026-03-25,active,,True,,,2025:2.0,1.9863254664005312,1.981292281386412,2.007910382472889,112.0,S000094266,Direxion Daily TXN Bull 2X ETF,Direxion Shares ETF Trust,1424958,daily,1,2026-04-30,2026-04-30,6198275.65,6198275.65,4150000.0000000005,True,2026-03-25,2026-09-21,ok_name,TEXAS INSTRTS INC SWAP,Texas Instruments Incorporated,2025:Direxion Daily TXN Bull 2X ETF
UNX,Tradr,U,2.0,2025-09-16,active,,True,,,2026:2.0,2.018344583100447,1.963234294667641,2.035432580678583,237.0,S000095061,Tradr 2X Long U Daily ETF,Investment Managers Series Trust II,1587982,daily,4,2025-09-30,2026-06-30,4269232.21,4269232.21,5160000.0,True,2025-09-16,2026-09-21,ok_ticker,"U / Unity Software, Inc. / CFD UNITY SOFTWARE INC / CFD UNITY SOFTWARE INC","Unity Software, Inc.",2026:Tradr 2X Long U Daily ETF
UBRL,GraniteShares,UBER,2.0,2024-09-04,active,,True,,leverage_changed_by_name:2022:2.0; 2023:1.5; 2024:2.0,2022:2.0; 2023:1.5; 2024:2.0,1.9945020662645088,1.9606649169751382,2.043648200287595,474.0,S000076351,GraniteShares 2x Long UBER Daily ETF,GraniteShares ETF Trust,1689873,daily,8,2024-09-30,2026-06-30,20961450.08,31812051.21,20970000.0,True,2024-09-04,2026-09-21,ok_ticker,"Uber Technologies, Inc. / TD Cowen / GRANITESHARES LONG UBER SWAP COWEN",UBER GROSS CLOSE,2022:GraniteShares 2x Long Uber Daily ETF; 2023:GraniteShares 1.5x Long UBER Daily ETF; 2024:GraniteShares 2x Long UBER Daily ETF
,Leverage Shares,UEC,2.0,2026-02-01,closed,2026-04-30,True,,,2026:2.0,,,,,S000100559,Leverage Shares 2X Long UEC Daily ETF,Themes ETF Trust,1976322,daily,1,2026-04-30,2026-04-30,1559888.97,1559888.97,,False,,,ok_name,Uranium Energy Corp / Uranium Energy Corp / URANIUM ENERGY CORP SWAP - L - MAREX || Uranium Energy Corp / Uranium Energy Corp / URANIUM ENERGY CORP SWAP - L  - CLEARSTREET || Uranium Energy Corp / Uranium Energy Corp / URANIUM ENERGY CORP SWAP - L - CANTOR,UEC US Equity,2026:Leverage Shares 2X Long UEC Daily ETF
,Defiance,UMAC,2.0,2026-04-01,closed,2026-06-30,True,,,2026:2.0,,,,,S000103277,Defiance Daily Target 2x Long Umac ETF,Tidal Trust II,1924868,daily,1,2026-06-30,2026-06-30,1091044.94,1091044.94,,False,,,ok_name,"UNUSUAL MACHINES, INC.-SWAP-MREX-L || UNUSUAL MACHINES, INC.-SWAP-NBCB-L || UNUSUAL MACHINES, INC.-SWAP-NMRA-L","Unusual Machines, Inc.",2026:Defiance Daily Target 2X Long UMAC ETF
UMCU,Tradr,UMC,2.0,2026-08-11,active,,True,,,2026:2.0,1.9926592656551145,1.9926592656551145,1.9926592656551145,28.0,S000106994,Tradr 2X Long UMC Daily ETF,Investment Managers Series Trust II,1587982,daily,0,,,,,618350.0,True,2026-08-11,2026-09-21,no_ref,,,2026:Tradr 2X Long UMC Daily ETF
UNHG,Leverage Shares,UNH,2.0,2025-07-22,active,,True,,,2025:2.0,1.9953083716032458,1.981881784656101,2.016581477454076,278.0,S000085493,Leverage Shares 2X Long UNH Daily ETF,Themes ETF Trust,1976322,daily,4,2025-07-31,2026-04-30,176120263.54,231157669.36,60210000.0,True,2025-07-22,2026-09-21,ok_name,UnitedHealth Group Inc / UnitedHealth Group Inc / UNITEDHEALTH GROUP SWAP - L  - CLEARSTREET || UnitedHealth Group Inc / UnitedHealth Group Inc / UNITEDHEALTH GROUP SWAP - L  - CANTOR || UnitedHealth Group Inc / UnitedHealth Group Inc / UNITEDHEALTH GROUP SWAP - L  - MAREX,UNH US Equity,2025:Leverage Shares 2X Long UNH Daily ETF
UNHU,Direxion,UNH,2.0,2026-03-25,active,,True,,,2025:2.0,1.9667667664706001,1.9529920222473185,1.9955437900069077,115.0,S000094271,Direxion Daily UNH Bull 2X ETF,Direxion Shares ETF Trust,1424958,daily,1,2026-04-30,2026-04-30,5621663.31,5621663.31,3340000.0,True,2026-03-25,2026-09-21,ok_name,UNITED HEALTH SWAP,UnitedHealth Group Incorporated,2025:Direxion Daily UNH Bull 2X ETF
,Leverage Shares,UPS,2.0,2025-11-01,closed,2026-04-30,True,,,2026:2.0,,,,,S000097924,Leverage Shares 2X Long UPS Daily ETF,Themes ETF Trust,1976322,daily,2,2026-01-31,2026-04-30,858170.24,858170.24,,False,,,ok_name,United Parcel Service Inc / United Parcel Service Inc / UNITED PARCEL SERVICE SWAP CS || United Parcel Service Inc / United Parcel Service Inc / UNITED PARCEL SERVICE SWAP CF || United Parcel Service Inc / United Parcel Service Inc / UNITED PARCEL SERVICE SWAP MAR,UPS US Equity,2026:Leverage Shares 2X Long UPS Daily ETF
UPSX,Tradr,UPST,2.0,2025-06-10,active,,True,,,2025:2.0,1.9879330153261812,1.9711527916447942,2.0040834302491053,308.0,S000091892,Tradr 2X Long UPST Daily ETF,Investment Managers Series Trust II,1587982,daily,5,2025-06-30,2026-06-30,32978984.42,64295086.55,17080000.0,True,2025-06-10,2026-09-21,ok_ticker,UPST / Upstart Holdings Inc. / CFD UPSTART HOLDINGS INC / CFD UPSTART HOLDINGS INC,"Upstart Holdings, Inc.",2025:Tradr 2X Long UPST Daily ETF
PXIU,T-REX,UPXI,2.0,2025-07-01,closed,2025-12-31,True,,,2025:2.0,,,,,S000093888,T-REX 2X Long UPXI Daily Target ETF,ETF Opportunities Trust,1771146,daily,2,2025-09-30,2025-12-31,2106029.03,2106029.03,,False,,,ok_name,UPEXI INC SWAP MAREX,UPXI US EQUITY,2025:T-REX 2X LONG UPXI DAILY TARGET ETF
,Leverage Shares,USAR,2.0,2025-11-01,closed,2026-04-30,True,,,2026:2.0,,,,,S000100561,Leverage Shares 2X Long USAR Daily ETF,Themes ETF Trust,1976322,daily,2,2026-01-31,2026-04-30,16386556.3,16386556.3,,False,,,ok_name,USA Rare Earth Inc / USA Rare Earth Inc / USA RARE EARTH INC SWAP MAREX || USA Rare Earth Inc / USA Rare Earth Inc / USA RARE EARTH INC SWAP CS || USA Rare Earth Inc / USA Rare Earth Inc / USA RARE EARTH INC SWAP CF,USAR US Equity,2026:Leverage Shares 2X Long USAR Daily ETF
USAX,Tradr,USAR,2.0,2026-01-13,active,,True,,,2026:2.0,1.9857866567695703,1.9840173130294974,1.987661748296643,170.0,S000100586,Tradr 2x Long USAR Daily ETF,Investment Managers Series Trust II,1587982,daily,2,2026-03-31,2026-06-30,10312766.13,10312766.13,8510000.0,True,2026-01-13,2026-09-21,ok_ticker,"USAR / USA Rare Earth, Inc. / CFD USA RARE EARTH INC / CFD USA RARE EARTH INC","USA Rare Earth, Inc.",2026:Tradr 2X Long USAR Daily ETF
,Leverage Shares,UUUU,2.0,2025-11-01,closed,2026-04-30,True,,,2026:2.0,,,,,S000100562,Leverage Shares 2X Long UUUU Daily ETF,Themes ETF Trust,1976322,daily,2,2026-01-31,2026-04-30,17833570.18,17833570.18,,False,,,ok_name,Energy Fuels Inc/Canada / Energy Fuels Inc/Canada / ENERGY FUELS INC SWAP MAREX || Energy Fuels Inc/Canada / Energy Fuels Inc/Canada / ENERGY FUELS INC SWAP CS || Energy Fuels Inc/Canada / Energy Fuels Inc/Canada / ENERGY FUELS INC SWAP CF,UUUU US Equity,2026:Leverage Shares 2X Long UUUU Daily ETF
,Leverage Shares,VALE,2.0,2025-11-01,closed,2026-04-30,True,,,2026:2.0,,,,,S000097925,Leverage Shares 2X Long VALE Daily ETF,Themes ETF Trust,1976322,daily,2,2026-01-31,2026-04-30,887621.32,887621.32,,False,,,ok_ticker,Vale SA / Vale SA / VALE SWAP CS || Vale SA / Vale SA / VALE SWAP MAR || Vale SA / Vale SA / VALE SWAP CF,VALE US Equity,2026:Leverage Shares 2X Long VALE Daily ETF
VELL,Defiance,VELO,2.0,2026-06-05,active,,True,,,2026:2.0,1.9845123495672958,1.9574708163166241,2.005695745598621,73.0,S000104018,Defiance Daily Target 2x Long VELO ETF,Tidal Trust II,1924868,daily,1,2026-06-30,2026-06-30,2195827.74,2195827.74,1080000.0,True,2026-06-05,2026-09-21,ok_name,"VELO3D, INC.-SWAP-CANT-L || VELO3D, INC.-SWAP-CLST-L || VELO3D, INC.-SWAP-MREX-L","Velo3D, Inc.",2026:Defiance Daily Target 2X Long VELO ETF
VIAG,Leverage Shares,VIAV,2.0,2026-08-13,active,,True,,,2026:2.0,2.0042110403147015,2.0042110403147015,2.0042110403147015,25.0,S000105564,Leverage Shares 2X Long VIAV Daily ETF,Themes ETF Trust,1976322,daily,0,,,,,540790.0,True,2026-08-13,2026-09-21,no_ref,,,2026:Leverage Shares 2X Long VIAV Daily ETF
VOYX,Tradr,VOYG,2.0,2025-07-01,closed,2026-03-31,True,,,2026:2.0,,,,,S000095063,Tradr 2X Long VOYG Daily ETF,Investment Managers Series Trust II,1587982,daily,3,2025-09-30,2026-03-31,885746.42,1217715.91,,False,,,ok_ticker,"VOYG / Voyager Technologies, Inc. / Voyager Technologies, Inc. / CFD VOYAGER TECHNOLOGIES INC-A / CFD VOYAGER TECHNOLOGIES INC-A","Voyager Technologies, Inc.",2026:Tradr 2X Long VOYG Daily ETF
VRTL,GraniteShares,VRT,2.0,2025-03-25,active,,True,,,2025:2.0,1.9904351710503585,1.9769582373221104,2.0174777087221853,353.0,S000090909,GraniteShares 2x Long VRT Daily ETF,GraniteShares ETF Trust,1689873,daily,6,2025-03-31,2026-06-30,88035468.99,88035468.99,42920000.0,True,2025-03-25,2026-09-21,ok_ticker,Vertiv Holdings Co. / Marex / GRANITESHARES LONG VRT SWAP MAREX,VERTIV GROSS CLOSE,2025:GraniteShares 2x Long VRT Daily ETF
VSTL,Defiance,VST,2.0,2025-07-22,active,,True,,,2025:2.0,1.9775364625268248,1.9719448555991554,1.9828766185775641,277.0,S000091051,Defiance Daily Target 2x Long Vst ETF,Tidal Trust II,1924868,daily,4,2025-07-31,2026-04-30,7017046.31,7651507.18,10790000.0,True,2025-07-22,2026-09-21,ok_name,common stock / VISTRA CORP INC SWAP MS-L || common stock / VISTRA CORP SWAP JNST-L || common stock / VISTRA CORP SWAP NOMURA,Vistra Corp,2025:Defiance Daily Target 2X Long VST ETF
WDCX,Tradr,WDC,2.0,2026-01-27,active,,True,,,2026:2.0,2.02084027693149,2.0033191474261964,2.0441082871887977,159.0,S000100587,Tradr 2x Long WDC Daily ETF,Investment Managers Series Trust II,1587982,daily,2,2026-03-31,2026-06-30,263100999.47,263100999.47,98470000.0,True,2026-01-27,2026-09-21,ok_ticker,WDC / Western Digital Corporation / CFD WESTERN DIGITAL CORP / CFD WESTERN DIGITAL CORP,Western Digital Corp.,2026:Tradr 2X Long WDC Daily ETF
WULX,Tradr,WULF,2.0,2025-10-23,active,,True,,,2026:2.0,1.9814713908878705,1.9541925009723018,1.9978364466049912,221.0,S000096128,Tradr 2X Long WULF Daily ETF,Investment Managers Series Trust II,1587982,daily,3,2025-12-31,2026-06-30,20519233.6,20519233.6,23760000.0,True,2025-10-23,2026-09-21,ok_ticker,"WULF / Terawulf, Inc. / CFD TERAWULF INC / CFD TERAWULF INC","Terawulf, Inc.",2026:Tradr 2X Long WULF Daily ETF
WYFL,Defiance,WYFI,2.0,2026-06-04,active,,True,,,2026:2.0,2.002683217219225,1.9954499392821543,2.019504989023859,73.0,S000103269,Defiance Daily Target 2x Long WYFI ETF,Tidal Trust II,1924868,daily,1,2026-06-30,2026-06-30,5866776.86,5866776.86,2370000.0,True,2026-06-04,2026-09-21,ok_name,"WHITEFIBER, INC.-SWAP-JNST-L || WHITEFIBER, INC.-SWAP-CANT-L || WHITEFIBER, INC.-SWAP-CLST-L","WhiteFiber, Inc.",2026:Defiance Daily Target 2X Long WYFI ETF
XNDX,Tradr,XNDU,2.0,2026-05-07,active,,True,,,2026:2.0,1.9588355973433724,1.947134364640746,1.9641530079647196,92.0,S000100946,Tradr 2X Long XNDU Daily ETF,Investment Managers Series Trust II,1587982,daily,1,2026-06-30,2026-06-30,8459983.4,8459983.4,2390000.0,True,2026-05-07,2026-09-21,ok_ticker,XNDU / Xanadu Quantum Technologies / CFD XANADU QUANTUM TECHNOLOGIES / CFD XANADU QUANTUM TECHNOLOGIES,"Xanadu Quantum Technologies, Ltd.",2026:Tradr 2X Long XNDU Daily ETF
XOMX,Direxion,XOM,2.0,2025-04-23,active,,True,,,2025:2.0; 2026:2.0,1.9907737983092681,1.8921302620738407,2.0406373045578046,321.0,S000090373,Direxion Daily XOM Bull 2X Shares,Direxion Shares ETF Trust,1424958,daily,5,2025-04-30,2026-04-30,7936312.18,7936312.18,6830000.0,True,2025-04-23,2026-09-21,ok_name,EXXON MOBIL CORP SWAP,Exxon Mobil Corporation,2025:Direxion Daily XOM Bull 2X Shares; 2026:Direxion Daily XOM Bull 2X ETF
XOMZ,Direxion,XOM,-1.0,2025-02-01,closed,2026-01-31,True,,,2025:-1.0; 2026:-1.0,,,,,S000090374,Direxion Daily XOM Bear 1X Shares,Direxion Shares ETF Trust,1424958,daily,4,2025-04-30,2026-01-31,1862266.57,2564676.46,,False,,,ok_name,EXXON MOBIL CORP SWAP,Exxon Mobil Corporation,2025:Direxion Daily XOM Bear 1X Shares; 2026:Direxion Daily XOM Bear 1X ETF
,Leverage Shares,XPEV,2.0,2025-11-01,closed,2026-04-30,True,,,2026:2.0,,,,,S000100564,Leverage Shares 2X Long XPEV Daily ETF,Themes ETF Trust,1976322,daily,2,2026-01-31,2026-04-30,1292011.4,1292011.4,,False,,,ok_name,XPeng Inc / XPeng Inc / XPENG INC  SWAP CS || XPeng Inc / XPeng Inc / XPENG INC  SWAP MAREX || XPeng Inc / XPeng Inc / XPENG INC  SWAP CF,XPEV US Equity,2026:Leverage Shares 2X Long XPEV Daily ETF
XYZG,Leverage Shares,XYZ,2.0,2025-04-04,active,,True,,,2025:2.0,1.9923164558311466,1.958540384553016,2.0101672166735103,333.0,S000091231,Leverage Shares 2X Long XYZ Daily ETF,Themes ETF Trust,1976322,daily,5,2025-04-30,2026-04-30,3576534.16,4072056.37,1320000.0,True,2025-04-04,2026-09-21,ok_name,Block Inc / Block Inc / BLOCK INC SWAP - L  - MAREX || Block Inc / Block Inc / BLOCK INC  SWAP - L  - CLEARSTREET || Block Inc / Block Inc / BLOCK INC  SWAP - L  - CANTOR,XYZ US Equity,2025:Leverage Shares 2X Long XYZ Daily ETF
ZETX,Defiance,ZETA,2.0,2026-07-17,closed,2026-09-04,True,,,2026:2.0,,,,4.0,S000095541,Defiance Daily Target 2x Long Zeta ETF,Tidal Trust II,1924868,daily,1,2026-04-30,2026-04-30,1282273.28,1282273.28,,True,2026-07-17,2026-09-04,ok_ticker,common stock / ZETA GLOBAL SWAP CF-L || common stock / ZETA GLOBAL SWAP CS-L || common stock / ZETA GLOBAL SWAP MAREX-L,Zeta Global Holdings Corp,2026:Defiance Daily Target 2X Long ZETA ETF
AIRL,GraniteShares,AAL,2.0,,closed,,False,"no_evidence_it_traded(no N-PORT, no Yahoo prices)",leverage_changed_by_name:2023:1.5; 2024:2.0,2023:1.5; 2024:2.0,,,,,S000081158,GraniteShares 2x Long AAL Daily ETF,GraniteShares ETF Trust,1689873,daily,0,,,,,,False,,,no_ref,,,2023:GraniteShares 1.5x Long AAL Daily ETF; 2024:GraniteShares 2x Long AAL Daily ETF
LAS,GraniteShares,AAL,-1.0,,closed,,False,"no_evidence_it_traded(no N-PORT, no Yahoo prices)",,2023:-1.0,,,,,S000081150,GraniteShares 1x Short AAL Daily ETF,GraniteShares ETF Trust,1689873,daily,0,,,,,,False,,,no_ref,,,2023:GraniteShares 1x Short AAL Daily ETF
AIRD,GraniteShares,AAL,-2.0,,closed,,False,"no_evidence_it_traded(no N-PORT, no Yahoo prices)",leverage_changed_by_name:2023:-1.5; 2024:-2.0,2023:-1.5; 2024:-2.0,,,,,S000081167,GraniteShares 2x Short AAL Daily ETF,GraniteShares ETF Trust,1689873,daily,0,,,,,,False,,,no_ref,,,2023:GraniteShares 1.5x Short AAL Daily ETF; 2024:GraniteShares 2x Short AAL Daily ETF
HOTT,Tradr,AAON,2.0,,closed,,False,"no_evidence_it_traded(no N-PORT, no Yahoo prices)",,2026:2.0,,,,,S000106989,Tradr 2X Long AAON Daily ETF,Investment Managers Series Trust II,1587982,daily,0,,,,,,False,,,no_ref,,,2026:Tradr 2X Long AAON Daily ETF
PHS,GraniteShares,AAPL,-1.0,,closed,,False,"no_evidence_it_traded(no N-PORT, no Yahoo prices)",,2023:-1.0,,,,,S000081151,GraniteShares 1x Short AAPL Daily ETF,GraniteShares ETF Trust,1689873,daily,0,,,,,,False,,,no_ref,,,2023:GraniteShares 1x Short AAPL Daily ETF
APII,GraniteShares,AAPL,-2.0,,closed,,False,"no_evidence_it_traded(no N-PORT, no Yahoo prices)",leverage_changed_by_name:2023:-1.75; 2024:-2.0,2023:-1.75; 2024:-2.0,,,,,S000081148,GraniteShares 2x Short AAPL Daily ETF,GraniteShares ETF Trust,1689873,daily,0,,,,,,False,,,no_ref,,,2023:GraniteShares 1.75x Short AAPL Daily ETF; 2024:GraniteShares 2x Short AAPL Daily ETF
AAPM,Tradr,AAPL,-2.0,,closed,,False,"no_evidence_it_traded(no N-PORT, no Yahoo prices)",,2026:-2.0,,,,,S000106996,Tradr 2X Short AAPL Daily ETF,Investment Managers Series Trust II,1587982,daily,0,,,,,,False,,,no_ref,,,2026:Tradr 2X Short AAPL Daily ETF
ACHU,T-REX,ACHR,2.0,,closed,,False,"no_evidence_it_traded(no N-PORT, no Yahoo prices)",,2025:2.0,,,,,S000093872,T-REX 2X LONG ACHR DAILY TARGET ETF,ETF Opportunities Trust,1771146,daily,0,,,,,,False,,,no_ref,,,2025:T-REX 2X LONG ACHR DAILY TARGET ETF
ADL,GraniteShares,ADBE,2.0,,closed,,False,"no_evidence_it_traded(no N-PORT, no Yahoo prices)",,2025:2.0,,,,,S000088313,GraniteShares 2x Long ADBE Daily ETF,GraniteShares ETF Trust,1689873,daily,0,,,,,,False,,,no_ref,,,2025:GraniteShares 2x Long ADBE Daily ETF
ADS,GraniteShares,ADBE,-2.0,,closed,,False,"no_evidence_it_traded(no N-PORT, no Yahoo prices)",,2025:-2.0,,,,,S000088296,GraniteShares 2x Short ADBE Daily ETF,GraniteShares ETF Trust,1689873,daily,0,,,,,,False,,,no_ref,,,2025:GraniteShares 2x Short ADBE Daily ETF
ADIX,Tradr,ADI,2.0,,closed,,False,"no_evidence_it_traded(no N-PORT, no Yahoo prices)",,2026:2.0,,,,,S000103180,Tradr 2X Long ADI Daily ETF,Investment Managers Series Trust II,1587982,daily,0,,,,,,False,,,no_ref,,,2026:Tradr 2X Long ADI Daily ETF
AEHX,Tradr,AEHR,2.0,,closed,,False,"no_evidence_it_traded(no N-PORT, no Yahoo prices)",,2026:2.0,,,,,S000107000,Tradr 2X Long AEHR Daily ETF,Investment Managers Series Trust II,1587982,daily,0,,,,,,False,,,no_ref,,,2026:Tradr 2X Long AEHR Daily ETF
AEOX,Defiance,AEO,2.0,,closed,,False,"no_evidence_it_traded(no N-PORT, no Yahoo prices)",,2026:2.0,,,,,S000096288,Defiance Daily Target 2X Long AEO ETF,Tidal Trust II,1924868,daily,0,,,,,,False,,,no_ref,,,2026:Defiance Daily Target 2X Long AEO ETF
ALAX,Defiance,ALAB,2.0,,closed,,False,"no_evidence_it_traded(no N-PORT, no Yahoo prices)",,2026:2.0,,,,,S000095537,Defiance Daily Target 2X Long ALAB ETF,Tidal Trust II,1924868,daily,0,,,,,,False,,,no_ref,,,2026:Defiance Daily Target 2X Long ALAB ETF
ALAQ,Tradr,ALAB,-2.0,,closed,,False,"no_evidence_it_traded(no N-PORT, no Yahoo prices)",,2026:-2.0,,,,,S000100827,Tradr 2X Short ALAB Daily ETF,Investment Managers Series Trust II,1587982,daily,0,,,,,,False,,,no_ref,,,2026:Tradr 2X Short ALAB Daily ETF
AML,GraniteShares,AMC,2.0,,closed,,False,"no_evidence_it_traded(no N-PORT, no Yahoo prices)",,2025:2.0,,,,,S000090802,GraniteShares 2x Long AMC Daily ETF,GraniteShares ETF Trust,1689873,daily,0,,,,,,False,,,no_ref,,,2025:GraniteShares 2x Long AMC Daily ETF
AMDS,GraniteShares,AMD,-2.0,,closed,,False,"no_evidence_it_traded(no N-PORT, no Yahoo prices)",leverage_changed_by_name:2023:-1.25; 2024:-2.0,2023:-1.25; 2024:-2.0,,,,,S000081136,GraniteShares 2x Short AMD Daily ETF,GraniteShares ETF Trust,1689873,daily,0,,,,,,False,,,no_ref,,,2023:GraniteShares 1.25x Short AMD Daily ETF; 2024:GraniteShares 2x Short AMD Daily ETF
AMTL,Defiance,AMTM,2.0,,closed,,False,"no_evidence_it_traded(no N-PORT, no Yahoo prices)",,2026:2.0,,,,,S000101614,Defiance Daily Target 2X Long AMTM ETF,Tidal Trust II,1924868,daily,0,,,,,,False,,,no_ref,,,2026:Defiance Daily Target 2X Long AMTM ETF
APLL,Defiance,APLD,2.0,,closed,,False,"no_evidence_it_traded(no N-PORT, no Yahoo prices)",,2026:2.0,,,,,S000095542,Defiance Daily Target 2X Long APLD ETF,Tidal Trust II,1924868,daily,0,,,,,,False,,,no_ref,,,2026:Defiance Daily Target 2X Long APLD ETF
SAPL,Defiance,APLD,-2.0,,closed,,False,"no_evidence_it_traded(no N-PORT, no Yahoo prices)",,2026:-2.0,,,,,S000099408,Defiance Daily Target 2X Short APLD ETF,Tidal Trust II,1924868,daily,0,,,,,,False,,,no_ref,,,2026:Defiance Daily Target 2X Short APLD ETF
ARMX,Defiance,ARM,2.0,,closed,,False,"no_evidence_it_traded(no N-PORT, no Yahoo prices)",,2025:2.0,,,,,S000092417,Defiance Daily Target 2X Long ARM ETF,Tidal Trust II,1924868,daily,0,,,,,,False,,,no_ref,,,2025:Defiance Daily Target 2X Long ARM ETF
SARM,Defiance,ARM,-2.0,,closed,,False,"no_evidence_it_traded(no N-PORT, no Yahoo prices)",,2026:-2.0,,,,,S000099415,Defiance Daily Target 2X Short ARM ETF,Tidal Trust II,1924868,daily,0,,,,,,False,,,no_ref,,,2026:Defiance Daily Target 2X Short ARM ETF
KASM,KraneShares,ASML,2.0,,closed,,False,"no_evidence_it_traded(no N-PORT, no Yahoo prices)",,2025:2.0,,,,,S000091099,KraneShares 2x Long ASML Daily ETF,Krane Shares Trust,1547576,daily,0,,,,,,False,,,no_ref,,,2025:KraneShares 2x Long ASML Daily ETF
ASPX,Tradr,ASPI,2.0,,closed,,False,"no_evidence_it_traded(no N-PORT, no Yahoo prices)",,2026:2.0,,,,,S000107004,Tradr 2X Long ASPI Daily ETF,Investment Managers Series Trust II,1587982,daily,0,,,,,,False,,,no_ref,,,2026:Tradr 2X Long ASPI Daily ETF
ASXG,Leverage Shares,ASX,2.0,,closed,,False,"no_evidence_it_traded(no N-PORT, no Yahoo prices)",,2026:2.0,,,,,S000105567,Leverage Shares 2X Long ASX Daily ETF,Themes ETF Trust,1976322,daily,0,,,,,,False,,,no_ref,,,2026:Leverage Shares 2X Long ASX Daily ETF
AURL,T-REX,AUR,2.0,,closed,,False,"no_evidence_it_traded(no N-PORT, no Yahoo prices)",,2025:2.0,,,,,S000093890,T-REX 2X LONG AUR DAILY TARGET ETF,ETF Opportunities Trust,1771146,daily,0,,,,,,False,,,no_ref,,,2025:T-REX 2X LONG AUR DAILY TARGET ETF
AVUP,T-REX,AVAV,2.0,,closed,,False,"no_evidence_it_traded(no N-PORT, no Yahoo prices)",,2025:2.0,,,,,S000093891,T-REX 2X LONG AVAV DAILY TARGET ETF,ETF Opportunities Trust,1771146,daily,0,,,,,,False,,,no_ref,,,2025:T-REX 2X LONG AVAV DAILY TARGET ETF
AVGD,T-REX,AVGO,-2.0,,closed,,False,"no_evidence_it_traded(no N-PORT, no Yahoo prices)",,2025:-2.0,,,,,S000087484,T-REX 2X INVERSE AVGO DAILY TARGET ETF,ETF Opportunities Trust,1771146,daily,0,,,,,,False,,,no_ref,,,2025:T-REX 2X INVERSE AVGO DAILY TARGET ETF
AVGS,GraniteShares,AVGO,-2.0,,closed,,False,"no_evidence_it_traded(no N-PORT, no Yahoo prices)",,2025:-2.0,,,,,S000088298,GraniteShares 2x Short AVGO Daily ETF,GraniteShares ETF Trust,1689873,daily,0,,,,,,False,,,no_ref,,,2025:GraniteShares 2x Short AVGO Daily ETF
GLDU,T-REX,B,2.0,,closed,,False,"no_evidence_it_traded(no N-PORT, no Yahoo prices)",,2025:2.0; 2026:2.0,,,,,S000093877,T-REX 2X LONG B DAILY TARGET ETF,ETF Opportunities Trust,1771146,daily,0,,,,,,False,,,no_ref,,,2025:T-REX 2X LONG GOLD DAILY TARGET ETF; 2026:T-REX 2X LONG B DAILY TARGET ETF
BAD,T-REX,BA,-2.0,,closed,,False,"no_evidence_it_traded(no N-PORT, no Yahoo prices)",,2025:-2.0,,,,,S000087485,T-REX 2X INVERSE BA DAILY TARGET ETF,ETF Opportunities Trust,1771146,daily,0,,,,,,False,,,no_ref,,,2025:T-REX 2X INVERSE BA DAILY TARGET ETF
BBUP,T-REX,BBAI,2.0,,closed,,False,"no_evidence_it_traded(no N-PORT, no Yahoo prices)",,2025:2.0,,,,,S000093893,T-REX 2X LONG BBAI DAILY TARGET ETF,ETF Opportunities Trust,1771146,daily,0,,,,,,False,,,no_ref,,,2025:T-REX 2X LONG BBAI DAILY TARGET ETF
LBE,Defiance,BE,2.0,,closed,,False,"no_evidence_it_traded(no N-PORT, no Yahoo prices)",,2026:2.0,,,,,S000100079,Defiance Daily Target 2X Long BE ETF,Tidal Trust II,1924868,daily,0,,,,,,False,,,no_ref,,,2026:Defiance Daily Target 2X Long BE ETF
BES,Defiance,BE,-2.0,,closed,,False,"no_evidence_it_traded(no N-PORT, no Yahoo prices)",,2026:-2.0,,,,,S000099416,Defiance Daily Target 2X Short BE ETF,Tidal Trust II,1924868,daily,0,,,,,,False,,,no_ref,,,2026:Defiance Daily Target 2X Short BE ETF
LBII,Defiance,BIIB,2.0,,closed,,False,"no_evidence_it_traded(no N-PORT, no Yahoo prices)",,2026:2.0,,,,,S000100082,Defiance Daily Target 2X Long BIIB ETF,Tidal Trust II,1924868,daily,0,,,,,,False,,,no_ref,,,2026:Defiance Daily Target 2X Long BIIB ETF
BTSS,Defiance,BITF,-2.0,,closed,,False,"no_underlying_prices; no_evidence_it_traded(no N-PORT, no Yahoo prices)",,2026:-2.0,,,,,S000099417,Defiance Daily Target 2X Short BITF ETF,Tidal Trust II,1924868,daily,0,,,,,,False,,,no_ref,,,2026:Defiance Daily Target 2X Short BITF ETF
BLSL,Defiance,BLSH,2.0,,closed,,False,"no_evidence_it_traded(no N-PORT, no Yahoo prices)",,2026:2.0,,,,,S000096289,Defiance Daily Target 2X Long BLSH ETF,Tidal Trust II,1924868,daily,0,,,,,,False,,,no_ref,,,2026:Defiance Daily Target 2X Long BLSH ETF
BLHU,T-REX,BLSH,2.0,,closed,,False,"no_evidence_it_traded(no N-PORT, no Yahoo prices)",,2026:2.0,,,,,S000096350,T-REX 2X LONG BLSH DAILY TARGET ETF,ETF Opportunities Trust,1771146,daily,0,,,,,,False,,,no_ref,,,2026:T-REX 2X LONG BLSH DAILY TARGET ETF
BTOO,T-REX,BTBT,2.0,,closed,,False,"no_evidence_it_traded(no N-PORT, no Yahoo prices)",,2026:2.0,,,,,S000096440,T-REX 2X Long BTBT Daily Target ETF,ETF Opportunities Trust,1771146,daily,0,,,,,,False,,,no_ref,,,2026:T-REX 2X Long BTBT Daily Target ETF
BTBX,Tradr,BTBT,2.0,,closed,,False,"no_evidence_it_traded(no N-PORT, no Yahoo prices)",,2026:2.0,,,,,S000100924,Tradr 2X Long BTBT Daily ETF,Investment Managers Series Trust II,1587982,daily,0,,,,,,False,,,no_ref,,,2026:Tradr 2X Long BTBT Daily ETF
BTDX,Tradr,BTDR,2.0,,closed,,False,"no_evidence_it_traded(no N-PORT, no Yahoo prices)",,2026:2.0,,,,,S000100928,Tradr 2X Long BTDR Daily ETF,Investment Managers Series Trust II,1587982,daily,0,,,,,,False,,,no_ref,,,2026:Tradr 2X Long BTDR Daily ETF
BTQL,Defiance,BTQ,2.0,,closed,,False,"no_evidence_it_traded(no N-PORT, no Yahoo prices)",,2026:2.0,,,,,S000100083,Defiance Daily Target 2X Long BTQ ETF,Tidal Trust II,1924868,daily,0,,,,,,False,,,no_ref,,,2026:Defiance Daily Target 2X Long BTQ ETF
CCJX,Tradr,CCJ,2.0,,closed,,False,"no_evidence_it_traded(no N-PORT, no Yahoo prices)",,2026:2.0,,,,,S000100930,Tradr 2X Long CCJ Daily ETF,Investment Managers Series Trust II,1587982,daily,0,,,,,,False,,,no_ref,,,2026:Tradr 2X Long CCJ Daily ETF
CCJL,Defiance,CCJ,2.0,,closed,,False,"no_evidence_it_traded(no N-PORT, no Yahoo prices)",,2026:2.0,,,,,S000101000,Defiance Daily Target 2X Long CCJ ETF,Tidal Trust II,1924868,daily,0,,,,,,False,,,no_ref,,,2026:Defiance Daily Target 2X Long CCJ ETF
CCLU,GraniteShares,CCL,2.0,,closed,,False,"no_evidence_it_traded(no N-PORT, no Yahoo prices)",,2025:2.0,,,,,S000088315,GraniteShares 2x Long CCL Daily ETF,GraniteShares ETF Trust,1689873,daily,0,,,,,,False,,,no_ref,,,2025:GraniteShares 2x Long CCL Daily ETF
CCLS,GraniteShares,CCL,-2.0,,closed,,False,"no_evidence_it_traded(no N-PORT, no Yahoo prices)",,2025:-2.0,,,,,S000088299,GraniteShares 2x Short CCL Daily ETF,GraniteShares ETF Trust,1689873,daily,0,,,,,,False,,,no_ref,,,2025:GraniteShares 2x Short CCL Daily ETF
CDEX,Tradr,CDE,2.0,,closed,,False,"no_evidence_it_traded(no N-PORT, no Yahoo prices)",,2026:2.0,,,,,S000100931,Tradr 2X Long CDE Daily ETF,Investment Managers Series Trust II,1587982,daily,0,,,,,,False,,,no_ref,,,2026:Tradr 2X Long CDE Daily ETF
CEGU,T-REX,CEG,2.0,,closed,,False,"no_evidence_it_traded(no N-PORT, no Yahoo prices)",,2025:2.0,,,,,S000093895,T-REX 2X LONG CEG DAILY TARGET ETF,ETF Opportunities Trust,1771146,daily,0,,,,,,False,,,no_ref,,,2025:T-REX 2X LONG CEG DAILY TARGET ETF
XXIX,Tradr,CEP,2.0,,closed,,False,"no_underlying_prices; no_evidence_it_traded(no N-PORT, no Yahoo prices)",,2025:2.0,,,,,S000093734,Tradr 2X Long CEP Daily ETF,Investment Managers Series Trust II,1587982,daily,0,,,,,,False,,,no_ref,,,2025:Tradr 2X Long CEP Daily ETF
CLFX,Tradr,CLF,2.0,,closed,,False,"no_evidence_it_traded(no N-PORT, no Yahoo prices)",,2026:2.0,,,,,S000100932,Tradr 2X Long CLF Daily ETF,Investment Managers Series Trust II,1587982,daily,0,,,,,,False,,,no_ref,,,2026:Tradr 2X Long CLF Daily ETF
CLFL,Defiance,CLF,2.0,,closed,,False,"no_evidence_it_traded(no N-PORT, no Yahoo prices)",,2026:2.0,,,,,S000101001,Defiance Daily Target 2X Long CLF ETF,Tidal Trust II,1924868,daily,0,,,,,,False,,,no_ref,,,2026:Defiance Daily Target 2X Long CLF ETF
CLSS,Defiance,CLSK,-2.0,,closed,,False,"no_evidence_it_traded(no N-PORT, no Yahoo prices)",,2026:-2.0,,,,,S000099418,Defiance Daily Target 2X Short CLSK ETF,Tidal Trust II,1924868,daily,0,,,,,,False,,,no_ref,,,2026:Defiance Daily Target 2X Short CLSK ETF
COID,T-REX,COIN,-2.0,,closed,,False,"no_evidence_it_traded(no N-PORT, no Yahoo prices)",,2025:-2.0,,,,,S000087486,T-REX 2X INVERSE COIN DAILY TARGET ETF,ETF Opportunities Trust,1771146,daily,0,,,,,,False,,,no_ref,,,2025:T-REX 2X INVERSE COIN DAILY TARGET ETF
COND,ProShares,COIN,-2.0,,closed,,False,"no_evidence_it_traded(no N-PORT, no Yahoo prices)",,2025:-2.0,,,,,S000087810,Proshares UltraShort COIN ETF,PROSHARES TRUST,1174610,daily,0,,,,,,False,,,no_ref,,,2025:Proshares UltraShort COIN ETF
COML,Defiance,COMM,2.0,,closed,,False,"no_underlying_prices; no_evidence_it_traded(no N-PORT, no Yahoo prices)",,2026:2.0,,,,,S000101002,Defiance Daily Target 2X Long COMM ETF,Tidal Trust II,1924868,daily,0,,,,,,False,,,no_ref,,,2026:Defiance Daily Target 2X Long COMM ETF
CRDZ,Tradr,CRDO,-2.0,,closed,,False,"no_evidence_it_traded(no N-PORT, no Yahoo prices)",,2026:-2.0,,,,,S000100811,Tradr 2X Short CRDO Daily ETF,Investment Managers Series Trust II,1587982,daily,0,,,,,,False,,,no_ref,,,2026:Tradr 2X Short CRDO Daily ETF
CRWQ,GraniteShares,CRWD,-2.0,,closed,,False,"no_evidence_it_traded(no N-PORT, no Yahoo prices)",,2025:-2.0,,,,,S000088300,GraniteShares 2x Short CRWD Daily ETF,GraniteShares ETF Trust,1689873,daily,0,,,,,,False,,,no_ref,,,2025:GraniteShares 2x Short CRWD Daily ETF
SCRW,Defiance,CRWV,-2.0,,closed,,False,"no_evidence_it_traded(no N-PORT, no Yahoo prices)",,2026:-2.0,,,,,S000099419,Defiance Daily Target 2X Short CRWV ETF,Tidal Trust II,1924868,daily,0,,,,,,False,,,no_ref,,,2026:Defiance Daily Target 2X Short CRWV ETF
CVNU,T-REX,CVNA,2.0,,closed,,False,"no_evidence_it_traded(no N-PORT, no Yahoo prices)",,2025:2.0,,,,,S000093896,T-REX 2X LONG CVNA DAILY TARGET ETF,ETF Opportunities Trust,1771146,daily,0,,,,,,False,,,no_ref,,,2025:T-REX 2X LONG CVNA DAILY TARGET ETF
CVNZ,Defiance,CVNA,-2.0,,closed,,False,"no_evidence_it_traded(no N-PORT, no Yahoo prices)",,2025:-2.0,,,,,S000092365,Defiance Daily Target 2X Short CVNA ETF,Tidal Trust II,1924868,daily,0,,,,,,False,,,no_ref,,,2025:Defiance Daily Target 2X Short CVNA ETF
DASX,Defiance,DASH,2.0,,closed,,False,"no_evidence_it_traded(no N-PORT, no Yahoo prices); ticker_DASX_belongs_to_S000096131",,2026:2.0,,,,,S000096290,Defiance Daily Target 2X Long DASH ETF,Tidal Trust II,1924868,daily,0,,,,,,False,,,no_ref,,,2026:Defiance Daily Target 2X Long DASH ETF
DOGU,T-REX,DDOG,2.0,,closed,,False,"no_evidence_it_traded(no N-PORT, no Yahoo prices)",,2025:2.0,,,,,S000093873,T-REX 2X LONG DDOG DAILY TARGET ETF,ETF Opportunities Trust,1771146,daily,0,,,,,,False,,,no_ref,,,2025:T-REX 2X LONG DDOG DAILY TARGET ETF
DLLS,GraniteShares,DELL,-2.0,,closed,,False,"no_evidence_it_traded(no N-PORT, no Yahoo prices)",,2025:-2.0,,,,,S000088301,GraniteShares 2x Short DELL Daily ETF,GraniteShares ETF Trust,1689873,daily,0,,,,,,False,,,no_ref,,,2025:GraniteShares 2x Short DELL Daily ETF
DHIX,Tradr,DHI,2.0,,closed,,False,"no_evidence_it_traded(no N-PORT, no Yahoo prices)",,2026:2.0,,,,,S000095069,Tradr 2X Long DHI Daily ETF,Investment Managers Series Trust II,1587982,daily,0,,,,,,False,,,no_ref,,,2026:Tradr 2X Long DHI Daily ETF
DISL,GraniteShares,DIS,2.0,,closed,,False,"no_evidence_it_traded(no N-PORT, no Yahoo prices)",leverage_changed_by_name:2022:2.0; 2023:1.5; 2024:2.0,2022:2.0; 2023:1.5; 2024:2.0,,,,,S000076357,GraniteShares 2x Long DIS Daily ETF,GraniteShares ETF Trust,1689873,daily,0,,,,,,False,,,no_ref,,,2022:GraniteShares 2x Long Disney Daily ETF; 2023:GraniteShares 1.5x Long DIS Daily ETF; 2024:GraniteShares 2x Long DIS Daily ETF
DNUP,T-REX,DNA,2.0,,closed,,False,"no_evidence_it_traded(no N-PORT, no Yahoo prices)",,2025:2.0,,,,,S000093874,T-REX 2X LONG DNA DAILY TARGET ETF,ETF Opportunities Trust,1771146,daily,0,,,,,,False,,,no_ref,,,2025:T-REX 2X LONG DNA DAILY TARGET ETF
DNNL,Defiance,DNN,2.0,,closed,,False,"no_evidence_it_traded(no N-PORT, no Yahoo prices)",,2026:2.0,,,,,S000101003,Defiance Daily Target 2X Long DNN ETF,Tidal Trust II,1924868,daily,0,,,,,,False,,,no_ref,,,2026:Defiance Daily Target 2X Long DNN ETF
DULU,T-REX,DUOL,2.0,,closed,,False,"no_evidence_it_traded(no N-PORT, no Yahoo prices)",,2025:2.0,,,,,S000093875,T-REX 2X LONG DUOL DAILY TARGET ETF,ETF Opportunities Trust,1771146,daily,0,,,,,,False,,,no_ref,,,2025:T-REX 2X LONG DUOL DAILY TARGET ETF
ETOU,T-REX,ETOR,2.0,,closed,,False,"no_evidence_it_traded(no N-PORT, no Yahoo prices)",,2026:2.0,,,,,S000095476,T-REX 2X LONG ETOR DAILY TARGET ETF,ETF Opportunities Trust,1771146,daily,0,,,,,,False,,,no_ref,,,2026:T-REX 2X LONG ETOR DAILY TARGET ETF
FRDL,GraniteShares,F,2.0,,closed,,False,"no_evidence_it_traded(no N-PORT, no Yahoo prices)",leverage_changed_by_name:2022:2.0; 2023:1.25; 2024:2.0,2022:2.0; 2023:1.25; 2024:2.0,,,,,S000076358,GraniteShares 2x Long F Daily ETF,GraniteShares ETF Trust,1689873,daily,0,,,,,,False,,,no_ref,,,2022:GraniteShares 2x Long Ford Daily ETF; 2023:GraniteShares 1.25x Long F Daily ETF; 2024:GraniteShares 2x Long F Daily ETF
FANX,Tradr,FANG,2.0,,closed,,False,"no_evidence_it_traded(no N-PORT, no Yahoo prices)",,2026:2.0,,,,,S000105760,Tradr 2X Long FANG Daily ETF,Investment Managers Series Trust II,1587982,daily,0,,,,,,False,,,no_ref,,,2026:Tradr 2X Long FANG Daily ETF
FIGO,T-REX,FIG,2.0,,closed,,False,"no_evidence_it_traded(no N-PORT, no Yahoo prices)",,2026:2.0,,,,,S000095872,T-REX 2X LONG FIG DAILY TARGET ETF,ETF Opportunities Trust,1771146,daily,0,,,,,,False,,,no_ref,,,2026:T-REX 2X LONG FIG DAILY TARGET ETF
FIGQ,T-REX,FIG,-2.0,,closed,,False,"no_evidence_it_traded(no N-PORT, no Yahoo prices)",,2026:-2.0,,,,,S000095962,T-REX 2X Inverse FIG Daily Target ETF,ETF Opportunities Trust,1771146,daily,0,,,,,,False,,,no_ref,,,2026:T-REX 2X Inverse FIG Daily Target ETF
FLIE,T-REX,FLY,2.0,,closed,,False,"no_evidence_it_traded(no N-PORT, no Yahoo prices)",,2026:2.0,,,,,S000095964,T-REX 2X Long FLY Daily Target ETF,ETF Opportunities Trust,1771146,daily,0,,,,,,False,,,no_ref,,,2026:T-REX 2X Long FLY Daily Target ETF
FLYQ,T-REX,FLY,-2.0,,closed,,False,"no_evidence_it_traded(no N-PORT, no Yahoo prices)",,2026:-2.0,,,,,S000095963,T-REX 2X Inverse FLY Daily Target ETF,ETF Opportunities Trust,1771146,daily,0,,,,,,False,,,no_ref,,,2026:T-REX 2X Inverse FLY Daily Target ETF
FLYZ,Tradr,FLY,-2.0,,closed,,False,"no_evidence_it_traded(no N-PORT, no Yahoo prices)",,2026:-2.0,,,,,S000100812,Tradr 2X Short FLY Daily ETF,Investment Managers Series Trust II,1587982,daily,0,,,,,,False,,,no_ref,,,2026:Tradr 2X Short FLY Daily ETF
FNU,Tradr,FN,2.0,,closed,,False,"no_evidence_it_traded(no N-PORT, no Yahoo prices)",,2026:2.0,,,,,S000105761,Tradr 2X Long FN Daily ETF,Investment Managers Series Trust II,1587982,daily,0,,,,,,False,,,no_ref,,,2026:Tradr 2X Long FN Daily ETF
FORN,Tradr,FORM,2.0,,closed,,False,"no_evidence_it_traded(no N-PORT, no Yahoo prices)",,2026:2.0,,,,,S000107005,Tradr 2X Long FORM Daily ETF,Investment Managers Series Trust II,1587982,daily,0,,,,,,False,,,no_ref,,,2026:Tradr 2X Long FORM Daily ETF
FSLX,Defiance,FSLR,2.0,,closed,,False,"no_evidence_it_traded(no N-PORT, no Yahoo prices)",,2025:2.0,,,,,S000089801,Defiance Daily Target 2X Long FSLR ETF,Tidal Trust II,1924868,daily,0,,,,,,False,,,no_ref,,,2025:Defiance Daily Target 2X Long FSLR ETF
FTAX,Tradr,FTAI,2.0,,closed,,False,"no_evidence_it_traded(no N-PORT, no Yahoo prices)",,2026:2.0,,,,,S000105762,Tradr 2X Long FTAI Daily ETF,Investment Managers Series Trust II,1587982,daily,0,,,,,,False,,,no_ref,,,2026:Tradr 2X Long FTAI Daily ETF
FOGG,Leverage Shares,FWDI,2.0,,closed,,False,"no_evidence_it_traded(no N-PORT, no Yahoo prices)",,2026:2.0,,,,,S000100538,Leverage Shares 2X Long FWDI Daily ETF,Themes ETF Trust,1976322,daily,0,,,,,,False,,,no_ref,,,2026:Leverage Shares 2X Long FWDI Daily ETF
GFSL,Defiance,GFS,2.0,,closed,,False,"no_evidence_it_traded(no N-PORT, no Yahoo prices)",,2026:2.0,,,,,S000106473,Defiance Daily Target 2X Long GFS ETF,Tidal Trust II,1924868,daily,0,,,,,,False,,,no_ref,,,2026:Defiance Daily Target 2X Long GFS ETF
GFSX,Tradr,GFS,2.0,,closed,,False,"no_evidence_it_traded(no N-PORT, no Yahoo prices)",,2026:2.0,,,,,S000107006,Tradr 2X Long GFS Daily ETF,Investment Managers Series Trust II,1587982,daily,0,,,,,,False,,,no_ref,,,2026:Tradr 2X Long GFS Daily ETF
GML,GraniteShares,GME,2.0,,closed,,False,"no_evidence_it_traded(no N-PORT, no Yahoo prices)",,2025:2.0,,,,,S000090804,GraniteShares 2x Long GME Daily ETF,GraniteShares ETF Trust,1689873,daily,0,,,,,,False,,,no_ref,,,2025:GraniteShares 2x Long GME Daily ETF
KGRB,KraneShares,GRAB,2.0,,closed,,False,"no_evidence_it_traded(no N-PORT, no Yahoo prices)",,2025:2.0,,,,,S000091100,KraneShares 2x Long GRAB Daily ETF,Krane Shares Trust,1547576,daily,0,,,,,,False,,,no_ref,,,2025:KraneShares 2x Long GRAB Daily ETF
HAWG,Tradr,HAWK,2.0,2026-08-14,active,,False,realized_leverage_0.04_inconsistent_with_underlying,realized_L=0.04_vs_2,2026:2.0,0.0384594399584772,0.0384594399584772,0.0384594399584772,22.0,S000107007,Tradr 2X Long HAWK Daily ETF,Investment Managers Series Trust II,1587982,daily,0,,,,,98090000.0,True,2026-08-14,2026-09-21,no_ref,,,2026:Tradr 2X Long HAWK Daily ETF
HLU,Defiance,HL,2.0,,closed,,False,"no_evidence_it_traded(no N-PORT, no Yahoo prices)",,2026:2.0,,,,,S000101004,Defiance Daily Target 2X Long HL ETF,Tidal Trust II,1924868,daily,0,,,,,,False,,,no_ref,,,2026:Defiance Daily Target 2X Long HL ETF
HOOL,GraniteShares,HOOD,2.0,,closed,,False,"no_evidence_it_traded(no N-PORT, no Yahoo prices)",,2025:2.0,,,,,S000090907,GraniteShares 2x Long HOOD Daily ETF,GraniteShares ETF Trust,1689873,daily,0,,,,,,False,,,no_ref,,,2025:GraniteShares 2x Long HOOD Daily ETF
IBRU,Tradr,IBRX,2.0,,closed,,False,"no_evidence_it_traded(no N-PORT, no Yahoo prices)",,2026:2.0,,,,,S000105763,Tradr 2X Long IBRX Daily ETF,Investment Managers Series Trust II,1587982,daily,0,,,,,,False,,,no_ref,,,2026:Tradr 2X Long IBRX Daily ETF
INXX,Tradr,INDI,2.0,,closed,,False,"no_evidence_it_traded(no N-PORT, no Yahoo prices)",,2026:2.0,,,,,S000100916,Tradr 2X Long INDI Daily ETF,Investment Managers Series Trust II,1587982,daily,0,,,,,,False,,,no_ref,,,2026:Tradr 2X Long INDI Daily ETF
INS,GraniteShares,INTC,-2.0,,closed,,False,"no_evidence_it_traded(no N-PORT, no Yahoo prices)",,2025:-2.0,,,,,S000088302,GraniteShares 2x Short INTC Daily ETF,GraniteShares ETF Trust,1689873,daily,0,,,,,,False,,,no_ref,,,2025:GraniteShares 2x Short INTC Daily ETF
IPGU,Defiance,IPGP,2.0,,closed,,False,"no_evidence_it_traded(no N-PORT, no Yahoo prices)",,2026:2.0,,,,,S000106474,Defiance Daily Target 2X Long IPGP ETF,Tidal Trust II,1924868,daily,0,,,,,,False,,,no_ref,,,2026:Defiance Daily Target 2X Long IPGP ETF
IPGX,Tradr,IPGP,2.0,,closed,,False,"no_evidence_it_traded(no N-PORT, no Yahoo prices)",,2026:2.0,,,,,S000107008,Tradr 2X Long IPGP Daily ETF,Investment Managers Series Trust II,1587982,daily,0,,,,,,False,,,no_ref,,,2026:Tradr 2X Long IPGP Daily ETF
IRES,Defiance,IREN,-2.0,,closed,,False,"no_evidence_it_traded(no N-PORT, no Yahoo prices)",,2026:-2.0,,,,,S000099420,Defiance Daily Target 2X Short IREN ETF,Tidal Trust II,1924868,daily,0,,,,,,False,,,no_ref,,,2026:Defiance Daily Target 2X Short IREN ETF
ISRX,Tradr,ISRG,2.0,,closed,,False,"no_evidence_it_traded(no N-PORT, no Yahoo prices)",,2025:2.0,,,,,S000093738,Tradr 2X Long ISRG Daily ETF,Investment Managers Series Trust II,1587982,daily,0,,,,,,False,,,no_ref,,,2025:Tradr 2X Long ISRG Daily ETF
JBLL,Defiance,JBLU,2.0,,closed,,False,"no_evidence_it_traded(no N-PORT, no Yahoo prices)",,2026:2.0,,,,,S000100085,Defiance Daily Target 2X Long JBLU ETF,Tidal Trust II,1924868,daily,0,,,,,,False,,,no_ref,,,2026:Defiance Daily Target 2X Long JBLU ETF
JOBI,Defiance,JOBY,2.0,,closed,,False,"no_evidence_it_traded(no N-PORT, no Yahoo prices)",,2026:2.0,,,,,S000095544,Defiance Daily Target 2X Long JOBY ETF,Tidal Trust II,1924868,daily,0,,,,,,False,,,no_ref,,,2026:Defiance Daily Target 2X Long JOBY ETF
SJOB,Defiance,JOBY,-2.0,,closed,,False,"no_evidence_it_traded(no N-PORT, no Yahoo prices)",,2026:-2.0,,,,,S000099421,Defiance Daily Target 2X Short JOBY ETF,Tidal Trust II,1924868,daily,0,,,,,,False,,,no_ref,,,2026:Defiance Daily Target 2X Short JOBY ETF
JPL,GraniteShares,JPM,2.0,,closed,,False,"no_evidence_it_traded(no N-PORT, no Yahoo prices)",leverage_changed_by_name:2023:1.5; 2024:2.0,2023:1.5; 2024:2.0,,,,,S000081162,GraniteShares 2x Long JPM Daily ETF,GraniteShares ETF Trust,1689873,daily,0,,,,,,False,,,no_ref,,,2023:GraniteShares 1.5x Long JPM Daily ETF; 2024:GraniteShares 2x Long JPM Daily ETF
JMI,GraniteShares,JPM,-1.0,,closed,,False,"no_evidence_it_traded(no N-PORT, no Yahoo prices)",,2023:-1.0,,,,,S000081154,GraniteShares 1x Short JPM Daily ETF,GraniteShares ETF Trust,1689873,daily,0,,,,,,False,,,no_ref,,,2023:GraniteShares 1x Short JPM Daily ETF
JMS,GraniteShares,JPM,-2.0,,closed,,False,"no_evidence_it_traded(no N-PORT, no Yahoo prices)",leverage_changed_by_name:2023:-1.5; 2024:-2.0,2023:-1.5; 2024:-2.0,,,,,S000081139,GraniteShares 2x Short JPM Daily ETF,GraniteShares ETF Trust,1689873,daily,0,,,,,,False,,,no_ref,,,2023:GraniteShares 1.5x Short JPM Daily ETF; 2024:GraniteShares 2x Short JPM Daily ETF
KEEF,Tradr,KEEL,2.0,,closed,,False,"no_evidence_it_traded(no N-PORT, no Yahoo prices)",,2026:2.0,,,,,S000107010,Tradr 2X Long KEEL Daily ETF,Investment Managers Series Trust II,1587982,daily,0,,,,,,False,,,no_ref,,,2026:Tradr 2X Long KEEL Daily ETF
KTOX,Defiance,KTOS,2.0,,closed,,False,"no_evidence_it_traded(no N-PORT, no Yahoo prices)",,2026:2.0,,,,,S000095545,Defiance Daily Target 2X Long KTOS ETF,Tidal Trust II,1924868,daily,0,,,,,,False,,,no_ref,,,2026:Defiance Daily Target 2X Long KTOS ETF
LASX,Tradr,LASR,2.0,,closed,,False,"no_evidence_it_traded(no N-PORT, no Yahoo prices)",,2026:2.0,,,,,S000105764,Tradr 2X Long LASR Daily ETF,Investment Managers Series Trust II,1587982,daily,0,,,,,,False,,,no_ref,,,2026:Tradr 2X Long LASR Daily ETF
LCI,GraniteShares,LCID,-1.0,,closed,,False,"no_evidence_it_traded(no N-PORT, no Yahoo prices)",,2023:-1.0,,,,,S000081155,GraniteShares 1x Short LCID Daily ETF,GraniteShares ETF Trust,1689873,daily,0,,,,,,False,,,no_ref,,,2023:GraniteShares 1x Short LCID Daily ETF
LDD,GraniteShares,LCID,-2.0,,closed,,False,"no_evidence_it_traded(no N-PORT, no Yahoo prices)",leverage_changed_by_name:2023:-1.5; 2024:-2.0,2023:-1.5; 2024:-2.0,,,,,S000081140,GraniteShares 2x Short LCID Daily ETF,GraniteShares ETF Trust,1689873,daily,0,,,,,,False,,,no_ref,,,2023:GraniteShares 1.5x Short LCID Daily ETF; 2024:GraniteShares 2x Short LCID Daily ETF
LCIZ,Tradr,LCID,-2.0,,closed,,False,"no_evidence_it_traded(no N-PORT, no Yahoo prices)",,2026:-2.0,,,,,S000100815,Tradr 2X Short LCID Daily ETF,Investment Managers Series Trust II,1587982,daily,0,,,,,,False,,,no_ref,,,2026:Tradr 2X Short LCID Daily ETF
LHXX,Tradr,LHX,2.0,,closed,,False,"no_evidence_it_traded(no N-PORT, no Yahoo prices)",,2026:2.0,,,,,S000105765,Tradr 2X Long LHX Daily ETF,Investment Managers Series Trust II,1587982,daily,0,,,,,,False,,,no_ref,,,2026:Tradr 2X Long LHX Daily ETF
LLL,GraniteShares,LLY,2.0,,closed,,False,"no_evidence_it_traded(no N-PORT, no Yahoo prices)",,2025:2.0,,,,,S000088288,GraniteShares 2x Long LLY Daily ETF,GraniteShares ETF Trust,1689873,daily,0,,,,,,False,,,no_ref,,,2025:GraniteShares 2x Long LLY Daily ETF
LY,GraniteShares,LLY,-2.0,,closed,,False,"no_evidence_it_traded(no N-PORT, no Yahoo prices)",,2025:-2.0,,,,,S000088303,GraniteShares 2x Short LLY Daily ETF,GraniteShares ETF Trust,1689873,daily,0,,,,,,False,,,no_ref,,,2025:GraniteShares 2x Short LLY Daily ETF
LNGU,Tradr,LNG,2.0,,closed,,False,"no_evidence_it_traded(no N-PORT, no Yahoo prices)",,2026:2.0,,,,,S000105766,Tradr 2X Long LNG Daily ETF,Investment Managers Series Trust II,1587982,daily,0,,,,,,False,,,no_ref,,,2026:Tradr 2X Long LNG Daily ETF
LSCX,Tradr,LSCC,2.0,,closed,,False,"no_evidence_it_traded(no N-PORT, no Yahoo prices)",,2026:2.0,,,,,S000105767,Tradr 2X Long LSCC Daily ETF,Investment Managers Series Trust II,1587982,daily,0,,,,,,False,,,no_ref,,,2026:Tradr 2X Long LSCC Daily ETF
MARD,T-REX,MARA,-2.0,,closed,,False,"no_evidence_it_traded(no N-PORT, no Yahoo prices)",,2025:-2.0,,,,,S000087447,T-REX 2X INVERSE MARA DAILY TARGET ETF,ETF Opportunities Trust,1771146,daily,0,,,,,,False,,,no_ref,,,2025:T-REX 2X INVERSE MARA DAILY TARGET ETF
MTI,GraniteShares,META,-1.0,,closed,,False,"no_evidence_it_traded(no N-PORT, no Yahoo prices)",,2023:-1.0,,,,,S000081156,GraniteShares 1x Short META Daily ETF,GraniteShares ETF Trust,1689873,daily,0,,,,,,False,,,no_ref,,,2023:GraniteShares 1x Short META Daily ETF
FBSS,GraniteShares,META,-2.0,,closed,,False,"no_evidence_it_traded(no N-PORT, no Yahoo prices)",leverage_changed_by_name:2023:-1.5; 2024:-2.0,2023:-1.5; 2024:-2.0,,,,,S000081141,GraniteShares 2x Short META Daily ETF,GraniteShares ETF Trust,1689873,daily,0,,,,,,False,,,no_ref,,,2023:GraniteShares 1.5x Short META Daily ETF; 2024:GraniteShares 2x Short META Daily ETF
MKSX,Tradr,MKSI,2.0,,closed,,False,"no_evidence_it_traded(no N-PORT, no Yahoo prices)",,2026:2.0,,,,,S000105752,Tradr 2X Long MKSI Daily ETF,Investment Managers Series Trust II,1587982,daily,0,,,,,,False,,,no_ref,,,2026:Tradr 2X Long MKSI Daily ETF
MSFQ,Tradr,MSFT,-2.0,,closed,,False,"no_evidence_it_traded(no N-PORT, no Yahoo prices)",,2026:-2.0,,,,,S000107002,Tradr 2X Short MSFT Daily ETF,Investment Managers Series Trust II,1587982,daily,0,,,,,,False,,,no_ref,,,2026:Tradr 2X Short MSFT Daily ETF
MSTA,ProShares,MSTR,2.0,,closed,,False,"no_evidence_it_traded(no N-PORT, no Yahoo prices)",,2025:2.0; 2026:2.0,,,,,S000087807,ProShares Ultra MSTR,PROSHARES TRUST,1174610,daily,0,,,,,,False,,,no_ref,,,2025:Proshares Ultra MSTR ETF; 2026:ProShares Ultra MSTR
MSTD,ProShares,MSTR,-2.0,,closed,,False,"no_evidence_it_traded(no N-PORT, no Yahoo prices)",,2025:-2.0,,,,,S000087809,Proshares UltraShort MSTR ETF,PROSHARES TRUST,1174610,daily,0,,,,,,False,,,no_ref,,,2025:Proshares UltraShort MSTR ETF
MUS,GraniteShares,MU,-2.0,,closed,,False,"no_evidence_it_traded(no N-PORT, no Yahoo prices)",,2025:-2.0,,,,,S000088304,GraniteShares 2x Short MU Daily ETF,GraniteShares ETF Trust,1689873,daily,0,,,,,,False,,,no_ref,,,2025:GraniteShares 2x Short MU Daily ETF
MUQ,Tradr,MU,-2.0,,closed,,False,"no_evidence_it_traded(no N-PORT, no Yahoo prices)",,2026:-2.0,,,,,S000107003,Tradr 2X Short MU Daily ETF,Investment Managers Series Trust II,1587982,daily,0,,,,,,False,,,no_ref,,,2026:Tradr 2X Short MU Daily ETF
NBIU,Defiance,NBIS,2.0,,closed,,False,"no_evidence_it_traded(no N-PORT, no Yahoo prices)",,2026:2.0,,,,,S000095547,Defiance Daily Target 2X Long NBIS ETF,Tidal Trust II,1924868,daily,0,,,,,,False,,,no_ref,,,2026:Defiance Daily Target 2X Long NBIS ETF
SNBI,Defiance,NBIS,-2.0,,closed,,False,"no_evidence_it_traded(no N-PORT, no Yahoo prices)",,2026:-2.0,,,,,S000099422,Defiance Daily Target 2X Short NBIS ETF,Tidal Trust II,1924868,daily,0,,,,,,False,,,no_ref,,,2026:Defiance Daily Target 2X Short NBIS ETF
NDAL,Defiance,NDAQ,2.0,,closed,,False,"no_evidence_it_traded(no N-PORT, no Yahoo prices)",,2026:2.0,,,,,S000101005,Defiance Daily Target 2X Long NDAQ ETF,Tidal Trust II,1924868,daily,0,,,,,,False,,,no_ref,,,2026:Defiance Daily Target 2X Long NDAQ ETF
NFLL,GraniteShares,NFLX,2.0,,closed,,False,"no_evidence_it_traded(no N-PORT, no Yahoo prices)",,2025:2.0,,,,,S000088290,GraniteShares 2x Long NFLX Daily ETF,GraniteShares ETF Trust,1689873,daily,0,,,,,,False,,,no_ref,,,2025:GraniteShares 2x Long NFLX Daily ETF
NFLD,T-REX,NFLX,-2.0,,closed,,False,"no_evidence_it_traded(no N-PORT, no Yahoo prices)",,2025:-2.0,,,,,S000087448,T-REX 2X INVERSE NFLX DAILY TARGET ETF,ETF Opportunities Trust,1771146,daily,0,,,,,,False,,,no_ref,,,2025:T-REX 2X INVERSE NFLX DAILY TARGET ETF
NFS,GraniteShares,NFLX,-2.0,,closed,,False,"no_evidence_it_traded(no N-PORT, no Yahoo prices)",,2025:-2.0,,,,,S000088305,GraniteShares 2x Short NFLX Daily ETF,GraniteShares ETF Trust,1689873,daily,0,,,,,,False,,,no_ref,,,2025:GraniteShares 2x Short NFLX Daily ETF
NIOL,GraniteShares,NIO,1.1,,closed,,False,"no_evidence_it_traded(no N-PORT, no Yahoo prices)",leverage_changed_by_name:2022:2.0; 2023:1.1,2022:2.0; 2023:1.1,,,,,S000076343,GraniteShares 1.1x Long NIO Daily ETF,GraniteShares ETF Trust,1689873,daily,0,,,,,,False,,,no_ref,,,2022:GraniteShares 2x Long NIO Daily ETF; 2023:GraniteShares 1.1x Long NIO Daily ETF
NDI,GraniteShares,NVDA,-1.0,,closed,,False,"no_evidence_it_traded(no N-PORT, no Yahoo prices)",,2023:-1.0,,,,,S000081159,GraniteShares 1x Short NVDA Daily ETF,GraniteShares ETF Trust,1689873,daily,0,,,,,,False,,,no_ref,,,2023:GraniteShares 1x Short NVDA Daily ETF
NVU,GraniteShares,NVO,2.0,,closed,,False,"no_evidence_it_traded(no N-PORT, no Yahoo prices)",,2025:2.0,,,,,S000088291,GraniteShares 2x Long NVO Daily ETF,GraniteShares ETF Trust,1689873,daily,0,,,,,,False,,,no_ref,,,2025:GraniteShares 2x Long NVO Daily ETF
NVOD,GraniteShares,NVO,-2.0,,closed,,False,"no_evidence_it_traded(no N-PORT, no Yahoo prices)",,2025:-2.0,,,,,S000088306,GraniteShares 2x Short NVO Daily ETF,GraniteShares ETF Trust,1689873,daily,0,,,,,,False,,,no_ref,,,2025:GraniteShares 2x Short NVO Daily ETF
NVTZ,Defiance,NVTS,2.0,,closed,,False,"no_evidence_it_traded(no N-PORT, no Yahoo prices)",,2026:2.0,,,,,S000095548,Defiance Daily Target 2X Long NVTS ETF,Tidal Trust II,1924868,daily,0,,,,,,False,,,no_ref,,,2026:Defiance Daily Target 2X Long NVTS ETF
SNVT,Defiance,NVTS,-2.0,,closed,,False,"no_evidence_it_traded(no N-PORT, no Yahoo prices)",,2026:-2.0,,,,,S000099409,Defiance Daily Target 2X Short NVTS ETF,Tidal Trust II,1924868,daily,0,,,,,,False,,,no_ref,,,2026:Defiance Daily Target 2X Short NVTS ETF
OKUP,T-REX,OKLO,2.0,,closed,,False,"no_evidence_it_traded(no N-PORT, no Yahoo prices)",,2025:2.0,,,,,S000093879,T-REX 2X LONG OKLO DAILY TARGET ETF,ETF Opportunities Trust,1771146,daily,0,,,,,,False,,,no_ref,,,2025:T-REX 2X LONG OKLO DAILY TARGET ETF
ONTG,Leverage Shares,ONTO,2.0,,closed,,False,"no_evidence_it_traded(no N-PORT, no Yahoo prices)",,2026:2.0,,,,,S000105558,Leverage Shares 2X Long ONTO Daily ETF,Themes ETF Trust,1976322,daily,0,,,,,,False,,,no_ref,,,2026:Leverage Shares 2X Long ONTO Daily ETF
ONTU,Tradr,ONTO,2.0,,closed,,False,"no_evidence_it_traded(no N-PORT, no Yahoo prices)",,2026:2.0,,,,,S000106992,Tradr 2X Long ONTO Daily ETF,Investment Managers Series Trust II,1587982,daily,0,,,,,,False,,,no_ref,,,2026:Tradr 2X Long ONTO Daily ETF
OPED,Defiance,OPEN,-2.0,,closed,,False,"no_evidence_it_traded(no N-PORT, no Yahoo prices)",,2026:-2.0,,,,,S000099410,Defiance Daily Target 2X Short OPEN ETF,Tidal Trust II,1924868,daily,0,,,,,,False,,,no_ref,,,2026:Defiance Daily Target 2X Short OPEN ETF
OPEZ,Tradr,OPEN,-2.0,,closed,,False,"no_evidence_it_traded(no N-PORT, no Yahoo prices)",,2026:-2.0,,,,,S000100818,Tradr 2X Short OPEN Daily ETF,Investment Managers Series Trust II,1587982,daily,0,,,,,,False,,,no_ref,,,2026:Tradr 2X Short OPEN Daily ETF
SORC,Defiance,ORCL,-2.0,,closed,,False,"no_evidence_it_traded(no N-PORT, no Yahoo prices)",,2026:-2.0,,,,,S000099411,Defiance Daily Target 2X Short ORCL ETF,Tidal Trust II,1924868,daily,0,,,,,,False,,,no_ref,,,2026:Defiance Daily Target 2X Short ORCL ETF
OSCU,T-REX,OSCR,2.0,,closed,,False,"no_evidence_it_traded(no N-PORT, no Yahoo prices)",,2026:2.0,,,,,S000095478,T-REX 2X LONG OSCR DAILY TARGET ETF,ETF Opportunities Trust,1771146,daily,0,,,,,,False,,,no_ref,,,2026:T-REX 2X LONG OSCR DAILY TARGET ETF
OWLX,Tradr,OWL,2.0,,closed,,False,"no_evidence_it_traded(no N-PORT, no Yahoo prices)",,2026:2.0,,,,,S000105753,Tradr 2X Long OWL Daily ETF,Investment Managers Series Trust II,1587982,daily,0,,,,,,False,,,no_ref,,,2026:Tradr 2X Long OWL Daily ETF
OWLZ,Tradr,OWL,-2.0,,closed,,False,"no_evidence_it_traded(no N-PORT, no Yahoo prices)",,2026:-2.0,,,,,S000105724,Tradr 2X Short OWL Daily ETF,Investment Managers Series Trust II,1587982,daily,0,,,,,,False,,,no_ref,,,2026:Tradr 2X Short OWL Daily ETF
LOXY,Defiance,OXY,2.0,,closed,,False,"no_evidence_it_traded(no N-PORT, no Yahoo prices)",,2026:2.0,,,,,S000100087,Defiance Daily Target 2X Long OXY ETF,Tidal Trust II,1924868,daily,0,,,,,,False,,,no_ref,,,2026:Defiance Daily Target 2X Long OXY ETF
PSD,GraniteShares,P,-2.0,,closed,,False,"no_evidence_it_traded(no N-PORT, no Yahoo prices)",,2026:-2.0,,,,,S000105178,GraniteShares 2x Short P Daily ETF,GraniteShares ETF Trust,1689873,daily,0,,,,,,False,,,no_ref,,,2026:GraniteShares 2x Short P Daily ETF
LNDA,Defiance,PAAS,2.0,,closed,,False,"no_evidence_it_traded(no N-PORT, no Yahoo prices)",,2026:2.0,,,,,S000101006,Defiance Daily Target 2X Long PAAS ETF,Tidal Trust II,1924868,daily,0,,,,,,False,,,no_ref,,,2026:Defiance Daily Target 2X Long PAAS ETF
PANU,T-REX,PANW,2.0,,closed,,False,"no_evidence_it_traded(no N-PORT, no Yahoo prices)",,2025:2.0,,,,,S000087473,T-REX 2X LONG PANW DAILY TARGET ETF,ETF Opportunities Trust,1771146,daily,0,,,,,,False,,,no_ref,,,2025:T-REX 2X LONG PANW DAILY TARGET ETF
PAU,GraniteShares,PANW,2.0,,closed,,False,"no_evidence_it_traded(no N-PORT, no Yahoo prices)",,2025:2.0,,,,,S000088292,GraniteShares 2x Long PANW Daily ETF,GraniteShares ETF Trust,1689873,daily,0,,,,,,False,,,no_ref,,,2025:GraniteShares 2x Long PANW Daily ETF
PAND,T-REX,PANW,-2.0,,closed,,False,"no_evidence_it_traded(no N-PORT, no Yahoo prices)",,2025:-2.0,,,,,S000087449,T-REX 2X INVERSE PANW DAILY TARGET ETF,ETF Opportunities Trust,1771146,daily,0,,,,,,False,,,no_ref,,,2025:T-REX 2X INVERSE PANW DAILY TARGET ETF
PAS,GraniteShares,PANW,-2.0,,closed,,False,"no_evidence_it_traded(no N-PORT, no Yahoo prices)",,2025:-2.0,,,,,S000088307,GraniteShares 2x Short PANW Daily ETF,GraniteShares ETF Trust,1689873,daily,0,,,,,,False,,,no_ref,,,2025:GraniteShares 2x Short PANW Daily ETF
PATL,Defiance,PATH,2.0,,closed,,False,"no_evidence_it_traded(no N-PORT, no Yahoo prices)",,2026:2.0,,,,,S000101007,Defiance Daily Target 2X Long PATH ETF,Tidal Trust II,1924868,daily,0,,,,,,False,,,no_ref,,,2026:Defiance Daily Target 2X Long PATH ETF
PLTD,T-REX,PLTR,-2.0,2024-12-12,active,,False,ticker_PLTD_belongs_to_S000088055,realized_L=-1.00_vs_-2,2025:-2.0,-0.9975811267847037,-1.00863744680293,-0.9941359951021431,412.0,S000087450,T-REX 2X INVERSE PLTR DAILY TARGET ETF,ETF Opportunities Trust,1771146,daily,0,,,,,30130000.0,True,2024-12-12,2026-09-21,no_ref,,,2025:T-REX 2X INVERSE PLTR DAILY TARGET ETF
PLGX,Defiance,PLUG,2.0,,closed,,False,"no_evidence_it_traded(no N-PORT, no Yahoo prices)",,2026:2.0,,,,,S000100997,Defiance Daily Target 2X Long PLUG ETF,Tidal Trust II,1924868,daily,0,,,,,,False,,,no_ref,,,2026:Defiance Daily Target 2X Long PLUG ETF
POEX,Tradr,POET,2.0,,closed,,False,"no_evidence_it_traded(no N-PORT, no Yahoo prices)",,2026:2.0,,,,,S000100919,Tradr 2X Long POET Daily ETF,Investment Managers Series Trust II,1587982,daily,0,,,,,,False,,,no_ref,,,2026:Tradr 2X Long POET Daily ETF
PONU,Defiance,PONY,2.0,,closed,,False,"no_evidence_it_traded(no N-PORT, no Yahoo prices)",,2026:2.0,,,,,S000095538,Defiance Daily Target 2X Long PONY ETF,Tidal Trust II,1924868,daily,0,,,,,,False,,,no_ref,,,2026:Defiance Daily Target 2X Long PONY ETF
QX,Tradr,Q,2.0,,closed,,False,"no_evidence_it_traded(no N-PORT, no Yahoo prices)",,2026:2.0,,,,,S000105754,Tradr 2X Long Q Daily ETF,Investment Managers Series Trust II,1587982,daily,0,,,,,,False,,,no_ref,,,2026:Tradr 2X Long Q Daily ETF
QCS,GraniteShares,QCOM,-2.0,,closed,,False,"no_evidence_it_traded(no N-PORT, no Yahoo prices)",,2025:-2.0,,,,,S000088309,GraniteShares 2x Short QCOM Daily ETF,GraniteShares ETF Trust,1689873,daily,0,,,,,,False,,,no_ref,,,2025:GraniteShares 2x Short QCOM Daily ETF
QMCX,Tradr,QMCO,2.0,,closed,,False,"no_evidence_it_traded(no N-PORT, no Yahoo prices)",,2026:2.0,,,,,S000100920,Tradr 2X Long QMCO Daily ETF,Investment Managers Series Trust II,1587982,daily,0,,,,,,False,,,no_ref,,,2026:Tradr 2X Long QMCO Daily ETF
QSZ,Tradr,QS,-2.0,,closed,,False,"no_evidence_it_traded(no N-PORT, no Yahoo prices)",,2026:-2.0,,,,,S000100819,Tradr 2X Short QS Daily ETF,Investment Managers Series Trust II,1587982,daily,0,,,,,,False,,,no_ref,,,2026:Tradr 2X Short QS Daily ETF
QBTU,T-REX,QUBT,2.0,,closed,,False,"no_evidence_it_traded(no N-PORT, no Yahoo prices)",,2025:2.0,,,,,S000093880,T-REX 2X LONG QUBT DAILY TARGET ETF,ETF Opportunities Trust,1771146,daily,0,,,,,,False,,,no_ref,,,2025:T-REX 2X LONG QUBT DAILY TARGET ETF
QUBZ,Tradr,QUBT,-2.0,,closed,,False,"no_evidence_it_traded(no N-PORT, no Yahoo prices)",,2026:-2.0,,,,,S000100821,Tradr 2X Short QUBT Daily ETF,Investment Managers Series Trust II,1587982,daily,0,,,,,,False,,,no_ref,,,2026:Tradr 2X Short QUBT Daily ETF
RBRX,Defiance,RBRK,2.0,,closed,,False,"no_evidence_it_traded(no N-PORT, no Yahoo prices)",,2026:2.0,,,,,S000095539,Defiance Daily Target 2X Long RBRK ETF,Tidal Trust II,1924868,daily,0,,,,,,False,,,no_ref,,,2026:Defiance Daily Target 2X Long RBRK ETF
RIOL,GraniteShares,RIOT,2.0,,closed,,False,"no_evidence_it_traded(no N-PORT, no Yahoo prices)",,2025:2.0,,,,,S000090917,GraniteShares 2x Long RIOT Daily ETF,GraniteShares ETF Trust,1689873,daily,0,,,,,,False,,,no_ref,,,2025:GraniteShares 2x Long RIOT Daily ETF
RI,GraniteShares,RIVN,-1.0,,closed,,False,"no_evidence_it_traded(no N-PORT, no Yahoo prices)",,2023:-1.0,,,,,S000081160,GraniteShares 1x Short RIVN Daily ETF,GraniteShares ETF Trust,1689873,daily,0,,,,,,False,,,no_ref,,,2023:GraniteShares 1x Short RIVN Daily ETF
RVD,GraniteShares,RIVN,-2.0,,closed,,False,"no_evidence_it_traded(no N-PORT, no Yahoo prices)",leverage_changed_by_name:2023:-1.5; 2024:-2.0,2023:-1.5; 2024:-2.0,,,,,S000081143,GraniteShares 2x Short RIVN Daily ETF,GraniteShares ETF Trust,1689873,daily,0,,,,,,False,,,no_ref,,,2023:GraniteShares 1.5x Short RIVN Daily ETF; 2024:GraniteShares 2x Short RIVN Daily ETF
LRMB,Defiance,RMBS,2.0,,closed,,False,"no_evidence_it_traded(no N-PORT, no Yahoo prices)",,2026:2.0,,,,,S000100088,Defiance Daily Target 2X Long RMBS ETF,Tidal Trust II,1924868,daily,0,,,,,,False,,,no_ref,,,2026:Defiance Daily Target 2X Long RMBS ETF
RRXX,Tradr,RR,2.0,,closed,,False,"no_evidence_it_traded(no N-PORT, no Yahoo prices)",,2026:2.0,,,,,S000100921,Tradr 2X Long RR Daily ETF,Investment Managers Series Trust II,1587982,daily,0,,,,,,False,,,no_ref,,,2026:Tradr 2X Long RR Daily ETF
RXUP,T-REX,RXRX,2.0,,closed,,False,"no_evidence_it_traded(no N-PORT, no Yahoo prices)",,2025:2.0,,,,,S000093881,T-REX 2X LONG RXRX DAILY TARGET ETF,ETF Opportunities Trust,1771146,daily,0,,,,,,False,,,no_ref,,,2025:T-REX 2X LONG RXRX DAILY TARGET ETF
,Leverage Shares,SATS,2.0,2025-11-01,closed,2026-04-30,False,no_underlying_prices,,2026:2.0,,,,,S000098112,Leverage Shares 2X Long SATS Daily ETF,Themes ETF Trust,1976322,daily,2,2026-01-31,2026-04-30,18668580.21,18668580.21,,False,,,unverified_no_sec_name,EchoStar Corp / EchoStar Corp / ECHOSTAR CORP SWAP CS || EchoStar Corp / EchoStar Corp / ECHOSTAR CORP SWAP MAR || EchoStar Corp / EchoStar Corp / ECHOSTAR CORP SWAP CF,SATS US Equity,2026:Leverage Shares 2X Long SATS Daily ETF
KSE,KraneShares,SE,2.0,,closed,,False,"no_evidence_it_traded(no N-PORT, no Yahoo prices)",,2025:2.0,,,,,S000091102,KraneShares 2x Long SE Daily ETF,Krane Shares Trust,1547576,daily,0,,,,,,False,,,no_ref,,,2025:KraneShares 2x Long SE Daily ETF
SEDX,Tradr,SEDG,2.0,,closed,,False,"no_evidence_it_traded(no N-PORT, no Yahoo prices)",,2026:2.0,,,,,S000100922,Tradr 2X Long SEDG Daily ETF,Investment Managers Series Trust II,1587982,daily,0,,,,,,False,,,no_ref,,,2026:Tradr 2X Long SEDG Daily ETF
SERX,Tradr,SERV,2.0,,closed,,False,"no_evidence_it_traded(no N-PORT, no Yahoo prices)",,2026:2.0,,,,,S000100923,Tradr 2X Long SERV Daily ETF,Investment Managers Series Trust II,1587982,daily,0,,,,,,False,,,no_ref,,,2026:Tradr 2X Long SERV Daily ETF
SHOU,T-REX,SHOP,2.0,,closed,,False,"no_evidence_it_traded(no N-PORT, no Yahoo prices)",,2025:2.0,,,,,S000087476,T-REX 2X LONG SHOP DAILY TARGET ETF,ETF Opportunities Trust,1771146,daily,0,,,,,,False,,,no_ref,,,2025:T-REX 2X LONG SHOP DAILY TARGET ETF
SHOD,T-REX,SHOP,-2.0,,closed,,False,"no_evidence_it_traded(no N-PORT, no Yahoo prices)",,2025:-2.0,,,,,S000087452,T-REX 2X INVERSE SHOP DAILY TARGET ETF,ETF Opportunities Trust,1771146,daily,0,,,,,,False,,,no_ref,,,2025:T-REX 2X INVERSE SHOP DAILY TARGET ETF
SMS,GraniteShares,SMCI,-2.0,,closed,,False,"no_evidence_it_traded(no N-PORT, no Yahoo prices)",,2025:-2.0,,,,,S000088310,GraniteShares 2x Short SMCI Daily ETF,GraniteShares ETF Trust,1689873,daily,0,,,,,,False,,,no_ref,,,2025:GraniteShares 2x Short SMCI Daily ETF
SEMU,T-REX,SMLR,2.0,,closed,,False,"no_underlying_prices; no_evidence_it_traded(no N-PORT, no Yahoo prices)",,2025:2.0,,,,,S000093882,T-REX 2X LONG SMLR DAILY TARGET ETF,ETF Opportunities Trust,1771146,daily,0,,,,,,False,,,no_ref,,,2025:T-REX 2X LONG SMLR DAILY TARGET ETF
DSMR,Defiance,SMR,-2.0,,closed,,False,"no_evidence_it_traded(no N-PORT, no Yahoo prices)",,2026:-2.0,,,,,S000099412,Defiance Daily Target 2X Short SMR ETF,Tidal Trust II,1924868,daily,0,,,,,,False,,,no_ref,,,2026:Defiance Daily Target 2X Short SMR ETF
SWMG,Leverage Shares,SMWR,2.0,,closed,,False,"no_underlying_prices; no_evidence_it_traded(no N-PORT, no Yahoo prices)",,2026:2.0,,,,,S000105560,Leverage Shares 2X Long SMWR Daily ETF,Themes ETF Trust,1976322,daily,0,,,,,,False,,,no_ref,,,2026:Leverage Shares 2X Long SMWR Daily ETF
SNWL,GraniteShares,SNOW,2.0,,closed,,False,"no_evidence_it_traded(no N-PORT, no Yahoo prices)",,2025:2.0,,,,,S000090918,GraniteShares 2x Long SNOW Daily ETF,GraniteShares ETF Trust,1689873,daily,0,,,,,,False,,,no_ref,,,2025:GraniteShares 2x Long SNOW Daily ETF
SNOD,T-REX,SNOW,-2.0,,closed,,False,"no_evidence_it_traded(no N-PORT, no Yahoo prices)",,2025:-2.0,,,,,S000087454,T-REX 2X INVERSE SNOW DAILY TARGET ETF,ETF Opportunities Trust,1771146,daily,0,,,,,,False,,,no_ref,,,2025:T-REX 2X INVERSE SNOW DAILY TARGET ETF
SSNO,Defiance,SNOW,-2.0,,closed,,False,"no_evidence_it_traded(no N-PORT, no Yahoo prices)",,2026:-2.0,,,,,S000099413,Defiance Daily Target 2X Short SNOW ETF,Tidal Trust II,1924868,daily,0,,,,,,False,,,no_ref,,,2026:Defiance Daily Target 2X Short SNOW ETF
SPOU,T-REX,SPOT,2.0,,closed,,False,"no_evidence_it_traded(no N-PORT, no Yahoo prices)",,2026:2.0,,,,,S000095467,T-REX 2X LONG SPOT DAILY TARGET ETF,ETF Opportunities Trust,1771146,daily,0,,,,,,False,,,no_ref,,,2026:T-REX 2X LONG SPOT DAILY TARGET ETF
SHUB,T-REX,STUB,2.0,,closed,,False,"no_evidence_it_traded(no N-PORT, no Yahoo prices)",,2026:2.0,,,,,S000096445,T-REX 2X Long STUB Daily Target ETF,ETF Opportunities Trust,1771146,daily,0,,,,,,False,,,no_ref,,,2026:T-REX 2X Long STUB Daily Target ETF
SWMX,Tradr,SWMR,2.0,,closed,,False,"no_evidence_it_traded(no N-PORT, no Yahoo prices)",,2026:2.0,,,,,S000105756,Tradr 2X Long SWMR Daily ETF,Investment Managers Series Trust II,1587982,daily,0,,,,,,False,,,no_ref,,,2026:Tradr 2X Long SWMR Daily ETF
,T-REX,TE,2.0,2026-04-01,closed,2026-06-30,False,reference_mismatch,nport_reference_mismatch,2026:2.0,,,,,S000102260,T-Rex 2X Long TE Daily Target ETF,ETF Opportunities Trust,1771146,daily,1,2026-06-30,2026-06-30,3798916.75,3798916.75,,False,,,MISMATCH,RECV TUTTLE TRS TEUP EQ / RECV TUTTLE TRS TEUP EQ / RECV TUTTLE TRS TEUP EQ,TE US EQUITY,2026:T-REX 2X LONG TE DAILY TARGET ETF
TEU,Tradr,TE,2.0,,closed,,False,"no_evidence_it_traded(no N-PORT, no Yahoo prices)",,2026:2.0,,,,,S000105757,Tradr 2X Long TE Daily ETF,Investment Managers Series Trust II,1587982,daily,0,,,,,,False,,,no_ref,,,2026:Tradr 2X Long TE Daily ETF
TEMM,T-REX,TEM,2.0,,closed,,False,"no_evidence_it_traded(no N-PORT, no Yahoo prices)",,2025:2.0,,,,,S000093885,T-REX 2X LONG TEM DAILY TARGET ETF,ETF Opportunities Trust,1771146,daily,0,,,,,,False,,,no_ref,,,2025:T-REX 2X LONG TEM DAILY TARGET ETF
TEMZ,Tradr,TEM,-2.0,,closed,,False,"no_evidence_it_traded(no N-PORT, no Yahoo prices)",,2026:-2.0,,,,,S000100823,Tradr 2X Short TEM Daily ETF,Investment Managers Series Trust II,1587982,daily,0,,,,,,False,,,no_ref,,,2026:Tradr 2X Short TEM Daily ETF
TRTL,Defiance,TRT,2.0,,closed,,False,"no_evidence_it_traded(no N-PORT, no Yahoo prices)",,2026:2.0,,,,,S000106476,Defiance Daily Target 2X Long TRT ETF,Tidal Trust II,1924868,daily,0,,,,,,False,,,no_ref,,,2026:Defiance Daily Target 2X Long TRT ETF
KTSM,KraneShares,TSM,2.0,,closed,,False,"no_evidence_it_traded(no N-PORT, no Yahoo prices)",,2025:2.0,,,,,S000089272,KraneShares 2x Long TSM Daily ETF,Krane Shares Trust,1547576,daily,0,,,,,,False,,,no_ref,,,2025:KraneShares 2x Long TSM Daily ETF
TSMD,T-REX,TSM,-2.0,,closed,,False,"no_evidence_it_traded(no N-PORT, no Yahoo prices)",,2025:-2.0,,,,,S000087458,T-REX 2X INVERSE TSM DAILY TARGET ETF,ETF Opportunities Trust,1771146,daily,0,,,,,,False,,,no_ref,,,2025:T-REX 2X INVERSE TSM DAILY TARGET ETF
TSMS,GraniteShares,TSM,-2.0,,closed,,False,"no_evidence_it_traded(no N-PORT, no Yahoo prices)",,2025:-2.0,,,,,S000088311,GraniteShares 2x Short TSM Daily ETF,GraniteShares ETF Trust,1689873,daily,0,,,,,,False,,,no_ref,,,2025:GraniteShares 2x Short TSM Daily ETF
TWTL,GraniteShares,TWTR,1.25,,closed,,False,"no_underlying_prices; no_evidence_it_traded(no N-PORT, no Yahoo prices)",leverage_changed_by_name:2022:2.0; 2023:1.25,2022:2.0; 2023:1.25,,,,,S000076349,GraniteShares 1.25x Long TWTR Daily ETF,GraniteShares ETF Trust,1689873,daily,0,,,,,,False,,,no_ref,,,2022:GraniteShares 2x Long Twitter Daily ETF; 2023:GraniteShares 1.25x Long TWTR Daily ETF
UBRR,Defiance,UBER,2.0,,closed,,False,"no_evidence_it_traded(no N-PORT, no Yahoo prices)",,2025:2.0,,,,,S000092419,Defiance Daily Target 2X Long UBER ETF,Tidal Trust II,1924868,daily,0,,,,,,False,,,no_ref,,,2025:Defiance Daily Target 2X Long UBER ETF
UMCL,Defiance,UMC,2.0,,closed,,False,"no_evidence_it_traded(no N-PORT, no Yahoo prices)",,2026:2.0,,,,,S000106477,Defiance Daily Target 2X Long UMC ETF,Tidal Trust II,1924868,daily,0,,,,,,False,,,no_ref,,,2026:Defiance Daily Target 2X Long UMC ETF
UPUP,T-REX,UPST,2.0,,closed,,False,"no_evidence_it_traded(no N-PORT, no Yahoo prices)",,2025:2.0,,,,,S000093887,T-REX 2X LONG UPST DAILY TARGET ETF,ETF Opportunities Trust,1771146,daily,0,,,,,,False,,,no_ref,,,2025:T-REX 2X LONG UPST DAILY TARGET ETF
SUPS,Defiance,UPST,-2.0,,closed,,False,"no_evidence_it_traded(no N-PORT, no Yahoo prices)",,2026:-2.0,,,,,S000099414,Defiance Daily Target 2X Short UPST ETF,Tidal Trust II,1924868,daily,0,,,,,,False,,,no_ref,,,2026:Defiance Daily Target 2X Short UPST ETF
UPSZ,Tradr,UPST,-2.0,,closed,,False,"no_evidence_it_traded(no N-PORT, no Yahoo prices)",,2026:-2.0,,,,,S000100824,Tradr 2X Short UPST Daily ETF,Investment Managers Series Trust II,1587982,daily,0,,,,,,False,,,no_ref,,,2026:Tradr 2X Short UPST Daily ETF
UUUX,Tradr,UUUU,2.0,,closed,,False,"no_evidence_it_traded(no N-PORT, no Yahoo prices)",,2026:2.0,,,,,S000100926,Tradr 2X Long UUUU Daily ETF,Investment Managers Series Trust II,1587982,daily,0,,,,,,False,,,no_ref,,,2026:Tradr 2X Long UUUU Daily ETF
UUL,Defiance,UUUU,2.0,,closed,,False,"no_evidence_it_traded(no N-PORT, no Yahoo prices)",,2026:2.0,,,,,S000100999,Defiance Daily Target 2X Long UUUU ETF,Tidal Trust II,1924868,daily,0,,,,,,False,,,no_ref,,,2026:Defiance Daily Target 2X Long UUUU ETF
VLOX,Tradr,VLO,2.0,,closed,,False,"no_evidence_it_traded(no N-PORT, no Yahoo prices)",,2026:2.0,,,,,S000105759,Tradr 2X Long VLO Daily ETF,Investment Managers Series Trust II,1587982,daily,0,,,,,,False,,,no_ref,,,2026:Tradr 2X Long VLO Daily ETF
LVRT,Defiance,VRTX,2.0,,closed,,False,"no_evidence_it_traded(no N-PORT, no Yahoo prices)",,2026:2.0,,,,,S000100089,Defiance Daily Target 2X Long VRTX ETF,Tidal Trust II,1924868,daily,0,,,,,,False,,,no_ref,,,2026:Defiance Daily Target 2X Long VRTX ETF
WGSU,T-REX,WGS,2.0,,closed,,False,"no_evidence_it_traded(no N-PORT, no Yahoo prices)",,2025:2.0,,,,,S000093889,T-REX 2X LONG WGS DAILY TARGET ETF,ETF Opportunities Trust,1771146,daily,0,,,,,,False,,,no_ref,,,2025:T-REX 2X LONG WGS DAILY TARGET ETF
WINL,Defiance,WING,2.0,,closed,,False,"no_evidence_it_traded(no N-PORT, no Yahoo prices)",,2026:2.0,,,,,S000100080,Defiance Daily Target 2X Long WING ETF,Tidal Trust II,1924868,daily,0,,,,,,False,,,no_ref,,,2026:Defiance Daily Target 2X Long WING ETF
WULZ,Tradr,WULF,-2.0,,closed,,False,"no_evidence_it_traded(no N-PORT, no Yahoo prices)",,2026:-2.0,,,,,S000100826,Tradr 2X Short WULF Daily ETF,Investment Managers Series Trust II,1587982,daily,0,,,,,,False,,,no_ref,,,2026:Tradr 2X Short WULF Daily ETF
WYFX,Tradr,WYFI,2.0,,closed,,False,"no_evidence_it_traded(no N-PORT, no Yahoo prices)",,2026:2.0,,,,,S000100927,Tradr 2X Long WYFI Daily ETF,Investment Managers Series Trust II,1587982,daily,0,,,,,,False,,,no_ref,,,2026:Tradr 2X Long WYFI Daily ETF
XMTX,Tradr,XMTR,2.0,,closed,,False,"no_evidence_it_traded(no N-PORT, no Yahoo prices)",,2026:2.0,,,,,S000106995,Tradr 2X Long XMTR Daily ETF,Investment Managers Series Trust II,1587982,daily,0,,,,,,False,,,no_ref,,,2026:Tradr 2X Long XMTR Daily ETF
XML,GraniteShares,XOM,2.0,,closed,,False,"no_evidence_it_traded(no N-PORT, no Yahoo prices)",leverage_changed_by_name:2023:1.5; 2024:2.0,2023:1.5; 2024:2.0,,,,,S000081166,GraniteShares 2x Long XOM Daily ETF,GraniteShares ETF Trust,1689873,daily,0,,,,,,False,,,no_ref,,,2023:GraniteShares 1.5x Long XOM Daily ETF; 2024:GraniteShares 2x Long XOM Daily ETF
XMI,GraniteShares,XOM,-1.0,,closed,,False,"no_evidence_it_traded(no N-PORT, no Yahoo prices)",,2023:-1.0,,,,,S000081161,GraniteShares 1x Short XOM Daily ETF,GraniteShares ETF Trust,1689873,daily,0,,,,,,False,,,no_ref,,,2023:GraniteShares 1x Short XOM Daily ETF
XMII,GraniteShares,XOM,-2.0,,closed,,False,"no_evidence_it_traded(no N-PORT, no Yahoo prices)",leverage_changed_by_name:2023:-1.5; 2024:-2.0,2023:-1.5; 2024:-2.0,,,,,S000081145,GraniteShares 2x Short XOM Daily ETF,GraniteShares ETF Trust,1689873,daily,0,,,,,,False,,,no_ref,,,2023:GraniteShares 1.5x Short XOM Daily ETF; 2024:GraniteShares 2x Short XOM Daily ETF
XXIU,T-REX,XXI,2.0,,closed,,False,"no_evidence_it_traded(no N-PORT, no Yahoo prices)",,2025:2.0; 2026:2.0,,,,,S000087462,T-REX 2X Long XXI Daily Target ETF,ETF Opportunities Trust,1771146,daily,0,,,,,,False,,,no_ref,,,2025:T-REX 2X LONG AMD DAILY TARGET ETF; 2026:T-REX 2X Long XXI Daily Target ETF
SQU,T-REX,XYZ,2.0,,closed,,False,"no_evidence_it_traded(no N-PORT, no Yahoo prices)",,2025:2.0; 2026:2.0,,,,,S000087480,T-REX 2X LONG XYZ DAILY TARGET ETF,ETF Opportunities Trust,1771146,daily,0,,,,,,False,,,no_ref,,,2025:T-REX 2X LONG SQ DAILY TARGET ETF; 2026:T-REX 2X LONG XYZ DAILY TARGET ETF
XYZL,GraniteShares,XYZ,2.0,,closed,,False,"no_evidence_it_traded(no N-PORT, no Yahoo prices)",,2025:2.0,,,,,S000090908,GraniteShares 2x Long XYZ Daily ETF,GraniteShares ETF Trust,1689873,daily,0,,,,,,False,,,no_ref,,,2025:GraniteShares 2x Long XYZ Daily ETF
SQD,T-REX,XYZ,-2.0,,closed,,False,"no_evidence_it_traded(no N-PORT, no Yahoo prices)",,2025:-2.0; 2026:-2.0,,,,,S000087455,T-REX 2X INVERSE XYZ DAILY TARGET ETF,ETF Opportunities Trust,1771146,daily,0,,,,,,False,,,no_ref,,,2025:T-REX 2X INVERSE SQ DAILY TARGET ETF; 2026:T-REX 2X INVERSE XYZ DAILY TARGET ETF
ZIML,Defiance,ZIM,2.0,,closed,,False,"no_evidence_it_traded(no N-PORT, no Yahoo prices)",,2026:2.0,,,,,S000100081,Defiance Daily Target 2X Long ZIM ETF,Tidal Trust II,1924868,daily,0,,,,,,False,,,no_ref,,,2026:Defiance Daily Target 2X Long ZIM ETF
ZSX,Tradr,ZS,2.0,,closed,,False,"no_evidence_it_traded(no N-PORT, no Yahoo prices)",,2025:2.0,,,,,S000091900,Tradr 2X Long ZS Daily ETF,Investment Managers Series Trust II,1587982,daily,0,,,,,,False,,,no_ref,,,2025:Tradr 2X Long ZS Daily ETF
